index,label,affinity_true,p_good,affinity_pred
0,1,3.2799999713897705,0.45125171542167664,4.003822326660156
1,0,-3.2799999713897705,0.6119789481163025,4.271177291870117
2,0,-3.2799999713897705,0.342064768075943,4.142863750457764
3,0,-3.2799999713897705,0.33008989691734314,4.041295051574707
4,0,-3.2799999713897705,0.28956684470176697,4.248667240142822
5,0,-3.2799999713897705,0.40672239661216736,4.295975685119629
6,0,-3.2799999713897705,0.2294270098209381,3.9586150646209717
7,0,-3.2799999713897705,0.20550738275051117,4.240167617797852
8,0,-3.2799999713897705,0.39132827520370483,4.010629653930664
9,0,-3.2799999713897705,0.29685771465301514,3.971043109893799
10,0,-3.2799999713897705,0.4582274854183197,3.990323066711426
11,0,-3.2799999713897705,0.18053574860095978,4.078063011169434
12,0,-3.2799999713897705,0.3979656994342804,4.176003932952881
13,0,-3.2799999713897705,0.17837005853652954,3.9461233615875244
14,0,-3.2799999713897705,0.4055537283420563,4.136122226715088
15,1,3.2799999713897705,0.2531988322734833,4.028779983520508
16,0,-3.2799999713897705,0.1887088567018509,3.8765811920166016
17,0,-3.2799999713897705,0.2867129445075989,4.197206497192383
18,0,-3.2799999713897705,0.36171120405197144,4.041483402252197
19,0,-3.2799999713897705,0.577953040599823,4.145308494567871
20,0,-3.2799999713897705,0.2705288231372833,4.028614521026611
21,1,3.5199999809265137,0.7890661358833313,4.459290504455566
22,1,3.5199999809265137,0.784442663192749,4.5578155517578125
23,1,3.5199999809265137,0.4534585475921631,4.39643669128418
24,0,-3.5199999809265137,0.5647796392440796,4.485012531280518
25,0,-3.5199999809265137,0.2505303919315338,4.117336273193359
26,0,-3.5199999809265137,0.43046900629997253,4.387676239013672
27,1,7.050000190734863,0.5287331342697144,7.3130083084106445
28,1,7.050000190734863,0.5318028330802917,7.274910926818848
29,0,-7.050000190734863,0.5965959429740906,7.251929759979248
30,0,-7.050000190734863,0.39879921078681946,6.263681411743164
31,0,-7.050000190734863,0.1855057328939438,5.921648979187012
32,0,-7.050000190734863,0.2393464893102646,6.022387504577637
33,0,-7.050000190734863,0.4857533872127533,6.636253833770752
34,0,-7.050000190734863,0.38012340664863586,6.121640205383301
35,0,-7.050000190734863,0.22846494615077972,5.781778335571289
36,0,-7.050000190734863,0.49227333068847656,6.887932777404785
37,0,-7.050000190734863,0.2689044773578644,6.25566291809082
38,0,-7.050000190734863,0.3686669170856476,5.985744953155518
39,0,-7.050000190734863,0.24781523644924164,5.802181243896484
40,0,-7.050000190734863,0.1932518035173416,5.761897087097168
41,0,-7.050000190734863,0.22767718136310577,5.959887981414795
42,0,-7.050000190734863,0.22239574790000916,5.83326530456543
43,0,-7.050000190734863,0.18777157366275787,5.89166259765625
44,0,-7.050000190734863,0.185393825173378,6.230885028839111
45,0,-7.050000190734863,0.23817913234233856,6.059749603271484
46,0,-7.050000190734863,0.2743317782878876,5.831807613372803
47,0,-7.050000190734863,0.21107889711856842,5.865068435668945
48,1,6.5,0.8442159295082092,6.9632158279418945
49,1,6.5,0.843385636806488,6.960895538330078
50,0,-6.5,0.8286758065223694,7.2686567306518555
51,0,-6.5,0.8150614500045776,7.097949981689453
52,0,-6.5,0.7194754481315613,7.089358329772949
53,0,-6.5,0.4644736647605896,6.256619453430176
54,0,-6.5,0.4951339364051819,6.353546142578125
55,0,-6.5,0.4994092881679535,6.794138431549072
56,0,-6.5,0.35875165462493896,6.256376266479492
57,0,-6.5,0.3095371425151825,5.9635910987854
58,0,-6.5,0.5213457942008972,6.699778079986572
59,0,-6.5,0.29491928219795227,5.66733455657959
60,0,-6.5,0.3980262875556946,5.402897834777832
61,0,-6.5,0.250802606344223,5.512388706207275
62,0,-6.5,0.29730144143104553,6.279147624969482
63,0,-6.5,0.29336997866630554,5.572915554046631
64,0,-6.5,0.24054943025112152,6.169326305389404
65,0,-6.5,0.3765934705734253,6.505247592926025
66,0,-6.5,0.23131319880485535,5.563351631164551
67,0,-6.5,0.24566419422626495,5.213468074798584
68,0,-6.5,0.2203582525253296,5.124864101409912
69,1,8.020000457763672,0.7496354579925537,7.518716812133789
70,0,-8.020000457763672,0.3259780704975128,5.521307468414307
71,0,-8.020000457763672,0.41982001066207886,6.005569934844971
72,0,-8.020000457763672,0.4174518585205078,4.945059776306152
73,0,-8.020000457763672,0.3419128954410553,5.324776649475098
74,0,-8.020000457763672,0.3068305552005768,4.907445907592773
75,0,-8.020000457763672,0.3674767315387726,5.356191635131836
76,0,-8.020000457763672,0.3330861032009125,5.132648944854736
77,0,-8.020000457763672,0.41866663098335266,6.5410380363464355
78,0,-8.020000457763672,0.21179698407649994,5.349081039428711
79,0,-8.020000457763672,0.2254898101091385,4.8333210945129395
80,0,-8.020000457763672,0.36444127559661865,5.345187664031982
81,0,-8.020000457763672,0.36675912141799927,5.319517612457275
82,0,-8.020000457763672,0.27744340896606445,5.538149833679199
83,0,-8.020000457763672,0.3086640536785126,4.677654266357422
84,0,-8.020000457763672,0.27278196811676025,4.63190221786499
85,0,-8.020000457763672,0.3465479016304016,6.169225215911865
86,0,-8.020000457763672,0.28377237915992737,4.741170883178711
87,0,-8.020000457763672,0.1683332473039627,4.714486598968506
88,0,-8.020000457763672,0.22688104212284088,5.430219650268555
89,0,-8.020000457763672,0.24242670834064484,4.6405930519104
90,1,2.9800000190734863,0.5109954476356506,4.336684703826904
91,0,-2.9800000190734863,0.42029908299446106,4.3012237548828125
92,1,2.9800000190734863,0.5029633045196533,4.2864203453063965
93,0,-2.9800000190734863,0.1912735551595688,4.993668556213379
94,0,-2.9800000190734863,0.20371350646018982,5.222555637359619
95,0,-2.9800000190734863,0.22262829542160034,5.778077602386475
96,0,-2.9800000190734863,0.28603461384773254,4.1675543785095215
97,0,-2.9800000190734863,0.38265806436538696,3.831716537475586
98,0,-2.9800000190734863,0.4095408320426941,3.76222825050354
99,0,-2.9800000190734863,0.21284645795822144,4.079947471618652
100,0,-2.9800000190734863,0.2593145966529846,4.782679557800293
101,0,-2.9800000190734863,0.4019632339477539,3.601508140563965
102,0,-2.9800000190734863,0.14913037419319153,3.860337257385254
103,0,-2.9800000190734863,0.16467101871967316,3.9531524181365967
104,0,-2.9800000190734863,0.25523149967193604,5.042737007141113
105,0,-2.9800000190734863,0.18240366876125336,4.24294376373291
106,0,-2.9800000190734863,0.18894381821155548,4.342835426330566
107,0,-2.9800000190734863,0.24646449089050293,4.80047607421875
108,0,-2.9800000190734863,0.2996208071708679,4.236924171447754
109,0,-2.9800000190734863,0.1781591922044754,3.887251138687134
110,0,-2.9800000190734863,0.15002432465553284,3.7769596576690674
111,1,8.640000343322754,0.3853936791419983,8.208917617797852
112,0,-8.640000343322754,0.3782830536365509,7.8309645652771
113,1,8.640000343322754,0.3820936679840088,8.186019897460938
114,0,-8.640000343322754,0.3709867000579834,8.036482810974121
115,0,-8.640000343322754,0.3869307339191437,7.968060493469238
116,0,-8.640000343322754,0.4008074402809143,7.907193660736084
117,0,-8.640000343322754,0.4019531011581421,7.854846000671387
118,0,-8.640000343322754,0.35724595189094543,8.112044334411621
119,0,-8.640000343322754,0.19743117690086365,7.861349582672119
120,0,-8.640000343322754,0.38893312215805054,7.701343536376953
121,0,-8.640000343322754,0.3902120590209961,7.8571319580078125
122,0,-8.640000343322754,0.36769360303878784,7.338399410247803
123,0,-8.640000343322754,0.4355615973472595,7.509537696838379
124,0,-8.640000343322754,0.35285741090774536,7.138360500335693
125,0,-8.640000343322754,0.13967835903167725,6.3959641456604
126,0,-8.640000343322754,0.2804175615310669,7.5426554679870605
127,0,-8.640000343322754,0.09253960102796555,6.42098331451416
128,0,-8.640000343322754,0.12546153366565704,7.750139236450195
129,0,-8.640000343322754,0.11406311392784119,7.7922563552856445
130,0,-8.640000343322754,0.09497866034507751,6.342293739318848
131,0,-8.640000343322754,0.09433025866746902,7.222103118896484
132,1,6.420000076293945,0.7806963324546814,6.440159797668457
133,1,6.420000076293945,0.7815241813659668,6.438141345977783
134,0,-6.420000076293945,0.42712679505348206,5.707641124725342
135,0,-6.420000076293945,0.3169739246368408,4.9502434730529785
136,0,-6.420000076293945,0.4807918965816498,6.076631546020508
137,0,-6.420000076293945,0.35732322931289673,5.422929763793945
138,0,-6.420000076293945,0.3305268883705139,5.3724751472473145
139,0,-6.420000076293945,0.2026745229959488,4.893204689025879
140,0,-6.420000076293945,0.3644215166568756,5.053281307220459
141,0,-6.420000076293945,0.3176533579826355,5.279803276062012
142,0,-6.420000076293945,0.26139330863952637,5.325030326843262
143,0,-6.420000076293945,0.4586910903453827,5.606389999389648
144,0,-6.420000076293945,0.30704569816589355,5.3952860832214355
145,0,-6.420000076293945,0.24501636624336243,5.111762523651123
146,0,-6.420000076293945,0.223878875374794,4.71151876449585
147,0,-6.420000076293945,0.23120826482772827,5.331539154052734
148,0,-6.420000076293945,0.2856919765472412,5.321715831756592
149,0,-6.420000076293945,0.3211454749107361,5.337147235870361
150,0,-6.420000076293945,0.1629394143819809,4.816573143005371
151,0,-6.420000076293945,0.22027434408664703,5.0063886642456055
152,0,-6.420000076293945,0.2047213762998581,5.054773330688477
153,1,7.190000057220459,0.7383025288581848,5.816328525543213
154,0,-7.190000057220459,0.5845521092414856,5.889029026031494
155,0,-7.190000057220459,0.6381287574768066,5.897175312042236
156,0,-7.190000057220459,0.5460066199302673,5.6532416343688965
157,0,-7.190000057220459,0.5068503022193909,5.660908222198486
158,0,-7.190000057220459,0.5071321725845337,5.537622928619385
159,0,-7.190000057220459,0.3627827763557434,4.672292232513428
160,0,-7.190000057220459,0.5868383646011353,4.802511692047119
161,0,-7.190000057220459,0.5080538988113403,4.927852630615234
162,0,-7.190000057220459,0.3477337956428528,4.793172836303711
163,0,-7.190000057220459,0.22888727486133575,4.126976013183594
164,0,-7.190000057220459,0.27511534094810486,4.028226852416992
165,0,-7.190000057220459,0.34795448184013367,4.2559123039245605
166,0,-7.190000057220459,0.1925392746925354,4.033280849456787
167,0,-7.190000057220459,0.28850629925727844,4.097169399261475
168,0,-7.190000057220459,0.18146996200084686,4.049794673919678
169,0,-7.190000057220459,0.17724110186100006,4.056319236755371
170,0,-7.190000057220459,0.18835853040218353,4.049464225769043
171,0,-7.190000057220459,0.20241621136665344,4.057909965515137
172,0,-7.190000057220459,0.15973198413848877,4.027868270874023
173,0,-7.190000057220459,0.25931355357170105,3.950291156768799
174,1,5.889999866485596,0.706177294254303,5.5060930252075195
175,0,-5.889999866485596,0.7320221662521362,5.724279403686523
176,0,-5.889999866485596,0.5795714259147644,5.8195624351501465
177,0,-5.889999866485596,0.6510370969772339,5.70534610748291
178,0,-5.889999866485596,0.7135427594184875,5.645275592803955
179,1,5.889999866485596,0.7448388934135437,5.560791969299316
180,0,-5.889999866485596,0.6618130803108215,5.541069030761719
181,0,-5.889999866485596,0.617984414100647,5.680523872375488
182,0,-5.889999866485596,0.471375972032547,5.294675827026367
183,0,-5.889999866485596,0.6716876029968262,5.577678680419922
184,0,-5.889999866485596,0.6380071640014648,5.304449558258057
185,0,-5.889999866485596,0.5586526393890381,5.536568641662598
186,0,-5.889999866485596,0.4506744146347046,5.536960601806641
187,0,-5.889999866485596,0.580133318901062,5.361062049865723
188,0,-5.889999866485596,0.48220518231391907,5.521620750427246
189,0,-5.889999866485596,0.5824229121208191,5.495711803436279
190,0,-5.889999866485596,0.33835116028785706,5.4390082359313965
191,0,-5.889999866485596,0.21423998475074768,5.233700752258301
192,0,-5.889999866485596,0.4847274720668793,5.187920093536377
193,1,5.239999771118164,0.5808029174804688,4.809408664703369
194,0,-5.239999771118164,0.6386165618896484,5.46102237701416
195,0,-5.239999771118164,0.5775731205940247,5.095197677612305
196,0,-5.239999771118164,0.5737955570220947,5.357206344604492
197,0,-5.239999771118164,0.5493351221084595,5.118132591247559
198,0,-5.239999771118164,0.6035528779029846,4.8736042976379395
199,1,5.239999771118164,0.4951387047767639,4.787117004394531
200,0,-5.239999771118164,0.5469330549240112,5.133583068847656
201,1,5.239999771118164,0.6022295951843262,4.825243949890137
202,0,-5.239999771118164,0.5016788840293884,5.085752964019775
203,0,-5.239999771118164,0.5788143873214722,4.863572120666504
204,1,5.239999771118164,0.5542312264442444,4.648717403411865
205,0,-5.239999771118164,0.5717607140541077,4.764347076416016
206,0,-5.239999771118164,0.4052349627017975,5.167030334472656
207,0,-5.239999771118164,0.4501853883266449,4.569014072418213
208,0,-5.239999771118164,0.4042944610118866,4.759481430053711
209,0,-5.239999771118164,0.366719514131546,4.588447570800781
210,0,-5.239999771118164,0.3829903304576874,4.680896759033203
211,0,-5.239999771118164,0.38425928354263306,5.218329429626465
212,0,-5.239999771118164,0.3264317214488983,4.747588634490967
213,0,-5.239999771118164,0.30134090781211853,4.723760604858398
214,0,-6.920000076293945,0.6838608384132385,6.2907915115356445
215,0,-6.920000076293945,0.6031562089920044,6.446866035461426
216,0,-6.920000076293945,0.7391870617866516,6.578048229217529
217,0,-6.920000076293945,0.6940274238586426,6.625139236450195
218,0,-6.920000076293945,0.6172432899475098,6.586441516876221
219,0,-6.920000076293945,0.4975726902484894,6.333266735076904
220,0,-6.920000076293945,0.6433965563774109,6.4259209632873535
221,0,-6.920000076293945,0.7598317265510559,6.480746269226074
222,0,-6.920000076293945,0.5792189240455627,6.38368558883667
223,0,-6.920000076293945,0.6695839762687683,6.276386737823486
224,0,-6.920000076293945,0.6959328651428223,6.666089057922363
225,0,-6.920000076293945,0.6563935279846191,6.5905351638793945
226,1,6.920000076293945,0.7448991537094116,6.3695478439331055
227,0,-6.920000076293945,0.5136688947677612,6.40957498550415
228,0,-6.920000076293945,0.7122365236282349,6.710331439971924
229,0,-6.920000076293945,0.5264308452606201,6.323086738586426
230,0,-6.920000076293945,0.5271092057228088,6.071949005126953
231,0,-6.920000076293945,0.6432570219039917,6.129369258880615
232,0,-6.920000076293945,0.5977538228034973,6.217190265655518
233,0,-6.920000076293945,0.535527229309082,6.140557289123535
234,0,-6.920000076293945,0.5038502812385559,6.161759376525879
235,1,6.880000114440918,0.6069208979606628,7.743870258331299
236,1,6.880000114440918,0.6645256876945496,7.788514137268066
237,0,-6.880000114440918,0.49258187413215637,6.980884075164795
238,0,-6.880000114440918,0.40749430656433105,7.466061115264893
239,0,-6.880000114440918,0.3996632397174835,7.329987049102783
240,0,-6.880000114440918,0.503596842288971,6.7782745361328125
241,0,-6.880000114440918,0.34591832756996155,6.427530765533447
242,0,-6.880000114440918,0.41775837540626526,6.570332050323486
243,0,-6.880000114440918,0.34910592436790466,6.83655309677124
244,0,-6.880000114440918,0.3681286871433258,6.981663703918457
245,0,-6.880000114440918,0.36962372064590454,6.108669757843018
246,0,-6.880000114440918,0.3188736140727997,6.599030494689941
247,0,-6.880000114440918,0.3725079894065857,6.932895660400391
248,0,-6.880000114440918,0.3254709839820862,6.6689934730529785
249,0,-6.880000114440918,0.2792053520679474,5.661561012268066
250,1,6.789999961853027,0.3827260732650757,8.105025291442871
251,0,-6.789999961853027,0.4583124816417694,8.123316764831543
252,0,-6.789999961853027,0.5147339105606079,8.3430814743042
253,0,-6.789999961853027,0.4438008964061737,8.340359687805176
254,0,-6.789999961853027,0.3353976011276245,8.276244163513184
255,0,-6.789999961853027,0.46339040994644165,8.128857612609863
256,0,-6.789999961853027,0.29970434308052063,8.022785186767578
257,0,-6.789999961853027,0.4291761517524719,8.296408653259277
258,0,-6.789999961853027,0.3891209065914154,8.081740379333496
259,0,-6.789999961853027,0.41279566287994385,8.189078330993652
260,0,-6.789999961853027,0.3215304911136627,7.934821128845215
261,0,-6.789999961853027,0.42651045322418213,8.201937675476074
262,0,-6.789999961853027,0.41836267709732056,8.255620956420898
263,0,-6.789999961853027,0.3568689823150635,8.169450759887695
264,0,-6.789999961853027,0.2401103973388672,7.707355499267578
265,0,-6.789999961853027,0.18712939321994781,7.709388732910156
266,0,-6.789999961853027,0.2519778907299042,7.591358184814453
267,0,-6.789999961853027,0.2798337936401367,7.92637300491333
268,0,-6.789999961853027,0.25705260038375854,7.361885070800781
269,0,-6.789999961853027,0.17188061773777008,7.540379524230957
270,0,-6.789999961853027,0.24772198498249054,7.589402675628662
271,1,4.920000076293945,0.6734047532081604,5.181888580322266
272,0,-4.920000076293945,0.5301795601844788,5.3631486892700195
273,0,-4.920000076293945,0.6340045928955078,5.23250150680542
274,0,-4.920000076293945,0.3229908347129822,5.072288513183594
275,1,4.920000076293945,0.5478675961494446,5.136212348937988
276,0,-4.920000076293945,0.45731163024902344,5.334578990936279
277,0,-4.920000076293945,0.3567247688770294,5.167910575866699
278,0,-4.920000076293945,0.35109788179397583,5.13399076461792
279,0,-4.920000076293945,0.20082086324691772,5.053094863891602
280,0,-4.920000076293945,0.26435092091560364,5.043709754943848
281,0,-4.920000076293945,0.46063563227653503,5.023246765136719
282,0,-4.920000076293945,0.26819178462028503,5.060206890106201
283,0,-4.920000076293945,0.23905877768993378,4.939555644989014
284,0,-4.920000076293945,0.44207385182380676,5.327202320098877
285,0,-4.920000076293945,0.14767463505268097,4.943774223327637
286,0,-4.920000076293945,0.13306765258312225,4.931529998779297
287,0,-4.920000076293945,0.3866877555847168,4.88961935043335
288,0,-4.920000076293945,0.14985671639442444,4.913150310516357
289,0,-4.920000076293945,0.20212720334529877,4.925724983215332
290,0,-4.920000076293945,0.10818914324045181,4.973089218139648
291,0,-4.920000076293945,0.1233527734875679,5.001834869384766
292,1,6.630000114440918,0.6230267882347107,7.474055290222168
293,1,6.630000114440918,0.6761280298233032,7.332932472229004
294,0,-6.630000114440918,0.38848167657852173,7.037376403808594
295,0,-6.630000114440918,0.2294337898492813,6.886938095092773
296,0,-6.630000114440918,0.42052796483039856,7.018441200256348
297,0,-6.630000114440918,0.5544379949569702,7.172633171081543
298,0,-6.630000114440918,0.2569880187511444,6.959902763366699
299,0,-6.630000114440918,0.24873998761177063,7.054403305053711
300,0,-6.630000114440918,0.2375267744064331,6.925616264343262
301,0,-6.630000114440918,0.4432818293571472,6.967865467071533
302,0,-6.630000114440918,0.4183901846408844,7.082850456237793
303,0,-6.630000114440918,0.339651882648468,6.892353534698486
304,0,-6.630000114440918,0.20621570944786072,6.966294288635254
305,0,-6.630000114440918,0.4200347661972046,7.115207672119141
306,0,-6.630000114440918,0.18345603346824646,6.677884578704834
307,0,-6.630000114440918,0.1680338978767395,6.7396016120910645
308,0,-6.630000114440918,0.4240761399269104,7.02011775970459
309,0,-6.630000114440918,0.2665461599826813,6.858831405639648
310,0,-6.630000114440918,0.15161612629890442,6.706048011779785
311,0,-6.630000114440918,0.2502003312110901,7.072139739990234
312,0,-6.630000114440918,0.3233706057071686,7.104780197143555
313,1,8.399999618530273,0.8373691439628601,6.621546745300293
314,1,8.399999618530273,0.8406739234924316,6.656775951385498
315,1,8.399999618530273,0.797320544719696,6.3147196769714355
316,0,-8.399999618530273,0.7063025236129761,6.8443121910095215
317,0,-8.399999618530273,0.48581579327583313,5.84895133972168
318,0,-8.399999618530273,0.3491075336933136,6.194327354431152
319,0,-8.399999618530273,0.26097753643989563,5.132065773010254
320,0,-8.399999618530273,0.16735462844371796,4.770359992980957
321,0,-8.399999618530273,0.5378808379173279,5.798056125640869
322,0,-8.399999618530273,0.4615703523159027,6.781006813049316
323,0,-8.399999618530273,0.26178261637687683,5.503806114196777
324,0,-8.399999618530273,0.2931337058544159,5.610558986663818
325,0,-8.399999618530273,0.18670576810836792,4.843616962432861
326,1,10.699999809265137,0.7528458833694458,7.9016432762146
327,0,-10.699999809265137,0.3498047888278961,8.240928649902344
328,0,-10.699999809265137,0.7344975471496582,8.013200759887695
329,0,-10.699999809265137,0.3919464647769928,7.990443229675293
330,1,10.699999809265137,0.7711546421051025,7.852171421051025
331,0,-10.699999809265137,0.5381513833999634,8.093730926513672
332,0,-10.699999809265137,0.16516068577766418,7.945962429046631
333,1,10.699999809265137,0.7214685678482056,7.8401288986206055
334,0,-10.699999809265137,0.3741120994091034,7.284185409545898
335,0,-10.699999809265137,0.21988464891910553,7.911775588989258
336,0,-10.699999809265137,0.291939914226532,7.655754566192627
337,0,-10.699999809265137,0.4593779146671295,7.396309852600098
338,0,-10.699999809265137,0.12428470700979233,5.974437713623047
339,0,-10.699999809265137,0.19276124238967896,5.4377336502075195
340,0,-10.699999809265137,0.3739936351776123,7.400847434997559
341,0,-10.699999809265137,0.44562751054763794,7.717432498931885
342,0,-10.699999809265137,0.26796939969062805,6.755403995513916
343,0,-10.699999809265137,0.31783244013786316,5.466015815734863
344,0,-10.699999809265137,0.5092867016792297,7.364623069763184
345,0,-10.699999809265137,0.3757777512073517,7.187621593475342
346,0,-10.699999809265137,0.20540577173233032,6.639896392822266
347,1,11.300000190734863,0.8700260519981384,10.609996795654297
348,1,11.300000190734863,0.8697110414505005,10.61681842803955
349,0,-11.300000190734863,0.8039169311523438,10.581968307495117
350,0,-11.300000190734863,0.5102632641792297,8.968202590942383
351,0,-11.300000190734863,0.5415338277816772,9.0965576171875
352,0,-11.300000190734863,0.5968644022941589,9.19055461883545
353,0,-11.300000190734863,0.8449464440345764,10.031883239746094
354,0,-11.300000190734863,0.7332697510719299,10.073976516723633
355,1,10.109999656677246,0.778343915939331,10.136863708496094
356,1,10.109999656677246,0.8052136301994324,10.275911331176758
357,0,-10.109999656677246,0.8095579147338867,10.428059577941895
358,1,7.150000095367432,0.8375023603439331,8.200216293334961
359,1,7.150000095367432,0.8114915490150452,8.226011276245117
360,0,-7.150000095367432,0.6855373978614807,7.868600368499756
361,0,-7.150000095367432,0.7077060341835022,7.628961086273193
362,0,-7.150000095367432,0.5691896677017212,7.558112621307373
363,0,-7.150000095367432,0.4491615295410156,6.862122535705566
364,0,-7.150000095367432,0.5299510955810547,7.669217109680176
365,0,-7.150000095367432,0.5447507500648499,7.650798797607422
366,0,-7.150000095367432,0.3829650580883026,7.510717868804932
367,0,-7.150000095367432,0.36324676871299744,6.918727874755859
368,0,-7.150000095367432,0.34826815128326416,6.93533182144165
369,0,-7.150000095367432,0.47868555784225464,7.472690105438232
370,0,-7.150000095367432,0.5327558517456055,6.7004008293151855
371,0,-7.150000095367432,0.3195909559726715,6.626136779785156
372,0,-7.150000095367432,0.344094842672348,5.638116359710693
373,0,-7.150000095367432,0.43370088934898376,7.286857604980469
374,0,-7.150000095367432,0.3533978760242462,6.429680824279785
375,0,-7.150000095367432,0.40845954418182373,6.638178825378418
376,0,-7.150000095367432,0.5386987924575806,7.103037357330322
377,0,-7.150000095367432,0.23966634273529053,5.76526403427124
378,0,-7.150000095367432,0.46450886130332947,6.431256294250488
379,1,7.239999771118164,0.8327257633209229,6.640897274017334
380,0,-7.239999771118164,0.31693899631500244,6.3686933517456055
381,0,-7.239999771118164,0.47147494554519653,6.07834529876709
382,0,-7.239999771118164,0.4436781406402588,6.178125381469727
383,0,-7.239999771118164,0.2794828414916992,6.25247049331665
384,0,-7.239999771118164,0.2751722037792206,5.3395209312438965
385,0,-7.239999771118164,0.280250608921051,6.4467949867248535
386,0,-7.239999771118164,0.4676107168197632,6.306690216064453
387,0,-7.239999771118164,0.45137637853622437,5.825684547424316
388,0,-7.239999771118164,0.1669912189245224,6.673352241516113
389,0,-7.239999771118164,0.3763093054294586,5.6469244956970215
390,0,-7.239999771118164,0.22438009083271027,5.056735038757324
391,0,-7.239999771118164,0.14874544739723206,6.159284591674805
392,0,-7.239999771118164,0.5861006379127502,6.584194183349609
393,0,-7.239999771118164,0.20028986036777496,5.92237663269043
394,0,-7.239999771118164,0.5135381817817688,6.622417449951172
395,0,-7.239999771118164,0.48769041895866394,6.267448902130127
396,0,-7.239999771118164,0.17794471979141235,6.290038585662842
397,0,-7.239999771118164,0.16072118282318115,5.545669078826904
398,0,-7.239999771118164,0.22099213302135468,5.36596155166626
399,0,-7.239999771118164,0.09094765037298203,4.374610900878906
400,1,10.050000190734863,0.6645574569702148,8.782668113708496
401,1,10.050000190734863,0.6655628085136414,8.766901016235352
402,0,-10.050000190734863,0.6950276494026184,8.981014251708984
403,0,-10.050000190734863,0.5724661946296692,8.643136978149414
404,0,-10.050000190734863,0.5479847192764282,8.696096420288086
405,0,-10.050000190734863,0.5416147112846375,8.541131973266602
406,0,-10.050000190734863,0.5822129845619202,8.839898109436035
407,0,-10.050000190734863,0.5152067542076111,8.55300235748291
408,0,-10.770000457763672,0.2132471799850464,7.868697643280029
409,0,-10.770000457763672,0.25451552867889404,7.90223503112793
410,0,-10.770000457763672,0.15399277210235596,7.181366443634033
411,0,-10.770000457763672,0.22369205951690674,7.787717819213867
412,0,-10.770000457763672,0.21589648723602295,7.756360054016113
413,0,-10.770000457763672,0.07096397876739502,7.049546718597412
414,0,-10.770000457763672,0.0846550464630127,6.598318576812744
415,0,-10.770000457763672,0.19034923613071442,6.846719741821289
416,0,-10.770000457763672,0.1503564864397049,5.42087984085083
417,0,-10.770000457763672,0.15676261484622955,6.504369258880615
418,0,-10.770000457763672,0.29712480306625366,5.918575286865234
419,0,-10.770000457763672,0.12166145443916321,7.730857849121094
420,0,-10.770000457763672,0.06962290406227112,6.844150066375732
421,0,-10.770000457763672,0.08987858891487122,6.660552501678467
422,0,-10.770000457763672,0.11870229244232178,6.215907573699951
423,0,-10.770000457763672,0.2243834137916565,5.3903961181640625
424,0,-10.770000457763672,0.2681974470615387,5.421463966369629
425,0,-10.770000457763672,0.11633260548114777,6.020401954650879
426,0,-10.770000457763672,0.2994592487812042,7.713418483734131
427,0,-10.770000457763672,0.0702919214963913,6.542179107666016
428,1,7.260000228881836,0.8683335185050964,8.173038482666016
429,1,7.260000228881836,0.8704092502593994,8.127283096313477
430,0,-7.260000228881836,0.38194525241851807,6.8180060386657715
431,0,-7.260000228881836,0.6852967143058777,7.414599418640137
432,0,-7.260000228881836,0.4192453920841217,6.8287224769592285
433,0,-7.260000228881836,0.2686728537082672,5.986973285675049
434,0,-7.260000228881836,0.24796774983406067,5.646129608154297
435,0,-7.260000228881836,0.3226037621498108,6.3354644775390625
436,0,-7.260000228881836,0.3522000312805176,6.239933013916016
437,0,-7.260000228881836,0.3758421242237091,6.398421764373779
438,0,-7.260000228881836,0.2567017376422882,5.5546979904174805
439,0,-7.260000228881836,0.22007545828819275,5.87580680847168
440,0,-7.260000228881836,0.2382175326347351,5.608471870422363
441,0,-7.260000228881836,0.13633789122104645,5.060887336730957
442,0,-7.260000228881836,0.16125071048736572,5.048287391662598
443,0,-7.260000228881836,0.13558971881866455,4.912856101989746
444,1,4.079999923706055,0.21909868717193604,7.397864818572998
445,0,-4.079999923706055,0.20075096189975739,6.990715980529785
446,0,-4.079999923706055,0.25014644861221313,7.4535675048828125
447,0,-4.079999923706055,0.23756618797779083,7.5918707847595215
448,0,-4.079999923706055,0.20805777609348297,7.384403705596924
449,0,-4.079999923706055,0.2272397130727768,6.961665630340576
450,0,-4.079999923706055,0.185137540102005,6.9442267417907715
451,0,-4.079999923706055,0.21413736045360565,6.388988018035889
452,0,-4.079999923706055,0.2683161795139313,7.055793762207031
453,0,-4.079999923706055,0.1561385542154312,6.0823187828063965
454,0,-4.079999923706055,0.1791347712278366,6.513561248779297
455,0,-4.079999923706055,0.20869256556034088,6.094758033752441
456,0,-4.079999923706055,0.20545271039009094,6.642242431640625
457,0,-4.079999923706055,0.25223350524902344,6.344263553619385
458,0,-4.079999923706055,0.23581306636333466,7.317852020263672
459,0,-4.079999923706055,0.15447936952114105,5.98264217376709
460,0,-4.079999923706055,0.22306647896766663,5.728209495544434
461,0,-4.079999923706055,0.16628241539001465,5.237076759338379
462,0,-4.079999923706055,0.1703849583864212,5.149153232574463
463,0,-4.079999923706055,0.1386791616678238,4.746592998504639
464,0,-4.079999923706055,0.130269855260849,5.381284713745117
465,1,6.699999809265137,0.7497015595436096,8.555662155151367
466,1,6.699999809265137,0.7453494071960449,8.54029369354248
467,1,6.699999809265137,0.7650231719017029,8.395601272583008
468,0,-6.699999809265137,0.7998253107070923,8.518933296203613
469,0,-6.699999809265137,0.6888993978500366,8.001182556152344
470,0,-6.699999809265137,0.46832603216171265,6.625763893127441
471,0,-6.699999809265137,0.6364220380783081,8.216117858886719
472,0,-6.699999809265137,0.6911513209342957,8.124404907226562
473,0,-6.699999809265137,0.24291084706783295,5.210356712341309
474,0,-6.699999809265137,0.3219699263572693,6.05518913269043
475,0,-6.699999809265137,0.28325697779655457,5.959235668182373
476,0,-6.699999809265137,0.3916674554347992,6.643874645233154
477,0,-6.699999809265137,0.2269199788570404,5.431560516357422
478,0,-6.699999809265137,0.4391913115978241,7.448002338409424
479,0,-6.699999809265137,0.37471964955329895,5.633493900299072
480,0,-6.699999809265137,0.19534508883953094,5.6088385581970215
481,0,-6.699999809265137,0.2398994266986847,5.539610862731934
482,0,-6.699999809265137,0.23696725070476532,5.829977512359619
483,0,-6.699999809265137,0.2879462242126465,6.070887565612793
484,0,-6.699999809265137,0.32468944787979126,6.610581874847412
485,1,6.309999942779541,0.574002206325531,5.607091903686523
486,0,-6.309999942779541,0.4732647240161896,5.7330322265625
487,0,-6.309999942779541,0.6867126226425171,5.782634735107422
488,0,-6.309999942779541,0.6407755613327026,5.852985858917236
489,0,-6.309999942779541,0.6288942694664001,5.9884843826293945
490,0,-6.309999942779541,0.5110496282577515,5.765413284301758
491,0,-6.309999942779541,0.5710213780403137,6.0684709548950195
492,0,-6.309999942779541,0.634405791759491,5.924659252166748
493,0,-6.309999942779541,0.6285398602485657,6.150383949279785
494,0,-6.309999942779541,0.5131164193153381,5.5807204246521
495,0,-6.309999942779541,0.6080666184425354,6.199727535247803
496,0,-6.309999942779541,0.46700358390808105,5.6889424324035645
497,0,-6.309999942779541,0.4380345344543457,5.88204288482666
498,0,-6.309999942779541,0.5635982155799866,5.650543212890625
499,0,-6.309999942779541,0.5060492157936096,5.575196743011475
500,1,6.309999942779541,0.6620040535926819,5.71546745300293
501,0,-6.309999942779541,0.6057952046394348,6.489440441131592
502,0,-6.309999942779541,0.5591380596160889,6.1313557624816895
503,0,-6.309999942779541,0.3018164038658142,5.645721435546875
504,0,-6.309999942779541,0.24936822056770325,5.7692952156066895
505,0,-6.309999942779541,0.47630569338798523,5.871549129486084
506,1,6.119999885559082,0.8768167495727539,8.614763259887695
507,1,6.119999885559082,0.8746580481529236,8.740345001220703
508,1,6.119999885559082,0.8348835110664368,8.740546226501465
509,1,5.0,0.84665447473526,8.138301849365234
510,1,5.0,0.8187028169631958,7.905057907104492
511,0,-5.0,0.8206272125244141,7.894765377044678
512,0,-5.0,0.7224767208099365,7.18337345123291
513,0,-5.0,0.7536688446998596,7.860622882843018
514,1,7.300000190734863,0.8201516270637512,6.635799407958984
515,1,7.300000190734863,0.8142985701560974,6.7422685623168945
516,0,-7.300000190734863,0.6701796054840088,5.5603790283203125
517,0,-7.300000190734863,0.47479966282844543,5.296297073364258
518,0,-7.300000190734863,0.6433802247047424,5.667088508605957
519,0,-7.300000190734863,0.4268409013748169,5.701503753662109
520,1,6.71999979019165,0.7464128136634827,7.282873630523682
521,1,6.71999979019165,0.7129287123680115,7.397469520568848
522,1,6.71999979019165,0.5063259601593018,7.548340320587158
523,0,-6.71999979019165,0.49384215474128723,7.084724426269531
524,0,-6.71999979019165,0.39074528217315674,7.015885353088379
525,0,-6.71999979019165,0.2758268415927887,7.185854911804199
526,0,-6.71999979019165,0.5441303253173828,7.454206466674805
527,0,-6.71999979019165,0.26303085684776306,6.524575710296631
528,0,-6.71999979019165,0.280162513256073,6.26827335357666
529,0,-6.71999979019165,0.2419086992740631,6.649147033691406
530,0,-6.71999979019165,0.20577727258205414,6.413230895996094
531,0,-6.71999979019165,0.2246454954147339,6.083646774291992
532,0,-6.71999979019165,0.353097140789032,7.167768955230713
533,0,-6.71999979019165,0.2532540261745453,7.32462215423584
534,0,-6.71999979019165,0.23134391009807587,6.2020063400268555
535,0,-6.71999979019165,0.32742494344711304,6.563294410705566
536,0,-6.71999979019165,0.26483607292175293,7.128283977508545
537,0,-6.71999979019165,0.18144209682941437,6.080618858337402
538,0,-6.71999979019165,0.12184116244316101,6.213575839996338
539,0,-6.71999979019165,0.17363804578781128,6.095015048980713
540,1,3.799999952316284,0.6434471607208252,3.871925115585327
541,1,3.799999952316284,0.6989550590515137,3.810263156890869
542,0,-3.799999952316284,0.6296481490135193,3.768601655960083
543,1,3.799999952316284,0.6317139863967896,3.7802295684814453
544,0,-3.799999952316284,0.6865808367729187,3.7718985080718994
545,0,-3.799999952316284,0.4133143126964569,3.962023973464966
546,0,-3.799999952316284,0.4260083734989166,3.927579402923584
547,0,-3.799999952316284,0.3811461627483368,3.9396564960479736
548,0,-3.799999952316284,0.43411409854888916,3.768141508102417
549,0,-3.799999952316284,0.3977576196193695,4.033395767211914
550,0,-3.799999952316284,0.3999299705028534,3.9281015396118164
551,0,-3.799999952316284,0.7659664154052734,3.8987185955047607
552,0,-3.799999952316284,0.24762023985385895,4.141433238983154
553,0,-3.799999952316284,0.2471986711025238,4.446749210357666
554,0,-3.799999952316284,0.26006749272346497,4.293123722076416
555,0,-3.799999952316284,0.2834495007991791,4.1212358474731445
556,0,-3.799999952316284,0.2873721718788147,3.911900281906128
557,0,-3.799999952316284,0.27843326330184937,4.237712860107422
558,0,-3.799999952316284,0.2769051194190979,4.520562171936035
559,1,4.71999979019165,0.535214900970459,6.1175150871276855
560,0,-4.71999979019165,0.41125789284706116,6.088412761688232
561,1,4.71999979019165,0.6143043637275696,6.290161609649658
562,0,-4.71999979019165,0.20388419926166534,5.872262001037598
563,0,-4.71999979019165,0.23149700462818146,5.73151969909668
564,0,-4.71999979019165,0.16554565727710724,5.747879981994629
565,0,-4.71999979019165,0.28580060601234436,5.892195701599121
566,0,-4.71999979019165,0.272280752658844,6.057796001434326
567,0,-4.71999979019165,0.20063263177871704,5.731143951416016
568,0,-4.71999979019165,0.22623048722743988,6.0579705238342285
569,0,-4.71999979019165,0.28743764758110046,5.698678970336914
570,0,-4.71999979019165,0.1952182501554489,5.746669292449951
571,0,-4.71999979019165,0.26903799176216125,5.7088823318481445
572,0,-4.71999979019165,0.1746242344379425,5.6285223960876465
573,0,-4.71999979019165,0.266694575548172,5.702757835388184
574,0,-4.71999979019165,0.19133424758911133,5.580514907836914
575,0,-4.71999979019165,0.2176431268453598,5.775872707366943
576,0,-4.71999979019165,0.18675440549850464,5.617969512939453
577,0,-4.71999979019165,0.21932096779346466,5.35977840423584
578,0,-4.71999979019165,0.18481053411960602,5.644908905029297
579,0,-4.71999979019165,0.23210115730762482,5.3448896408081055
580,1,9.890000343322754,0.779234766960144,5.750532150268555
581,1,9.890000343322754,0.771827757358551,5.73997688293457
582,1,10.0,0.8205476403236389,7.858961582183838
583,1,10.0,0.7788233160972595,7.762964248657227
584,0,-10.0,0.7190543413162231,7.44401741027832
585,0,-10.0,0.4948442578315735,7.472872734069824
586,0,-10.0,0.5786080360412598,7.383976936340332
587,1,10.0,0.6875571608543396,7.664864540100098
588,0,-10.0,0.22207143902778625,6.768766403198242
589,0,-10.0,0.25727808475494385,6.790284156799316
590,0,-10.0,0.34944501519203186,7.137325763702393
591,0,-10.0,0.23795673251152039,7.0956501960754395
592,0,-10.0,0.7824892997741699,7.854939937591553
593,0,-10.0,0.23813755810260773,7.084846496582031
594,0,-10.0,0.3181992471218109,6.280580043792725
595,0,-10.0,0.23334600031375885,6.59429407119751
596,0,-10.0,0.16405272483825684,6.558655261993408
597,0,-10.0,0.17809632420539856,6.596424579620361
598,0,-10.0,0.21190160512924194,6.663537979125977
599,1,5.699999809265137,0.6854636073112488,7.45515775680542
600,0,-5.699999809265137,0.5666337013244629,6.780945301055908
601,1,5.699999809265137,0.7426971197128296,7.768416404724121
602,0,-5.699999809265137,0.21779635548591614,6.233423233032227
603,1,5.699999809265137,0.711419939994812,7.186901569366455
604,0,-5.699999809265137,0.2523500621318817,5.892336368560791
605,0,-5.699999809265137,0.2437988519668579,6.19833517074585
606,0,-5.699999809265137,0.32823678851127625,6.766366481781006
607,0,-5.699999809265137,0.2734917998313904,6.995070934295654
608,0,-5.699999809265137,0.2644142508506775,6.5799946784973145
609,0,-5.699999809265137,0.24130426347255707,6.878533363342285
610,0,-5.699999809265137,0.46301451325416565,6.948591232299805
611,0,-5.699999809265137,0.20823605358600616,5.373332500457764
612,0,-5.699999809265137,0.20457157492637634,5.89185094833374
613,0,-5.699999809265137,0.1635572761297226,5.6310224533081055
614,0,-5.699999809265137,0.23210486769676208,6.323211193084717
615,0,-5.699999809265137,0.18600910902023315,6.389570236206055
616,0,-5.699999809265137,0.19694432616233826,5.221920013427734
617,0,-5.699999809265137,0.19450412690639496,6.32548189163208
618,0,-5.699999809265137,0.2187870889902115,6.0745062828063965
619,0,-5.699999809265137,0.202911376953125,5.301098346710205
620,1,6.300000190734863,0.7210426330566406,8.092724800109863
621,0,-6.300000190734863,0.2863505184650421,7.341761589050293
622,1,6.300000190734863,0.685128390789032,8.139347076416016
623,0,-6.300000190734863,0.641045868396759,8.229859352111816
624,0,-6.300000190734863,0.23017586767673492,7.027350902557373
625,0,-6.300000190734863,0.32681092619895935,7.641733169555664
626,0,-6.300000190734863,0.38624081015586853,7.449917793273926
627,0,-6.300000190734863,0.23286429047584534,6.820615768432617
628,0,-6.300000190734863,0.22828425467014313,6.9469895362854
629,0,-6.300000190734863,0.14014437794685364,7.031490802764893
630,0,-6.300000190734863,0.2384652942419052,6.829961776733398
631,0,-6.300000190734863,0.347409725189209,7.015603542327881
632,0,-6.300000190734863,0.2752785384654999,7.0886030197143555
633,0,-6.300000190734863,0.28670844435691833,7.37823486328125
634,0,-6.300000190734863,0.16486012935638428,6.391600131988525
635,0,-6.300000190734863,0.16268526017665863,6.999264717102051
636,0,-6.300000190734863,0.15544044971466064,7.028387069702148
637,0,-6.300000190734863,0.15378881990909576,6.9156599044799805
638,0,-6.300000190734863,0.16329941153526306,6.729600429534912
639,0,-6.300000190734863,0.1595929116010666,7.198582649230957
640,0,-6.300000190734863,0.3612710237503052,7.416220664978027
641,1,2.2699999809265137,0.6760538816452026,3.445232391357422
642,1,2.2699999809265137,0.7022747993469238,3.460054874420166
643,1,2.2699999809265137,0.6975493431091309,3.4587693214416504
644,1,2.2699999809265137,0.6610384583473206,3.4332973957061768
645,0,-2.2699999809265137,0.436249315738678,3.36437726020813
646,0,-2.2699999809265137,0.440408319234848,3.3459742069244385
647,0,-2.2699999809265137,0.42981234192848206,3.2869455814361572
648,0,-2.2699999809265137,0.47435101866722107,3.3046929836273193
649,1,2.2699999809265137,0.4176374673843384,3.3645880222320557
650,1,2.2699999809265137,0.2753238081932068,3.3527333736419678
651,0,-2.2699999809265137,0.29678773880004883,3.316662311553955
652,0,-2.2699999809265137,0.3235512673854828,2.875537395477295
653,0,-2.2699999809265137,0.23564963042736053,3.3521785736083984
654,0,-2.2699999809265137,0.23886553943157196,3.3336234092712402
655,0,-2.2699999809265137,0.3037465512752533,3.046278715133667
656,0,-2.2699999809265137,0.4285617768764496,2.918595314025879
657,0,-2.2699999809265137,0.3359278738498688,3.1062328815460205
658,0,-2.2699999809265137,0.32901495695114136,3.039778470993042
659,0,-2.2699999809265137,0.2944304943084717,3.2931854724884033
660,0,-2.2699999809265137,0.26771819591522217,3.1876630783081055
661,0,-2.2699999809265137,0.20344045758247375,3.342540979385376
662,1,5.619999885559082,0.5379201173782349,5.330124855041504
663,1,5.619999885559082,0.6608139872550964,5.392614364624023
664,0,-5.619999885559082,0.5799609422683716,5.006274223327637
665,0,-5.619999885559082,0.6121892333030701,4.9026641845703125
666,0,-5.619999885559082,0.7160399556159973,5.440868854522705
667,0,-5.619999885559082,0.49433594942092896,4.981784820556641
668,0,-5.619999885559082,0.45557937026023865,5.144567966461182
669,0,-5.619999885559082,0.4376855790615082,5.2127366065979
670,1,5.619999885559082,0.636707603931427,5.1425628662109375
671,0,-5.619999885559082,0.38108935952186584,4.923530578613281
672,0,-5.619999885559082,0.4178716242313385,4.779644012451172
673,0,-5.619999885559082,0.340789258480072,4.771857738494873
674,1,5.820000171661377,0.5174115300178528,7.327756881713867
675,0,-5.820000171661377,0.4848128855228424,7.524370193481445
676,1,5.820000171661377,0.5193201303482056,7.591350555419922
677,0,-5.820000171661377,0.3324306309223175,7.790685653686523
678,0,-5.820000171661377,0.15119020640850067,7.291325092315674
679,0,-5.820000171661377,0.4695960283279419,7.236600875854492
680,0,-5.820000171661377,0.11200600862503052,7.3281569480896
681,0,-5.820000171661377,0.15741285681724548,7.350834846496582
682,0,-5.820000171661377,0.1518096923828125,7.567286491394043
683,0,-5.820000171661377,0.09341777116060257,6.980413436889648
684,0,-5.820000171661377,0.10081122070550919,6.866329669952393
685,0,-5.820000171661377,0.15208761394023895,7.012228965759277
686,0,-5.820000171661377,0.4589008390903473,7.420532703399658
687,0,-5.820000171661377,0.09760122001171112,6.997474670410156
688,0,-5.820000171661377,0.10344266891479492,6.846729755401611
689,0,-5.820000171661377,0.11509530991315842,6.839384078979492
690,0,-5.820000171661377,0.16027827560901642,7.374898433685303
691,0,-5.820000171661377,0.13976207375526428,6.52208137512207
692,0,-5.820000171661377,0.07877074927091599,6.641449928283691
693,0,-5.820000171661377,0.10767306387424469,7.105238914489746
694,0,-5.820000171661377,0.11957944929599762,7.198880195617676
695,1,4.130000114440918,0.6814972758293152,8.052578926086426
696,1,4.130000114440918,0.7212812304496765,8.048979759216309
697,0,-4.130000114440918,0.6267688870429993,7.295068740844727
698,0,-4.130000114440918,0.682884693145752,8.23220443725586
699,0,-4.130000114440918,0.7368493676185608,8.201044082641602
700,0,-4.130000114440918,0.5522619485855103,7.0365118980407715
701,0,-4.130000114440918,0.5684781074523926,7.508041858673096
702,0,-4.130000114440918,0.644013524055481,8.081048011779785
703,0,-4.130000114440918,0.4919047951698303,7.510678291320801
704,0,-4.130000114440918,0.5941638350486755,7.8897881507873535
705,1,5.329999923706055,0.6523871421813965,8.147388458251953
706,1,5.329999923706055,0.6673936247825623,8.079804420471191
707,1,5.329999923706055,0.628692626953125,8.086040496826172
708,0,-5.329999923706055,0.5199142098426819,7.656000137329102
709,0,-5.329999923706055,0.494714617729187,7.41754674911499
710,0,-5.329999923706055,0.41017958521842957,7.5774054527282715
711,0,-5.329999923706055,0.5560142397880554,7.66249942779541
712,0,-5.329999923706055,0.526107907295227,7.83577823638916
713,0,-5.329999923706055,0.5356621742248535,8.024614334106445
714,0,-5.329999923706055,0.48140081763267517,7.5939531326293945
715,0,-5.329999923706055,0.367977112531662,7.415050506591797
716,0,-5.329999923706055,0.3372981548309326,7.2937726974487305
717,0,-5.329999923706055,0.3534277081489563,7.04816198348999
718,0,-5.329999923706055,0.2832339406013489,7.014659881591797
719,0,-5.329999923706055,0.46810656785964966,7.516427516937256
720,0,-5.329999923706055,0.4267335534095764,7.535760402679443
721,0,-5.329999923706055,0.43869155645370483,7.471640586853027
722,0,-5.329999923706055,0.4523473083972931,7.6684160232543945
723,0,-5.329999923706055,0.38902196288108826,6.9795427322387695
724,1,8.100000381469727,0.7056741714477539,8.236909866333008
725,1,8.100000381469727,0.5622195601463318,8.040688514709473
726,0,-8.100000381469727,0.619608998298645,7.732081890106201
727,0,-8.100000381469727,0.5698255896568298,7.843797206878662
728,0,-8.100000381469727,0.5574721693992615,8.225743293762207
729,0,-8.100000381469727,0.6310294270515442,7.803205490112305
730,0,-8.100000381469727,0.4968035817146301,7.833211421966553
731,0,-8.100000381469727,0.2670234739780426,7.375439643859863
732,0,-8.100000381469727,0.22085903584957123,7.3753509521484375
733,0,-8.100000381469727,0.348180890083313,7.5148797035217285
734,0,-8.100000381469727,0.44420358538627625,7.664610385894775
735,0,-8.100000381469727,0.2708446681499481,7.463913917541504
736,0,-8.100000381469727,0.5445995926856995,7.6751909255981445
737,0,-8.100000381469727,0.3548695743083954,7.42648458480835
738,0,-8.100000381469727,0.35175493359565735,7.385818958282471
739,0,-8.100000381469727,0.24777399003505707,7.453137397766113
740,0,-8.100000381469727,0.3542792499065399,7.367847919464111
741,0,-8.100000381469727,0.2771739661693573,7.550537109375
742,0,-8.100000381469727,0.27083924412727356,7.3646745681762695
743,0,-8.100000381469727,0.16524185240268707,7.336915969848633
744,0,-8.100000381469727,0.26552024483680725,7.402632236480713
745,0,-2.359999895095825,0.6203826069831848,4.087924480438232
746,0,-2.359999895095825,0.5187938809394836,4.010615825653076
747,0,-2.359999895095825,0.45450273156166077,3.776545763015747
748,0,-2.359999895095825,0.6573905348777771,3.9063851833343506
749,0,-2.359999895095825,0.648109495639801,3.9996848106384277
750,0,-2.359999895095825,0.48095282912254333,3.8538997173309326
751,0,-2.359999895095825,0.5567864179611206,3.8025457859039307
752,0,-2.359999895095825,0.6219862699508667,3.366122007369995
753,0,-2.359999895095825,0.49131855368614197,3.795362949371338
754,0,-2.359999895095825,0.5589516162872314,3.737525463104248
755,0,-2.359999895095825,0.5706374645233154,3.5840485095977783
756,0,-2.359999895095825,0.5677242279052734,3.6439719200134277
757,0,-2.359999895095825,0.37334316968917847,3.646819829940796
758,0,-2.359999895095825,0.5529301762580872,3.651657819747925
759,0,-2.359999895095825,0.3561554253101349,3.458435297012329
760,0,-2.359999895095825,0.47046416997909546,3.5061545372009277
761,0,-2.359999895095825,0.39717385172843933,3.5058813095092773
762,0,-2.359999895095825,0.41670507192611694,3.568652868270874
763,0,-2.359999895095825,0.4440631568431854,3.267791509628296
764,0,-2.359999895095825,0.4763946831226349,3.6878652572631836
765,0,-2.359999895095825,0.29681476950645447,3.720158815383911
766,1,4.090000152587891,0.7815237045288086,4.132108688354492
767,1,4.090000152587891,0.7378419637680054,4.208998680114746
768,0,-4.090000152587891,0.4059180021286011,4.244898796081543
769,1,4.090000152587891,0.3912002444267273,4.2250823974609375
770,0,-4.090000152587891,0.2497781366109848,4.29470157623291
771,0,-4.090000152587891,0.21430139243602753,4.159751892089844
772,0,-4.090000152587891,0.4474502205848694,4.519464492797852
773,0,-4.090000152587891,0.4027656316757202,4.283908843994141
774,0,-4.090000152587891,0.4309244453907013,4.012265205383301
775,0,-4.090000152587891,0.5145206451416016,4.299230575561523
776,0,-4.090000152587891,0.22642937302589417,3.9665329456329346
777,0,-4.090000152587891,0.2789165675640106,4.265262603759766
778,0,-4.090000152587891,0.20385213196277618,4.288774013519287
779,0,-4.090000152587891,0.3132565915584564,4.231595993041992
780,0,-4.090000152587891,0.3182121515274048,4.659379005432129
781,0,-4.090000152587891,0.4106638431549072,4.189242362976074
782,0,-4.090000152587891,0.17226994037628174,3.9160709381103516
783,0,-4.090000152587891,0.2763747274875641,4.317233562469482
784,0,-4.090000152587891,0.19003990292549133,4.117033958435059
785,1,6.460000038146973,0.8318761587142944,5.95059061050415
786,0,-6.460000038146973,0.7508533596992493,5.630331039428711
787,1,6.460000038146973,0.8330554366111755,5.9092488288879395
788,0,-6.460000038146973,0.5795015096664429,4.798604488372803
789,0,-6.460000038146973,0.5662781596183777,4.7539448738098145
790,0,-6.460000038146973,0.4913676083087921,4.415163993835449
791,0,-6.460000038146973,0.48690542578697205,4.950185298919678
792,0,-6.460000038146973,0.3128603398799896,5.043961524963379
793,0,-6.460000038146973,0.37118592858314514,4.298717498779297
794,0,-6.460000038146973,0.48992806673049927,4.408492088317871
795,0,-6.460000038146973,0.2914024293422699,4.8003339767456055
796,0,-6.460000038146973,0.26568883657455444,4.4653120040893555
797,0,-6.460000038146973,0.2836601436138153,4.537113189697266
798,0,-6.460000038146973,0.3136068880558014,4.158713340759277
799,0,-6.460000038146973,0.30722111463546753,4.800360679626465
800,0,-6.460000038146973,0.22770945727825165,4.824413299560547
801,0,-6.460000038146973,0.3464565873146057,4.314138412475586
802,0,-6.460000038146973,0.4012810289859772,4.22772216796875
803,0,-6.460000038146973,0.22809132933616638,4.374247074127197
804,0,-6.460000038146973,0.2817542850971222,4.396230220794678
805,0,-6.460000038146973,0.26503342390060425,4.54108190536499
806,1,9.0,0.7526211142539978,7.246392250061035
807,1,9.0,0.7802497744560242,7.194329738616943
808,0,-9.0,0.5601383447647095,7.613542556762695
809,0,-9.0,0.41023528575897217,7.504835605621338
810,0,-9.0,0.4396553635597229,7.7773518562316895
811,0,-9.0,0.2557874917984009,7.6621904373168945
812,0,-9.0,0.3307337164878845,7.319267272949219
813,0,-9.0,0.46108847856521606,7.5560302734375
814,0,-9.0,0.5276920199394226,7.5475287437438965
815,0,-9.0,0.4526481628417969,7.1108598709106445
816,0,-9.0,0.43137723207473755,7.208730697631836
817,1,8.229999542236328,0.7727614641189575,8.020977020263672
818,1,8.229999542236328,0.780785083770752,8.005064964294434
819,1,8.229999542236328,0.7731479406356812,8.081869125366211
820,1,8.229999542236328,0.6028465628623962,7.850421905517578
821,0,-8.229999542236328,0.21586990356445312,6.909712314605713
822,0,-8.229999542236328,0.42096146941185,7.5094194412231445
823,0,-8.229999542236328,0.17051024734973907,6.517579555511475
824,0,-8.229999542236328,0.2475958615541458,6.937894344329834
825,0,-8.229999542236328,0.21214118599891663,6.896207809448242
826,0,-8.229999542236328,0.13381260633468628,6.074567794799805
827,0,-8.229999542236328,0.09630178660154343,5.682485580444336
828,0,-8.229999542236328,0.27810966968536377,7.071637153625488
829,0,-8.229999542236328,0.2582094073295593,6.623198986053467
830,0,-8.229999542236328,0.13536502420902252,6.205630302429199
831,0,-8.229999542236328,0.07504371553659439,5.888972282409668
832,0,-8.229999542236328,0.1487172394990921,6.639718055725098
833,0,-8.229999542236328,0.3158800005912781,6.622439861297607
834,0,-8.229999542236328,0.23343952000141144,6.681560516357422
835,0,-8.229999542236328,0.09982824325561523,5.951791763305664
836,0,-8.229999542236328,0.16826406121253967,6.209819793701172
837,0,-8.229999542236328,0.15573780238628387,6.661001682281494
838,1,5.119999885559082,0.4230608642101288,4.900532245635986
839,1,5.119999885559082,0.4777902662754059,4.823208808898926
840,0,-5.119999885559082,0.3972758650779724,4.617064476013184
841,0,-5.119999885559082,0.4870750606060028,5.212439060211182
842,0,-5.119999885559082,0.2922306954860687,5.03764009475708
843,0,-5.119999885559082,0.25933578610420227,4.597513198852539
844,0,-5.119999885559082,0.35398998856544495,4.618711471557617
845,0,-5.119999885559082,0.1678345948457718,4.855762481689453
846,0,-5.119999885559082,0.2775889039039612,5.09312629699707
847,0,-5.119999885559082,0.28586673736572266,4.827383995056152
848,0,-5.119999885559082,0.32351693511009216,4.977978229522705
849,0,-5.119999885559082,0.17333924770355225,4.547286033630371
850,0,-5.119999885559082,0.38564831018447876,4.975586891174316
851,0,-5.119999885559082,0.17343036830425262,5.117592811584473
852,0,-5.119999885559082,0.5277978181838989,5.086170196533203
853,0,-5.119999885559082,0.42522552609443665,4.953134536743164
854,0,-5.119999885559082,0.26733434200286865,4.904153823852539
855,0,-5.119999885559082,0.22484682500362396,4.739506244659424
856,0,-5.119999885559082,0.1589239537715912,4.544585227966309
857,0,-5.119999885559082,0.3324984908103943,4.818796157836914
858,0,-5.119999885559082,0.33480313420295715,5.053643226623535
859,0,-4.739999771118164,0.459728866815567,5.372442245483398
860,0,-4.739999771118164,0.44325727224349976,5.349680423736572
861,0,-4.739999771118164,0.45337262749671936,5.363150596618652
862,0,-4.739999771118164,0.45174604654312134,5.383039951324463
863,0,-4.739999771118164,0.46102744340896606,5.347883224487305
864,0,-4.739999771118164,0.46561184525489807,5.357255458831787
865,0,-4.739999771118164,0.46703603863716125,5.351622104644775
866,0,-4.739999771118164,0.4436805546283722,5.325833320617676
867,0,-4.739999771118164,0.45623916387557983,5.3408026695251465
868,0,-4.739999771118164,0.46848320960998535,5.3528971672058105
869,0,-4.739999771118164,0.45175451040267944,5.354546546936035
870,0,-4.739999771118164,0.4500052332878113,5.378514766693115
871,0,-4.739999771118164,0.46265900135040283,5.3906707763671875
872,0,-4.739999771118164,0.45141085982322693,5.348078727722168
873,0,-4.739999771118164,0.44922715425491333,5.365234375
874,0,-4.739999771118164,0.44535312056541443,5.338593006134033
875,0,-4.739999771118164,0.4706447124481201,5.370022773742676
876,0,-4.739999771118164,0.4530295431613922,5.318964004516602
877,0,-4.739999771118164,0.45884010195732117,5.382785797119141
878,0,-4.739999771118164,0.4461751878261566,5.349116325378418
879,1,5.610000133514404,0.5956956148147583,5.791065692901611
880,1,5.610000133514404,0.5633311867713928,5.690779685974121
881,0,-5.610000133514404,0.4362272024154663,5.193932056427002
882,1,5.610000133514404,0.5810580253601074,5.735110282897949
883,0,-5.610000133514404,0.5434448719024658,5.369578838348389
884,0,-5.610000133514404,0.46634218096733093,5.327131748199463
885,0,-5.610000133514404,0.42034363746643066,5.028852462768555
886,0,-5.610000133514404,0.5398836135864258,5.381601810455322
887,0,-5.610000133514404,0.2839204967021942,4.984361171722412
888,0,-5.610000133514404,0.3944298326969147,5.167243003845215
889,0,-5.610000133514404,0.41182225942611694,5.199969291687012
890,0,-5.610000133514404,0.4336687922477722,5.07780122756958
891,0,-5.610000133514404,0.25462132692337036,4.949356555938721
892,0,-5.610000133514404,0.24269799888134003,4.893093109130859
893,0,-5.610000133514404,0.32298412919044495,5.116269588470459
894,0,-5.610000133514404,0.5140252709388733,5.352020263671875
895,0,-5.610000133514404,0.3923104703426361,4.918182373046875
896,0,-5.610000133514404,0.27231159806251526,4.89933967590332
897,0,-5.610000133514404,0.2782268822193146,5.243335723876953
898,0,-5.610000133514404,0.2849999666213989,4.957436561584473
899,0,-5.610000133514404,0.19849535822868347,4.656553268432617
900,1,5.909999847412109,0.522752046585083,7.353092193603516
901,1,5.909999847412109,0.5136070847511292,7.326103687286377
902,0,-5.909999847412109,0.4101708233356476,7.191644668579102
903,0,-5.909999847412109,0.40132492780685425,7.123082637786865
904,0,-5.909999847412109,0.36034831404685974,6.563530445098877
905,0,-5.909999847412109,0.3857273459434509,7.002635478973389
906,0,-5.909999847412109,0.4031786620616913,7.094305992126465
907,0,-5.909999847412109,0.3499130308628082,5.117976188659668
908,0,-5.909999847412109,0.2725869119167328,6.186420917510986
909,0,-5.909999847412109,0.24181154370307922,5.786077499389648
910,0,-5.909999847412109,0.2857438325881958,6.536559581756592
911,0,-5.909999847412109,0.3862670958042145,5.5002946853637695
912,1,8.739999771118164,0.7826182842254639,8.834161758422852
913,0,-8.739999771118164,0.7835026979446411,8.462774276733398
914,0,-8.739999771118164,0.5974640846252441,8.791862487792969
915,0,-8.739999771118164,0.572628378868103,8.807290077209473
916,0,-8.739999771118164,0.7569884061813354,9.0799560546875
917,0,-8.739999771118164,0.10036676377058029,6.827429294586182
918,0,-8.739999771118164,0.11919106543064117,7.242453575134277
919,0,-8.739999771118164,0.1925169825553894,7.128589153289795
920,0,-8.739999771118164,0.10669168829917908,7.241416931152344
921,0,-8.739999771118164,0.10753519088029861,7.131141662597656
922,0,-8.739999771118164,0.09264536947011948,7.160755634307861
923,0,-8.739999771118164,0.10403580963611603,6.989134311676025
924,0,-8.739999771118164,0.15654902160167694,7.362375259399414
925,1,9.0,0.8473577499389648,7.942352294921875
926,1,9.0,0.8461674451828003,7.937667369842529
927,1,9.0,0.8295815587043762,7.856314659118652
928,0,-9.0,0.754983127117157,8.091142654418945
929,0,-9.0,0.2763757109642029,7.681698799133301
930,0,-9.0,0.6226220726966858,7.848056316375732
931,0,-9.0,0.4089694321155548,7.903608798980713
932,0,-9.0,0.24703316390514374,7.702619552612305
933,0,-9.0,0.24444782733917236,7.317185401916504
934,0,-9.0,0.29443269968032837,7.600299835205078
935,0,-9.0,0.3947255313396454,7.297658920288086
936,0,-9.0,0.2998689115047455,7.602471828460693
937,0,-9.0,0.28024405241012573,7.333801746368408
938,0,-9.0,0.2891795337200165,7.342304229736328
939,0,-9.0,0.3049466907978058,7.611086368560791
940,0,-9.0,0.2045586109161377,6.538990497589111
941,0,-9.0,0.25126951932907104,6.952881813049316
942,0,-9.0,0.22173988819122314,5.535617828369141
943,0,-9.0,0.21216881275177002,6.529671669006348
944,0,-9.0,0.19111615419387817,6.856559753417969
945,0,-9.0,0.27876099944114685,4.658326625823975
946,1,6.099999904632568,0.6902425289154053,5.534070014953613
947,1,6.099999904632568,0.6808704733848572,5.256272315979004
948,0,-6.099999904632568,0.6478744149208069,5.430912971496582
949,0,-6.099999904632568,0.6344160437583923,5.541934490203857
950,0,-6.099999904632568,0.6465961337089539,5.5135674476623535
951,0,-6.099999904632568,0.5427916646003723,5.66502046585083
952,1,3.569999933242798,0.4559059739112854,4.842240810394287
953,0,-3.569999933242798,0.2801333963871002,4.292174816131592
954,0,-3.569999933242798,0.16512949764728546,3.8104248046875
955,0,-3.569999933242798,0.2784021198749542,3.903724193572998
956,0,-3.569999933242798,0.2984437048435211,4.104734897613525
957,0,-3.569999933242798,0.10831167548894882,3.8436567783355713
958,0,-3.569999933242798,0.23920702934265137,4.0395002365112305
959,0,-3.569999933242798,0.22890867292881012,4.272876739501953
960,0,-3.569999933242798,0.15876083076000214,4.477754592895508
961,0,-3.569999933242798,0.12388650327920914,3.508605480194092
962,0,-3.569999933242798,0.16891464591026306,3.990459442138672
963,0,-3.569999933242798,0.27344465255737305,3.9558522701263428
964,0,-3.569999933242798,0.17271831631660461,3.765916347503662
965,0,-3.569999933242798,0.10102534294128418,3.662771463394165
966,0,-3.569999933242798,0.117364801466465,3.7453205585479736
967,0,-3.569999933242798,0.09382879734039307,3.937701940536499
968,0,-3.569999933242798,0.13491569459438324,3.5337071418762207
969,0,-3.569999933242798,0.10667619109153748,3.8490309715270996
970,0,-3.569999933242798,0.1553182303905487,3.9081811904907227
971,0,-3.569999933242798,0.13034936785697937,3.8571319580078125
972,1,6.5,0.7764438986778259,5.464084148406982
973,1,6.5,0.7748086452484131,5.459576606750488
974,0,-6.5,0.6848715543746948,5.604635715484619
975,0,-6.5,0.6900754570960999,5.545313835144043
976,0,-6.5,0.6493635177612305,5.767549991607666
977,1,6.440000057220459,0.6162872314453125,7.895920276641846
978,0,-6.440000057220459,0.5859178304672241,7.601767539978027
979,0,-6.440000057220459,0.6428321003913879,7.8024749755859375
980,0,-6.440000057220459,0.6376752853393555,7.453747749328613
981,0,-6.440000057220459,0.4886306822299957,7.331398963928223
982,0,-6.440000057220459,0.48845750093460083,7.838449954986572
983,0,-6.440000057220459,0.705348014831543,7.390910625457764
984,0,-6.440000057220459,0.5956473350524902,7.110593318939209
985,0,-6.440000057220459,0.4073016345500946,7.70648717880249
986,0,-6.440000057220459,0.24855397641658783,7.302124977111816
987,0,-6.440000057220459,0.49075448513031006,7.936873912811279
988,1,6.440000057220459,0.6432475447654724,7.481136322021484
989,0,-6.440000057220459,0.26116710901260376,7.340632438659668
990,0,-6.440000057220459,0.37709328532218933,6.932748794555664
991,0,-6.440000057220459,0.37675824761390686,7.532837390899658
992,0,-6.440000057220459,0.5006024241447449,7.365015506744385
993,0,-6.440000057220459,0.3884665071964264,7.061977386474609
994,0,-6.440000057220459,0.2718220353126526,7.323185920715332
995,0,-6.440000057220459,0.46348637342453003,7.484503746032715
996,0,-6.440000057220459,0.5362870097160339,7.188625812530518
997,0,-6.440000057220459,0.26737380027770996,7.193436622619629
998,1,8.520000457763672,0.7377622723579407,8.063798904418945
999,0,-8.520000457763672,0.2117845118045807,7.370855808258057
1000,0,-8.520000457763672,0.22172152996063232,7.27065372467041
1001,0,-8.520000457763672,0.3054376542568207,7.269950866699219
1002,0,-8.520000457763672,0.24492143094539642,7.295038223266602
1003,0,-8.520000457763672,0.21842354536056519,7.255925178527832
1004,0,-8.520000457763672,0.16333721578121185,7.001688480377197
1005,0,-8.520000457763672,0.15271639823913574,6.634322643280029
1006,0,-8.520000457763672,0.15434220433235168,6.874961853027344
1007,0,-8.520000457763672,0.17461703717708588,6.954610824584961
1008,0,-8.520000457763672,0.22368913888931274,6.926598072052002
1009,0,-8.520000457763672,0.20456616580486298,6.687936782836914
1010,0,-8.520000457763672,0.15337495505809784,6.837319850921631
1011,0,-8.520000457763672,0.1863398253917694,6.487761974334717
1012,0,-8.520000457763672,0.18913626670837402,7.123927593231201
1013,0,-8.520000457763672,0.2176581770181656,6.7548828125
1014,0,-8.520000457763672,0.32302093505859375,6.951656341552734
1015,0,-8.520000457763672,0.18352727591991425,6.958554744720459
1016,0,-8.520000457763672,0.20222976803779602,7.225057125091553
1017,0,-8.520000457763672,0.26718127727508545,6.885360240936279
1018,0,-8.520000457763672,0.15925303101539612,6.517430782318115
1019,1,8.699999809265137,0.8397662043571472,8.64041805267334
1020,1,8.699999809265137,0.8333378434181213,8.640890121459961
1021,0,-8.699999809265137,0.4636963903903961,7.472074508666992
1022,1,8.699999809265137,0.8079561591148376,8.14473819732666
1023,0,-8.699999809265137,0.3908542990684509,7.5987348556518555
1024,0,-8.699999809265137,0.18211953341960907,6.3575615882873535
1025,0,-8.699999809265137,0.4753783643245697,7.172519683837891
1026,0,-8.699999809265137,0.2765907645225525,6.888436317443848
1027,0,-8.699999809265137,0.25032028555870056,6.412910461425781
1028,0,-8.699999809265137,0.1721542626619339,6.655162334442139
1029,0,-8.699999809265137,0.14858639240264893,5.926456451416016
1030,0,-8.699999809265137,0.25708284974098206,6.626387119293213
1031,1,7.920000076293945,0.5687825083732605,7.045875549316406
1032,0,-7.920000076293945,0.5284935235977173,6.090275287628174
1033,0,-7.920000076293945,0.6096498966217041,6.238746166229248
1034,0,-7.920000076293945,0.3834080994129181,4.919045925140381
1035,0,-7.920000076293945,0.560990571975708,7.298314571380615
1036,0,-7.920000076293945,0.5088377594947815,6.062830924987793
1037,0,-7.920000076293945,0.218071848154068,4.986807823181152
1038,1,7.920000076293945,0.5612754225730896,6.00896692276001
1039,0,-7.920000076293945,0.33341696858406067,5.601902961730957
1040,0,-7.920000076293945,0.3946772515773773,7.040595054626465
1041,0,-7.920000076293945,0.44451668858528137,6.611412048339844
1042,0,-7.920000076293945,0.4119664430618286,5.4658122062683105
1043,0,-7.920000076293945,0.36600708961486816,6.574876308441162
1044,0,-7.920000076293945,0.48399266600608826,6.472579002380371
1045,0,-7.920000076293945,0.2621280550956726,4.46630334854126
1046,0,-7.920000076293945,0.24324989318847656,5.383308410644531
1047,0,-7.920000076293945,0.31778594851493835,5.728560924530029
1048,0,-7.920000076293945,0.43392521142959595,6.2566704750061035
1049,0,-7.920000076293945,0.324211984872818,5.185239791870117
1050,0,-7.920000076293945,0.18496005237102509,4.7112345695495605
1051,0,-7.920000076293945,0.22576703131198883,4.758098602294922
1052,0,-7.400000095367432,0.6326313614845276,6.189035415649414
1053,1,7.400000095367432,0.6511614322662354,6.144439697265625
1054,0,-7.400000095367432,0.47650933265686035,6.008462905883789
1055,1,7.400000095367432,0.6488391757011414,6.200492858886719
1056,0,-7.400000095367432,0.41358625888824463,6.143617630004883
1057,0,-7.400000095367432,0.18433056771755219,6.478582859039307
1058,0,-7.400000095367432,0.24343155324459076,6.343864917755127
1059,1,7.400000095367432,0.5236803889274597,6.182430267333984
1060,0,-7.400000095367432,0.17571699619293213,6.075904846191406
1061,0,-7.400000095367432,0.22010304033756256,6.0343523025512695
1062,0,-7.400000095367432,0.45017945766448975,5.899518013000488
1063,0,-7.400000095367432,0.24518181383609772,6.346994876861572
1064,0,-7.400000095367432,0.17946411669254303,5.129415035247803
1065,0,-7.400000095367432,0.21611984074115753,6.070042133331299
1066,0,-7.400000095367432,0.23212848603725433,6.168107032775879
1067,0,-7.400000095367432,0.12407396733760834,5.153008460998535
1068,0,-7.400000095367432,0.1357341706752777,5.78367805480957
1069,0,-7.400000095367432,0.1500750333070755,5.691657066345215
1070,0,-7.400000095367432,0.2283341884613037,5.9136505126953125
1071,1,6.519999980926514,0.7681577801704407,6.5413498878479
1072,0,-6.519999980926514,0.532806932926178,6.461641311645508
1073,0,-6.519999980926514,0.3779204189777374,5.611692428588867
1074,0,-6.519999980926514,0.6430773735046387,6.476580619812012
1075,1,6.519999980926514,0.7376082539558411,6.733436584472656
1076,0,-6.519999980926514,0.7172813415527344,6.565061569213867
1077,0,-6.519999980926514,0.3442816734313965,6.043663501739502
1078,0,-6.519999980926514,0.1532103419303894,5.3125996589660645
1079,1,6.519999980926514,0.7206274271011353,6.406154632568359
1080,0,-6.519999980926514,0.3230876922607422,5.684706687927246
1081,0,-6.519999980926514,0.35242071747779846,5.288205146789551
1082,0,-6.519999980926514,0.32153329253196716,5.686912536621094
1083,0,-6.519999980926514,0.34811294078826904,5.482203006744385
1084,0,-6.519999980926514,0.1789315789937973,5.705936908721924
1085,0,-6.519999980926514,0.3054613471031189,5.721062660217285
1086,0,-6.519999980926514,0.1972006857395172,5.560609340667725
1087,0,-6.519999980926514,0.15383918583393097,5.046028137207031
1088,0,-6.519999980926514,0.20533891022205353,5.4875288009643555
1089,0,-6.519999980926514,0.15512685477733612,5.806726455688477
1090,0,-6.519999980926514,0.13357405364513397,5.298804759979248
1091,0,-6.519999980926514,0.20404738187789917,5.15440559387207
1092,1,5.519999980926514,0.7763587236404419,5.927870273590088
1093,1,5.519999980926514,0.7755120992660522,5.92781400680542
1094,0,-5.519999980926514,0.5414999723434448,4.506040096282959
1095,0,-5.519999980926514,0.4258137345314026,5.1374592781066895
1096,0,-5.519999980926514,0.608371376991272,4.900684833526611
1097,0,-5.519999980926514,0.5249083042144775,4.977810382843018
1098,0,-5.519999980926514,0.7416225075721741,5.975635528564453
1099,0,-5.519999980926514,0.4716239273548126,4.564248561859131
1100,0,-5.519999980926514,0.5560484528541565,5.2729339599609375
1101,0,-5.519999980926514,0.2958714962005615,3.9974279403686523
1102,0,-5.519999980926514,0.29950663447380066,4.151798248291016
1103,0,-5.519999980926514,0.5241569876670837,5.0586934089660645
1104,0,-5.519999980926514,0.22632522881031036,4.019920349121094
1105,0,-5.519999980926514,0.23453670740127563,4.003446578979492
1106,0,-5.519999980926514,0.3361145853996277,5.345539093017578
1107,0,-5.519999980926514,0.21034455299377441,4.053012371063232
1108,0,-5.519999980926514,0.221779003739357,4.108299255371094
1109,0,-5.519999980926514,0.19175615906715393,3.9764020442962646
1110,0,-5.519999980926514,0.23184898495674133,4.026562690734863
1111,0,-5.519999980926514,0.48448726534843445,4.829214096069336
1112,0,-5.519999980926514,0.25218695402145386,4.662792205810547
1113,1,7.320000171661377,0.5839751958847046,7.156413555145264
1114,0,-7.320000171661377,0.25285273790359497,6.471418380737305
1115,0,-7.320000171661377,0.22225183248519897,6.548937797546387
1116,0,-7.320000171661377,0.2853284776210785,5.926916599273682
1117,0,-7.320000171661377,0.25036463141441345,6.174523830413818
1118,0,-7.320000171661377,0.1593848168849945,6.244517803192139
1119,0,-7.320000171661377,0.23766399919986725,6.3274688720703125
1120,0,-7.320000171661377,0.554002046585083,7.213168621063232
1121,0,-7.320000171661377,0.18035562336444855,6.158524036407471
1122,0,-7.320000171661377,0.24392525851726532,6.545928955078125
1123,0,-7.320000171661377,0.20910371840000153,6.425347805023193
1124,0,-7.320000171661377,0.3627144992351532,6.441117763519287
1125,0,-7.320000171661377,0.1974608302116394,6.5474748611450195
1126,0,-7.320000171661377,0.3499014675617218,6.937469005584717
1127,0,-7.320000171661377,0.1532547026872635,6.008568286895752
1128,0,-7.320000171661377,0.11114496737718582,5.53127384185791
1129,0,-7.320000171661377,0.1688520312309265,6.000656604766846
1130,0,-7.320000171661377,0.14519041776657104,6.090073108673096
1131,0,-7.320000171661377,0.11251246929168701,6.12359094619751
1132,0,-7.320000171661377,0.18029411137104034,6.0031023025512695
1133,1,3.9200000762939453,0.5532606244087219,5.419233798980713
1134,0,-3.9200000762939453,0.5494431853294373,5.392718315124512
1135,0,-3.9200000762939453,0.5472635626792908,5.412789344787598
1136,0,-3.9200000762939453,0.5480898022651672,5.410228729248047
1137,0,-3.9200000762939453,0.5464392900466919,5.398649215698242
1138,0,-3.9200000762939453,0.5470022559165955,5.4138102531433105
1139,0,-3.9200000762939453,0.5503717064857483,5.385585784912109
1140,0,-3.9200000762939453,0.5510938167572021,5.413357257843018
1141,0,-3.9200000762939453,0.5473509430885315,5.414941310882568
1142,0,-3.9200000762939453,0.5495254993438721,5.414800643920898
1143,0,-3.9200000762939453,0.5485836863517761,5.41100549697876
1144,0,-3.9200000762939453,0.5493385791778564,5.397848129272461
1145,0,-3.9200000762939453,0.5481960773468018,5.374871730804443
1146,0,-3.9200000762939453,0.5493864417076111,5.3888630867004395
1147,0,-3.9200000762939453,0.547849178314209,5.434848308563232
1148,0,-3.9200000762939453,0.5464621186256409,5.406367301940918
1149,0,-3.9200000762939453,0.549103319644928,5.391393661499023
1150,0,-3.9200000762939453,0.5526522994041443,5.394062519073486
1151,0,-3.9200000762939453,0.5490579605102539,5.417820930480957
1152,0,-3.9200000762939453,0.5501894950866699,5.405457496643066
1153,0,-3.9200000762939453,0.5483596920967102,5.417901039123535
1154,1,5.659999847412109,0.5664945244789124,3.94301438331604
1155,1,5.659999847412109,0.6255971193313599,4.050046920776367
1156,0,-5.659999847412109,0.5546213388442993,3.8643317222595215
1157,0,-5.659999847412109,0.5391214489936829,3.866583824157715
1158,1,5.659999847412109,0.5656751394271851,3.9333882331848145
1159,0,-5.659999847412109,0.4769754111766815,3.7540154457092285
1160,0,-5.659999847412109,0.4459407925605774,3.784942388534546
1161,0,-5.659999847412109,0.5079927444458008,3.8674919605255127
1162,0,-5.659999847412109,0.5066479444503784,3.7583556175231934
1163,0,-5.659999847412109,0.484241247177124,3.804847002029419
1164,0,-5.659999847412109,0.4771992266178131,3.6773505210876465
1165,0,-5.659999847412109,0.39055559039115906,3.7369256019592285
1166,0,-5.659999847412109,0.447552353143692,3.7611682415008545
1167,0,-5.659999847412109,0.5343004465103149,3.9386446475982666
1168,0,-5.659999847412109,0.48220759630203247,3.862847328186035
1169,0,-5.659999847412109,0.3559897840023041,3.6696040630340576
1170,0,-5.659999847412109,0.4516308307647705,3.8556206226348877
1171,0,-5.659999847412109,0.3317068815231323,3.8217554092407227
1172,0,-5.659999847412109,0.3219015300273895,3.7982029914855957
1173,0,-5.659999847412109,0.30412620306015015,3.728001117706299
1174,0,-5.659999847412109,0.46679091453552246,4.089998722076416
1175,0,-11.09000015258789,0.2951975464820862,5.780572414398193
1176,0,-11.09000015258789,0.3338838815689087,5.979067325592041
1177,0,-11.09000015258789,0.33521053194999695,6.0127787590026855
1178,0,-11.09000015258789,0.3596114218235016,6.011777877807617
1179,0,-11.09000015258789,0.3319149911403656,6.058089256286621
1180,0,-11.09000015258789,0.3417007327079773,6.036787033081055
1181,0,-11.09000015258789,0.32661569118499756,6.001993179321289
1182,0,-11.09000015258789,0.341254860162735,6.015186309814453
1183,0,-11.09000015258789,0.3480307161808014,5.994943141937256
1184,0,-11.09000015258789,0.33574000000953674,6.009982109069824
1185,0,-11.09000015258789,0.3303588032722473,5.994502544403076
1186,0,-11.09000015258789,0.3226557672023773,6.003286361694336
1187,0,-11.09000015258789,0.3407236933708191,5.9917216300964355
1188,0,-11.09000015258789,0.3534812331199646,6.009006023406982
1189,0,-11.09000015258789,0.3508507311344147,5.994344234466553
1190,0,-11.09000015258789,0.3563136160373688,5.995001316070557
1191,0,-11.09000015258789,0.34300485253334045,6.043002605438232
1192,0,-11.09000015258789,0.3379334509372711,6.0320329666137695
1193,0,-11.09000015258789,0.3474279046058655,6.061312198638916
1194,0,-11.09000015258789,0.32263049483299255,6.064413547515869
1195,0,-11.09000015258789,0.33846667408943176,6.059141159057617
1196,1,5.639999866485596,0.8263425230979919,6.293771266937256
1197,1,5.639999866485596,0.7796739935874939,6.23628044128418
1198,0,-5.639999866485596,0.7721866965293884,6.380963325500488
1199,1,5.639999866485596,0.7915211915969849,6.094668865203857
1200,0,-5.639999866485596,0.4082198739051819,5.5984954833984375
1201,1,4.010000228881836,0.8674315214157104,4.137208938598633
1202,1,4.010000228881836,0.8620821237564087,4.146354675292969
1203,1,4.010000228881836,0.8620744347572327,4.1452107429504395
1204,0,-4.010000228881836,0.4663168489933014,3.989201068878174
1205,0,-4.010000228881836,0.3880549967288971,3.774467706680298
1206,1,4.010000228881836,0.7329851984977722,3.8831701278686523
1207,0,-4.010000228881836,0.42743417620658875,3.73319673538208
1208,0,-4.010000228881836,0.3488101363182068,3.6434648036956787
1209,0,-4.010000228881836,0.32664191722869873,3.7488527297973633
1210,0,-4.010000228881836,0.7703911662101746,4.1259002685546875
1211,0,-4.010000228881836,0.3685946464538574,3.7283272743225098
1212,0,-4.010000228881836,0.527347207069397,3.6938869953155518
1213,0,-4.010000228881836,0.4302794635295868,3.656405448913574
1214,0,-4.010000228881836,0.27841630578041077,3.679248809814453
1215,0,-4.010000228881836,0.4506374001502991,3.5261306762695312
1216,0,-4.010000228881836,0.2380586862564087,3.557478427886963
1217,0,-4.010000228881836,0.27953314781188965,3.6060259342193604
1218,0,-4.010000228881836,0.240286722779274,3.5733413696289062
1219,0,-4.010000228881836,0.24965021014213562,3.269429922103882
1220,1,6.260000228881836,0.5998331308364868,6.677536964416504
1221,0,-6.260000228881836,0.4332936406135559,6.621805667877197
1222,1,6.260000228881836,0.6055070161819458,6.93454647064209
1223,1,6.260000228881836,0.6158879995346069,6.922546863555908
1224,0,-6.260000228881836,0.3160228729248047,6.283261775970459
1225,0,-6.260000228881836,0.33456388115882874,6.36696720123291
1226,0,-6.260000228881836,0.5792616605758667,7.16761589050293
1227,0,-6.260000228881836,0.5495837330818176,7.336562633514404
1228,0,-6.260000228881836,0.34230276942253113,6.976804256439209
1229,0,-6.260000228881836,0.48446640372276306,6.777463436126709
1230,0,-6.260000228881836,0.5473222732543945,7.328805446624756
1231,0,-6.260000228881836,0.4736260771751404,7.020429611206055
1232,0,-6.260000228881836,0.5948436260223389,7.388232231140137
1233,0,-6.260000228881836,0.2002805769443512,5.764853477478027
1234,0,-6.260000228881836,0.2000148743391037,5.78277587890625
1235,0,-6.260000228881836,0.5924522876739502,7.413476943969727
1236,0,-6.260000228881836,0.23224185407161713,6.1955413818359375
1237,0,-6.260000228881836,0.4590190052986145,6.793740749359131
1238,0,-6.260000228881836,0.17532916367053986,6.089617729187012
1239,0,-6.260000228881836,0.16868560016155243,5.832899570465088
1240,0,-6.260000228881836,0.35440030694007874,6.174779891967773
1241,1,6.260000228881836,0.6820258498191833,6.402310371398926
1242,1,6.260000228881836,0.6556001305580139,6.383397102355957
1243,0,-6.260000228881836,0.45825445652008057,6.0277628898620605
1244,1,6.260000228881836,0.5251975655555725,6.248408794403076
1245,0,-6.260000228881836,0.47069358825683594,5.994536876678467
1246,0,-6.260000228881836,0.4141426980495453,6.702577114105225
1247,0,-6.260000228881836,0.3372434973716736,6.740501880645752
1248,0,-6.260000228881836,0.4880138337612152,5.837741374969482
1249,0,-6.260000228881836,0.3164772689342499,6.743651866912842
1250,0,-6.260000228881836,0.2578696608543396,6.833961486816406
1251,0,-6.260000228881836,0.379448801279068,5.828805923461914
1252,0,-6.260000228881836,0.27919265627861023,6.800447463989258
1253,0,-6.260000228881836,0.3221137225627899,6.000593662261963
1254,0,-6.260000228881836,0.37422025203704834,5.831082820892334
1255,0,-6.260000228881836,0.28593042492866516,6.0936760902404785
1256,0,-6.260000228881836,0.31938672065734863,6.645686149597168
1257,0,-6.260000228881836,0.4304487705230713,6.088255405426025
1258,1,5.21999979019165,0.4876496493816376,4.5234174728393555
1259,1,5.21999979019165,0.4415813684463501,4.547102928161621
1260,0,-5.21999979019165,0.366278737783432,4.435105800628662
1261,0,-5.21999979019165,0.3233823776245117,4.661401748657227
1262,0,-5.21999979019165,0.35835009813308716,4.5134687423706055
1263,0,-5.21999979019165,0.17286236584186554,4.733432292938232
1264,0,-5.21999979019165,0.28843098878860474,4.800205707550049
1265,0,-5.21999979019165,0.3027304708957672,4.676000595092773
1266,1,5.21999979019165,0.4468117654323578,4.388179779052734
1267,0,-5.21999979019165,0.2256174385547638,4.929712295532227
1268,0,-5.21999979019165,0.18088273704051971,4.610262870788574
1269,0,-5.21999979019165,0.1997765451669693,4.41111946105957
1270,0,-5.21999979019165,0.2588518559932709,4.597762584686279
1271,0,-5.21999979019165,0.27770015597343445,4.6483917236328125
1272,0,-5.21999979019165,0.28423407673835754,4.775308609008789
1273,0,-5.21999979019165,0.31353819370269775,4.634154319763184
1274,0,-5.21999979019165,0.21143017709255219,4.5714335441589355
1275,0,-5.21999979019165,0.18254579603672028,4.605397701263428
1276,0,-5.21999979019165,0.15140873193740845,4.63028621673584
1277,0,-5.21999979019165,0.38776740431785583,4.787550926208496
1278,0,-5.21999979019165,0.21139641106128693,4.607479572296143
1279,1,5.639999866485596,0.7781552672386169,5.479715824127197
1280,0,-5.639999866485596,0.6826608180999756,5.335865497589111
1281,1,5.639999866485596,0.5110559463500977,5.606067180633545
1282,0,-5.639999866485596,0.49124184250831604,5.282717704772949
1283,1,5.639999866485596,0.5561010241508484,5.435769557952881
1284,0,-5.639999866485596,0.41576525568962097,4.92617130279541
1285,0,-5.639999866485596,0.3574332296848297,4.887413024902344
1286,0,-5.639999866485596,0.347145140171051,5.2566752433776855
1287,0,-5.639999866485596,0.35492175817489624,4.810781002044678
1288,0,-5.639999866485596,0.6490219831466675,5.8404011726379395
1289,0,-5.639999866485596,0.36822131276130676,4.970284461975098
1290,0,-5.639999866485596,0.37746840715408325,4.5846171379089355
1291,0,-5.639999866485596,0.4011920690536499,4.765085697174072
1292,0,-5.639999866485596,0.5223608016967773,5.921877384185791
1293,0,-5.639999866485596,0.36707597970962524,4.801146030426025
1294,0,-5.639999866485596,0.35336238145828247,5.02639102935791
1295,0,-5.639999866485596,0.361683189868927,4.97597074508667
1296,0,-5.639999866485596,0.3143015205860138,4.713907241821289
1297,0,-5.639999866485596,0.3488706350326538,4.973170280456543
1298,0,-5.639999866485596,0.30150270462036133,4.76395320892334
1299,0,-5.639999866485596,0.19878903031349182,4.19245719909668
1300,1,5.820000171661377,0.6571544408798218,5.3092474937438965
1301,0,-5.820000171661377,0.5110788941383362,5.238058090209961
1302,0,-5.820000171661377,0.48178592324256897,5.229945182800293
1303,0,-5.820000171661377,0.35953056812286377,5.083834648132324
1304,0,-5.820000171661377,0.533359944820404,5.236196041107178
1305,0,-5.820000171661377,0.4241524338722229,5.102414131164551
1306,0,-5.820000171661377,0.3742789626121521,5.602653503417969
1307,0,-5.820000171661377,0.6020163893699646,5.132804870605469
1308,0,-5.820000171661377,0.245951309800148,4.9991865158081055
1309,0,-5.820000171661377,0.28046876192092896,5.0679826736450195
1310,0,-5.820000171661377,0.3516448140144348,5.56197452545166
1311,0,-5.820000171661377,0.3684953451156616,5.126918315887451
1312,0,-5.820000171661377,0.2784132659435272,5.069594383239746
1313,0,-5.820000171661377,0.38915714621543884,5.1671037673950195
1314,0,-5.820000171661377,0.19025558233261108,4.9038262367248535
1315,0,-5.820000171661377,0.27791252732276917,5.198993682861328
1316,0,-5.820000171661377,0.4672505557537079,5.28157377243042
1317,0,-5.820000171661377,0.4281772971153259,5.633213996887207
1318,0,-5.820000171661377,0.29255351424217224,5.063775062561035
1319,0,-5.820000171661377,0.19326336681842804,5.073301315307617
1320,0,-5.820000171661377,0.16855613887310028,5.164295196533203
1321,1,9.0,0.6894201636314392,6.596045970916748
1322,1,9.0,0.6864327192306519,6.632066249847412
1323,0,-9.0,0.5484558343887329,5.986540794372559
1324,0,-9.0,0.7152718901634216,6.327038288116455
1325,0,-9.0,0.37125304341316223,5.629525184631348
1326,0,-9.0,0.3302226662635803,5.685339450836182
1327,0,-9.0,0.5495691299438477,5.341106414794922
1328,0,-9.0,0.5067598223686218,5.884161949157715
1329,0,-9.0,0.4447632431983948,4.890277862548828
1330,0,-9.0,0.20795874297618866,4.517414569854736
1331,0,-9.0,0.12628008425235748,4.181614398956299
1332,0,-9.0,0.16757069528102875,4.605713367462158
1333,0,-9.0,0.19575144350528717,4.699519157409668
1334,0,-9.0,0.18164125084877014,4.349541664123535
1335,0,-9.0,0.12728914618492126,4.3597893714904785
1336,0,-9.0,0.35555198788642883,5.123175621032715
1337,0,-9.0,0.23018985986709595,4.788623332977295
1338,0,-9.0,0.14641574025154114,4.3516716957092285
1339,0,-9.0,0.3494884967803955,5.114497661590576
1340,0,-9.0,0.10013450682163239,4.452581405639648
1341,0,-9.0,0.17952203750610352,4.425686836242676
1342,1,7.420000076293945,0.8013973236083984,7.63688850402832
1343,1,7.420000076293945,0.7978589534759521,7.5194549560546875
1344,0,-7.420000076293945,0.7033494710922241,7.530860900878906
1345,1,7.420000076293945,0.7795470356941223,7.420167922973633
1346,0,-7.420000076293945,0.770275354385376,7.795841217041016
1347,1,9.300000190734863,0.8170438408851624,7.86719274520874
1348,1,9.300000190734863,0.7927644848823547,7.816531658172607
1349,1,8.109999656677246,0.7841981053352356,6.746316432952881
1350,1,8.109999656677246,0.8217845559120178,7.070956707000732
1351,1,7.440000057220459,0.5067204236984253,7.558111190795898
1352,0,-7.440000057220459,0.5226696729660034,7.42762565612793
1353,0,-7.440000057220459,0.5797948241233826,7.472263336181641
1354,1,7.440000057220459,0.5189620852470398,7.547721862792969
1355,1,7.440000057220459,0.5238403677940369,7.705323696136475
1356,0,-7.440000057220459,0.3559407889842987,7.227403163909912
1357,0,-7.440000057220459,0.2235107570886612,6.89755916595459
1358,0,-7.440000057220459,0.3509679138660431,6.250019550323486
1359,0,-7.440000057220459,0.21124151349067688,6.445594310760498
1360,0,-7.440000057220459,0.4033665359020233,7.123997688293457
1361,0,-7.440000057220459,0.21493875980377197,7.203526973724365
1362,0,-7.440000057220459,0.17149585485458374,6.377283096313477
1363,0,-7.440000057220459,0.2103281021118164,6.4583024978637695
1364,0,-7.440000057220459,0.2367367148399353,6.890202045440674
1365,0,-7.440000057220459,0.34078702330589294,7.000333786010742
1366,0,-7.440000057220459,0.44201967120170593,7.042377471923828
1367,0,-7.440000057220459,0.20155169069766998,6.459797382354736
1368,0,-7.440000057220459,0.3403787910938263,6.94340181350708
1369,0,-7.440000057220459,0.4042477607727051,6.630522727966309
1370,0,-7.440000057220459,0.26015040278434753,7.181544780731201
1371,0,-7.440000057220459,0.17625921964645386,6.253213882446289
1372,0,-7.800000190734863,0.32647743821144104,7.873031139373779
1373,1,7.800000190734863,0.6234510540962219,8.212296485900879
1374,0,-7.800000190734863,0.5502764582633972,8.162514686584473
1375,0,-7.800000190734863,0.35757938027381897,7.80091667175293
1376,0,-7.800000190734863,0.26067236065864563,8.018810272216797
1377,0,-7.800000190734863,0.46882563829421997,7.995043754577637
1378,0,-7.800000190734863,0.33350616693496704,7.834107398986816
1379,0,-7.800000190734863,0.2910129427909851,7.867629051208496
1380,0,-7.800000190734863,0.20463114976882935,7.810318946838379
1381,0,-7.800000190734863,0.07919586449861526,6.885621070861816
1382,0,-7.800000190734863,0.13124772906303406,7.996698379516602
1383,0,-7.800000190734863,0.35165438055992126,8.028407096862793
1384,0,-7.800000190734863,0.3064342439174652,8.103047370910645
1385,0,-7.800000190734863,0.12112949043512344,7.52786111831665
1386,0,-7.800000190734863,0.2877952456474304,8.188950538635254
1387,0,-7.800000190734863,0.11373119801282883,7.432834625244141
1388,0,-7.800000190734863,0.16062089800834656,7.8009257316589355
1389,0,-7.800000190734863,0.12296535074710846,7.327359676361084
1390,0,-7.800000190734863,0.2658163905143738,7.797424793243408
1391,0,-7.800000190734863,0.20746512711048126,7.656407356262207
1392,1,8.300000190734863,0.7142424583435059,7.388571739196777
1393,1,8.300000190734863,0.7034949660301208,7.328705787658691
1394,0,-8.300000190734863,0.42888835072517395,7.020084857940674
1395,0,-8.300000190734863,0.17866601049900055,5.854746341705322
1396,0,-8.300000190734863,0.21743834018707275,7.064548969268799
1397,0,-8.300000190734863,0.19913943111896515,5.777657508850098
1398,0,-8.300000190734863,0.133897602558136,5.809944152832031
1399,0,-8.300000190734863,0.2561745047569275,6.5045881271362305
1400,0,-8.300000190734863,0.19581890106201172,6.553373336791992
1401,0,-8.300000190734863,0.17770397663116455,5.987226486206055
1402,0,-8.300000190734863,0.31491097807884216,7.196117401123047
1403,0,-8.300000190734863,0.15929986536502838,6.657557964324951
1404,0,-8.300000190734863,0.21081773936748505,7.08670711517334
1405,0,-8.300000190734863,0.18365547060966492,6.9792375564575195
1406,0,-8.300000190734863,0.15520940721035004,5.456762790679932
1407,1,6.730000019073486,0.7411448359489441,6.287113189697266
1408,1,6.730000019073486,0.6120564341545105,5.833254337310791
1409,1,6.730000019073486,0.7172223329544067,6.1110920906066895
1410,0,-6.730000019073486,0.19246341288089752,4.607265949249268
1411,0,-6.730000019073486,0.2232382893562317,4.437630653381348
1412,0,-6.730000019073486,0.1722537875175476,4.329240798950195
1413,0,-6.730000019073486,0.19486017525196075,4.369387626647949
1414,0,-6.730000019073486,0.2977084517478943,4.757913589477539
1415,0,-6.730000019073486,0.20101027190685272,4.561896800994873
1416,1,7.21999979019165,0.554653525352478,7.522338390350342
1417,0,-7.21999979019165,0.5713767409324646,7.086055755615234
1418,0,-7.21999979019165,0.5705540180206299,7.081176280975342
1419,0,-7.21999979019165,0.5656591057777405,6.5808916091918945
1420,0,-7.21999979019165,0.5356873869895935,5.637115001678467
1421,0,-7.21999979019165,0.5174770355224609,5.560343265533447
1422,0,-7.21999979019165,0.4649762809276581,5.4604997634887695
1423,0,-7.21999979019165,0.43169134855270386,5.555901050567627
1424,0,-7.21999979019165,0.4214397668838501,5.533637046813965
1425,0,-7.21999979019165,0.47766807675361633,7.190911293029785
1426,0,-7.21999979019165,0.43948906660079956,5.908208847045898
1427,1,7.21999979019165,0.5069530010223389,6.820460319519043
1428,0,-7.21999979019165,0.32554924488067627,6.278082847595215
1429,0,-7.21999979019165,0.5273743271827698,6.632643222808838
1430,0,-7.21999979019165,0.4374043345451355,4.918295860290527
1431,0,-7.21999979019165,0.35614779591560364,6.027244567871094
1432,0,-7.21999979019165,0.43219009041786194,6.693099498748779
1433,0,-7.21999979019165,0.2579728066921234,6.470956325531006
1434,0,-7.21999979019165,0.4674570858478546,5.744916915893555
1435,0,-7.21999979019165,0.4554870128631592,4.435115814208984
1436,1,5.920000076293945,0.5993077754974365,5.116762638092041
1437,0,-5.920000076293945,0.650200366973877,5.183426856994629
1438,0,-5.920000076293945,0.3794313371181488,5.0771098136901855
1439,1,5.920000076293945,0.6864947080612183,5.493863582611084
1440,0,-5.920000076293945,0.6220703721046448,5.359503746032715
1441,0,-5.920000076293945,0.13318447768688202,4.760781288146973
1442,0,-5.920000076293945,0.13468334078788757,4.727356910705566
1443,0,-5.920000076293945,0.5781269073486328,5.6390910148620605
1444,0,-5.920000076293945,0.13064639270305634,4.820522785186768
1445,0,-5.920000076293945,0.15300871431827545,4.8280439376831055
1446,0,-5.920000076293945,0.28715091943740845,4.848475456237793
1447,0,-5.920000076293945,0.4024236798286438,4.784059524536133
1448,0,-5.920000076293945,0.11328944563865662,4.641485691070557
1449,0,-5.920000076293945,0.2529776990413666,5.390257358551025
1450,0,-5.920000076293945,0.11936191469430923,4.684885025024414
1451,0,-5.920000076293945,0.23270146548748016,4.979467391967773
1452,0,-5.920000076293945,0.13468176126480103,4.691279888153076
1453,0,-5.920000076293945,0.3059476315975189,4.840582847595215
1454,0,-5.920000076293945,0.2795357406139374,4.79315710067749
1455,0,-5.920000076293945,0.11720435321331024,4.55580472946167
1456,0,-5.920000076293945,0.15985646843910217,4.80300235748291
1457,1,5.849999904632568,0.5893078446388245,6.746072769165039
1458,0,-5.849999904632568,0.5741181373596191,5.902232646942139
1459,1,5.849999904632568,0.5916503667831421,6.712347507476807
1460,0,-5.849999904632568,0.5403850078582764,6.388857841491699
1461,1,5.849999904632568,0.6047289967536926,6.6959309577941895
1462,0,-5.849999904632568,0.5385602712631226,6.464968204498291
1463,1,5.849999904632568,0.5168191194534302,6.573703289031982
1464,0,-5.849999904632568,0.514725923538208,6.51078462600708
1465,0,-5.849999904632568,0.3231278955936432,6.686398506164551
1466,0,-5.849999904632568,0.36802634596824646,6.601511001586914
1467,0,-5.849999904632568,0.38499006628990173,6.748897075653076
1468,0,-5.849999904632568,0.41185617446899414,6.438241004943848
1469,0,-5.849999904632568,0.27328839898109436,6.54414176940918
1470,0,-5.849999904632568,0.33669236302375793,6.381533622741699
1471,0,-5.849999904632568,0.3161434531211853,6.569051742553711
1472,0,-5.849999904632568,0.219575434923172,5.658596515655518
1473,0,-5.849999904632568,0.26108747720718384,7.015897750854492
1474,0,-5.849999904632568,0.24674011766910553,6.53743314743042
1475,0,-5.849999904632568,0.22125107049942017,6.551443099975586
1476,0,-5.849999904632568,0.325859934091568,6.342861175537109
1477,0,-5.849999904632568,0.21859276294708252,6.418290615081787
1478,1,2.5199999809265137,0.2605126202106476,3.2028839588165283
1479,0,-2.5199999809265137,0.313159316778183,3.4390883445739746
1480,0,-2.5199999809265137,0.5070546269416809,3.296872854232788
1481,0,-2.5199999809265137,0.42165717482566833,3.194136381149292
1482,0,-2.5199999809265137,0.4383704960346222,3.258129358291626
1483,0,-2.5199999809265137,0.2736731767654419,3.3379123210906982
1484,0,-2.5199999809265137,0.2398824542760849,3.1825833320617676
1485,0,-2.5199999809265137,0.34130099415779114,3.1882426738739014
1486,0,-2.5199999809265137,0.3462922275066376,3.087024688720703
1487,0,-2.5199999809265137,0.2481679469347,3.4905343055725098
1488,1,2.5199999809265137,0.34953904151916504,3.297952651977539
1489,0,-2.5199999809265137,0.2760867178440094,3.197956085205078
1490,0,-2.5199999809265137,0.23798444867134094,3.4724550247192383
1491,0,-2.5199999809265137,0.2155456244945526,3.5381388664245605
1492,0,-2.5199999809265137,0.46334603428840637,3.2719309329986572
1493,0,-2.5199999809265137,0.19587218761444092,3.0953543186187744
1494,0,-2.5199999809265137,0.27132055163383484,3.191828489303589
1495,0,-2.5199999809265137,0.2108353078365326,3.170419931411743
1496,0,-2.5199999809265137,0.2493038922548294,3.4201014041900635
1497,0,-2.5199999809265137,0.25560709834098816,3.439396381378174
1498,0,-2.5199999809265137,0.28423765301704407,3.3926689624786377
1499,1,3.299999952316284,0.584051787853241,3.2310357093811035
1500,1,3.299999952316284,0.498477578163147,3.4266345500946045
1501,0,-3.299999952316284,0.573451042175293,3.240187883377075
1502,0,-3.299999952316284,0.6652866005897522,3.25
1503,0,-3.299999952316284,0.5193406343460083,3.2905519008636475
1504,0,-3.299999952316284,0.3908844590187073,3.6694092750549316
1505,0,-3.299999952316284,0.4848962128162384,3.223909616470337
1506,0,-3.299999952316284,0.5587542057037354,3.2770957946777344
1507,0,-3.299999952316284,0.4390195608139038,3.3296988010406494
1508,0,-3.299999952316284,0.5732367634773254,3.2878949642181396
1509,0,-3.299999952316284,0.5093268156051636,3.2369742393493652
1510,0,-3.299999952316284,0.41948068141937256,3.528165102005005
1511,0,-3.299999952316284,0.4514082372188568,3.3971385955810547
1512,0,-3.299999952316284,0.24987582862377167,3.2757017612457275
1513,0,-3.299999952316284,0.290627658367157,3.239675283432007
1514,0,-3.299999952316284,0.47585874795913696,3.2633628845214844
1515,0,-3.299999952316284,0.28662189841270447,3.3361361026763916
1516,0,-3.299999952316284,0.3012162446975708,3.2271876335144043
1517,0,-3.299999952316284,0.5182675719261169,3.4992775917053223
1518,0,-3.299999952316284,0.4394553005695343,3.256349802017212
1519,1,2.2899999618530273,0.7047672867774963,3.202728033065796
1520,1,2.2899999618530273,0.7259665131568909,3.1850318908691406
1521,0,-2.2899999618530273,0.5221646428108215,3.250378370285034
1522,0,-2.2899999618530273,0.5120305418968201,3.194549322128296
1523,0,-2.2899999618530273,0.6699934601783752,3.0623788833618164
1524,0,-2.2899999618530273,0.5475786328315735,3.161107301712036
1525,0,-2.2899999618530273,0.4500943422317505,3.1720190048217773
1526,0,-2.2899999618530273,0.5451372265815735,3.27036714553833
1527,0,-2.2899999618530273,0.5448031425476074,3.1218442916870117
1528,0,-2.2899999618530273,0.5267849564552307,3.3420801162719727
1529,0,-2.2899999618530273,0.5168852806091309,3.2887227535247803
1530,0,-2.2899999618530273,0.4955142140388489,3.1028294563293457
1531,0,-2.2899999618530273,0.5315535068511963,3.221869707107544
1532,0,-2.2899999618530273,0.44080325961112976,3.4729089736938477
1533,0,-2.2899999618530273,0.509610116481781,3.413602828979492
1534,0,-2.2899999618530273,0.4240662157535553,3.2533817291259766
1535,0,-2.2899999618530273,0.41732922196388245,3.004906415939331
1536,0,-2.2899999618530273,0.48308950662612915,3.4479458332061768
1537,0,-2.2899999618530273,0.4130173623561859,3.3296258449554443
1538,0,-2.2899999618530273,0.45933765172958374,3.2239127159118652
1539,0,-2.2899999618530273,0.48706749081611633,3.4098496437072754
1540,1,7.519999980926514,0.727222740650177,7.639258861541748
1541,1,7.519999980926514,0.7214099764823914,7.631518363952637
1542,0,-7.519999980926514,0.6550929546356201,7.647521018981934
1543,0,-7.519999980926514,0.2671787738800049,6.690165996551514
1544,0,-7.519999980926514,0.30739548802375793,6.791282653808594
1545,0,-7.519999980926514,0.3591517508029938,6.8075947761535645
1546,0,-7.519999980926514,0.37376704812049866,6.7158355712890625
1547,0,-7.519999980926514,0.44260919094085693,7.219069480895996
1548,0,-7.519999980926514,0.19354774057865143,6.807766437530518
1549,0,-7.519999980926514,0.4466714859008789,6.6816864013671875
1550,0,-7.519999980926514,0.3032553493976593,7.0291852951049805
1551,0,-7.519999980926514,0.3370284140110016,7.0299763679504395
1552,0,-7.519999980926514,0.39325249195098877,6.864434242248535
1553,0,-7.519999980926514,0.18871331214904785,6.3364033699035645
1554,0,-7.519999980926514,0.4696733057498932,7.09105920791626
1555,0,-7.519999980926514,0.24467898905277252,6.45991325378418
1556,1,5.769999980926514,0.7948992252349854,5.881326675415039
1557,1,5.769999980926514,0.7765828967094421,5.778337001800537
1558,0,-5.769999980926514,0.3380727171897888,5.761544704437256
1559,0,-5.769999980926514,0.39746472239494324,5.076772212982178
1560,0,-5.769999980926514,0.23470734059810638,4.982007026672363
1561,0,-5.769999980926514,0.37507393956184387,4.318856716156006
1562,0,-5.769999980926514,0.4524252414703369,5.282415390014648
1563,0,-5.769999980926514,0.39629805088043213,4.536862373352051
1564,0,-5.769999980926514,0.5911168456077576,5.886876106262207
1565,0,-5.769999980926514,0.24033419787883759,4.728030204772949
1566,0,-5.769999980926514,0.2704850733280182,5.352701663970947
1567,0,-5.769999980926514,0.23478704690933228,5.43397855758667
1568,0,-5.769999980926514,0.24570074677467346,5.145625591278076
1569,0,-5.769999980926514,0.2893904149532318,4.930453777313232
1570,0,-5.769999980926514,0.26757702231407166,5.144669055938721
1571,0,-5.769999980926514,0.25474196672439575,4.7990922927856445
1572,0,-5.769999980926514,0.23001030087471008,5.18803071975708
1573,0,-5.769999980926514,0.2728137671947479,5.018642425537109
1574,0,-5.769999980926514,0.20236057043075562,4.485208988189697
1575,0,-5.769999980926514,0.19727298617362976,4.616668701171875
1576,1,2.8399999141693115,0.6098135709762573,4.130870819091797
1577,1,2.8399999141693115,0.583346426486969,4.116722583770752
1578,0,-2.8399999141693115,0.4674443006515503,4.227559566497803
1579,0,-2.8399999141693115,0.5686020851135254,4.161540508270264
1580,0,-2.8399999141693115,0.2547960877418518,4.370383262634277
1581,0,-2.8399999141693115,0.382914274930954,4.158629417419434
1582,0,-2.8399999141693115,0.2679639160633087,4.427803039550781
1583,0,-2.8399999141693115,0.4064835011959076,4.170855522155762
1584,0,-2.8399999141693115,0.35247254371643066,4.169338226318359
1585,0,-2.8399999141693115,0.2919735014438629,4.283790588378906
1586,0,-2.8399999141693115,0.2939413785934448,4.269376754760742
1587,0,-2.8399999141693115,0.26830607652664185,4.409421920776367
1588,0,-2.8399999141693115,0.3268968164920807,4.312238693237305
1589,0,-2.8399999141693115,0.2861626446247101,4.216148376464844
1590,0,-2.8399999141693115,0.3031551241874695,4.244417190551758
1591,0,-2.8399999141693115,0.28510144352912903,4.421279430389404
1592,0,-2.8399999141693115,0.2940663993358612,4.380934715270996
1593,0,-2.8399999141693115,0.310504674911499,4.210391998291016
1594,0,-2.8399999141693115,0.2777877748012543,4.349236488342285
1595,0,-2.8399999141693115,0.3208603262901306,4.286624908447266
1596,0,-8.569999694824219,0.5462734699249268,6.593712329864502
1597,1,8.569999694824219,0.7781871557235718,7.020330429077148
1598,0,-8.569999694824219,0.7159314155578613,6.634148120880127
1599,0,-8.569999694824219,0.7140041589736938,6.611494064331055
1600,0,-8.569999694824219,0.6935504078865051,6.496562480926514
1601,0,-8.569999694824219,0.2791460156440735,5.688631057739258
1602,0,-8.569999694824219,0.4973752796649933,6.397027969360352
1603,0,-8.569999694824219,0.44413045048713684,6.230627059936523
1604,0,-8.569999694824219,0.14554674923419952,5.199567794799805
1605,0,-8.569999694824219,0.42303168773651123,6.075400352478027
1606,0,-8.569999694824219,0.1453782171010971,5.756372928619385
1607,0,-8.569999694824219,0.24297738075256348,5.619331359863281
1608,0,-8.569999694824219,0.47714659571647644,6.231016159057617
1609,0,-8.569999694824219,0.14549130201339722,5.7932891845703125
1610,0,-8.569999694824219,0.23105557262897491,5.937333583831787
1611,0,-8.569999694824219,0.22465942800045013,5.818174362182617
1612,0,-8.569999694824219,0.1563982367515564,5.558356761932373
1613,0,-8.569999694824219,0.21400606632232666,5.422162055969238
1614,0,-8.569999694824219,0.18997329473495483,5.03731632232666
1615,0,-8.569999694824219,0.22764131426811218,5.360682010650635
1616,0,-8.569999694824219,0.12221304327249527,4.915124893188477
1617,1,7.320000171661377,0.8195470571517944,7.998500823974609
1618,1,7.320000171661377,0.8002962470054626,7.932580471038818
1619,0,-7.320000171661377,0.4882797300815582,7.681249141693115
1620,0,-7.320000171661377,0.2663819193840027,7.367905139923096
1621,0,-7.320000171661377,0.4669286012649536,7.562863349914551
1622,0,-7.320000171661377,0.39695242047309875,7.555424213409424
1623,0,-7.320000171661377,0.4549180567264557,7.327210426330566
1624,0,-7.320000171661377,0.460514098405838,6.739134788513184
1625,0,-7.320000171661377,0.4900006651878357,7.404189586639404
1626,0,-7.320000171661377,0.21208499372005463,6.800065517425537
1627,0,-7.320000171661377,0.33189332485198975,6.830506801605225
1628,0,-7.320000171661377,0.6094510555267334,6.7700018882751465
1629,0,-7.320000171661377,0.1908588707447052,7.069246768951416
1630,1,7.320000171661377,0.6018280386924744,7.746308326721191
1631,0,-7.320000171661377,0.20635537803173065,7.041172981262207
1632,0,-7.320000171661377,0.282233327627182,7.21013879776001
1633,0,-7.320000171661377,0.21408390998840332,6.873170375823975
1634,0,-7.320000171661377,0.21744655072689056,6.474863052368164
1635,0,-7.320000171661377,0.3864891231060028,7.3751420974731445
1636,0,-7.320000171661377,0.40212586522102356,7.57782506942749
1637,1,4.300000190734863,0.6816623210906982,5.964682102203369
1638,1,4.300000190734863,0.6127758026123047,6.477614879608154
1639,1,4.300000190734863,0.6198164820671082,5.553727149963379
1640,0,-4.300000190734863,0.6679307818412781,6.141756534576416
1641,0,-4.300000190734863,0.4389513432979584,5.050168514251709
1642,0,-4.300000190734863,0.4842275083065033,4.7308526039123535
1643,0,-4.300000190734863,0.2341182678937912,5.673154830932617
1644,0,-4.300000190734863,0.22488008439540863,5.745856761932373
1645,0,-4.300000190734863,0.37354815006256104,5.232914924621582
1646,0,-4.300000190734863,0.31826862692832947,5.300127983093262
1647,0,-4.300000190734863,0.25566160678863525,5.178203105926514
1648,0,-4.300000190734863,0.534065842628479,5.107526779174805
1649,0,-4.300000190734863,0.28387749195098877,5.075591087341309
1650,0,-4.300000190734863,0.6332401037216187,6.180933952331543
1651,0,-4.300000190734863,0.2564498484134674,5.461358070373535
1652,0,-4.300000190734863,0.20515795052051544,4.897412300109863
1653,0,-4.300000190734863,0.47823652625083923,6.1181960105896
1654,0,-4.300000190734863,0.13264766335487366,4.316735744476318
1655,0,-4.300000190734863,0.4948771595954895,5.478824138641357
1656,0,-4.300000190734863,0.4241461753845215,5.370035171508789
1657,0,-4.300000190734863,0.3361905515193939,4.588818550109863
1658,1,4.429999828338623,0.32762575149536133,4.119322776794434
1659,0,-4.429999828338623,0.5148659944534302,4.676868915557861
1660,0,-4.429999828338623,0.5217809677124023,4.2947893142700195
1661,0,-4.429999828338623,0.5802553296089172,4.454017639160156
1662,0,-4.429999828338623,0.42003127932548523,4.306684970855713
1663,0,-4.429999828338623,0.5313153862953186,4.1916656494140625
1664,0,-4.429999828338623,0.38157522678375244,4.543126106262207
1665,0,-4.429999828338623,0.4473569989204407,4.487490177154541
1666,0,-4.429999828338623,0.39049094915390015,4.240659713745117
1667,0,-4.429999828338623,0.5524526238441467,4.789721965789795
1668,0,-4.429999828338623,0.415223628282547,4.170346736907959
1669,0,-4.429999828338623,0.47520872950553894,4.378378868103027
1670,0,-4.429999828338623,0.4959101378917694,4.376916885375977
1671,0,-4.429999828338623,0.42874717712402344,4.509372234344482
1672,1,4.429999828338623,0.3903336226940155,4.164175033569336
1673,0,-4.429999828338623,0.38909316062927246,3.9523403644561768
1674,0,-4.429999828338623,0.43394234776496887,4.184896469116211
1675,0,-4.429999828338623,0.41170069575309753,3.905789852142334
1676,1,4.429999828338623,0.26531457901000977,4.330046653747559
1677,0,-4.429999828338623,0.3074645400047302,3.8139402866363525
1678,1,7.960000038146973,0.5482814311981201,5.728855133056641
1679,1,7.960000038146973,0.5352253317832947,5.6852192878723145
1680,0,-7.960000038146973,0.24702179431915283,4.989203453063965
1681,0,-7.960000038146973,0.49932509660720825,5.381042003631592
1682,0,-7.960000038146973,0.45942914485931396,5.471856594085693
1683,0,-7.960000038146973,0.18988750874996185,4.201269149780273
1684,0,-7.960000038146973,0.22220414876937866,4.539244174957275
1685,0,-7.960000038146973,0.45684492588043213,4.937194347381592
1686,0,-7.960000038146973,0.38267412781715393,4.698081970214844
1687,0,-7.960000038146973,0.409040629863739,5.387975215911865
1688,0,-7.960000038146973,0.3880969285964966,4.8855881690979
1689,0,-7.960000038146973,0.303538978099823,4.592841148376465
1690,0,-7.960000038146973,0.25542110204696655,4.545049667358398
1691,0,-7.960000038146973,0.439323365688324,5.023288726806641
1692,0,-7.960000038146973,0.1911793202161789,4.396903038024902
1693,0,-7.960000038146973,0.16425234079360962,4.21230936050415
1694,0,-7.960000038146973,0.18410266935825348,3.963275194168091
1695,0,-7.960000038146973,0.16652382910251617,4.241501808166504
1696,0,-7.960000038146973,0.1608155518770218,4.3407301902771
1697,0,-7.960000038146973,0.16836652159690857,4.018180847167969
1698,1,7.46999979019165,0.6563242077827454,6.684560775756836
1699,0,-7.46999979019165,0.7218700647354126,6.097715854644775
1700,0,-7.46999979019165,0.5467472672462463,6.917148590087891
1701,1,7.46999979019165,0.6115773916244507,6.516155242919922
1702,0,-7.46999979019165,0.39893510937690735,6.373283386230469
1703,0,-7.46999979019165,0.7022239565849304,6.4721503257751465
1704,0,-7.46999979019165,0.4755188524723053,6.707792282104492
1705,0,-7.46999979019165,0.3714340627193451,6.222727298736572
1706,0,-7.46999979019165,0.3020414113998413,5.808737277984619
1707,0,-7.46999979019165,0.37673959136009216,5.807080268859863
1708,0,-7.46999979019165,0.3706282377243042,5.798516750335693
1709,0,-7.46999979019165,0.5573218464851379,5.685153961181641
1710,0,-7.46999979019165,0.32473814487457275,5.768932819366455
1711,0,-7.46999979019165,0.36995983123779297,5.843808174133301
1712,0,-7.46999979019165,0.3874097466468811,5.777991771697998
1713,0,-7.46999979019165,0.4161262512207031,6.133285999298096
1714,0,-7.46999979019165,0.281777024269104,5.04568338394165
1715,0,-7.46999979019165,0.31182143092155457,5.7380475997924805
1716,0,-7.46999979019165,0.3810350000858307,6.150334358215332
1717,0,-7.46999979019165,0.2988642454147339,5.302533149719238
1718,0,-7.46999979019165,0.3739916682243347,5.7226738929748535
1719,1,8.520000457763672,0.4802291691303253,7.930078983306885
1720,1,8.520000457763672,0.40948429703712463,7.952547550201416
1721,0,-8.520000457763672,0.10339933633804321,7.48161506652832
1722,0,-8.520000457763672,0.12339801341295242,7.55832052230835
1723,1,2.119999885559082,0.5878735780715942,3.9583511352539062
1724,0,-2.119999885559082,0.4915672838687897,4.140806198120117
1725,0,-2.119999885559082,0.4343394935131073,4.149290561676025
1726,0,-2.119999885559082,0.4787859618663788,4.210015773773193
1727,1,2.119999885559082,0.5611515045166016,3.831056594848633
1728,0,-2.119999885559082,0.47445470094680786,4.026762962341309
1729,0,-2.119999885559082,0.3587760925292969,3.977902889251709
1730,0,-2.119999885559082,0.4142340123653412,3.978771924972534
1731,0,-2.119999885559082,0.4265640377998352,3.852170705795288
1732,0,-2.119999885559082,0.3439660668373108,3.9668092727661133
1733,0,-2.119999885559082,0.426105797290802,4.093810081481934
1734,0,-2.119999885559082,0.4242153465747833,4.153509140014648
1735,0,-2.119999885559082,0.39806392788887024,3.9385826587677
1736,0,-2.119999885559082,0.4987544119358063,3.9493227005004883
1737,0,-2.119999885559082,0.39616894721984863,3.868541717529297
1738,0,-2.119999885559082,0.5095105767250061,3.9373323917388916
1739,0,-2.119999885559082,0.3287709951400757,4.246870040893555
1740,0,-2.119999885559082,0.3699403405189514,4.305802345275879
1741,0,-2.119999885559082,0.3736506998538971,3.8880538940429688
1742,0,-2.119999885559082,0.34878137707710266,4.279910564422607
1743,0,-2.119999885559082,0.5226250290870667,4.0594940185546875
1744,1,9.539999961853027,0.8234764337539673,7.127218246459961
1745,1,9.539999961853027,0.8242838382720947,7.134799480438232
1746,1,9.539999961853027,0.8224385976791382,7.123689651489258
1747,0,-9.539999961853027,0.7760975956916809,7.216283321380615
1748,0,-9.539999961853027,0.6534641981124878,6.949769973754883
1749,1,7.400000095367432,0.7324090600013733,6.1149115562438965
1750,0,-7.400000095367432,0.7467244267463684,6.640814781188965
1751,0,-7.400000095367432,0.7336876392364502,6.5592041015625
1752,0,-7.400000095367432,0.7681010365486145,6.361818790435791
1753,0,-7.400000095367432,0.7483658194541931,6.232821941375732
1754,0,-7.400000095367432,0.389638751745224,6.580081939697266
1755,0,-7.400000095367432,0.704888105392456,6.262340068817139
1756,0,-7.400000095367432,0.6856473088264465,5.9820556640625
1757,0,-7.400000095367432,0.4807819724082947,6.49209451675415
1758,0,-7.400000095367432,0.28357812762260437,6.540247440338135
1759,0,-7.400000095367432,0.46518537402153015,6.030997276306152
1760,0,-7.400000095367432,0.3778306841850281,6.101744651794434
1761,0,-7.400000095367432,0.5804923176765442,6.307415962219238
1762,0,-7.400000095367432,0.6989724040031433,6.274963855743408
1763,0,-7.400000095367432,0.2658648192882538,6.218417167663574
1764,0,-7.400000095367432,0.4698491394519806,6.679538726806641
1765,0,-7.400000095367432,0.47270816564559937,5.601388931274414
1766,0,-7.400000095367432,0.44630423188209534,6.134737014770508
1767,0,-7.400000095367432,0.32482796907424927,6.435690879821777
1768,0,-7.400000095367432,0.28670012950897217,6.36337947845459
1769,0,-7.400000095367432,0.3202812373638153,6.379091739654541
1770,1,7.119999885559082,0.8247840404510498,7.970456600189209
1771,1,7.119999885559082,0.8116623163223267,8.093406677246094
1772,0,-7.119999885559082,0.8031078577041626,7.917271137237549
1773,0,-7.119999885559082,0.7794880270957947,7.737910270690918
1774,0,-7.119999885559082,0.7065485715866089,6.685186386108398
1775,1,2.569999933242798,0.7703243494033813,3.7091636657714844
1776,1,2.569999933242798,0.7906844019889832,3.7080345153808594
1777,1,2.569999933242798,0.7215844988822937,3.7344841957092285
1778,0,-2.569999933242798,0.29806968569755554,3.83970308303833
1779,0,-2.569999933242798,0.2477623075246811,3.7424585819244385
1780,1,2.569999933242798,0.6104013323783875,3.7484359741210938
1781,0,-2.569999933242798,0.32772573828697205,3.572543144226074
1782,1,2.569999933242798,0.565453290939331,3.8226490020751953
1783,0,-2.569999933242798,0.3441326320171356,3.594581365585327
1784,0,-2.569999933242798,0.3318493962287903,3.578605890274048
1785,0,-2.569999933242798,0.27181458473205566,3.592083215713501
1786,0,-2.569999933242798,0.285524845123291,3.6145243644714355
1787,1,2.569999933242798,0.45400840044021606,3.695533514022827
1788,1,2.569999933242798,0.42051994800567627,3.711073398590088
1789,0,-2.569999933242798,0.2788545489311218,3.638727903366089
1790,0,-2.569999933242798,0.21102860569953918,3.563551664352417
1791,0,-2.569999933242798,0.3263736665248871,3.554748058319092
1792,0,-2.569999933242798,0.4858441948890686,3.703402519226074
1793,0,-2.569999933242798,0.24824340641498566,3.5701215267181396
1794,0,-2.569999933242798,0.2740809917449951,3.663591146469116
1795,1,5.019999980926514,0.6488596796989441,6.6080322265625
1796,1,5.019999980926514,0.5765681266784668,6.40376615524292
1797,0,-5.019999980926514,0.5271943807601929,6.312817573547363
1798,0,-5.019999980926514,0.15849484503269196,4.858156204223633
1799,0,-5.019999980926514,0.11694330722093582,5.068367004394531
1800,0,-5.019999980926514,0.2932945787906647,5.112110137939453
1801,0,-5.019999980926514,0.1427878886461258,4.989769458770752
1802,0,-5.019999980926514,0.18447622656822205,5.0789313316345215
1803,0,-5.019999980926514,0.2865963578224182,4.915555000305176
1804,0,-5.019999980926514,0.23432962596416473,4.9144392013549805
1805,0,-5.019999980926514,0.14806987345218658,5.2228875160217285
1806,0,-5.019999980926514,0.08686874061822891,4.879439830780029
1807,0,-5.019999980926514,0.11361794173717499,5.034616470336914
1808,0,-5.019999980926514,0.1451219618320465,5.1675519943237305
1809,0,-5.019999980926514,0.10774388909339905,5.007959365844727
1810,1,5.960000038146973,0.667145311832428,5.603542804718018
1811,1,5.960000038146973,0.6466975212097168,5.531306266784668
1812,1,5.960000038146973,0.4476790428161621,5.170577526092529
1813,0,-5.960000038146973,0.3800920844078064,4.697971343994141
1814,0,-5.960000038146973,0.3894321620464325,4.253321647644043
1815,0,-5.960000038146973,0.2467881590127945,4.31331729888916
1816,0,-5.960000038146973,0.25003525614738464,4.176488876342773
1817,0,-5.960000038146973,0.21150389313697815,4.15503454208374
1818,0,-5.960000038146973,0.182465061545372,4.338625431060791
1819,0,-5.960000038146973,0.2569764256477356,4.243616104125977
1820,0,-5.960000038146973,0.27859994769096375,4.096589088439941
1821,0,-5.960000038146973,0.29481402039527893,4.603971481323242
1822,0,-5.960000038146973,0.2743736207485199,4.484513282775879
1823,0,-5.960000038146973,0.18539191782474518,4.365040302276611
1824,0,-5.960000038146973,0.22451694309711456,4.1038818359375
1825,0,-5.960000038146973,0.2410631626844406,4.318098545074463
1826,1,4.650000095367432,0.6704933643341064,6.955127716064453
1827,1,4.650000095367432,0.6464539170265198,6.751066207885742
1828,0,-4.650000095367432,0.3451555371284485,4.897379398345947
1829,0,-4.650000095367432,0.3933212161064148,4.7229156494140625
1830,0,-4.650000095367432,0.2933610677719116,4.555604934692383
1831,0,-4.650000095367432,0.25899001955986023,4.473788261413574
1832,0,-4.650000095367432,0.2772355377674103,4.546327590942383
1833,0,-4.650000095367432,0.27806973457336426,4.724760055541992
1834,0,-4.650000095367432,0.1557135134935379,4.188955307006836
1835,0,-4.650000095367432,0.21101292967796326,4.231977462768555
1836,0,-4.650000095367432,0.2948645055294037,4.5434088706970215
1837,0,-4.650000095367432,0.217113196849823,4.675583362579346
1838,0,-4.650000095367432,0.2054155468940735,4.074855804443359
1839,0,-4.650000095367432,0.25093430280685425,4.389989376068115
1840,0,-4.650000095367432,0.2836288511753082,4.265566825866699
1841,0,-4.650000095367432,0.39441943168640137,4.574186325073242
1842,0,-4.650000095367432,0.29618048667907715,4.715548038482666
1843,0,-4.650000095367432,0.24254485964775085,4.571364402770996
1844,0,-4.650000095367432,0.29177406430244446,4.433406829833984
1845,0,-4.650000095367432,0.26797813177108765,4.330397605895996
1846,1,8.850000381469727,0.7568842172622681,7.822806358337402
1847,1,8.850000381469727,0.7528327703475952,7.842153072357178
1848,0,-8.850000381469727,0.5890205502510071,7.601046562194824
1849,0,-8.850000381469727,0.7375389933586121,7.3341827392578125
1850,1,8.0,0.7915889024734497,7.49517822265625
1851,1,8.0,0.7948466539382935,7.496007442474365
1852,0,-8.0,0.48478057980537415,6.876662254333496
1853,0,-8.0,0.5529521703720093,7.192526340484619
1854,1,4.380000114440918,0.6065841913223267,5.598146915435791
1855,1,4.380000114440918,0.5279025435447693,5.583809852600098
1856,0,-4.380000114440918,0.4917581081390381,5.445878028869629
1857,1,4.380000114440918,0.5988292098045349,5.603148937225342
1858,0,-4.380000114440918,0.5298712253570557,5.194414138793945
1859,0,-4.380000114440918,0.48886534571647644,5.512378692626953
1860,0,-4.380000114440918,0.572291910648346,5.5195631980896
1861,0,-4.380000114440918,0.5144742131233215,5.568576812744141
1862,0,-4.380000114440918,0.5502841472625732,5.470109939575195
1863,0,-4.380000114440918,0.5267848372459412,5.264729022979736
1864,0,-4.380000114440918,0.5250398516654968,4.98006534576416
1865,0,-4.380000114440918,0.5426121950149536,5.67214298248291
1866,0,-4.380000114440918,0.527423620223999,5.73701286315918
1867,0,-4.380000114440918,0.5199865698814392,5.40786075592041
1868,0,-4.380000114440918,0.5015181303024292,5.7375807762146
1869,0,-4.380000114440918,0.5261451601982117,5.331089496612549
1870,0,-4.380000114440918,0.515779435634613,5.6120758056640625
1871,0,-4.380000114440918,0.49379608035087585,5.3783111572265625
1872,0,-4.380000114440918,0.5132238864898682,5.816866397857666
1873,0,-4.380000114440918,0.4560997784137726,5.58631706237793
1874,0,-4.380000114440918,0.4742996394634247,5.600010871887207
1875,1,4.800000190734863,0.5470536947250366,5.408596992492676
1876,1,4.800000190734863,0.5144619345664978,5.501436233520508
1877,0,-4.800000190734863,0.6542801260948181,5.62504243850708
1878,0,-4.800000190734863,0.5146488547325134,5.2320709228515625
1879,0,-4.800000190734863,0.483866423368454,5.603832721710205
1880,0,-4.800000190734863,0.39818432927131653,5.215993881225586
1881,0,-4.800000190734863,0.44444921612739563,4.633908271789551
1882,0,-4.800000190734863,0.5192280411720276,5.099707126617432
1883,0,-4.800000190734863,0.6026005148887634,6.087758541107178
1884,1,4.800000190734863,0.5198569893836975,5.943808078765869
1885,0,-4.800000190734863,0.4181359112262726,5.397775650024414
1886,0,-4.800000190734863,0.4073387086391449,5.1890740394592285
1887,0,-4.800000190734863,0.42838528752326965,4.653307914733887
1888,0,-4.800000190734863,0.2767298221588135,4.178874969482422
1889,0,-4.800000190734863,0.45615682005882263,4.697537422180176
1890,0,-4.800000190734863,0.2978731095790863,4.088388442993164
1891,0,-4.800000190734863,0.4438727796077728,5.058396339416504
1892,0,-4.800000190734863,0.42269226908683777,4.7548909187316895
1893,0,-4.800000190734863,0.27971649169921875,4.353760719299316
1894,0,-4.800000190734863,0.23859359323978424,4.117678642272949
1895,0,-4.800000190734863,0.2812385559082031,3.991541624069214
1896,1,8.819999694824219,0.4524438977241516,7.53726053237915
1897,0,-8.819999694824219,0.6843124628067017,7.350788116455078
1898,0,-8.819999694824219,0.6114538311958313,7.151572227478027
1899,0,-8.819999694824219,0.5913109183311462,7.229416370391846
1900,0,-8.819999694824219,0.6316841244697571,7.340815544128418
1901,0,-8.819999694824219,0.5619483590126038,7.24901008605957
1902,0,-8.819999694824219,0.6044619083404541,7.201595306396484
1903,0,-8.819999694824219,0.5435768961906433,7.35507345199585
1904,0,-8.819999694824219,0.3647341728210449,7.399601459503174
1905,0,-8.819999694824219,0.3733711242675781,7.191300868988037
1906,0,-8.819999694824219,0.5383476614952087,7.234205722808838
1907,0,-8.819999694824219,0.618600606918335,7.17823600769043
1908,0,-8.819999694824219,0.3248800039291382,7.426894187927246
1909,0,-8.819999694824219,0.599588930606842,7.224621295928955
1910,0,-8.819999694824219,0.4699370265007019,7.406157970428467
1911,1,8.819999694824219,0.35169243812561035,7.11051607131958
1912,0,-8.819999694824219,0.6619927287101746,7.414340972900391
1913,0,-8.819999694824219,0.2177235633134842,7.3955793380737305
1914,0,-8.819999694824219,0.5819762945175171,7.306302547454834
1915,1,8.819999694824219,0.5109010934829712,7.456114768981934
1916,0,-8.819999694824219,0.2436225712299347,6.898129940032959
1917,1,6.869999885559082,0.6782947182655334,7.461739540100098
1918,0,-6.869999885559082,0.7440119385719299,7.353622913360596
1919,0,-6.869999885559082,0.7666367888450623,7.449490547180176
1920,0,-6.869999885559082,0.6939060688018799,7.514562606811523
1921,1,6.869999885559082,0.721523642539978,7.496003150939941
1922,1,6.869999885559082,0.7172998189926147,7.4799675941467285
1923,1,6.869999885559082,0.692378044128418,7.4441351890563965
1924,1,6.869999885559082,0.6569661498069763,7.5676984786987305
1925,1,6.869999885559082,0.7087219953536987,7.510468482971191
1926,0,-6.869999885559082,0.7313998937606812,7.5104169845581055
1927,0,-6.869999885559082,0.7190384268760681,7.400332927703857
1928,0,-6.869999885559082,0.38202810287475586,7.15369176864624
1929,0,-6.869999885559082,0.6978501677513123,7.369386196136475
1930,0,-6.869999885559082,0.6635714769363403,7.454499244689941
1931,0,-6.869999885559082,0.5124702453613281,7.479295253753662
1932,0,-6.869999885559082,0.3981618285179138,7.241564750671387
1933,1,6.869999885559082,0.5824539661407471,7.579507350921631
1934,0,-6.869999885559082,0.7433228492736816,7.2671098709106445
1935,0,-6.869999885559082,0.4813425838947296,7.509066581726074
1936,1,11.220000267028809,0.7163534760475159,8.393903732299805
1937,1,11.220000267028809,0.7012490630149841,8.379495620727539
1938,0,-11.220000267028809,0.5575588345527649,8.319572448730469
1939,0,-11.220000267028809,0.5475139021873474,8.32629680633545
1940,0,-11.220000267028809,0.578150749206543,8.51712417602539
1941,0,-11.220000267028809,0.35642901062965393,8.1783447265625
1942,0,-11.220000267028809,0.4790610373020172,8.331480979919434
1943,0,-11.220000267028809,0.48726847767829895,8.327864646911621
1944,0,-11.220000267028809,0.4110248386859894,8.114566802978516
1945,0,-11.220000267028809,0.2987590432167053,8.015525817871094
1946,0,-11.220000267028809,0.4443058371543884,8.055126190185547
1947,0,-11.220000267028809,0.3202061355113983,8.119349479675293
1948,0,-11.220000267028809,0.3100791275501251,8.100203514099121
1949,0,-11.220000267028809,0.32060426473617554,8.017557144165039
1950,0,-11.220000267028809,0.3759720027446747,8.141237258911133
1951,0,-11.220000267028809,0.3286982476711273,8.170228958129883
1952,0,-11.220000267028809,0.3655559718608856,7.975902557373047
1953,0,-11.220000267028809,0.22167684137821198,7.803101539611816
1954,0,-11.220000267028809,0.2533728778362274,8.020666122436523
1955,0,-11.220000267028809,0.4563433527946472,8.233617782592773
1956,0,-11.220000267028809,0.4179507791996002,8.215157508850098
1957,1,4.550000190734863,0.7202852368354797,6.654743671417236
1958,1,4.550000190734863,0.7162884473800659,6.646710395812988
1959,0,-4.550000190734863,0.45151686668395996,6.197321891784668
1960,0,-4.550000190734863,0.4638926088809967,5.761379718780518
1961,0,-4.550000190734863,0.3577128052711487,5.78425407409668
1962,0,-4.550000190734863,0.24585862457752228,5.351861000061035
1963,0,-4.550000190734863,0.22862127423286438,5.365273475646973
1964,0,-4.550000190734863,0.23989427089691162,5.618275165557861
1965,0,-4.550000190734863,0.219002366065979,5.253997802734375
1966,0,-4.550000190734863,0.18247580528259277,5.57943868637085
1967,0,-4.550000190734863,0.2871236503124237,5.708841800689697
1968,0,-4.550000190734863,0.18337398767471313,5.20746374130249
1969,0,-4.550000190734863,0.22512595355510712,5.441287517547607
1970,0,-4.550000190734863,0.35420215129852295,5.362742900848389
1971,0,-4.550000190734863,0.3127044141292572,5.794225692749023
1972,0,-4.550000190734863,0.23975294828414917,5.362758159637451
1973,0,-4.550000190734863,0.3752017021179199,5.509366035461426
1974,0,-4.550000190734863,0.18854446709156036,5.630800247192383
1975,0,-4.550000190734863,0.26997655630111694,5.687074661254883
1976,0,-4.550000190734863,0.2074086219072342,5.726094722747803
1977,1,9.220000267028809,0.7814038395881653,7.331353187561035
1978,1,9.220000267028809,0.7843020558357239,7.23520565032959
1979,0,-9.220000267028809,0.4096139669418335,6.8138251304626465
1980,0,-9.220000267028809,0.38192129135131836,6.803620338439941
1981,0,-9.220000267028809,0.3269495666027069,6.898984909057617
1982,0,-9.220000267028809,0.40822628140449524,6.8304877281188965
1983,0,-9.220000267028809,0.27975335717201233,6.695910930633545
1984,0,-9.220000267028809,0.41570353507995605,6.397008895874023
1985,0,-9.220000267028809,0.19818128645420074,6.02136754989624
1986,0,-9.220000267028809,0.3141322433948517,6.820957183837891
1987,0,-9.220000267028809,0.22673451900482178,6.639392852783203
1988,0,-9.220000267028809,0.20753039419651031,5.984375476837158
1989,0,-9.220000267028809,0.3509434759616852,6.750978469848633
1990,0,-9.220000267028809,0.12522664666175842,4.896632671356201
1991,0,-9.220000267028809,0.36583441495895386,7.163056373596191
1992,0,-9.220000267028809,0.14604483544826508,5.966001033782959
1993,0,-9.220000267028809,0.1773974448442459,6.155699253082275
1994,0,-9.220000267028809,0.21875807642936707,6.525226593017578
1995,0,-9.220000267028809,0.21329012513160706,6.43447208404541
1996,0,-9.220000267028809,0.16577894985675812,6.512953758239746
1997,0,-9.220000267028809,0.1472173035144806,6.413266181945801
1998,1,7.659999847412109,0.7387757301330566,9.455366134643555
1999,1,7.659999847412109,0.7400233149528503,9.443183898925781
2000,0,-7.659999847412109,0.6218199729919434,8.960077285766602
2001,0,-7.659999847412109,0.6501104831695557,9.118087768554688
2002,1,6.659999847412109,0.839830756187439,6.515364170074463
2003,1,6.659999847412109,0.8446536064147949,6.523837566375732
2004,0,-6.659999847412109,0.4968937039375305,5.6440958976745605
2005,0,-6.659999847412109,0.46125197410583496,5.51980447769165
2006,0,-6.659999847412109,0.411303848028183,5.6575093269348145
2007,0,-6.659999847412109,0.31346115469932556,5.379597187042236
2008,0,-6.659999847412109,0.20194146037101746,5.154932498931885
2009,0,-6.659999847412109,0.22295553982257843,5.2394819259643555
2010,0,-6.659999847412109,0.24847480654716492,5.0750837326049805
2011,0,-4.449999809265137,0.5407366752624512,6.180557727813721
2012,0,-4.449999809265137,0.3148399889469147,5.95531702041626
2013,0,-4.449999809265137,0.3007151782512665,5.8226423263549805
2014,0,-4.449999809265137,0.5372298955917358,6.174252510070801
2015,0,-4.449999809265137,0.6481198668479919,6.448120594024658
2016,0,-4.449999809265137,0.20837929844856262,5.383147239685059
2017,0,-4.449999809265137,0.5286110639572144,7.118033409118652
2018,0,-4.449999809265137,0.19472019374370575,4.9938788414001465
2019,0,-4.449999809265137,0.18060915172100067,5.139492988586426
2020,0,-4.449999809265137,0.24054628610610962,5.303249359130859
2021,0,-4.449999809265137,0.1293913871049881,4.356302261352539
2022,0,-4.449999809265137,0.2942902743816376,4.384088516235352
2023,0,-4.449999809265137,0.33398327231407166,5.704895973205566
2024,0,-4.449999809265137,0.140733540058136,4.824176788330078
2025,0,-4.449999809265137,0.18056096136569977,4.470564842224121
2026,0,-4.449999809265137,0.34790611267089844,5.478568077087402
2027,0,-4.449999809265137,0.13498857617378235,4.860088348388672
2028,0,-4.449999809265137,0.34563636779785156,5.002837657928467
2029,0,-4.449999809265137,0.13688066601753235,4.662287712097168
2030,0,-4.449999809265137,0.22448433935642242,5.492527961730957
2031,0,-4.449999809265137,0.23390035331249237,4.675212860107422
2032,1,7.409999847412109,0.6767324805259705,6.953743934631348
2033,1,7.409999847412109,0.6780446767807007,6.950753688812256
2034,0,-7.409999847412109,0.5217718482017517,6.725252628326416
2035,0,-7.409999847412109,0.4753580093383789,6.905655860900879
2036,0,-7.409999847412109,0.6498104333877563,6.897469997406006
2037,1,4.820000171661377,0.7406674027442932,4.76871395111084
2038,1,4.820000171661377,0.7235777378082275,4.719915390014648
2039,0,-4.820000171661377,0.6901543736457825,4.981349945068359
2040,0,-4.820000171661377,0.5750212073326111,4.924373149871826
2041,0,-4.820000171661377,0.33380165696144104,4.346636772155762
2042,0,-4.820000171661377,0.42219817638397217,4.148307800292969
2043,0,-4.820000171661377,0.3602144420146942,4.333906650543213
2044,0,-4.820000171661377,0.40269213914871216,4.16203498840332
2045,1,5.480000019073486,0.7978555560112,5.904162406921387
2046,1,5.480000019073486,0.7991957664489746,5.9134039878845215
2047,0,-5.480000019073486,0.743246853351593,5.729076385498047
2048,0,-5.480000019073486,0.5779747366905212,5.595234394073486
2049,0,-5.480000019073486,0.7008888125419617,5.722213268280029
2050,0,-5.480000019073486,0.663604736328125,5.546652317047119
2051,0,-5.480000019073486,0.5960944294929504,5.652289390563965
2052,0,-5.480000019073486,0.478179931640625,5.077383995056152
2053,0,-5.480000019073486,0.24624674022197723,4.5939531326293945
2054,0,-5.480000019073486,0.2820223271846771,4.841221332550049
2055,0,-5.480000019073486,0.2309349775314331,4.511164665222168
2056,0,-5.480000019073486,0.455339252948761,5.357397079467773
2057,0,-5.480000019073486,0.2498544603586197,4.526225566864014
2058,0,-5.480000019073486,0.20238982141017914,4.416289329528809
2059,0,-5.480000019073486,0.25426170229911804,4.773745536804199
2060,0,-5.480000019073486,0.33270156383514404,5.106875896453857
2061,0,-5.480000019073486,0.2175918072462082,4.552031517028809
2062,0,-5.480000019073486,0.21340668201446533,4.376095294952393
2063,0,-5.480000019073486,0.3783213496208191,5.01194953918457
2064,1,6.579999923706055,0.6675195097923279,8.25607681274414
2065,0,-6.579999923706055,0.7010063529014587,8.191459655761719
2066,0,-6.579999923706055,0.43781352043151855,7.946907997131348
2067,0,-6.579999923706055,0.10193928331136703,7.692790985107422
2068,0,-6.579999923706055,0.12233757972717285,7.284224510192871
2069,0,-6.579999923706055,0.5355408191680908,8.095171928405762
2070,0,-6.579999923706055,0.08183746784925461,7.54177188873291
2071,0,-6.579999923706055,0.1630832850933075,7.530703067779541
2072,0,-6.579999923706055,0.07403222471475601,7.478697776794434
2073,0,-6.579999923706055,0.13168776035308838,7.851022720336914
2074,0,-6.579999923706055,0.17064234614372253,7.799140453338623
2075,0,-6.579999923706055,0.10347451269626617,7.572624206542969
2076,0,-6.579999923706055,0.0845041275024414,7.0095343589782715
2077,0,-6.579999923706055,0.0843702182173729,7.119477272033691
2078,0,-6.579999923706055,0.14431263506412506,7.092650890350342
2079,0,-6.579999923706055,0.08374539762735367,7.024574279785156
2080,0,-6.579999923706055,0.12593694031238556,7.7402024269104
2081,0,-6.579999923706055,0.09172092378139496,6.29938268661499
2082,0,-6.579999923706055,0.08932270109653473,7.601182460784912
2083,0,-6.579999923706055,0.0988832339644432,7.2893385887146
2084,0,-6.579999923706055,0.08337248116731644,7.159360885620117
2085,0,-7.820000171661377,0.39274388551712036,8.947461128234863
2086,0,-7.820000171661377,0.20279821753501892,8.809907913208008
2087,0,-7.820000171661377,0.11947073042392731,7.847847938537598
2088,0,-7.820000171661377,0.30480438470840454,9.08893871307373
2089,0,-7.820000171661377,0.1325024515390396,8.531512260437012
2090,0,-7.820000171661377,0.2948254644870758,8.56714916229248
2091,0,-7.820000171661377,0.12184924632310867,8.110697746276855
2092,0,-7.820000171661377,0.40418264269828796,9.123963356018066
2093,0,-7.820000171661377,0.08354497700929642,7.602262020111084
2094,0,-7.820000171661377,0.18584197759628296,8.678287506103516
2095,0,-7.820000171661377,0.1851366013288498,8.624760627746582
2096,0,-7.820000171661377,0.19191154837608337,8.612781524658203
2097,0,-7.820000171661377,0.3475540280342102,8.915668487548828
2098,0,-7.820000171661377,0.19398237764835358,8.605592727661133
2099,0,-7.820000171661377,0.12790118157863617,8.055997848510742
2100,0,-7.820000171661377,0.17088772356510162,8.64323616027832
2101,0,-7.820000171661377,0.17266997694969177,8.95724105834961
2102,0,-7.820000171661377,0.16767629981040955,8.858299255371094
2103,0,-7.820000171661377,0.21213798224925995,9.17663860321045
2104,0,-7.820000171661377,0.17702379822731018,8.82986068725586
2105,0,-7.099999904632568,0.5479448437690735,5.622922897338867
2106,0,-7.099999904632568,0.5441524386405945,5.549353122711182
2107,0,-7.099999904632568,0.5453320145606995,5.5919928550720215
2108,0,-7.099999904632568,0.5347287654876709,5.57238245010376
2109,0,-7.099999904632568,0.548064649105072,5.581379413604736
2110,0,-7.099999904632568,0.5465501546859741,5.540239334106445
2111,0,-7.099999904632568,0.5468564033508301,5.584108352661133
2112,0,-7.099999904632568,0.5485302805900574,5.6236348152160645
2113,0,-7.099999904632568,0.5439652800559998,5.581027030944824
2114,0,-7.099999904632568,0.5432915687561035,5.5701446533203125
2115,0,-7.099999904632568,0.5427725911140442,5.560271263122559
2116,0,-7.099999904632568,0.5505574345588684,5.597191333770752
2117,0,-7.099999904632568,0.5473862290382385,5.565439701080322
2118,0,-7.099999904632568,0.5400206446647644,5.578596115112305
2119,0,-7.099999904632568,0.5402435064315796,5.5415120124816895
2120,0,-7.099999904632568,0.5405392050743103,5.567926406860352
2121,0,-7.099999904632568,0.5476813912391663,5.5625715255737305
2122,0,-7.099999904632568,0.5404843091964722,5.584483623504639
2123,0,-7.099999904632568,0.5482598543167114,5.590071201324463
2124,0,-7.099999904632568,0.5465110540390015,5.566217422485352
2125,0,-7.099999904632568,0.5483211278915405,5.559771537780762
2126,1,9.0,0.736110270023346,8.055535316467285
2127,0,-9.0,0.7324343323707581,7.77257776260376
2128,0,-9.0,0.7793248295783997,7.878493309020996
2129,0,-9.0,0.5024874210357666,7.99799919128418
2130,0,-9.0,0.7343207001686096,7.762603282928467
2131,0,-9.0,0.39346763491630554,7.801418304443359
2132,0,-9.0,0.436639666557312,7.998146057128906
2133,0,-9.0,0.3333221673965454,7.612995624542236
2134,0,-9.0,0.7229725122451782,7.494433403015137
2135,0,-9.0,0.4339461922645569,7.598255634307861
2136,0,-9.0,0.30148494243621826,7.47481107711792
2137,0,-9.0,0.3091697692871094,7.250546455383301
2138,0,-9.0,0.42859211564064026,7.6209869384765625
2139,0,-9.0,0.4208112955093384,7.696966171264648
2140,0,-9.0,0.3696174919605255,7.103582382202148
2141,0,-9.0,0.2706069350242615,7.041844367980957
2142,0,-9.0,0.4787423610687256,7.384276390075684
2143,0,-9.0,0.26722463965415955,6.316145420074463
2144,0,-9.0,0.3543667495250702,7.243884086608887
2145,0,-9.0,0.4232120215892792,7.566293239593506
2146,0,-9.0,0.3036983907222748,6.878077030181885
2147,1,6.53000020980835,0.8612268567085266,7.7102370262146
2148,1,6.53000020980835,0.860203742980957,7.781162738800049
2149,0,-6.53000020980835,0.7508281469345093,7.615571022033691
2150,0,-6.53000020980835,0.6969670653343201,7.8974151611328125
2151,0,-6.53000020980835,0.8608359098434448,7.9042534828186035
2152,0,-6.53000020980835,0.8014962077140808,7.417152404785156
2153,1,3.2799999713897705,0.5280900001525879,3.698465347290039
2154,1,3.2799999713897705,0.5038455128669739,3.6856791973114014
2155,1,3.2799999713897705,0.5063675045967102,3.6869115829467773
2156,0,-3.2799999713897705,0.46164339780807495,3.742816925048828
2157,0,-3.2799999713897705,0.37198522686958313,3.6925642490386963
2158,0,-3.2799999713897705,0.22946013510227203,3.6369473934173584
2159,0,-3.2799999713897705,0.1957317292690277,3.5905303955078125
2160,0,-3.2799999713897705,0.16387546062469482,3.6030211448669434
2161,0,-3.2799999713897705,0.2271377295255661,3.5729050636291504
2162,0,-3.2799999713897705,0.3005291819572449,3.40994930267334
2163,0,-3.2799999713897705,0.28651294112205505,3.4150309562683105
2164,0,-3.2799999713897705,0.23530501127243042,3.388159990310669
2165,0,-3.2799999713897705,0.1729162186384201,3.53277325630188
2166,0,-3.2799999713897705,0.2417820692062378,3.4607017040252686
2167,0,-3.2799999713897705,0.23639100790023804,3.4475514888763428
2168,0,-3.2799999713897705,0.16901575028896332,3.4805121421813965
2169,0,-3.2799999713897705,0.20871783792972565,3.3795480728149414
2170,1,3.2799999713897705,0.2988373637199402,3.4780306816101074
2171,0,-3.2799999713897705,0.21010002493858337,3.3937246799468994
2172,0,-3.2799999713897705,0.1801433563232422,3.4322152137756348
2173,0,-3.2799999713897705,0.24236884713172913,3.456494092941284
2174,1,8.149999618530273,0.7150871753692627,7.680027008056641
2175,1,8.149999618530273,0.7388732433319092,7.466373443603516
2176,1,8.149999618530273,0.6209774613380432,7.396822929382324
2177,0,-8.149999618530273,0.42834731936454773,6.318251609802246
2178,0,-8.149999618530273,0.25777578353881836,6.46853494644165
2179,0,-8.149999618530273,0.2680029571056366,5.517052173614502
2180,0,-8.149999618530273,0.2835002541542053,5.274792671203613
2181,0,-8.149999618530273,0.2105398327112198,5.623191833496094
2182,0,-8.149999618530273,0.2182544618844986,6.2679314613342285
2183,0,-8.149999618530273,0.2589419186115265,4.375865936279297
2184,0,-8.149999618530273,0.48492205142974854,5.204305171966553
2185,0,-8.149999618530273,0.5159230828285217,5.836949348449707
2186,0,-8.149999618530273,0.4536718428134918,6.533544063568115
2187,0,-8.149999618530273,0.2789311408996582,4.0263142585754395
2188,0,-8.149999618530273,0.18642309308052063,3.9745659828186035
2189,0,-8.149999618530273,0.26967087388038635,4.229381561279297
2190,0,-8.149999618530273,0.2808131277561188,5.970547676086426
2191,0,-8.149999618530273,0.32396620512008667,4.383931636810303
2192,0,-8.149999618530273,0.1484764665365219,3.9259800910949707
2193,1,6.829999923706055,0.7752614617347717,8.66274642944336
2194,1,6.829999923706055,0.7746934294700623,8.6339693069458
2195,1,6.829999923706055,0.44961073994636536,8.566004753112793
2196,0,-6.829999923706055,0.7384528517723083,8.944443702697754
2197,0,-6.829999923706055,0.24232162535190582,7.214702606201172
2198,0,-6.829999923706055,0.4868597090244293,7.561561107635498
2199,0,-6.829999923706055,0.4864913523197174,7.832123756408691
2200,0,-6.829999923706055,0.5080977082252502,7.8390631675720215
2201,0,-6.829999923706055,0.7118611335754395,8.492862701416016
2202,0,-6.829999923706055,0.19573663175106049,5.995239734649658
2203,0,-6.829999923706055,0.39257851243019104,8.315572738647461
2204,0,-6.829999923706055,0.3075195252895355,7.333456516265869
2205,0,-6.829999923706055,0.2392001897096634,8.218061447143555
2206,1,3.1600000858306885,0.8416659235954285,7.978716850280762
2207,1,3.1600000858306885,0.8395115733146667,7.982127666473389
2208,0,-3.1600000858306885,0.769402027130127,7.379863262176514
2209,0,-3.1600000858306885,0.7825325727462769,7.933143615722656
2210,0,-3.1600000858306885,0.6787503361701965,7.420790195465088
2211,1,3.1600000858306885,0.7472140789031982,7.596763610839844
2212,0,-3.1600000858306885,0.580939531326294,7.106947898864746
2213,0,-3.1600000858306885,0.8204374313354492,7.727256774902344
2214,0,-3.1600000858306885,0.5843921899795532,6.990380764007568
2215,0,-3.1600000858306885,0.7258513569831848,7.685271739959717
2216,1,2.7699999809265137,0.5841448903083801,3.903040647506714
2217,1,2.7699999809265137,0.5791636109352112,4.05605411529541
2218,0,-2.7699999809265137,0.46397799253463745,3.767299175262451
2219,0,-2.7699999809265137,0.5190467834472656,4.12274694442749
2220,0,-2.7699999809265137,0.4943293631076813,3.740615129470825
2221,0,-2.7699999809265137,0.44499319791793823,3.9620795249938965
2222,0,-2.7699999809265137,0.4457111954689026,4.030007362365723
2223,0,-2.7699999809265137,0.422395795583725,4.012335777282715
2224,0,-2.7699999809265137,0.35322147607803345,4.257526874542236
2225,0,-2.7699999809265137,0.3054273724555969,4.056144714355469
2226,0,-2.7699999809265137,0.3938911557197571,4.111639499664307
2227,0,-2.7699999809265137,0.34025222063064575,4.080061912536621
2228,0,-2.7699999809265137,0.38296642899513245,4.218496322631836
2229,0,-2.7699999809265137,0.3726409077644348,4.131694793701172
2230,0,-2.7699999809265137,0.30251139402389526,4.1621479988098145
2231,0,-2.7699999809265137,0.37075135111808777,4.006868362426758
2232,0,-2.7699999809265137,0.3446666896343231,4.316161155700684
2233,0,-2.7699999809265137,0.2934052646160126,4.242844581604004
2234,0,-2.7699999809265137,0.3218538165092468,4.276988983154297
2235,0,-2.7699999809265137,0.3742183446884155,4.047816276550293
2236,0,-2.7699999809265137,0.2926541864871979,4.073974609375
2237,1,9.699999809265137,0.7160637378692627,9.348044395446777
2238,1,9.699999809265137,0.6527383327484131,9.241933822631836
2239,0,-9.699999809265137,0.45215848088264465,9.271815299987793
2240,0,-9.699999809265137,0.13179898262023926,8.415844917297363
2241,0,-9.699999809265137,0.16655351221561432,8.049028396606445
2242,0,-9.699999809265137,0.27549833059310913,9.029865264892578
2243,0,-9.699999809265137,0.15752092003822327,7.917733669281006
2244,0,-9.699999809265137,0.1537996381521225,8.609333038330078
2245,0,-9.699999809265137,0.14551830291748047,7.652115345001221
2246,0,-9.699999809265137,0.21187783777713776,8.594748497009277
2247,0,-9.699999809265137,0.20232756435871124,8.48068904876709
2248,0,-9.699999809265137,0.1348293572664261,8.016286849975586
2249,0,-9.699999809265137,0.2509833872318268,7.738080978393555
2250,1,4.03000020980835,0.4575587809085846,3.894329309463501
2251,0,-4.03000020980835,0.48722290992736816,3.95357346534729
2252,0,-4.03000020980835,0.33150550723075867,3.961491823196411
2253,0,-4.03000020980835,0.29394128918647766,3.8793866634368896
2254,0,-4.03000020980835,0.34908217191696167,4.0243988037109375
2255,0,-4.03000020980835,0.5394317507743835,3.911811351776123
2256,0,-4.03000020980835,0.4816766381263733,4.010180473327637
2257,0,-4.03000020980835,0.428512305021286,4.058437347412109
2258,0,-4.03000020980835,0.35886967182159424,4.073275566101074
2259,0,-4.03000020980835,0.34163832664489746,4.2242231369018555
2260,0,-4.03000020980835,0.3421483337879181,3.8330636024475098
2261,0,-4.03000020980835,0.42821648716926575,4.182783603668213
2262,0,-4.03000020980835,0.40694674849510193,4.054726600646973
2263,0,-4.03000020980835,0.3390449285507202,3.977778673171997
2264,0,-4.03000020980835,0.3519243896007538,3.8405983448028564
2265,0,-4.03000020980835,0.32641416788101196,4.174321174621582
2266,0,-4.03000020980835,0.3459249436855316,3.8959598541259766
2267,0,-4.03000020980835,0.3572953939437866,4.140348434448242
2268,0,-4.03000020980835,0.3067256510257721,3.927741289138794
2269,0,-4.03000020980835,0.327117919921875,4.252824306488037
2270,0,-4.03000020980835,0.29396894574165344,3.801333427429199
2271,1,9.100000381469727,0.7508357763290405,7.40391731262207
2272,1,9.100000381469727,0.7293684482574463,7.3182477951049805
2273,1,9.100000381469727,0.4039003252983093,6.774824142456055
2274,0,-9.100000381469727,0.17088422179222107,6.405868053436279
2275,0,-9.100000381469727,0.08397295325994492,6.525903224945068
2276,0,-9.100000381469727,0.06962898373603821,6.349539756774902
2277,0,-9.100000381469727,0.11492445319890976,6.528283596038818
2278,0,-9.100000381469727,0.09638553112745285,5.846913814544678
2279,0,-9.100000381469727,0.20286454260349274,6.59281063079834
2280,0,-9.100000381469727,0.1020544022321701,6.1206374168396
2281,0,-9.100000381469727,0.1881532222032547,6.815500259399414
2282,1,5.820000171661377,0.7319926619529724,4.730107307434082
2283,0,-5.820000171661377,0.46522507071495056,4.713250160217285
2284,0,-5.820000171661377,0.4616483449935913,4.718349456787109
2285,1,5.820000171661377,0.7131224870681763,4.796326160430908
2286,0,-5.820000171661377,0.6121169924736023,4.548661231994629
2287,0,-5.820000171661377,0.6264999508857727,4.545078277587891
2288,1,5.820000171661377,0.7063142657279968,4.776449680328369
2289,0,-5.820000171661377,0.4241759479045868,4.742359161376953
2290,0,-5.820000171661377,0.44938546419143677,4.8109049797058105
2291,0,-5.820000171661377,0.5167635679244995,4.662086009979248
2292,0,-5.820000171661377,0.5025613903999329,4.763241291046143
2293,0,-5.820000171661377,0.38384005427360535,4.816866874694824
2294,0,-5.820000171661377,0.37757357954978943,4.7195725440979
2295,0,-5.820000171661377,0.3274497985839844,4.8049798011779785
2296,0,-5.820000171661377,0.35846468806266785,4.641885280609131
2297,0,-5.820000171661377,0.3121407628059387,4.847297668457031
2298,0,-5.820000171661377,0.4899687170982361,4.631826400756836
2299,0,-5.820000171661377,0.4844677150249481,4.549922943115234
2300,0,-5.820000171661377,0.36606526374816895,4.693543910980225
2301,0,-5.820000171661377,0.3777413070201874,4.854788303375244
2302,0,-5.820000171661377,0.43958011269569397,4.5911688804626465
2303,0,-7.599999904632568,0.6628790497779846,7.620405673980713
2304,0,-7.599999904632568,0.5286558866500854,7.174933433532715
2305,0,-7.599999904632568,0.7819415330886841,7.860902309417725
2306,0,-7.599999904632568,0.5451205968856812,6.787374019622803
2307,0,-7.599999904632568,0.689890444278717,7.868437767028809
2308,0,-7.599999904632568,0.7519890069961548,7.217829704284668
2309,1,7.599999904632568,0.665004312992096,7.5051140785217285
2310,0,-7.599999904632568,0.5081652998924255,7.727558135986328
2311,0,-7.599999904632568,0.46873220801353455,6.891402721405029
2312,0,-7.599999904632568,0.4682542383670807,6.949389457702637
2313,0,-7.599999904632568,0.4803684949874878,7.296934604644775
2314,0,-7.599999904632568,0.6450254917144775,7.687577247619629
2315,0,-7.599999904632568,0.4472503364086151,6.928674697875977
2316,1,7.599999904632568,0.6017226576805115,7.300413131713867
2317,0,-7.599999904632568,0.7123173475265503,7.263696193695068
2318,0,-7.599999904632568,0.4347970187664032,7.115686416625977
2319,0,-7.599999904632568,0.3523833453655243,5.814830780029297
2320,0,-7.599999904632568,0.4832499325275421,7.324821472167969
2321,0,-7.599999904632568,0.39813005924224854,6.239315986633301
2322,0,-7.599999904632568,0.4404752850532532,6.5790605545043945
2323,0,-7.599999904632568,0.41152459383010864,6.839613914489746
2324,1,4.690000057220459,0.8401235938072205,8.011971473693848
2325,1,4.690000057220459,0.8293828964233398,8.09833812713623
2326,1,4.690000057220459,0.8337377905845642,8.096441268920898
2327,1,4.690000057220459,0.8041711449623108,7.878261089324951
2328,1,4.690000057220459,0.8064027428627014,7.860596179962158
2329,1,4.690000057220459,0.7846155762672424,7.868161678314209
2330,1,4.690000057220459,0.8463283181190491,7.837734222412109
2331,0,-4.690000057220459,0.6606162786483765,7.628468036651611
2332,1,4.690000057220459,0.6762736439704895,7.652310371398926
2333,0,-4.690000057220459,0.6333826184272766,7.420131683349609
2334,0,-4.690000057220459,0.6920095682144165,7.997201919555664
2335,1,2.8499999046325684,0.7518327236175537,4.525103569030762
2336,1,2.8499999046325684,0.7486682534217834,4.516590118408203
2337,0,-2.8499999046325684,0.3978804647922516,4.166679382324219
2338,0,-2.8499999046325684,0.5920574069023132,4.445947647094727
2339,0,-2.8499999046325684,0.38878557085990906,3.979707956314087
2340,0,-2.8499999046325684,0.301436185836792,4.022694110870361
2341,0,-2.8499999046325684,0.5527346730232239,4.503951072692871
2342,0,-2.8499999046325684,0.4079515337944031,4.113802909851074
2343,0,-2.8499999046325684,0.38322004675865173,4.203098297119141
2344,0,-2.8499999046325684,0.42914268374443054,4.168231010437012
2345,0,-2.8499999046325684,0.3535856604576111,4.062735557556152
2346,0,-2.8499999046325684,0.19176776707172394,3.7801239490509033
2347,0,-2.8499999046325684,0.5250520706176758,4.245511531829834
2348,0,-2.8499999046325684,0.4496338665485382,4.299308776855469
2349,0,-2.8499999046325684,0.24478687345981598,3.7988765239715576
2350,0,-2.8499999046325684,0.3382152318954468,4.068532943725586
2351,0,-2.8499999046325684,0.4484260380268097,4.163023948669434
2352,0,-2.8499999046325684,0.21242238581180573,3.845390558242798
2353,0,-2.8499999046325684,0.4690924286842346,3.9910402297973633
2354,0,-2.8499999046325684,0.22325176000595093,3.8739805221557617
2355,0,-2.8499999046325684,0.5096112489700317,4.357143402099609
2356,1,2.299999952316284,0.5464788675308228,4.839516639709473
2357,0,-2.299999952316284,0.5330079197883606,3.9132323265075684
2358,0,-2.299999952316284,0.5325168371200562,3.9208970069885254
2359,0,-2.299999952316284,0.5685271620750427,4.003689765930176
2360,1,2.299999952316284,0.7259095907211304,4.911454200744629
2361,0,-2.299999952316284,0.6532830595970154,4.625933647155762
2362,1,2.299999952316284,0.6115943789482117,5.135360240936279
2363,1,2.299999952316284,0.6056687235832214,5.369359970092773
2364,0,-2.299999952316284,0.5462058186531067,4.515623569488525
2365,1,2.299999952316284,0.5622844099998474,5.2246994972229
2366,0,-2.299999952316284,0.359851598739624,4.609206676483154
2367,0,-2.299999952316284,0.4470352530479431,4.324023246765137
2368,0,-2.299999952316284,0.44933637976646423,4.429306507110596
2369,0,-2.299999952316284,0.4384525418281555,4.584498405456543
2370,0,-2.299999952316284,0.4206823706626892,4.6850905418396
2371,0,-2.299999952316284,0.3905787467956543,4.5304107666015625
2372,0,-2.299999952316284,0.47599443793296814,4.563925743103027
2373,1,2.299999952316284,0.43166226148605347,5.062074661254883
2374,0,-2.299999952316284,0.45359596610069275,5.130019664764404
2375,0,-2.299999952316284,0.32926809787750244,5.201751708984375
2376,0,-2.299999952316284,0.29309937357902527,5.033864974975586
2377,1,9.520000457763672,0.6786742210388184,8.95235824584961
2378,1,9.520000457763672,0.7487868070602417,9.200986862182617
2379,0,-9.520000457763672,0.4439891278743744,8.8126220703125
2380,0,-9.520000457763672,0.3943992555141449,8.268136978149414
2381,0,-9.520000457763672,0.654913604259491,9.13357162475586
2382,0,-9.520000457763672,0.3551913797855377,7.921139717102051
2383,0,-9.520000457763672,0.5729619860649109,8.735679626464844
2384,0,-9.520000457763672,0.5292768478393555,8.59640884399414
2385,0,-9.520000457763672,0.4262802302837372,8.583844184875488
2386,0,-9.520000457763672,0.3737013339996338,8.123855590820312
2387,0,-9.520000457763672,0.5261099338531494,8.874610900878906
2388,0,-9.520000457763672,0.21807904541492462,7.273420333862305
2389,0,-9.520000457763672,0.24584625661373138,6.940241813659668
2390,0,-9.520000457763672,0.2614111304283142,7.207513809204102
2391,0,-9.520000457763672,0.44437235593795776,8.381792068481445
2392,0,-9.520000457763672,0.21503371000289917,7.85544490814209
2393,0,-9.520000457763672,0.3433934450149536,8.099770545959473
2394,1,10.0,0.745417594909668,9.310256958007812
2395,1,10.0,0.7497699856758118,9.335220336914062
2396,1,10.0,0.8065822720527649,9.438180923461914
2397,0,-10.0,0.5218745470046997,9.190254211425781
2398,0,-10.0,0.41628387570381165,8.699487686157227
2399,0,-10.0,0.6881188154220581,9.127307891845703
2400,0,-10.0,0.4816475212574005,9.085988998413086
2401,0,-10.0,0.5742781758308411,8.966743469238281
2402,0,-10.0,0.3738565146923065,8.502002716064453
2403,0,-10.0,0.3006362020969391,7.7219085693359375
2404,0,-10.0,0.689445436000824,8.865933418273926
2405,0,-10.0,0.4019777476787567,8.066923141479492
2406,0,-10.0,0.43225908279418945,8.08807373046875
2407,0,-10.0,0.32266154885292053,8.313087463378906
2408,0,-10.0,0.4981323480606079,8.685757637023926
2409,0,-10.0,0.38901564478874207,8.173515319824219
2410,1,5.059999942779541,0.45703521370887756,8.215015411376953
2411,1,5.059999942779541,0.48651841282844543,8.160440444946289
2412,0,-5.059999942779541,0.23484845459461212,7.89630126953125
2413,0,-5.059999942779541,0.29244378209114075,7.9179582595825195
2414,0,-5.059999942779541,0.30819031596183777,8.047684669494629
2415,0,-5.059999942779541,0.15426598489284515,7.658145427703857
2416,0,-5.059999942779541,0.2426360696554184,7.910124778747559
2417,0,-5.059999942779541,0.1998254507780075,7.659476280212402
2418,0,-5.059999942779541,0.13964685797691345,7.606775283813477
2419,0,-5.059999942779541,0.19906538724899292,7.713785171508789
2420,0,-5.059999942779541,0.11025865375995636,7.366689682006836
2421,0,-5.059999942779541,0.15347295999526978,7.06735897064209
2422,0,-5.059999942779541,0.12226048856973648,7.049149990081787
2423,0,-5.059999942779541,0.10735472291707993,7.442199230194092
2424,0,-5.059999942779541,0.10945605486631393,6.975790500640869
2425,0,-5.059999942779541,0.19245095551013947,7.609681606292725
2426,0,-5.059999942779541,0.09859628230333328,7.442192077636719
2427,0,-5.059999942779541,0.1523207575082779,7.2436394691467285
2428,0,-5.059999942779541,0.12410683929920197,7.4400410652160645
2429,0,-5.059999942779541,0.18727229535579681,7.489066123962402
2430,1,6.170000076293945,0.6357923746109009,6.340834617614746
2431,1,6.170000076293945,0.6501109600067139,6.182043075561523
2432,0,-6.170000076293945,0.3751831352710724,5.947906017303467
2433,0,-6.170000076293945,0.20875108242034912,6.242040157318115
2434,0,-6.170000076293945,0.3674646317958832,6.0455641746521
2435,0,-6.170000076293945,0.2807770073413849,6.193636417388916
2436,0,-6.170000076293945,0.2223374843597412,5.920496940612793
2437,0,-6.170000076293945,0.2302120327949524,6.28066349029541
2438,0,-6.170000076293945,0.2734515070915222,6.030048847198486
2439,0,-6.170000076293945,0.2500956356525421,5.894907474517822
2440,0,-6.170000076293945,0.25991785526275635,6.115206241607666
2441,0,-6.170000076293945,0.17665442824363708,6.240232944488525
2442,0,-6.170000076293945,0.15530303120613098,6.072004795074463
2443,0,-6.170000076293945,0.2719208002090454,6.128671646118164
2444,0,-6.170000076293945,0.15820004045963287,6.06902551651001
2445,0,-6.170000076293945,0.2063664346933365,6.08341121673584
2446,0,-6.170000076293945,0.23789727687835693,6.164590835571289
2447,0,-6.170000076293945,0.192267507314682,5.93817663192749
2448,1,5.159999847412109,0.5879820585250854,5.403109073638916
2449,1,5.159999847412109,0.5917758941650391,5.413042068481445
2450,1,5.159999847412109,0.40024033188819885,5.107963562011719
2451,0,-5.159999847412109,0.20854750275611877,4.966854572296143
2452,0,-5.159999847412109,0.3986949920654297,5.115897178649902
2453,0,-5.159999847412109,0.33393311500549316,4.671450614929199
2454,0,-5.159999847412109,0.5866007804870605,5.68972635269165
2455,0,-5.159999847412109,0.4330674111843109,5.095566749572754
2456,0,-5.159999847412109,0.22161714732646942,4.896189212799072
2457,0,-5.159999847412109,0.5041151642799377,5.191902160644531
2458,0,-5.159999847412109,0.4340743124485016,5.138923645019531
2459,0,-5.159999847412109,0.358502596616745,5.187739372253418
2460,0,-5.159999847412109,0.29739660024642944,5.231034278869629
2461,0,-5.159999847412109,0.26310253143310547,4.553613662719727
2462,0,-5.159999847412109,0.2658110558986664,5.138662338256836
2463,0,-5.159999847412109,0.26987579464912415,4.619744777679443
2464,0,-5.159999847412109,0.3413292169570923,4.732767105102539
2465,0,-5.159999847412109,0.34943288564682007,4.912240982055664
2466,0,-5.159999847412109,0.41173067688941956,5.321792125701904
2467,0,-5.159999847412109,0.20089031755924225,4.370576858520508
2468,1,6.0,0.379258394241333,4.2445783615112305
2469,0,-6.0,0.37953025102615356,4.323330402374268
2470,0,-6.0,0.4286554157733917,4.276128768920898
2471,0,-6.0,0.3285888433456421,4.165619850158691
2472,0,-6.0,0.386115163564682,4.2693586349487305
2473,0,-6.0,0.38144007325172424,4.107748031616211
2474,0,-6.0,0.41567519307136536,4.205301761627197
2475,0,-6.0,0.39149272441864014,4.164319038391113
2476,0,-6.0,0.29562121629714966,4.15408992767334
2477,0,-6.0,0.48889002203941345,4.212306976318359
2478,0,-6.0,0.23671036958694458,4.375057220458984
2479,0,-6.0,0.2936714291572571,4.111352920532227
2480,0,-6.0,0.2831686735153198,4.131131172180176
2481,0,-6.0,0.44079938530921936,4.25282096862793
2482,0,-6.0,0.28950849175453186,4.14346981048584
2483,0,-6.0,0.4067877531051636,4.240991115570068
2484,0,-6.0,0.3527188003063202,4.00526237487793
2485,0,-6.0,0.44288724660873413,4.146256446838379
2486,0,-6.0,0.4873213469982147,4.255643844604492
2487,0,-6.0,0.21838723123073578,4.159602165222168
2488,1,6.0,0.27390387654304504,4.226828098297119
2489,0,-7.150000095367432,0.28777608275413513,6.7902302742004395
2490,0,-7.150000095367432,0.3633931875228882,7.700305938720703
2491,0,-7.150000095367432,0.3929968774318695,7.500700950622559
2492,0,-7.150000095367432,0.3112386465072632,7.103760242462158
2493,0,-7.150000095367432,0.3351994454860687,7.628026008605957
2494,0,-7.150000095367432,0.3638548254966736,7.421145439147949
2495,0,-7.150000095367432,0.39811861515045166,7.583970546722412
2496,0,-7.150000095367432,0.3428720533847809,7.544556140899658
2497,0,-7.150000095367432,0.27968189120292664,7.231432914733887
2498,0,-7.150000095367432,0.28512486815452576,7.082953929901123
2499,0,-7.150000095367432,0.2618802785873413,7.113080978393555
2500,0,-7.150000095367432,0.3543575704097748,6.911416530609131
2501,0,-7.150000095367432,0.29302144050598145,7.492692947387695
2502,0,-7.150000095367432,0.2097339779138565,6.661701202392578
2503,0,-7.150000095367432,0.24623888731002808,7.410006046295166
2504,0,-7.150000095367432,0.2528141140937805,7.21088981628418
2505,0,-7.150000095367432,0.26127901673316956,7.040028095245361
2506,0,-7.150000095367432,0.26954546570777893,7.302923202514648
2507,0,-7.150000095367432,0.3186737596988678,6.68538236618042
2508,0,-7.150000095367432,0.2650967836380005,7.380960941314697
2509,0,-7.150000095367432,0.22001969814300537,6.79188871383667
2510,0,-6.400000095367432,0.24054759740829468,5.116596698760986
2511,0,-6.400000095367432,0.4510299265384674,5.294966697692871
2512,0,-6.400000095367432,0.11200544238090515,4.997395992279053
2513,0,-6.400000095367432,0.4599846303462982,5.352976322174072
2514,0,-6.400000095367432,0.08993816375732422,4.979557991027832
2515,0,-6.400000095367432,0.29887843132019043,5.013424396514893
2516,0,-6.400000095367432,0.12002786248922348,5.160763263702393
2517,1,6.400000095367432,0.13490131497383118,5.181551933288574
2518,1,6.400000095367432,0.25746190547943115,5.176745891571045
2519,0,-6.400000095367432,0.15869274735450745,5.030762195587158
2520,0,-6.400000095367432,0.16150283813476562,5.222324848175049
2521,0,-6.400000095367432,0.16894476115703583,5.078126907348633
2522,0,-6.400000095367432,0.16344498097896576,5.026980400085449
2523,0,-5.639999866485596,0.15456515550613403,4.437193393707275
2524,0,-5.639999866485596,0.3535969853401184,4.300538063049316
2525,0,-5.639999866485596,0.43763044476509094,4.332427501678467
2526,0,-5.639999866485596,0.3747347593307495,4.348595142364502
2527,0,-5.639999866485596,0.29718369245529175,4.381143093109131
2528,0,-5.639999866485596,0.2967703640460968,4.315069198608398
2529,0,-5.639999866485596,0.30306410789489746,4.389896392822266
2530,0,-5.639999866485596,0.268223375082016,4.359441757202148
2531,0,-5.639999866485596,0.2681829631328583,4.408411979675293
2532,1,5.639999866485596,0.29725298285484314,4.446528911590576
2533,0,-5.639999866485596,0.36793357133865356,4.420305252075195
2534,0,-5.639999866485596,0.3408903479576111,4.451016426086426
2535,0,-5.639999866485596,0.3389813005924225,4.43224573135376
2536,1,5.639999866485596,0.2462056428194046,4.259714126586914
2537,0,-5.639999866485596,0.29654622077941895,4.387559413909912
2538,0,-5.639999866485596,0.3802695870399475,4.322409629821777
2539,0,-5.639999866485596,0.18589551746845245,4.201560974121094
2540,0,-5.639999866485596,0.423603892326355,4.453385353088379
2541,0,-5.639999866485596,0.1781255304813385,4.320791244506836
2542,0,-5.639999866485596,0.17815591394901276,4.292283058166504
2543,1,3.2200000286102295,0.6234122514724731,4.667659282684326
2544,0,-3.2200000286102295,0.4774123430252075,4.554610729217529
2545,0,-3.2200000286102295,0.5605210661888123,4.778849124908447
2546,1,3.2200000286102295,0.6071723103523254,4.81062650680542
2547,0,-3.2200000286102295,0.45841988921165466,4.454309463500977
2548,0,-3.2200000286102295,0.44669827818870544,4.497414588928223
2549,0,-3.2200000286102295,0.3771050274372101,4.656327247619629
2550,0,-3.2200000286102295,0.3689437210559845,4.392107009887695
2551,0,-3.2200000286102295,0.5160974860191345,4.6514892578125
2552,0,-3.2200000286102295,0.3884921967983246,4.329375267028809
2553,0,-3.2200000286102295,0.320470929145813,4.291531562805176
2554,0,-3.2200000286102295,0.22687098383903503,4.230192184448242
2555,0,-3.2200000286102295,0.2258695513010025,4.270200252532959
2556,0,-3.2200000286102295,0.5156546831130981,4.456818580627441
2557,0,-3.2200000286102295,0.3651447296142578,4.719499588012695
2558,0,-3.2200000286102295,0.4025198519229889,4.366711139678955
2559,0,-3.2200000286102295,0.2574586272239685,4.313253402709961
2560,0,-3.2200000286102295,0.3020552396774292,4.355828762054443
2561,0,-3.2200000286102295,0.25331273674964905,4.443686485290527
2562,0,-3.2200000286102295,0.43564701080322266,4.776128768920898
2563,0,-3.2200000286102295,0.23984095454216003,4.46448278427124
2564,1,11.329999923706055,0.717704176902771,8.322816848754883
2565,1,11.329999923706055,0.7173007130622864,8.320619583129883
2566,0,-11.329999923706055,0.5107547640800476,7.9731245040893555
2567,0,-11.329999923706055,0.6735631823539734,8.432950019836426
2568,0,-11.329999923706055,0.2805763781070709,7.649301528930664
2569,0,-11.329999923706055,0.24434567987918854,7.799310207366943
2570,1,3.6700000762939453,0.4567585587501526,4.5834245681762695
2571,0,-3.6700000762939453,0.4458121955394745,5.119684219360352
2572,1,3.6700000762939453,0.6774283051490784,4.457627296447754
2573,0,-3.6700000762939453,0.42934513092041016,4.931622505187988
2574,0,-3.6700000762939453,0.20029184222221375,5.0582404136657715
2575,0,-3.6700000762939453,0.33964186906814575,4.829434394836426
2576,0,-3.6700000762939453,0.3148123621940613,4.769471168518066
2577,0,-3.6700000762939453,0.31399568915367126,5.617748737335205
2578,0,-3.6700000762939453,0.3077719211578369,5.105247974395752
2579,0,-3.6700000762939453,0.3196534514427185,4.9916672706604
2580,0,-3.6700000762939453,0.25457894802093506,4.363358497619629
2581,0,-3.6700000762939453,0.34947293996810913,4.2843828201293945
2582,0,-3.6700000762939453,0.31859809160232544,5.140807628631592
2583,0,-3.6700000762939453,0.28305187821388245,5.22231912612915
2584,0,-3.6700000762939453,0.4006824195384979,4.608680248260498
2585,0,-3.6700000762939453,0.2458007037639618,4.494801044464111
2586,0,-3.6700000762939453,0.3337826728820801,5.001324653625488
2587,0,-3.6700000762939453,0.16952940821647644,4.917051315307617
2588,0,-3.6700000762939453,0.267059862613678,4.787843704223633
2589,0,-3.6700000762939453,0.4661731719970703,4.487530708312988
2590,0,-3.6700000762939453,0.2084500938653946,4.517480850219727
2591,1,7.800000190734863,0.7419933676719666,7.775690078735352
2592,1,7.800000190734863,0.7813006639480591,7.83552360534668
2593,1,7.800000190734863,0.7804638743400574,7.835427284240723
2594,0,-7.800000190734863,0.6692355871200562,8.00623893737793
2595,0,-7.800000190734863,0.21598957479000092,7.620671272277832
2596,0,-7.800000190734863,0.4304596185684204,7.582902908325195
2597,0,-7.800000190734863,0.48797714710235596,7.5972137451171875
2598,0,-7.800000190734863,0.18054404854774475,7.599085807800293
2599,0,-7.800000190734863,0.42557692527770996,7.80378532409668
2600,0,-7.800000190734863,0.525744616985321,7.717958927154541
2601,0,-7.800000190734863,0.22278055548667908,7.725366115570068
2602,0,-7.800000190734863,0.46409645676612854,7.744740962982178
2603,0,-7.800000190734863,0.3645972013473511,7.4076828956604
2604,1,7.800000190734863,0.33912691473960876,7.66889762878418
2605,0,-7.800000190734863,0.22011621296405792,7.373085975646973
2606,0,-7.800000190734863,0.22349701821804047,7.251708984375
2607,0,-7.800000190734863,0.21090537309646606,6.995682716369629
2608,0,-7.800000190734863,0.30555468797683716,7.547853469848633
2609,0,-7.800000190734863,0.2467014640569687,7.614107608795166
2610,0,-7.800000190734863,0.3544749915599823,6.79887056350708
2611,0,-7.800000190734863,0.17056389153003693,6.903182029724121
2612,1,7.849999904632568,0.7773149609565735,7.013172626495361
2613,1,7.849999904632568,0.7857654094696045,7.083648681640625
2614,0,-7.849999904632568,0.18778927624225616,6.187899112701416
2615,0,-7.849999904632568,0.1732095330953598,5.926502227783203
2616,0,-7.849999904632568,0.21077509224414825,6.58511209487915
2617,0,-7.849999904632568,0.18414846062660217,6.471894264221191
2618,0,-7.849999904632568,0.13113731145858765,5.85070276260376
2619,0,-7.849999904632568,0.1464216709136963,5.53976583480835
2620,0,-7.849999904632568,0.196034774184227,5.769209384918213
2621,0,-7.849999904632568,0.14466418325901031,5.886170864105225
2622,0,-7.849999904632568,0.17892318964004517,5.643254280090332
2623,0,-7.849999904632568,0.2694152295589447,5.769896507263184
2624,0,-7.849999904632568,0.21915662288665771,5.39736270904541
2625,0,-7.849999904632568,0.19487208127975464,6.237399578094482
2626,0,-7.849999904632568,0.12732693552970886,5.909547805786133
2627,0,-7.849999904632568,0.1770496815443039,5.691189765930176
2628,0,-7.849999904632568,0.16522838175296783,5.706097602844238
2629,0,-7.849999904632568,0.11191161721944809,5.368815898895264
2630,0,-7.849999904632568,0.1422928124666214,6.023514270782471
2631,0,-7.849999904632568,0.12427730113267899,5.601609230041504
2632,1,8.430000305175781,0.7167218327522278,8.347603797912598
2633,1,8.430000305175781,0.7044823169708252,8.385377883911133
2634,1,8.430000305175781,0.5088457465171814,8.295077323913574
2635,0,-8.430000305175781,0.5004808902740479,8.310166358947754
2636,0,-8.430000305175781,0.20196957886219025,7.9901227951049805
2637,0,-8.430000305175781,0.19321444630622864,7.451973915100098
2638,0,-8.430000305175781,0.12686417996883392,7.309391021728516
2639,0,-8.430000305175781,0.1794893592596054,7.8055572509765625
2640,0,-8.430000305175781,0.16397003829479218,7.377832412719727
2641,0,-8.430000305175781,0.16862401366233826,7.083392143249512
2642,1,7.590000152587891,0.8468544483184814,6.361868381500244
2643,1,7.590000152587891,0.8059362173080444,5.936013221740723
2644,0,-7.590000152587891,0.5248758792877197,4.765997409820557
2645,0,-7.590000152587891,0.3486821949481964,4.470820426940918
2646,0,-7.590000152587891,0.4371020793914795,4.566133499145508
2647,0,-7.590000152587891,0.25193557143211365,4.573248386383057
2648,0,-7.590000152587891,0.24686367809772491,4.417433738708496
2649,1,9.399999618530273,0.8365601301193237,7.763504981994629
2650,1,9.399999618530273,0.8334677219390869,7.719115734100342
2651,0,-9.399999618530273,0.2835971415042877,5.777993202209473
2652,0,-9.399999618530273,0.3492237329483032,6.0297017097473145
2653,0,-9.399999618530273,0.5354369878768921,6.154906749725342
2654,0,-9.399999618530273,0.7958902716636658,7.821882724761963
2655,0,-9.399999618530273,0.660142719745636,6.286470890045166
2656,0,-9.399999618530273,0.41852015256881714,5.835918426513672
2657,0,-9.399999618530273,0.35296744108200073,5.547173500061035
2658,0,-9.399999618530273,0.20133495330810547,5.1268157958984375
2659,1,6.800000190734863,0.77150559425354,7.088978290557861
2660,1,6.800000190734863,0.7554140090942383,7.113541603088379
2661,0,-6.800000190734863,0.3518117666244507,6.792388916015625
2662,0,-6.800000190734863,0.2860397398471832,6.288230895996094
2663,0,-6.800000190734863,0.3280368745326996,6.690051555633545
2664,0,-6.800000190734863,0.3012078106403351,6.45759916305542
2665,0,-6.800000190734863,0.29346388578414917,6.221840858459473
2666,0,-6.800000190734863,0.2604215741157532,6.544471263885498
2667,0,-6.800000190734863,0.4162260591983795,6.608844757080078
2668,0,-6.800000190734863,0.2284766137599945,6.22135066986084
2669,0,-6.800000190734863,0.28571727871894836,6.60502815246582
2670,0,-6.800000190734863,0.29620519280433655,6.630505084991455
2671,1,4.889999866485596,0.8583192229270935,7.233541488647461
2672,1,4.889999866485596,0.8270683288574219,7.093439102172852
2673,0,-4.889999866485596,0.49789193272590637,6.599271774291992
2674,0,-4.889999866485596,0.4911549985408783,6.541712760925293
2675,0,-4.889999866485596,0.8385190367698669,7.2506890296936035
2676,1,4.889999866485596,0.5003820061683655,6.647165775299072
2677,0,-4.889999866485596,0.5548669695854187,6.812613487243652
2678,0,-4.889999866485596,0.383750319480896,6.233949184417725
2679,0,-4.889999866485596,0.5275570154190063,7.025436878204346
2680,0,-4.889999866485596,0.451242595911026,6.8228068351745605
2681,0,-4.889999866485596,0.3866685926914215,6.2448248863220215
2682,0,-4.889999866485596,0.4045012593269348,6.039175033569336
2683,0,-4.889999866485596,0.3885137438774109,6.004947185516357
2684,0,-4.889999866485596,0.3428691625595093,6.039037227630615
2685,0,-4.889999866485596,0.32505154609680176,6.026058673858643
2686,0,-4.889999866485596,0.5221055746078491,6.313925743103027
2687,0,-4.889999866485596,0.46580979228019714,6.061764717102051
2688,0,-9.210000038146973,0.6129796504974365,7.500476837158203
2689,1,9.210000038146973,0.717214822769165,7.648022651672363
2690,0,-9.210000038146973,0.45665547251701355,7.33404016494751
2691,1,9.210000038146973,0.6207361221313477,7.459343433380127
2692,0,-9.210000038146973,0.2830490469932556,7.243791580200195
2693,0,-9.210000038146973,0.3157702088356018,6.997751235961914
2694,0,-9.210000038146973,0.14081193506717682,6.890568733215332
2695,0,-9.210000038146973,0.19641904532909393,6.881453037261963
2696,0,-9.210000038146973,0.21642553806304932,6.948837757110596
2697,0,-9.210000038146973,0.10307060927152634,6.928652286529541
2698,0,-9.210000038146973,0.2087491750717163,6.485419750213623
2699,0,-9.210000038146973,0.11585741490125656,6.082430362701416
2700,0,-9.210000038146973,0.09443242847919464,6.456422805786133
2701,0,-9.210000038146973,0.15961626172065735,7.2226881980896
2702,0,-9.210000038146973,0.12412450462579727,6.527065753936768
2703,0,-9.210000038146973,0.10084148496389389,6.246756553649902
2704,0,-9.210000038146973,0.17772072553634644,6.044186115264893
2705,0,-9.210000038146973,0.13156035542488098,6.717434883117676
2706,0,-7.699999809265137,0.4586793780326843,5.652386665344238
2707,0,-7.699999809265137,0.44567519426345825,5.500826835632324
2708,0,-7.699999809265137,0.37527230381965637,5.691558361053467
2709,0,-7.699999809265137,0.44343915581703186,5.3877177238464355
2710,0,-7.699999809265137,0.41103798151016235,5.501819610595703
2711,0,-7.699999809265137,0.4133816957473755,5.457645893096924
2712,1,6.900000095367432,0.814602792263031,7.195782661437988
2713,1,6.900000095367432,0.8064312934875488,7.142443656921387
2714,1,6.900000095367432,0.5446783900260925,6.474556922912598
2715,0,-6.900000095367432,0.2603202164173126,5.717649936676025
2716,0,-6.900000095367432,0.41595396399497986,6.425545692443848
2717,0,-6.900000095367432,0.3107900321483612,6.000604152679443
2718,1,11.819999694824219,0.8802390694618225,10.621525764465332
2719,1,11.819999694824219,0.8866406679153442,10.648338317871094
2720,0,-11.819999694824219,0.5976585149765015,9.301332473754883
2721,0,-11.819999694824219,0.8279455304145813,10.63545036315918
2722,0,-11.819999694824219,0.468112587928772,9.072256088256836
2723,0,-11.819999694824219,0.4236370027065277,9.063455581665039
2724,0,-11.819999694824219,0.789272129535675,9.864204406738281
2725,0,-11.819999694824219,0.47722068428993225,8.99173355102539
2726,0,-9.100000381469727,0.6794451475143433,9.150748252868652
2727,0,-9.100000381469727,0.6369291543960571,8.996825218200684
2728,0,-9.100000381469727,0.7359662055969238,9.208085060119629
2729,0,-9.100000381469727,0.6962807178497314,8.873495101928711
2730,0,-9.100000381469727,0.7198402881622314,8.84748363494873
2731,0,-9.100000381469727,0.7040969729423523,9.018208503723145
2732,0,-9.100000381469727,0.6787694692611694,8.710268020629883
2733,1,9.100000381469727,0.7480955123901367,8.44349479675293
2734,0,-9.100000381469727,0.6665552854537964,8.730573654174805
2735,0,-9.100000381469727,0.7287907600402832,8.72577953338623
2736,0,-9.100000381469727,0.6234239339828491,8.11512279510498
2737,0,-9.100000381469727,0.6433308124542236,8.862703323364258
2738,0,-9.100000381469727,0.6303758025169373,8.671491622924805
2739,0,-9.100000381469727,0.6127718091011047,8.98258113861084
2740,0,-9.100000381469727,0.7245231866836548,9.063501358032227
2741,0,-9.100000381469727,0.7576220631599426,8.71355152130127
2742,0,-9.100000381469727,0.5499325394630432,8.452216148376465
2743,0,-9.100000381469727,0.7011553645133972,8.657472610473633
2744,0,-9.100000381469727,0.5802069306373596,8.242399215698242
2745,0,-9.100000381469727,0.5809810161590576,8.154214859008789
2746,1,8.399999618530273,0.86940598487854,8.828858375549316
2747,1,8.399999618530273,0.8565896153450012,8.898603439331055
2748,0,-8.399999618530273,0.8782224059104919,8.733972549438477
2749,1,6.460000038146973,0.7001890540122986,6.767143249511719
2750,0,-6.460000038146973,0.43180909752845764,5.936183452606201
2751,0,-6.460000038146973,0.38132479786872864,6.021792411804199
2752,0,-6.460000038146973,0.6282925009727478,6.27390193939209
2753,0,-6.460000038146973,0.20156769454479218,5.550108909606934
2754,0,-6.460000038146973,0.4746457636356354,6.233914852142334
2755,0,-6.460000038146973,0.3345601558685303,5.783470630645752
2756,0,-6.460000038146973,0.3595966696739197,6.186933994293213
2757,0,-6.460000038146973,0.5516747832298279,6.451550006866455
2758,0,-6.460000038146973,0.519111156463623,6.233321189880371
2759,0,-6.460000038146973,0.4600246548652649,6.5066633224487305
2760,0,-6.460000038146973,0.41992437839508057,6.3260884284973145
2761,0,-6.460000038146973,0.6521934866905212,6.749563217163086
2762,0,-6.460000038146973,0.3495406210422516,6.263747215270996
2763,0,-6.460000038146973,0.28065747022628784,5.994659423828125
2764,0,-6.460000038146973,0.32445845007896423,6.2742791175842285
2765,0,-6.460000038146973,0.4486379027366638,6.281625747680664
2766,0,-6.460000038146973,0.34299102425575256,5.972362995147705
2767,0,-6.460000038146973,0.4357568323612213,6.711697578430176
2768,0,-6.460000038146973,0.23550370335578918,6.135080814361572
2769,0,-6.460000038146973,0.4655880033969879,6.884284019470215
2770,1,5.190000057220459,0.8050472736358643,7.6116156578063965
2771,1,5.190000057220459,0.7910027503967285,7.5322980880737305
2772,0,-5.190000057220459,0.7029401659965515,7.583223342895508
2773,0,-5.190000057220459,0.761360228061676,7.304324150085449
2774,0,-5.190000057220459,0.6347503662109375,6.989620208740234
2775,1,3.700000047683716,0.8118739128112793,3.9425997734069824
2776,1,3.700000047683716,0.8170263171195984,3.958998918533325
2777,1,3.700000047683716,0.7129838466644287,4.133082389831543
2778,0,-3.700000047683716,0.6928447484970093,4.044472694396973
2779,0,-3.700000047683716,0.7270243167877197,3.98583984375
2780,0,-3.700000047683716,0.4108486771583557,4.1827287673950195
2781,0,-3.700000047683716,0.44746384024620056,4.3987627029418945
2782,0,-3.700000047683716,0.6641017198562622,4.150790691375732
2783,0,-3.700000047683716,0.32985299825668335,4.674877643585205
2784,0,-3.700000047683716,0.5004357695579529,4.184542655944824
2785,0,-3.700000047683716,0.3510827422142029,4.266139984130859
2786,0,-3.700000047683716,0.3871997892856598,4.498752593994141
2787,0,-3.700000047683716,0.29487040638923645,4.462909698486328
2788,1,6.849999904632568,0.8174442052841187,7.731059551239014
2789,1,6.849999904632568,0.8591139316558838,7.852205276489258
2790,1,6.849999904632568,0.8654263019561768,7.807201385498047
2791,0,-6.849999904632568,0.8014810681343079,8.037677764892578
2792,0,-6.849999904632568,0.44401681423187256,7.550953388214111
2793,0,-6.849999904632568,0.6530402302742004,6.684490203857422
2794,0,-6.849999904632568,0.4370748996734619,6.7205586433410645
2795,0,-6.849999904632568,0.35093751549720764,4.943824768066406
2796,0,-6.849999904632568,0.5584491491317749,7.29803466796875
2797,1,3.619999885559082,0.5692649483680725,4.34851598739624
2798,1,3.619999885559082,0.48731568455696106,4.375938892364502
2799,0,-3.619999885559082,0.5000200867652893,4.45844030380249
2800,0,-3.619999885559082,0.4319779574871063,4.065392017364502
2801,0,-3.619999885559082,0.3674996793270111,4.031673908233643
2802,0,-3.619999885559082,0.2552390694618225,4.007940292358398
2803,0,-3.619999885559082,0.37624865770339966,4.297104835510254
2804,0,-3.619999885559082,0.28716376423835754,3.694101572036743
2805,0,-3.619999885559082,0.3783000409603119,3.9429190158843994
2806,0,-3.619999885559082,0.442433625459671,4.267504692077637
2807,0,-3.619999885559082,0.2651042938232422,3.8070616722106934
2808,0,-3.619999885559082,0.3463851511478424,4.1836981773376465
2809,0,-3.619999885559082,0.27657926082611084,3.795976161956787
2810,0,-3.619999885559082,0.33433642983436584,4.155801773071289
2811,0,-3.619999885559082,0.30703461170196533,3.893717050552368
2812,0,-3.619999885559082,0.2711305320262909,3.8581814765930176
2813,0,-3.619999885559082,0.3245847225189209,3.8096225261688232
2814,0,-3.619999885559082,0.21871505677700043,3.605083703994751
2815,0,-3.619999885559082,0.23100966215133667,3.8740768432617188
2816,0,-3.619999885559082,0.32967373728752136,3.772231101989746
2817,1,8.25,0.7814444303512573,8.336341857910156
2818,1,8.25,0.7787988781929016,8.326665878295898
2819,0,-8.25,0.5728430151939392,8.040091514587402
2820,1,3.569999933242798,0.7575385570526123,5.03993558883667
2821,0,-3.569999933242798,0.25933849811553955,4.757580757141113
2822,1,3.569999933242798,0.75010746717453,5.039323329925537
2823,0,-3.569999933242798,0.2621169686317444,4.5886664390563965
2824,0,-3.569999933242798,0.3133695125579834,4.466553688049316
2825,0,-3.569999933242798,0.4728161096572876,4.933837413787842
2826,0,-3.569999933242798,0.279401570558548,4.519937515258789
2827,0,-3.569999933242798,0.4118354320526123,4.619305610656738
2828,0,-3.569999933242798,0.3459784984588623,4.57088565826416
2829,0,-3.569999933242798,0.4201608896255493,4.878835678100586
2830,1,3.569999933242798,0.572320282459259,4.795506000518799
2831,0,-3.569999933242798,0.37991249561309814,4.401425361633301
2832,0,-3.569999933242798,0.5144342184066772,4.288532257080078
2833,0,-3.569999933242798,0.38763338327407837,4.7003912925720215
2834,0,-3.569999933242798,0.20500987768173218,4.379053592681885
2835,0,-3.569999933242798,0.34647366404533386,4.815096855163574
2836,0,-3.569999933242798,0.3426787555217743,4.668614387512207
2837,0,-3.569999933242798,0.30634862184524536,4.199079990386963
2838,0,-3.569999933242798,0.3574966490268707,4.821569919586182
2839,0,-3.569999933242798,0.42989689111709595,4.3460588455200195
2840,0,-3.569999933242798,0.21920950710773468,4.6574835777282715
2841,1,7.960000038146973,0.7948549389839172,7.662848949432373
2842,1,7.960000038146973,0.6285194754600525,8.232515335083008
2843,1,7.960000038146973,0.4383383095264435,8.268173217773438
2844,0,-7.960000038146973,0.7052718997001648,7.910052299499512
2845,0,-7.960000038146973,0.36301863193511963,6.734042167663574
2846,0,-7.960000038146973,0.4234887659549713,6.888641834259033
2847,0,-7.960000038146973,0.2212008833885193,6.245206832885742
2848,1,9.270000457763672,0.8645220994949341,6.936282157897949
2849,1,9.270000457763672,0.8767971992492676,7.079042911529541
2850,1,9.270000457763672,0.8682929873466492,6.909893989562988
2851,1,2.4000000953674316,0.7327345013618469,3.8158798217773438
2852,1,2.4000000953674316,0.7344216704368591,3.819197177886963
2853,1,2.4000000953674316,0.43952837586402893,3.5786776542663574
2854,0,-2.4000000953674316,0.46425309777259827,3.925745964050293
2855,0,-2.4000000953674316,0.41853395104408264,3.9945766925811768
2856,0,-2.4000000953674316,0.17725500464439392,3.6396377086639404
2857,0,-2.4000000953674316,0.3618663549423218,3.906249523162842
2858,0,-2.4000000953674316,0.5561404824256897,3.7550549507141113
2859,0,-2.4000000953674316,0.2737908661365509,3.8546574115753174
2860,0,-2.4000000953674316,0.2408575564622879,3.9406557083129883
2861,0,-2.4000000953674316,0.159639373421669,3.6141510009765625
2862,0,-2.4000000953674316,0.1632547676563263,3.603891134262085
2863,0,-2.4000000953674316,0.4113437831401825,3.6663050651550293
2864,0,-2.4000000953674316,0.24361951649188995,3.9158003330230713
2865,1,9.039999961853027,0.7888372540473938,7.5218610763549805
2866,1,9.039999961853027,0.7616048455238342,7.456785202026367
2867,0,-9.039999961853027,0.6687519550323486,7.285473823547363
2868,1,9.039999961853027,0.7411506772041321,7.439194202423096
2869,0,-9.039999961853027,0.6683791279792786,7.1980414390563965
2870,0,-9.039999961853027,0.5710709691047668,6.901363372802734
2871,0,-9.039999961853027,0.6991605758666992,7.447534561157227
2872,0,-9.039999961853027,0.5138702988624573,7.132839202880859
2873,0,-9.039999961853027,0.6167733669281006,7.120380878448486
2874,0,-9.039999961853027,0.5743198990821838,7.241966724395752
2875,0,-9.039999961853027,0.6151496767997742,7.158090591430664
2876,0,-9.039999961853027,0.5797486901283264,7.109925270080566
2877,1,6.320000171661377,0.5827910304069519,7.083220958709717
2878,0,-6.320000171661377,0.5439780950546265,7.2821269035339355
2879,0,-6.320000171661377,0.6590532064437866,7.315563201904297
2880,0,-6.320000171661377,0.553669810295105,7.2939066886901855
2881,1,6.320000171661377,0.5866090655326843,7.07147741317749
2882,0,-6.320000171661377,0.4996488392353058,6.353294372558594
2883,0,-6.320000171661377,0.5748244524002075,6.855905055999756
2884,1,6.320000171661377,0.634014904499054,6.996473789215088
2885,0,-6.320000171661377,0.5112144947052002,6.743865966796875
2886,0,-6.320000171661377,0.5700564384460449,7.289697170257568
2887,0,-6.320000171661377,0.5110791325569153,7.342874050140381
2888,0,-6.320000171661377,0.37106749415397644,5.499246120452881
2889,0,-6.320000171661377,0.3803752660751343,6.903029918670654
2890,0,-6.320000171661377,0.2537510395050049,5.168153285980225
2891,0,-6.320000171661377,0.5223200917243958,7.388067722320557
2892,0,-6.320000171661377,0.33370745182037354,4.892064094543457
2893,0,-6.320000171661377,0.1914142668247223,4.3526835441589355
2894,0,-6.320000171661377,0.1759607344865799,3.8869595527648926
2895,0,-6.320000171661377,0.28254973888397217,4.048246383666992
2896,0,-6.320000171661377,0.15873262286186218,4.000659942626953
2897,0,-6.320000171661377,0.24587829411029816,3.9957633018493652
2898,1,8.520000457763672,0.5595028400421143,6.992185592651367
2899,0,-8.520000457763672,0.5355120301246643,7.279001712799072
2900,0,-8.520000457763672,0.6138467192649841,7.224945545196533
2901,0,-8.520000457763672,0.46264973282814026,7.029979228973389
2902,0,-8.520000457763672,0.476702481508255,7.332571029663086
2903,0,-8.520000457763672,0.4289962947368622,7.336647033691406
2904,0,-8.520000457763672,0.37373241782188416,6.8313798904418945
2905,0,-8.520000457763672,0.5501160621643066,6.84538459777832
2906,0,-8.520000457763672,0.48945268988609314,6.620919227600098
2907,0,-8.520000457763672,0.4156759977340698,7.118393421173096
2908,0,-8.520000457763672,0.375845730304718,7.379622936248779
2909,0,-8.520000457763672,0.4416714906692505,6.939741134643555
2910,0,-8.520000457763672,0.4538280665874481,7.112314224243164
2911,0,-8.520000457763672,0.3666114807128906,7.207588195800781
2912,0,-8.520000457763672,0.3155549168586731,7.226670265197754
2913,0,-8.520000457763672,0.2547280490398407,6.386152744293213
2914,0,-8.520000457763672,0.4182097613811493,7.4037675857543945
2915,0,-8.520000457763672,0.24092158675193787,5.729010581970215
2916,0,-8.520000457763672,0.31446829438209534,6.791060447692871
2917,0,-8.520000457763672,0.3418053984642029,7.049850940704346
2918,0,-8.520000457763672,0.20193523168563843,6.468378067016602
2919,1,3.6600000858306885,0.6792645454406738,4.695650100708008
2920,1,3.6600000858306885,0.6600109934806824,4.631484508514404
2921,1,3.6600000858306885,0.30952736735343933,4.451241493225098
2922,0,-3.6600000858306885,0.3053567409515381,3.985245704650879
2923,1,3.6600000858306885,0.316383421421051,4.422175884246826
2924,0,-3.6600000858306885,0.5385966897010803,3.8380815982818604
2925,0,-3.6600000858306885,0.2863315939903259,3.872795581817627
2926,0,-3.6600000858306885,0.27178332209587097,3.657595157623291
2927,0,-3.6600000858306885,0.27756187319755554,4.163943290710449
2928,0,-3.6600000858306885,0.3289247155189514,3.90139102935791
2929,0,-3.6600000858306885,0.23819176852703094,4.067683219909668
2930,0,-3.6600000858306885,0.3208855092525482,3.99458384513855
2931,0,-3.6600000858306885,0.49423718452453613,4.473915100097656
2932,1,3.6600000858306885,0.49509197473526,4.131410598754883
2933,0,-3.6600000858306885,0.38651353120803833,3.834897994995117
2934,0,-3.6600000858306885,0.2771444022655487,3.72456693649292
2935,0,-3.6600000858306885,0.2532890737056732,3.706514358520508
2936,0,-3.6600000858306885,0.272095263004303,3.616499900817871
2937,0,-3.6600000858306885,0.26571226119995117,3.5209484100341797
2938,0,-3.6600000858306885,0.2888810932636261,3.8139328956604004
2939,0,-3.6600000858306885,0.4267560839653015,4.326848030090332
2940,1,4.820000171661377,0.556819498538971,4.107748508453369
2941,0,-4.820000171661377,0.41856563091278076,3.977018356323242
2942,0,-4.820000171661377,0.28000888228416443,3.3523271083831787
2943,0,-4.820000171661377,0.4095883369445801,3.6939146518707275
2944,0,-4.820000171661377,0.3192131221294403,4.108928680419922
2945,1,4.820000171661377,0.5158610939979553,4.140210151672363
2946,0,-4.820000171661377,0.43557843565940857,4.003387451171875
2947,0,-4.820000171661377,0.5081189870834351,4.1901044845581055
2948,0,-4.820000171661377,0.35595038533210754,3.654564142227173
2949,0,-4.820000171661377,0.44304922223091125,4.221859931945801
2950,0,-4.820000171661377,0.2961377501487732,3.5506691932678223
2951,0,-4.820000171661377,0.5060427188873291,4.098237991333008
2952,0,-4.820000171661377,0.2850090265274048,3.3696162700653076
2953,0,-4.820000171661377,0.38558974862098694,3.502042293548584
2954,0,-4.820000171661377,0.5013200640678406,4.174768447875977
2955,0,-4.820000171661377,0.24258846044540405,3.903909683227539
2956,0,-4.820000171661377,0.43743520975112915,3.839595079421997
2957,0,-4.820000171661377,0.28416940569877625,3.4004225730895996
2958,0,-4.820000171661377,0.25951191782951355,3.5627493858337402
2959,1,4.820000171661377,0.3927386999130249,4.289890289306641
2960,0,-4.820000171661377,0.2591110169887543,3.7937276363372803
2961,1,8.65999984741211,0.8614054322242737,8.010498046875
2962,1,8.65999984741211,0.8176519274711609,7.729471206665039
2963,0,-8.65999984741211,0.8614581823348999,8.316997528076172
2964,0,-8.65999984741211,0.32561779022216797,6.160419464111328
2965,0,-8.65999984741211,0.447512149810791,6.399184226989746
2966,0,-8.65999984741211,0.40089425444602966,6.0695319175720215
2967,0,-8.65999984741211,0.378828763961792,5.839975357055664
2968,0,-8.65999984741211,0.5754374861717224,6.853575706481934
2969,0,-8.65999984741211,0.557275652885437,6.929070472717285
2970,0,-8.65999984741211,0.7301219701766968,7.628649711608887
2971,0,-8.65999984741211,0.4874047338962555,6.056474685668945
2972,0,-8.65999984741211,0.5489435791969299,6.732269287109375
2973,0,-8.65999984741211,0.34901851415634155,4.783984661102295
2974,1,10.170000076293945,0.8585844039916992,7.4680562019348145
2975,1,10.170000076293945,0.8618918061256409,7.456737518310547
2976,0,-10.170000076293945,0.8761492967605591,7.360141754150391
2977,0,-10.170000076293945,0.3922402858734131,5.860480785369873
2978,0,-10.170000076293945,0.36272871494293213,6.232306480407715
2979,1,8.100000381469727,0.6826117038726807,5.985322952270508
2980,1,8.100000381469727,0.6810516715049744,6.000263214111328
2981,0,-8.100000381469727,0.6351609230041504,5.656858921051025
2982,1,8.100000381469727,0.6612457036972046,6.154435157775879
2983,0,-8.100000381469727,0.6491947770118713,5.84319543838501
2984,0,-8.100000381469727,0.4233178496360779,6.136254787445068
2985,0,-7.170000076293945,0.23003722727298737,8.333730697631836
2986,0,-7.170000076293945,0.3765215277671814,8.350569725036621
2987,0,-7.170000076293945,0.4476999342441559,8.439044952392578
2988,0,-7.170000076293945,0.4718616306781769,8.466843605041504
2989,1,7.170000076293945,0.4732630252838135,8.425731658935547
2990,0,-7.170000076293945,0.5405290722846985,8.470069885253906
2991,0,-7.170000076293945,0.28080999851226807,8.29601001739502
2992,0,-7.170000076293945,0.4251301884651184,8.161619186401367
2993,0,-7.170000076293945,0.45325636863708496,8.232086181640625
2994,0,-7.170000076293945,0.4089100658893585,8.214022636413574
2995,0,-7.170000076293945,0.4262756407260895,8.463738441467285
2996,0,-7.170000076293945,0.410567045211792,8.391180992126465
2997,0,-7.170000076293945,0.44525837898254395,8.263537406921387
2998,0,-7.170000076293945,0.4089139699935913,8.226554870605469
2999,0,-7.170000076293945,0.2061348259449005,8.180999755859375
3000,0,-7.170000076293945,0.27762672305107117,8.340718269348145
3001,0,-7.170000076293945,0.252747118473053,8.20723819732666
3002,0,-7.170000076293945,0.23868201673030853,7.81443452835083
3003,0,-7.170000076293945,0.13047674298286438,7.764161109924316
3004,0,-7.170000076293945,0.06861370801925659,7.244976043701172
3005,1,5.789999961853027,0.5901733636856079,7.959606170654297
3006,0,-5.789999961853027,0.6430866122245789,8.33683967590332
3007,1,5.789999961853027,0.5590648651123047,7.895980358123779
3008,0,-5.789999961853027,0.28445079922676086,7.585174560546875
3009,0,-5.789999961853027,0.17295360565185547,7.748854637145996
3010,0,-5.789999961853027,0.2970442771911621,7.94606876373291
3011,0,-5.789999961853027,0.1886736899614334,7.2066779136657715
3012,0,-5.789999961853027,0.22453707456588745,8.17733383178711
3013,0,-5.789999961853027,0.2001497447490692,7.797956466674805
3014,0,-5.789999961853027,0.32154133915901184,7.622183322906494
3015,0,-5.789999961853027,0.13753573596477509,7.349583625793457
3016,0,-5.789999961853027,0.16476283967494965,7.672683238983154
3017,0,-5.789999961853027,0.32305091619491577,7.502150535583496
3018,0,-5.789999961853027,0.22876636683940887,7.778446197509766
3019,0,-5.789999961853027,0.23315757513046265,7.801584720611572
3020,0,-5.789999961853027,0.12518802285194397,6.7194623947143555
3021,0,-5.789999961853027,0.12069752812385559,7.3559088706970215
3022,0,-5.789999961853027,0.1787666231393814,6.227662563323975
3023,0,-5.789999961853027,0.36434614658355713,7.004174709320068
3024,0,-5.789999961853027,0.12619523704051971,6.85248327255249
3025,0,-5.789999961853027,0.1331031620502472,7.623846530914307
3026,1,7.800000190734863,0.7022160291671753,7.996691703796387
3027,1,7.800000190734863,0.7214145660400391,8.086286544799805
3028,1,7.800000190734863,0.5753936171531677,8.192975044250488
3029,0,-7.800000190734863,0.537561297416687,8.043153762817383
3030,0,-7.800000190734863,0.41753146052360535,8.026792526245117
3031,0,-7.800000190734863,0.440852552652359,7.733792304992676
3032,0,-7.800000190734863,0.42721232771873474,7.84744119644165
3033,0,-7.800000190734863,0.39122697710990906,7.639876842498779
3034,1,9.520000457763672,0.8329917788505554,7.320894241333008
3035,1,9.520000457763672,0.83528071641922,7.318119525909424
3036,0,-9.520000457763672,0.7285141944885254,7.28515625
3037,1,3.0999999046325684,0.6916401386260986,6.510424613952637
3038,1,3.0999999046325684,0.6839945912361145,6.4943013191223145
3039,0,-3.0999999046325684,0.6463213562965393,6.466901779174805
3040,0,-3.0999999046325684,0.5632873177528381,6.256535530090332
3041,0,-3.0999999046325684,0.6118788123130798,6.54250431060791
3042,0,-3.0999999046325684,0.5425115823745728,6.157444953918457
3043,0,-3.0999999046325684,0.5150411128997803,6.188662528991699
3044,0,-3.0999999046325684,0.6099647283554077,6.1248579025268555
3045,0,-3.0999999046325684,0.5548922419548035,6.126646041870117
3046,0,-3.0999999046325684,0.6369200348854065,6.108815670013428
3047,0,-3.0999999046325684,0.463263601064682,5.941598892211914
3048,0,-3.0999999046325684,0.5200625061988831,6.2493109703063965
3049,0,-3.0999999046325684,0.47205501794815063,5.821322917938232
3050,0,-3.0999999046325684,0.4326013922691345,6.080874919891357
3051,0,-3.0999999046325684,0.5412912964820862,6.285800457000732
3052,0,-3.0999999046325684,0.5367511510848999,5.946863174438477
3053,0,-3.0999999046325684,0.30698922276496887,5.909241199493408
3054,0,-3.0999999046325684,0.36778756976127625,5.133368968963623
3055,0,-3.0999999046325684,0.41092830896377563,5.2861552238464355
3056,0,-3.0999999046325684,0.45778900384902954,5.873480796813965
3057,0,-3.0999999046325684,0.4617469906806946,5.938571929931641
3058,1,8.770000457763672,0.8461793661117554,7.945644378662109
3059,1,8.770000457763672,0.8662347197532654,8.062201499938965
3060,1,8.770000457763672,0.859184980392456,8.054998397827148
3061,0,-8.770000457763672,0.8476613163948059,7.926778793334961
3062,0,-8.770000457763672,0.744271993637085,7.298728942871094
3063,1,2.890000104904175,0.5861905217170715,3.826732635498047
3064,0,-2.890000104904175,0.43818339705467224,3.520458936691284
3065,0,-2.890000104904175,0.4013943076133728,3.7838757038116455
3066,0,-2.890000104904175,0.47490155696868896,3.1551706790924072
3067,0,-2.890000104904175,0.47387707233428955,3.997936725616455
3068,0,-2.890000104904175,0.37225618958473206,3.465686559677124
3069,0,-2.890000104904175,0.502591073513031,3.5808284282684326
3070,0,-2.890000104904175,0.45811814069747925,3.367851734161377
3071,0,-2.890000104904175,0.46617844700813293,3.0920143127441406
3072,1,2.890000104904175,0.524949312210083,3.739792823791504
3073,0,-2.890000104904175,0.41637086868286133,3.555628538131714
3074,0,-2.890000104904175,0.4584667384624481,3.253791332244873
3075,0,-2.890000104904175,0.46594569087028503,3.4964873790740967
3076,0,-2.890000104904175,0.5179926156997681,3.6832430362701416
3077,0,-2.890000104904175,0.4803486466407776,3.460094451904297
3078,0,-2.890000104904175,0.42774128913879395,3.4362542629241943
3079,0,-2.890000104904175,0.42819976806640625,3.4012556076049805
3080,0,-2.890000104904175,0.3047522306442261,4.7873125076293945
3081,0,-2.890000104904175,0.46374231576919556,4.789253234863281
3082,0,-2.890000104904175,0.48206013441085815,3.0077548027038574
3083,0,-2.890000104904175,0.29935649037361145,3.749967098236084
3084,1,2.9200000762939453,0.7085443139076233,4.836998462677002
3085,0,-2.9200000762939453,0.5512123107910156,4.825751781463623
3086,0,-2.9200000762939453,0.5621216893196106,4.7095842361450195
3087,0,-2.9200000762939453,0.40924587845802307,4.297045707702637
3088,1,2.9200000762939453,0.798769474029541,4.958052158355713
3089,0,-2.9200000762939453,0.4480704963207245,4.3198418617248535
3090,0,-2.9200000762939453,0.6312441825866699,4.771668434143066
3091,0,-2.9200000762939453,0.33947262167930603,4.3050336837768555
3092,0,-2.9200000762939453,0.5348085761070251,4.794751167297363
3093,0,-2.9200000762939453,0.42807307839393616,4.52027702331543
3094,0,-2.9200000762939453,0.5241187810897827,4.402955532073975
3095,0,-2.9200000762939453,0.5710566639900208,4.916867256164551
3096,0,-2.9200000762939453,0.48587894439697266,4.336817741394043
3097,0,-2.9200000762939453,0.5759316086769104,4.3203864097595215
3098,0,-2.9200000762939453,0.5305874347686768,4.416484355926514
3099,0,-2.9200000762939453,0.4784998595714569,4.763596534729004
3100,1,6.5,0.80008465051651,6.440019130706787
3101,1,6.5,0.7968000173568726,6.40643835067749
3102,0,-6.5,0.492721825838089,5.985725402832031
3103,0,-6.5,0.460741251707077,5.535807132720947
3104,0,-6.5,0.47570720314979553,5.328654766082764
3105,0,-6.5,0.5157210826873779,5.753017425537109
3106,0,-6.5,0.46526023745536804,5.319464206695557
3107,0,-6.5,0.4732513725757599,5.5966105461120605
3108,0,-6.5,0.5517152547836304,5.988363265991211
3109,1,5.369999885559082,0.551633894443512,4.9934844970703125
3110,0,-5.369999885559082,0.6850491762161255,5.307216644287109
3111,1,5.369999885559082,0.5611985921859741,5.013214111328125
3112,0,-5.369999885559082,0.6152324080467224,4.986433029174805
3113,0,-5.369999885559082,0.6484168171882629,5.01287317276001
3114,0,-5.369999885559082,0.4639318585395813,4.9974260330200195
3115,0,-5.369999885559082,0.6164637804031372,4.982944965362549
3116,0,-5.369999885559082,0.3827652037143707,4.8602447509765625
3117,1,6.480000019073486,0.6320053935050964,5.447277545928955
3118,0,-6.480000019073486,0.6555562615394592,5.342780113220215
3119,0,-6.480000019073486,0.4840885102748871,5.305865287780762
3120,0,-6.480000019073486,0.557392418384552,5.510917663574219
3121,1,6.480000019073486,0.6322223544120789,5.460431098937988
3122,1,6.480000019073486,0.536378026008606,5.302337646484375
3123,0,-6.480000019073486,0.6094366312026978,5.607066631317139
3124,0,-6.480000019073486,0.5627945065498352,5.683176040649414
3125,0,-6.480000019073486,0.45892995595932007,5.640779495239258
3126,0,-6.480000019073486,0.4226738512516022,5.7284111976623535
3127,1,5.099999904632568,0.8263810276985168,4.333768844604492
3128,1,5.099999904632568,0.8242179751396179,4.333606243133545
3129,0,-5.099999904632568,0.69395911693573,3.985360622406006
3130,0,-5.099999904632568,0.6889938712120056,3.9771535396575928
3131,1,5.099999904632568,0.7444066405296326,4.283781051635742
3132,1,5.099999904632568,0.6219842433929443,3.943873643875122
3133,0,-5.099999904632568,0.4316910207271576,3.887326240539551
3134,0,-5.099999904632568,0.3137597143650055,3.592449903488159
3135,0,-5.099999904632568,0.2649728059768677,3.6493923664093018
3136,0,-5.099999904632568,0.2593896985054016,3.679014205932617
3137,0,-5.099999904632568,0.28219783306121826,3.5688278675079346
3138,0,-5.099999904632568,0.31514543294906616,3.572145938873291
3139,0,-5.099999904632568,0.18263056874275208,3.5624866485595703
3140,0,-5.099999904632568,0.2648236155509949,3.544332981109619
3141,0,-5.099999904632568,0.27291232347488403,3.7411937713623047
3142,0,-5.099999904632568,0.1948552131652832,3.560786724090576
3143,0,-5.099999904632568,0.21428042650222778,3.555182456970215
3144,0,-5.099999904632568,0.16422750055789948,3.5820822715759277
3145,0,-5.099999904632568,0.15597550570964813,3.3508119583129883
3146,0,-5.099999904632568,0.20818153023719788,3.3213863372802734
3147,1,4.659999847412109,0.6121901273727417,4.642232894897461
3148,0,-4.659999847412109,0.5599210262298584,4.91400671005249
3149,0,-4.659999847412109,0.6083061695098877,4.759570121765137
3150,0,-4.659999847412109,0.6322912573814392,4.665432453155518
3151,0,-4.659999847412109,0.555239200592041,4.876376152038574
3152,0,-4.659999847412109,0.509414553642273,4.539011001586914
3153,1,4.659999847412109,0.6108625531196594,4.568243503570557
3154,0,-4.659999847412109,0.42378637194633484,4.722413063049316
3155,0,-4.659999847412109,0.4407658576965332,5.000763893127441
3156,0,-4.659999847412109,0.4762142598628998,4.520627975463867
3157,0,-4.659999847412109,0.5317946076393127,5.225668430328369
3158,0,-4.659999847412109,0.337825208902359,5.0839433670043945
3159,0,-4.659999847412109,0.38008949160575867,4.535426139831543
3160,0,-4.659999847412109,0.38424596190452576,4.822808742523193
3161,0,-4.659999847412109,0.40858131647109985,4.285719394683838
3162,0,-4.659999847412109,0.3411515951156616,4.6832427978515625
3163,0,-4.659999847412109,0.47586026787757874,4.048734664916992
3164,0,-4.659999847412109,0.3921094238758087,3.9677071571350098
3165,0,-4.659999847412109,0.2756859362125397,4.182736396789551
3166,1,2.069999933242798,0.7940971851348877,3.1801490783691406
3167,1,2.069999933242798,0.7893791198730469,3.315875291824341
3168,1,2.069999933242798,0.7886003851890564,3.1713826656341553
3169,1,2.069999933242798,0.6749624609947205,3.093019723892212
3170,0,-2.069999933242798,0.5768331289291382,3.091646671295166
3171,0,-2.069999933242798,0.7012147307395935,3.1335904598236084
3172,0,-2.069999933242798,0.6546412110328674,3.081813097000122
3173,0,-2.069999933242798,0.5284711718559265,2.9781336784362793
3174,0,-2.069999933242798,0.4966350495815277,3.015317916870117
3175,0,-2.069999933242798,0.5601141452789307,2.9897778034210205
3176,0,-2.069999933242798,0.5265322327613831,3.063577890396118
3177,0,-2.069999933242798,0.6942331790924072,3.143061637878418
3178,0,-2.069999933242798,0.37825700640678406,3.1097724437713623
3179,0,-2.069999933242798,0.4127271771430969,2.8936314582824707
3180,0,-2.069999933242798,0.4165477752685547,2.948476552963257
3181,0,-2.069999933242798,0.40466946363449097,2.987422227859497
3182,0,-2.069999933242798,0.3446049094200134,2.9476282596588135
3183,0,-2.069999933242798,0.24473412334918976,3.0782532691955566
3184,0,-2.069999933242798,0.3519620895385742,3.0078952312469482
3185,0,-2.069999933242798,0.28140637278556824,2.98545503616333
3186,1,10.920000076293945,0.7786341905593872,8.726163864135742
3187,1,10.920000076293945,0.808778703212738,8.493082046508789
3188,0,-10.920000076293945,0.7890182733535767,8.482625961303711
3189,0,-10.920000076293945,0.7676227688789368,8.681058883666992
3190,0,-10.920000076293945,0.2458389699459076,6.893180847167969
3191,0,-10.920000076293945,0.12588748335838318,6.923611640930176
3192,0,-10.920000076293945,0.4634731113910675,8.296395301818848
3193,0,-10.920000076293945,0.5754776000976562,8.29275894165039
3194,0,-10.920000076293945,0.23195676505565643,6.994856357574463
3195,0,-10.920000076293945,0.42095696926116943,7.9062180519104
3196,0,-10.920000076293945,0.31389281153678894,7.59929895401001
3197,0,-10.920000076293945,0.33738192915916443,7.802475452423096
3198,0,-10.920000076293945,0.08605139702558517,6.849951267242432
3199,0,-10.920000076293945,0.2939600646495819,7.529142379760742
3200,0,-10.920000076293945,0.5360167026519775,8.352076530456543
3201,0,-10.920000076293945,0.3013192415237427,7.2032246589660645
3202,0,-10.920000076293945,0.21005946397781372,6.849157333374023
3203,0,-10.920000076293945,0.3682158887386322,7.997764587402344
3204,0,-10.920000076293945,0.16801543533802032,6.3583760261535645
3205,0,-10.920000076293945,0.37367624044418335,7.689482688903809
3206,1,8.0,0.7217663526535034,8.320282936096191
3207,1,8.0,0.7257843613624573,8.307990074157715
3208,1,8.0,0.6949519515037537,8.310196876525879
3209,0,-8.0,0.7582712769508362,8.399518013000488
3210,1,2.819999933242798,0.5810328722000122,4.985795497894287
3211,0,-2.819999933242798,0.682371199131012,4.907928466796875
3212,0,-2.819999933242798,0.6699889302253723,4.7765350341796875
3213,0,-2.819999933242798,0.6219764351844788,4.97166633605957
3214,1,2.819999933242798,0.5710462331771851,4.883258819580078
3215,0,-2.819999933242798,0.5485478639602661,4.563703536987305
3216,1,2.819999933242798,0.5504584312438965,4.783454895019531
3217,0,-2.819999933242798,0.5871390700340271,4.782398700714111
3218,0,-2.819999933242798,0.6334306597709656,4.735418319702148
3219,0,-2.819999933242798,0.5566800236701965,4.751332759857178
3220,0,-2.819999933242798,0.41371601819992065,5.695240497589111
3221,0,-2.819999933242798,0.415762722492218,5.712553977966309
3222,0,-2.819999933242798,0.27200451493263245,5.79037618637085
3223,0,-2.819999933242798,0.2687917947769165,5.580033302307129
3224,0,-2.819999933242798,0.3224911093711853,6.679152965545654
3225,0,-2.819999933242798,0.2627030909061432,6.099104881286621
3226,0,-2.819999933242798,0.42668768763542175,5.4680328369140625
3227,0,-2.819999933242798,0.2280413955450058,6.123032569885254
3228,0,-2.819999933242798,0.22857873141765594,6.024091720581055
3229,0,-2.819999933242798,0.26212766766548157,5.526474952697754
3230,0,-2.819999933242798,0.28023257851600647,5.879408359527588
3231,1,3.0999999046325684,0.525440514087677,5.366131782531738
3232,0,-3.0999999046325684,0.5271773338317871,5.3747406005859375
3233,0,-3.0999999046325684,0.527905285358429,5.381468772888184
3234,0,-3.0999999046325684,0.5277326703071594,5.368364334106445
3235,0,-3.0999999046325684,0.5284155011177063,5.361497402191162
3236,0,-3.0999999046325684,0.5280473828315735,5.376289367675781
3237,0,-3.0999999046325684,0.5280346870422363,5.373821258544922
3238,0,-3.0999999046325684,0.529202938079834,5.377385139465332
3239,0,-3.0999999046325684,0.5289467573165894,5.377453327178955
3240,0,-3.0999999046325684,0.5285207033157349,5.377357482910156
3241,0,-3.0999999046325684,0.5253279209136963,5.382110118865967
3242,0,-3.0999999046325684,0.5282723903656006,5.395827770233154
3243,0,-3.0999999046325684,0.5251162052154541,5.377509593963623
3244,0,-3.0999999046325684,0.5275076627731323,5.390025615692139
3245,0,-3.0999999046325684,0.5253176689147949,5.371150970458984
3246,0,-3.0999999046325684,0.5263548493385315,5.3820061683654785
3247,0,-3.0999999046325684,0.5273683071136475,5.37052059173584
3248,0,-3.0999999046325684,0.5281116366386414,5.380805969238281
3249,0,-3.0999999046325684,0.528342604637146,5.387579441070557
3250,0,-3.0999999046325684,0.5288287997245789,5.398956775665283
3251,0,-3.0999999046325684,0.5266552567481995,5.377260684967041
3252,1,2.890000104904175,0.6946194767951965,3.455456495285034
3253,1,2.890000104904175,0.6719503998756409,3.4511570930480957
3254,1,2.890000104904175,0.6734791994094849,3.449411630630493
3255,1,2.890000104904175,0.6880902647972107,3.452864170074463
3256,0,-2.890000104904175,0.5265005826950073,3.336026906967163
3257,0,-2.890000104904175,0.5347885489463806,3.336984634399414
3258,0,-2.890000104904175,0.48799893260002136,3.3650918006896973
3259,0,-2.890000104904175,0.4170026183128357,3.3087940216064453
3260,1,2.890000104904175,0.5825359225273132,3.44498872756958
3261,0,-2.890000104904175,0.39101678133010864,3.2934763431549072
3262,0,-2.890000104904175,0.5385280251502991,3.3581960201263428
3263,0,-2.890000104904175,0.5804798007011414,3.287818670272827
3264,0,-2.890000104904175,0.5061537623405457,3.3681797981262207
3265,0,-2.890000104904175,0.48669981956481934,3.3263888359069824
3266,0,-2.890000104904175,0.5532801151275635,3.2757060527801514
3267,0,-2.890000104904175,0.49025243520736694,3.2562904357910156
3268,0,-2.890000104904175,0.43824607133865356,3.1928868293762207
3269,0,-2.890000104904175,0.35513946413993835,3.1955747604370117
3270,0,-2.890000104904175,0.3663652241230011,3.275151014328003
3271,0,-2.890000104904175,0.37927448749542236,3.331286668777466
3272,0,-2.890000104904175,0.4362891912460327,3.2842535972595215
3273,1,9.460000038146973,0.6634204983711243,8.626179695129395
3274,1,9.460000038146973,0.6531617641448975,8.623093605041504
3275,0,-9.460000038146973,0.5591127276420593,8.489553451538086
3276,1,2.2799999713897705,0.6831538677215576,5.283380508422852
3277,0,-2.2799999713897705,0.23867343366146088,4.667322635650635
3278,0,-2.2799999713897705,0.36339297890663147,4.744874477386475
3279,0,-2.2799999713897705,0.27002426981925964,4.711469650268555
3280,0,-2.2799999713897705,0.20041793584823608,4.915146827697754
3281,0,-2.2799999713897705,0.2150876224040985,4.772939682006836
3282,0,-2.2799999713897705,0.19970832765102386,4.73132848739624
3283,0,-2.2799999713897705,0.26030591130256653,4.854167938232422
3284,0,-2.2799999713897705,0.17893341183662415,4.830977439880371
3285,0,-2.2799999713897705,0.2577824592590332,4.774937629699707
3286,0,-2.2799999713897705,0.28162330389022827,4.775299549102783
3287,0,-2.2799999713897705,0.19787655770778656,4.864325523376465
3288,0,-2.2799999713897705,0.2543824017047882,4.898367881774902
3289,0,-2.2799999713897705,0.3397703170776367,5.127687931060791
3290,0,-2.2799999713897705,0.3332929015159607,4.950124740600586
3291,0,-2.2799999713897705,0.20178742706775665,4.859409809112549
3292,0,-2.2799999713897705,0.20632588863372803,4.734090805053711
3293,0,-2.2799999713897705,0.2043764889240265,4.663905143737793
3294,0,-2.2799999713897705,0.24715381860733032,4.795251846313477
3295,0,-2.2799999713897705,0.20131246745586395,4.817607402801514
3296,0,-2.2799999713897705,0.275937020778656,4.862297058105469
3297,1,6.510000228881836,0.672529935836792,4.645183563232422
3298,0,-6.510000228881836,0.5897419452667236,4.99791145324707
3299,0,-6.510000228881836,0.29041728377342224,6.707730293273926
3300,1,6.510000228881836,0.5205612778663635,4.440707206726074
3301,0,-6.510000228881836,0.49441012740135193,6.820396423339844
3302,0,-6.510000228881836,0.4217701852321625,7.023452281951904
3303,0,-6.510000228881836,0.35297977924346924,6.151640892028809
3304,0,-6.510000228881836,0.45392343401908875,6.642714023590088
3305,0,-6.510000228881836,0.4364730417728424,4.418766498565674
3306,0,-6.510000228881836,0.4447808861732483,4.418460369110107
3307,0,-6.510000228881836,0.28800997138023376,6.387225151062012
3308,0,-6.510000228881836,0.2693255841732025,4.699275493621826
3309,0,-6.510000228881836,0.3432587683200836,6.641953945159912
3310,0,-6.510000228881836,0.5200821757316589,4.248607635498047
3311,0,-6.510000228881836,0.34770438075065613,5.047745704650879
3312,0,-6.510000228881836,0.3085939288139343,4.768535614013672
3313,0,-6.510000228881836,0.3553178012371063,4.472171306610107
3314,0,-6.510000228881836,0.22399935126304626,5.690163612365723
3315,0,-6.510000228881836,0.4382396936416626,4.255353927612305
3316,0,-6.510000228881836,0.2605084776878357,5.777784824371338
3317,0,-6.510000228881836,0.20292022824287415,5.371346950531006
3318,1,5.139999866485596,0.4901500642299652,7.813085556030273
3319,0,-5.139999866485596,0.4267643392086029,7.1679792404174805
3320,0,-5.139999866485596,0.3991817235946655,7.057434558868408
3321,0,-5.139999866485596,0.25128287076950073,7.271709442138672
3322,1,5.139999866485596,0.36454325914382935,7.768374919891357
3323,0,-5.139999866485596,0.45148903131484985,7.255132675170898
3324,1,5.139999866485596,0.39836087822914124,7.580212116241455
3325,0,-5.139999866485596,0.39820396900177,7.426537990570068
3326,0,-5.139999866485596,0.16316284239292145,7.036888122558594
3327,0,-5.139999866485596,0.13471542298793793,6.71385383605957
3328,0,-5.139999866485596,0.1985398828983307,6.385054111480713
3329,0,-5.139999866485596,0.3478124737739563,7.2195234298706055
3330,0,-5.139999866485596,0.45136451721191406,7.58159065246582
3331,0,-5.139999866485596,0.19534552097320557,7.153228759765625
3332,0,-5.139999866485596,0.26355865597724915,6.700226306915283
3333,0,-5.139999866485596,0.3410123586654663,7.7920823097229
3334,0,-5.139999866485596,0.17373515665531158,5.891914367675781
3335,0,-5.139999866485596,0.22943788766860962,6.70896053314209
3336,0,-5.139999866485596,0.1618625819683075,6.464107990264893
3337,0,-5.139999866485596,0.19156132638454437,6.96746301651001
3338,0,-5.139999866485596,0.1378970593214035,6.815752983093262
3339,1,4.860000133514404,0.49714621901512146,6.909778594970703
3340,0,-4.860000133514404,0.2739182114601135,5.577434539794922
3341,1,4.860000133514404,0.5092417597770691,6.663861274719238
3342,0,-4.860000133514404,0.4692476689815521,6.487009525299072
3343,0,-4.860000133514404,0.4769419729709625,6.080939292907715
3344,1,4.860000133514404,0.40746790170669556,7.030862331390381
3345,0,-4.860000133514404,0.16351976990699768,4.925444602966309
3346,0,-4.860000133514404,0.3706010580062866,6.132087707519531
3347,0,-4.860000133514404,0.4624483287334442,6.607585906982422
3348,0,-4.860000133514404,0.260151207447052,6.121777534484863
3349,0,-4.860000133514404,0.35005462169647217,5.996337413787842
3350,0,-4.860000133514404,0.1511094719171524,4.535562515258789
3351,0,-4.860000133514404,0.2610938251018524,6.530850887298584
3352,0,-4.860000133514404,0.18528573215007782,4.428401470184326
3353,0,-4.860000133514404,0.47835278511047363,6.667266845703125
3354,0,-4.860000133514404,0.5272303223609924,6.420119762420654
3355,0,-4.860000133514404,0.40222790837287903,6.04716682434082
3356,0,-4.860000133514404,0.23684056103229523,5.886545658111572
3357,0,-4.860000133514404,0.13024799525737762,4.585599422454834
3358,0,-4.860000133514404,0.16164620220661163,4.482398509979248
3359,0,-4.860000133514404,0.14984993636608124,5.216116905212402
3360,1,7.960000038146973,0.6916671395301819,7.149188041687012
3361,1,7.960000038146973,0.7262318134307861,7.162558078765869
3362,0,-7.960000038146973,0.7969970107078552,7.220023155212402
3363,0,-7.960000038146973,0.7397149801254272,7.138825416564941
3364,0,-7.960000038146973,0.41551101207733154,6.945647716522217
3365,1,6.539999961853027,0.46504661440849304,6.731828689575195
3366,0,-6.539999961853027,0.47940564155578613,6.774014949798584
3367,0,-6.539999961853027,0.3812257945537567,6.4301886558532715
3368,0,-6.539999961853027,0.4802231788635254,6.761768341064453
3369,0,-6.539999961853027,0.44925400614738464,6.869401931762695
3370,0,-6.539999961853027,0.29675164818763733,6.477697849273682
3371,0,-6.539999961853027,0.2845941185951233,6.205153942108154
3372,1,6.539999961853027,0.4713198244571686,6.650163173675537
3373,0,-6.539999961853027,0.30114322900772095,6.468285083770752
3374,0,-6.539999961853027,0.33762887120246887,6.240345478057861
3375,0,-6.539999961853027,0.32235145568847656,6.202462196350098
3376,0,-6.539999961853027,0.18205887079238892,6.4493231773376465
3377,0,-6.539999961853027,0.18070800602436066,6.121006011962891
3378,0,-6.539999961853027,0.26694604754447937,6.934240818023682
3379,0,-6.539999961853027,0.243520125746727,6.996978282928467
3380,0,-6.539999961853027,0.1713593304157257,6.834465980529785
3381,0,-6.539999961853027,0.1636810302734375,6.585610389709473
3382,0,-6.539999961853027,0.43417513370513916,7.019752025604248
3383,0,-6.539999961853027,0.21443288028240204,6.840310096740723
3384,0,-6.539999961853027,0.1639394909143448,6.487269401550293
3385,0,-6.539999961853027,0.1543940156698227,6.971315383911133
3386,1,5.71999979019165,0.7232723832130432,4.945582389831543
3387,1,5.71999979019165,0.7323510646820068,4.97855281829834
3388,1,5.71999979019165,0.582155704498291,5.043068885803223
3389,0,-5.71999979019165,0.5861681699752808,4.4790191650390625
3390,0,-5.71999979019165,0.43247199058532715,4.333626747131348
3391,0,-5.71999979019165,0.5578703284263611,4.649651527404785
3392,0,-5.71999979019165,0.32270583510398865,5.178889751434326
3393,0,-5.71999979019165,0.3219887912273407,5.237895965576172
3394,0,-5.71999979019165,0.40139874815940857,5.2347025871276855
3395,0,-5.71999979019165,0.32707756757736206,5.2162017822265625
3396,0,-5.71999979019165,0.2843073606491089,5.3769073486328125
3397,0,-5.71999979019165,0.43952345848083496,5.156791687011719
3398,0,-5.71999979019165,0.3767821490764618,5.057252883911133
3399,0,-5.71999979019165,0.19521278142929077,4.2352294921875
3400,0,-5.71999979019165,0.25171345472335815,5.502114772796631
3401,0,-5.71999979019165,0.409336656332016,5.930395126342773
3402,0,-5.71999979019165,0.29908353090286255,3.828237771987915
3403,0,-5.71999979019165,0.17632900178432465,4.896979331970215
3404,0,-5.71999979019165,0.24140049517154694,5.332015514373779
3405,0,-5.71999979019165,0.3224456012248993,4.874739646911621
3406,0,-5.71999979019165,0.2157500982284546,4.341390609741211
3407,1,2.9600000381469727,0.4717561900615692,3.9479598999023438
3408,0,-2.9600000381469727,0.5185324549674988,4.026395797729492
3409,0,-2.9600000381469727,0.36265674233436584,4.03997802734375
3410,0,-2.9600000381469727,0.5046184062957764,4.074000358581543
3411,0,-2.9600000381469727,0.5189515352249146,4.044224739074707
3412,0,-2.9600000381469727,0.504509687423706,4.150322914123535
3413,0,-2.9600000381469727,0.5400376915931702,3.9481701850891113
3414,1,2.9600000381469727,0.4691679775714874,3.9771645069122314
3415,0,-2.9600000381469727,0.5535451769828796,4.016351222991943
3416,0,-2.9600000381469727,0.38009360432624817,4.0490522384643555
3417,0,-2.9600000381469727,0.34074920415878296,3.936131238937378
3418,0,-2.9600000381469727,0.5397852659225464,4.023673057556152
3419,0,-2.9600000381469727,0.5011658668518066,3.9960010051727295
3420,0,-2.9600000381469727,0.4714747667312622,3.8122429847717285
3421,0,-2.9600000381469727,0.4107430875301361,4.011970520019531
3422,0,-2.9600000381469727,0.439784437417984,3.894111156463623
3423,0,-2.9600000381469727,0.42616477608680725,4.074862480163574
3424,0,-2.9600000381469727,0.419088214635849,4.090051651000977
3425,0,-2.9600000381469727,0.31843605637550354,3.9298534393310547
3426,0,-2.9600000381469727,0.4810703992843628,3.771139621734619
3427,0,-2.9600000381469727,0.2974190413951874,4.037662506103516
3428,1,6.940000057220459,0.7787536382675171,6.589058876037598
3429,1,6.940000057220459,0.7769517302513123,6.58638334274292
3430,0,-6.940000057220459,0.5445869565010071,5.362338066101074
3431,0,-6.940000057220459,0.5217819809913635,5.29976749420166
3432,0,-6.940000057220459,0.15757672488689423,5.451300144195557
3433,0,-6.940000057220459,0.1558752954006195,5.278554439544678
3434,0,-6.940000057220459,0.23836462199687958,4.983349800109863
3435,0,-6.940000057220459,0.2054489403963089,4.641414642333984
3436,1,7.199999809265137,0.6409361958503723,7.953303337097168
3437,0,-7.199999809265137,0.6103678941726685,7.822288513183594
3438,0,-7.199999809265137,0.5761013627052307,7.533900737762451
3439,0,-7.199999809265137,0.1809903234243393,7.022105693817139
3440,0,-7.199999809265137,0.17412155866622925,6.985638618469238
3441,0,-7.199999809265137,0.1123359426856041,5.844176769256592
3442,0,-7.199999809265137,0.14804910123348236,6.251162528991699
3443,0,-7.199999809265137,0.13923373818397522,5.622384071350098
3444,0,-7.199999809265137,0.10823557525873184,6.463607311248779
3445,0,-7.199999809265137,0.19255760312080383,6.3846259117126465
3446,0,-7.199999809265137,0.2945610284805298,7.341015338897705
3447,0,-7.199999809265137,0.13517247140407562,5.921716690063477
3448,0,-7.199999809265137,0.11614122241735458,6.39731502532959
3449,0,-7.199999809265137,0.1318087875843048,6.33671236038208
3450,0,-7.199999809265137,0.17093756794929504,5.391132831573486
3451,0,-7.199999809265137,0.11949164420366287,6.178214073181152
3452,1,4.760000228881836,0.7231974601745605,5.886110782623291
3453,1,4.760000228881836,0.7340121865272522,5.871005058288574
3454,0,-4.760000228881836,0.6915529370307922,5.868377685546875
3455,0,-4.760000228881836,0.6813048720359802,5.8488593101501465
3456,1,4.760000228881836,0.7011224627494812,5.957185745239258
3457,0,-4.760000228881836,0.5357767939567566,5.602544784545898
3458,1,6.119999885559082,0.7559831142425537,6.089784145355225
3459,1,6.119999885559082,0.7484375834465027,6.015248775482178
3460,0,-6.119999885559082,0.32067999243736267,5.082163333892822
3461,0,-6.119999885559082,0.2758702337741852,4.74225378036499
3462,0,-6.119999885559082,0.20418624579906464,4.816028594970703
3463,0,-6.119999885559082,0.276313453912735,5.051568031311035
3464,0,-6.119999885559082,0.28488725423812866,4.814044952392578
3465,0,-6.119999885559082,0.22835981845855713,4.808747291564941
3466,0,-6.119999885559082,0.18940679728984833,4.553394317626953
3467,0,-6.119999885559082,0.3007194399833679,5.135261058807373
3468,0,-6.119999885559082,0.23598845303058624,4.796399116516113
3469,0,-6.119999885559082,0.20210672914981842,4.662524223327637
3470,0,-6.119999885559082,0.2331068068742752,4.841649532318115
3471,0,-6.119999885559082,0.15957993268966675,4.524116516113281
3472,0,-6.119999885559082,0.18908734619617462,4.458010673522949
3473,0,-6.119999885559082,0.2681150734424591,4.915282249450684
3474,0,-6.119999885559082,0.14131085574626923,4.350907802581787
3475,0,-6.119999885559082,0.15588705241680145,4.280984878540039
3476,0,-6.119999885559082,0.15340100228786469,4.36902379989624
3477,0,-6.119999885559082,0.15053610503673553,4.461061477661133
3478,0,-6.119999885559082,0.12541607022285461,4.283834457397461
3479,1,4.110000133514404,0.5115526914596558,4.741438388824463
3480,1,4.110000133514404,0.5459738373756409,4.733489990234375
3481,1,4.110000133514404,0.5563691258430481,4.7189812660217285
3482,0,-4.110000133514404,0.5823816657066345,4.71766471862793
3483,0,-4.110000133514404,0.6038293838500977,4.954375743865967
3484,0,-4.110000133514404,0.5496800541877747,4.626153469085693
3485,0,-4.110000133514404,0.4382963180541992,4.975139141082764
3486,0,-4.110000133514404,0.28538012504577637,4.547401428222656
3487,0,-4.110000133514404,0.42403677105903625,4.63710880279541
3488,0,-4.110000133514404,0.39069586992263794,4.521604537963867
3489,0,-4.110000133514404,0.4716305732727051,4.8185248374938965
3490,0,-4.110000133514404,0.3511996865272522,4.220627784729004
3491,0,-4.110000133514404,0.3072795569896698,4.829387664794922
3492,0,-4.110000133514404,0.32625043392181396,4.496978282928467
3493,0,-4.110000133514404,0.2796494960784912,4.655368328094482
3494,0,-4.110000133514404,0.2781827747821808,4.747333526611328
3495,0,-4.110000133514404,0.31588444113731384,4.720925807952881
3496,0,-4.110000133514404,0.3541770577430725,4.3256354331970215
3497,0,-4.110000133514404,0.3398512899875641,4.72074556350708
3498,0,-4.110000133514404,0.23392121493816376,4.751266002655029
3499,0,-4.110000133514404,0.25604012608528137,4.168585777282715
3500,1,5.239999771118164,0.7229995727539062,4.141800880432129
3501,1,5.239999771118164,0.7224816679954529,4.141051292419434
3502,0,-5.239999771118164,0.4146413207054138,4.775749683380127
3503,0,-5.239999771118164,0.3951267898082733,4.402307510375977
3504,0,-5.239999771118164,0.5067242383956909,3.9888646602630615
3505,0,-5.239999771118164,0.27035650610923767,4.139105796813965
3506,0,-5.239999771118164,0.2180655598640442,4.075497150421143
3507,0,-5.239999771118164,0.31319817900657654,4.878628253936768
3508,0,-5.239999771118164,0.5192464590072632,3.7846312522888184
3509,0,-5.239999771118164,0.30805009603500366,4.056034088134766
3510,0,-5.239999771118164,0.24683800339698792,4.255633354187012
3511,0,-5.239999771118164,0.34183958172798157,4.133411884307861
3512,0,-5.239999771118164,0.2764994502067566,4.049107074737549
3513,0,-5.239999771118164,0.17576393485069275,4.434927940368652
3514,0,-5.239999771118164,0.2262110859155655,4.005221366882324
3515,0,-5.239999771118164,0.26455220580101013,3.780562400817871
3516,0,-5.239999771118164,0.22348721325397491,4.041986465454102
3517,0,-5.239999771118164,0.1998327672481537,4.512296676635742
3518,0,-5.239999771118164,0.1661234050989151,4.182225227355957
3519,0,-5.239999771118164,0.14014890789985657,4.319764137268066
3520,0,-5.239999771118164,0.24008825421333313,3.9442484378814697
3521,1,5.269999980926514,0.7898610830307007,7.0915303230285645
3522,0,-5.269999980926514,0.5499218702316284,6.489027976989746
3523,0,-5.269999980926514,0.5109394192695618,5.853744983673096
3524,0,-5.269999980926514,0.5020787715911865,5.86726188659668
3525,0,-5.269999980926514,0.39562565088272095,6.1629557609558105
3526,0,-5.269999980926514,0.213376984000206,5.91581916809082
3527,0,-5.269999980926514,0.3032889664173126,5.972529888153076
3528,0,-5.269999980926514,0.22139574587345123,5.847940921783447
3529,0,-5.269999980926514,0.2418626993894577,5.766903877258301
3530,0,-5.269999980926514,0.2646893560886383,5.606051921844482
3531,0,-5.269999980926514,0.274532675743103,5.843667030334473
3532,0,-5.269999980926514,0.2175656110048294,5.8369059562683105
3533,0,-5.269999980926514,0.15443450212478638,6.0104594230651855
3534,0,-5.269999980926514,0.2028016299009323,5.825102806091309
3535,0,-5.269999980926514,0.20272357761859894,5.654901504516602
3536,0,-5.269999980926514,0.20096290111541748,5.810485363006592
3537,0,-5.269999980926514,0.24251078069210052,5.475546836853027
3538,0,-5.269999980926514,0.2419043481349945,5.944292068481445
3539,0,-5.269999980926514,0.2662357687950134,5.6924543380737305
3540,0,-5.269999980926514,0.1665664166212082,5.75499963760376
3541,0,-5.269999980926514,0.17436645925045013,5.9444169998168945
3542,1,5.519999980926514,0.6041273474693298,5.040260314941406
3543,1,5.519999980926514,0.5685650706291199,5.069232940673828
3544,1,5.519999980926514,0.4370379149913788,5.23599100112915
3545,0,-5.519999980926514,0.428489625453949,5.122956275939941
3546,0,-5.519999980926514,0.4473954737186432,5.575205326080322
3547,0,-5.519999980926514,0.37694796919822693,4.726159572601318
3548,0,-5.519999980926514,0.35761362314224243,5.071532726287842
3549,0,-5.519999980926514,0.3116244971752167,5.431424617767334
3550,0,-5.519999980926514,0.30396604537963867,5.405139923095703
3551,0,-5.519999980926514,0.43430328369140625,5.243489742279053
3552,0,-5.519999980926514,0.2644995450973511,4.441784381866455
3553,0,-5.519999980926514,0.29042401909828186,4.7073798179626465
3554,0,-5.519999980926514,0.41482746601104736,5.506320953369141
3555,0,-5.519999980926514,0.37196263670921326,4.783333778381348
3556,0,-5.519999980926514,0.2664582431316376,5.201321125030518
3557,0,-5.519999980926514,0.2982466220855713,5.11617374420166
3558,0,-5.519999980926514,0.2739894390106201,4.783623695373535
3559,0,-5.519999980926514,0.3441452383995056,4.95772647857666
3560,0,-5.519999980926514,0.3907230496406555,5.150656223297119
3561,0,-5.519999980926514,0.2478330433368683,4.926093101501465
3562,0,-5.519999980926514,0.3794608414173126,5.890087604522705
3563,1,4.119999885559082,0.5268774628639221,5.355541706085205
3564,1,4.119999885559082,0.5453119874000549,5.245251655578613
3565,0,-4.119999885559082,0.5165754556655884,5.514154434204102
3566,0,-4.119999885559082,0.49812474846839905,5.554448127746582
3567,1,4.119999885559082,0.40516188740730286,5.432312488555908
3568,0,-4.119999885559082,0.4221241772174835,5.640226364135742
3569,0,-4.119999885559082,0.4726770520210266,5.6254682540893555
3570,0,-4.119999885559082,0.49745187163352966,5.63376522064209
3571,0,-4.119999885559082,0.31572845578193665,5.257731914520264
3572,0,-4.119999885559082,0.27384623885154724,5.054251670837402
3573,0,-4.119999885559082,0.49605676531791687,5.246364116668701
3574,0,-4.119999885559082,0.28343355655670166,5.366644382476807
3575,0,-4.119999885559082,0.4222937524318695,5.574287414550781
3576,0,-4.119999885559082,0.28497204184532166,5.44362211227417
3577,0,-4.119999885559082,0.539440929889679,5.511122226715088
3578,0,-4.119999885559082,0.30573609471321106,5.445932388305664
3579,0,-4.119999885559082,0.4838202893733978,5.354081630706787
3580,0,-4.119999885559082,0.31637486815452576,4.796825885772705
3581,0,-4.119999885559082,0.4383901059627533,5.255147933959961
3582,0,-4.119999885559082,0.3181770145893097,5.560971736907959
3583,0,-4.119999885559082,0.34626129269599915,5.323034763336182
3584,1,5.960000038146973,0.506963312625885,4.887778282165527
3585,1,5.960000038146973,0.45841652154922485,4.694784641265869
3586,1,5.960000038146973,0.3622981309890747,4.838260650634766
3587,1,5.960000038146973,0.3894956111907959,5.057343482971191
3588,0,-5.960000038146973,0.33744481205940247,4.748827934265137
3589,0,-5.960000038146973,0.3600616157054901,4.794917583465576
3590,0,-5.960000038146973,0.37738779187202454,4.755480766296387
3591,0,-5.960000038146973,0.49520185589790344,4.961109161376953
3592,0,-5.960000038146973,0.2914236783981323,4.590591907501221
3593,0,-5.960000038146973,0.32557860016822815,5.221548080444336
3594,0,-5.960000038146973,0.37941330671310425,4.494431495666504
3595,0,-5.960000038146973,0.3200463652610779,5.0100626945495605
3596,0,-5.960000038146973,0.41423073410987854,4.75029182434082
3597,0,-5.960000038146973,0.2988021671772003,4.618473529815674
3598,0,-5.960000038146973,0.42535898089408875,4.372963905334473
3599,0,-5.960000038146973,0.26608240604400635,4.6840596199035645
3600,0,-5.960000038146973,0.5142650008201599,4.026324272155762
3601,0,-5.960000038146973,0.28808024525642395,4.914614200592041
3602,0,-5.960000038146973,0.18696311116218567,4.39557409286499
3603,0,-5.960000038146973,0.30635884404182434,4.1014509201049805
3604,0,-5.960000038146973,0.18619315326213837,4.3526411056518555
3605,1,6.679999828338623,0.5302743315696716,6.978302955627441
3606,1,6.679999828338623,0.5263635516166687,7.001084804534912
3607,0,-6.679999828338623,0.44063496589660645,6.704948425292969
3608,0,-6.679999828338623,0.5021657347679138,6.6845221519470215
3609,0,-6.679999828338623,0.40557458996772766,6.110527515411377
3610,0,-6.679999828338623,0.2009516954421997,6.020605564117432
3611,0,-6.679999828338623,0.3124575614929199,6.366126537322998
3612,0,-6.679999828338623,0.35820984840393066,6.235790252685547
3613,0,-6.679999828338623,0.37441807985305786,6.190052032470703
3614,0,-6.679999828338623,0.230789452791214,5.980851173400879
3615,0,-6.679999828338623,0.22661450505256653,6.131807804107666
3616,0,-6.679999828338623,0.22064773738384247,5.927712440490723
3617,0,-6.679999828338623,0.2917848527431488,6.166669845581055
3618,0,-6.679999828338623,0.33890700340270996,6.335962772369385
3619,0,-6.679999828338623,0.2748293876647949,6.1843085289001465
3620,0,-6.679999828338623,0.21619866788387299,5.911623477935791
3621,0,-6.679999828338623,0.17690642178058624,6.203628063201904
3622,0,-6.679999828338623,0.2545582056045532,6.00046968460083
3623,0,-6.679999828338623,0.17096436023712158,6.15011739730835
3624,0,-6.679999828338623,0.17839860916137695,6.01890230178833
3625,0,-6.679999828338623,0.19829769432544708,6.102863311767578
3626,1,6.860000133514404,0.8178916573524475,5.449567794799805
3627,1,6.860000133514404,0.816592812538147,5.4381842613220215
3628,1,6.860000133514404,0.8186126351356506,5.371295928955078
3629,0,-6.860000133514404,0.7499568462371826,5.009489059448242
3630,0,-6.860000133514404,0.2950955331325531,4.214714050292969
3631,0,-6.860000133514404,0.3328872621059418,4.3273820877075195
3632,0,-6.860000133514404,0.22839181125164032,4.127633571624756
3633,0,-6.860000133514404,0.5245102047920227,4.453043460845947
3634,0,-6.860000133514404,0.46034276485443115,4.277512550354004
3635,0,-6.860000133514404,0.3457697629928589,4.178763389587402
3636,0,-6.860000133514404,0.34776484966278076,4.332189083099365
3637,0,-6.860000133514404,0.22863344848155975,4.234950065612793
3638,0,-6.860000133514404,0.43763041496276855,4.626653671264648
3639,0,-6.860000133514404,0.33474040031433105,4.153641223907471
3640,0,-6.860000133514404,0.3000524938106537,4.102801322937012
3641,0,-6.860000133514404,0.4502534866333008,4.54844331741333
3642,0,-6.860000133514404,0.4642418324947357,5.098610877990723
3643,0,-6.860000133514404,0.5092056393623352,5.112919330596924
3644,0,-6.860000133514404,0.29761579632759094,4.726512908935547
3645,0,-6.860000133514404,0.33033668994903564,3.995504856109619
3646,1,5.099999904632568,0.7987573146820068,4.696267127990723
3647,1,5.099999904632568,0.7558428049087524,4.7610979080200195
3648,0,-5.099999904632568,0.29691627621650696,4.513763427734375
3649,0,-5.099999904632568,0.18177813291549683,4.119889736175537
3650,0,-5.099999904632568,0.17670360207557678,4.624794006347656
3651,0,-5.099999904632568,0.4524102509021759,4.826055526733398
3652,0,-5.099999904632568,0.49947571754455566,4.788656234741211
3653,0,-5.099999904632568,0.29054781794548035,4.328420639038086
3654,1,5.170000076293945,0.7682414650917053,4.761260032653809
3655,0,-5.170000076293945,0.5401491522789001,4.750082015991211
3656,0,-5.170000076293945,0.5804374814033508,4.844873428344727
3657,0,-5.170000076293945,0.4879808723926544,4.614712715148926
3658,1,5.170000076293945,0.7611900568008423,4.845363140106201
3659,0,-5.170000076293945,0.7552237510681152,4.922848224639893
3660,0,-5.170000076293945,0.46525493264198303,4.657811164855957
3661,0,-5.170000076293945,0.6960192322731018,4.8046135902404785
3662,0,-5.170000076293945,0.3891064524650574,4.796316146850586
3663,0,-5.170000076293945,0.34391555190086365,4.730461120605469
3664,0,-5.170000076293945,0.5557659864425659,4.660501480102539
3665,0,-5.170000076293945,0.3755108118057251,4.647743225097656
3666,0,-5.170000076293945,0.541202187538147,4.737237453460693
3667,0,-5.170000076293945,0.30079275369644165,4.475844383239746
3668,0,-5.170000076293945,0.4893498122692108,4.577392578125
3669,0,-5.170000076293945,0.515167772769928,4.628471374511719
3670,0,-5.170000076293945,0.28010693192481995,4.1631269454956055
3671,0,-5.170000076293945,0.47038090229034424,4.498175621032715
3672,0,-5.170000076293945,0.46452808380126953,4.662153244018555
3673,0,-5.170000076293945,0.3389374613761902,4.680562973022461
3674,0,-5.170000076293945,0.3095700740814209,4.875039100646973
3675,1,11.819999694824219,0.775801956653595,10.682937622070312
3676,0,-11.819999694824219,0.41057267785072327,10.310781478881836
3677,1,11.819999694824219,0.3846478760242462,10.202347755432129
3678,0,-11.819999694824219,0.34702715277671814,10.096153259277344
3679,0,-11.819999694824219,0.3099488914012909,10.05184268951416
3680,0,-11.819999694824219,0.3980325758457184,8.72987174987793
3681,0,-11.819999694824219,0.3493212163448334,10.179375648498535
3682,0,-11.819999694824219,0.25269874930381775,9.725231170654297
3683,0,-11.819999694824219,0.13430951535701752,9.062679290771484
3684,0,-11.819999694824219,0.3054004907608032,8.737833976745605
3685,0,-11.819999694824219,0.30414125323295593,8.930246353149414
3686,0,-11.819999694824219,0.3014827072620392,10.123180389404297
3687,0,-11.819999694824219,0.19543087482452393,9.734847068786621
3688,0,-11.819999694824219,0.18012917041778564,9.841973304748535
3689,0,-11.819999694824219,0.1595844328403473,9.313216209411621
3690,0,-11.819999694824219,0.2779976725578308,8.216196060180664
3691,0,-11.819999694824219,0.19902153313159943,9.02538776397705
3692,0,-11.819999694824219,0.21611258387565613,9.922222137451172
3693,0,-11.819999694824219,0.2962169945240021,9.359609603881836
3694,0,-11.819999694824219,0.16018140316009521,9.614806175231934
3695,0,-8.350000381469727,0.6741080284118652,9.162812232971191
3696,0,-8.350000381469727,0.6516638994216919,9.094365119934082
3697,0,-8.350000381469727,0.7593244910240173,8.946792602539062
3698,0,-8.350000381469727,0.7371991276741028,8.89205551147461
3699,0,-8.350000381469727,0.6152212619781494,8.394734382629395
3700,0,-8.350000381469727,0.6553421020507812,9.053526878356934
3701,0,-8.350000381469727,0.7003858685493469,8.701963424682617
3702,0,-8.350000381469727,0.7103574275970459,8.655519485473633
3703,0,-8.350000381469727,0.5711634755134583,8.172618865966797
3704,1,8.350000381469727,0.7610991597175598,8.560182571411133
3705,0,-8.350000381469727,0.6171172857284546,8.101630210876465
3706,0,-8.350000381469727,0.5231311917304993,8.422205924987793
3707,0,-8.350000381469727,0.659268856048584,8.45063591003418
3708,0,-8.350000381469727,0.6443507075309753,8.626397132873535
3709,0,-8.350000381469727,0.6668694019317627,8.77161979675293
3710,0,-8.350000381469727,0.5180074572563171,8.329957962036133
3711,0,-8.350000381469727,0.6376054883003235,9.132482528686523
3712,1,8.350000381469727,0.7438943982124329,8.455738067626953
3713,0,-8.350000381469727,0.5544866919517517,8.136019706726074
3714,0,-8.350000381469727,0.4646148681640625,8.254404067993164
3715,1,6.630000114440918,0.6486247181892395,7.071599960327148
3716,0,-6.630000114440918,0.5337588787078857,6.508110523223877
3717,0,-6.630000114440918,0.5737159252166748,6.706642150878906
3718,0,-6.630000114440918,0.2987661063671112,4.962832450866699
3719,0,-6.630000114440918,0.3464616537094116,5.365673065185547
3720,1,6.630000114440918,0.6555979251861572,7.016522407531738
3721,0,-6.630000114440918,0.49344322085380554,5.481910705566406
3722,0,-6.630000114440918,0.5381967425346375,6.422438621520996
3723,0,-6.630000114440918,0.3022420108318329,4.897317409515381
3724,0,-6.630000114440918,0.40512615442276,5.143374443054199
3725,0,-6.630000114440918,0.3107818365097046,5.77610969543457
3726,0,-6.630000114440918,0.19535665214061737,4.922580242156982
3727,0,-6.630000114440918,0.3167330324649811,4.4940643310546875
3728,0,-6.630000114440918,0.3826829791069031,5.809364318847656
3729,0,-6.630000114440918,0.4553663432598114,6.423418045043945
3730,0,-6.630000114440918,0.3964764177799225,5.357832908630371
3731,0,-6.630000114440918,0.4331217110157013,5.882832050323486
3732,0,-6.630000114440918,0.34150993824005127,4.959087371826172
3733,0,-6.630000114440918,0.2724153697490692,5.32698392868042
3734,0,-6.630000114440918,0.23727871477603912,4.734171390533447
3735,1,4.099999904632568,0.6998813152313232,3.333908796310425
3736,0,-4.099999904632568,0.6860623359680176,3.3819239139556885
3737,1,4.099999904632568,0.7253134250640869,3.321296453475952
3738,0,-4.099999904632568,0.7949758768081665,3.5080277919769287
3739,0,-4.099999904632568,0.6582589745521545,3.343686580657959
3740,0,-4.099999904632568,0.5365055203437805,3.282226324081421
3741,0,-4.099999904632568,0.3340441584587097,3.2358736991882324
3742,0,-4.099999904632568,0.42420101165771484,3.316500663757324
3743,0,-4.099999904632568,0.3819243907928467,3.340291976928711
3744,0,-4.099999904632568,0.3746589720249176,3.2291269302368164
3745,0,-4.099999904632568,0.3119455575942993,3.2270328998565674
3746,0,-4.099999904632568,0.46682971715927124,3.1911869049072266
3747,0,-4.099999904632568,0.3225964605808258,3.15693998336792
3748,0,-4.099999904632568,0.20827296376228333,3.225053071975708
3749,0,-4.099999904632568,0.2210741639137268,3.1862258911132812
3750,0,-4.099999904632568,0.19493259489536285,3.2240476608276367
3751,0,-4.099999904632568,0.3069572448730469,3.1960065364837646
3752,0,-4.099999904632568,0.22102028131484985,3.2143020629882812
3753,0,-4.099999904632568,0.22611995041370392,3.2866287231445312
3754,0,-4.099999904632568,0.2193281352519989,3.2128958702087402
3755,0,-7.21999979019165,0.38982662558555603,8.234818458557129
3756,0,-7.21999979019165,0.190238356590271,8.28262710571289
3757,1,7.21999979019165,0.5725305676460266,8.34501838684082
3758,0,-7.21999979019165,0.20886139571666718,8.27308464050293
3759,0,-7.21999979019165,0.1873391717672348,8.017938613891602
3760,1,7.21999979019165,0.3414115607738495,8.214908599853516
3761,0,-7.21999979019165,0.18500292301177979,8.225943565368652
3762,0,-7.21999979019165,0.3061869144439697,8.016716003417969
3763,0,-7.21999979019165,0.12670062482357025,7.9627275466918945
3764,0,-7.21999979019165,0.08722443878650665,7.46990966796875
3765,0,-7.21999979019165,0.13206973671913147,8.121742248535156
3766,0,-7.21999979019165,0.0936659500002861,7.668026447296143
3767,0,-7.21999979019165,0.1518111675977707,7.87779426574707
3768,0,-7.21999979019165,0.11566349864006042,7.34894323348999
3769,0,-7.21999979019165,0.14228466153144836,8.055275917053223
3770,0,-7.21999979019165,0.11913610994815826,7.365508079528809
3771,0,-7.21999979019165,0.3414904773235321,7.901200294494629
3772,0,-7.21999979019165,0.07416906952857971,7.971724987030029
3773,0,-7.21999979019165,0.2395666539669037,8.089695930480957
3774,0,-7.21999979019165,0.34400632977485657,8.217631340026855
3775,1,8.720000267028809,0.6057968139648438,8.179585456848145
3776,0,-8.720000267028809,0.5061471462249756,7.740612506866455
3777,0,-8.720000267028809,0.40199729800224304,8.025805473327637
3778,1,8.720000267028809,0.3976449966430664,8.060538291931152
3779,0,-8.720000267028809,0.3938153088092804,8.075810432434082
3780,1,8.720000267028809,0.44117721915245056,8.046823501586914
3781,0,-8.720000267028809,0.28827664256095886,8.159191131591797
3782,0,-8.720000267028809,0.18005602061748505,7.860881805419922
3783,0,-8.720000267028809,0.4346073567867279,8.082429885864258
3784,0,-8.720000267028809,0.3966924548149109,7.535900592803955
3785,0,-8.720000267028809,0.4287317395210266,8.276140213012695
3786,0,-8.720000267028809,0.14081324636936188,7.697691917419434
3787,0,-8.720000267028809,0.13911490142345428,7.873080253601074
3788,0,-8.720000267028809,0.10821222513914108,7.585511684417725
3789,0,-8.720000267028809,0.10255765169858932,7.9887285232543945
3790,0,-8.720000267028809,0.2850484251976013,7.72036600112915
3791,0,-8.720000267028809,0.2213510125875473,7.666019439697266
3792,0,-8.720000267028809,0.13761915266513824,7.6155595779418945
3793,0,-8.720000267028809,0.1098405048251152,7.688026428222656
3794,0,-8.720000267028809,0.1215299516916275,7.750674247741699
3795,0,-8.720000267028809,0.1613713800907135,7.760441303253174
3796,1,3.759999990463257,0.44007909297943115,4.142578125
3797,0,-3.759999990463257,0.30859506130218506,4.260684013366699
3798,0,-3.759999990463257,0.3475358188152313,4.679524898529053
3799,0,-3.759999990463257,0.49910518527030945,4.537331581115723
3800,0,-3.759999990463257,0.3181495666503906,4.200843811035156
3801,0,-3.759999990463257,0.2187144011259079,4.332558631896973
3802,0,-3.759999990463257,0.2566019594669342,4.695650100708008
3803,0,-3.759999990463257,0.1513618528842926,4.077494144439697
3804,0,-3.759999990463257,0.345184326171875,4.103064060211182
3805,0,-3.759999990463257,0.34424689412117004,3.989405870437622
3806,0,-3.759999990463257,0.48739203810691833,4.7248735427856445
3807,0,-3.759999990463257,0.23467549681663513,4.543539524078369
3808,0,-3.759999990463257,0.15526828169822693,4.070216178894043
3809,0,-3.759999990463257,0.18834415078163147,3.9920132160186768
3810,0,-3.759999990463257,0.19572527706623077,4.125256538391113
3811,0,-3.759999990463257,0.17014290392398834,4.15952205657959
3812,0,-3.759999990463257,0.16393978893756866,3.9128212928771973
3813,0,-3.759999990463257,0.21033664047718048,3.9546566009521484
3814,0,-3.759999990463257,0.205426424741745,3.9298322200775146
3815,0,-3.759999990463257,0.184136301279068,3.888367176055908
3816,0,-3.759999990463257,0.20561110973358154,4.064791679382324
3817,1,8.739999771118164,0.6976869702339172,7.3875956535339355
3818,1,8.739999771118164,0.7327776551246643,7.426226615905762
3819,0,-8.739999771118164,0.33070218563079834,8.076438903808594
3820,0,-8.739999771118164,0.2935625910758972,7.22265100479126
3821,1,8.739999771118164,0.6234779357910156,7.311720371246338
3822,0,-8.739999771118164,0.3274863362312317,7.271612644195557
3823,0,-8.739999771118164,0.2745615541934967,7.0520195960998535
3824,0,-8.739999771118164,0.3313927948474884,6.785772800445557
3825,0,-8.739999771118164,0.3997718393802643,6.713118553161621
3826,1,7.400000095367432,0.7204892039299011,7.299670219421387
3827,0,-7.400000095367432,0.7599981427192688,6.802951812744141
3828,1,7.400000095367432,0.7315444350242615,7.221909523010254
3829,0,-7.400000095367432,0.5657023191452026,6.515712738037109
3830,0,-7.400000095367432,0.7563121318817139,6.9138689041137695
3831,0,-7.400000095367432,0.7913131713867188,6.636619567871094
3832,0,-7.400000095367432,0.5254681706428528,6.308483600616455
3833,0,-7.400000095367432,0.3416557312011719,5.579437732696533
3834,0,-7.400000095367432,0.2087586522102356,5.3630805015563965
3835,0,-7.400000095367432,0.44267499446868896,6.019909858703613
3836,0,-7.400000095367432,0.3156771957874298,5.138338088989258
3837,0,-7.400000095367432,0.5938138961791992,6.258121490478516
3838,0,-7.400000095367432,0.2691911458969116,5.846268653869629
3839,0,-7.400000095367432,0.21448618173599243,5.214749813079834
3840,0,-7.400000095367432,0.3830919563770294,5.590999603271484
3841,0,-7.400000095367432,0.44116804003715515,5.299441814422607
3842,0,-7.400000095367432,0.4298526644706726,5.507401466369629
3843,0,-7.400000095367432,0.349043071269989,5.582186222076416
3844,0,-7.400000095367432,0.3564647436141968,5.889217376708984
3845,0,-7.400000095367432,0.3905186057090759,5.31185245513916
3846,0,-7.400000095367432,0.5673285722732544,5.955373287200928
3847,1,8.399999618530273,0.8617929220199585,7.217818260192871
3848,1,8.399999618530273,0.8517079949378967,7.241179466247559
3849,0,-8.399999618530273,0.8029835820198059,6.754524230957031
3850,0,-8.399999618530273,0.39024361968040466,5.990113258361816
3851,0,-8.399999618530273,0.5432665944099426,6.114104270935059
3852,0,-8.399999618530273,0.4421961307525635,6.316132068634033
3853,0,-8.399999618530273,0.440958708524704,6.053693771362305
3854,1,11.149999618530273,0.7464869022369385,9.3886137008667
3855,1,11.149999618530273,0.7462359070777893,9.216641426086426
3856,1,11.149999618530273,0.6498860120773315,9.111299514770508
3857,0,-11.149999618530273,0.6145828366279602,9.117629051208496
3858,0,-11.149999618530273,0.29369574785232544,8.911176681518555
3859,0,-11.149999618530273,0.31643426418304443,8.527018547058105
3860,0,-11.149999618530273,0.20784756541252136,8.376855850219727
3861,0,-11.149999618530273,0.19150809943675995,8.781063079833984
3862,0,-11.149999618530273,0.45571309328079224,9.016829490661621
3863,0,-11.149999618530273,0.2985350787639618,8.549623489379883
3864,0,-11.149999618530273,0.13161200284957886,8.088565826416016
3865,0,-11.149999618530273,0.22011806070804596,8.208552360534668
3866,0,-11.149999618530273,0.19306014478206635,8.67169189453125
3867,0,-11.149999618530273,0.16403934359550476,8.883881568908691
3868,0,-11.149999618530273,0.15583638846874237,8.072203636169434
3869,0,-11.149999618530273,0.1698278933763504,8.231781959533691
3870,0,-11.149999618530273,0.12403200566768646,7.842264652252197
3871,0,-11.149999618530273,0.1710299551486969,8.213160514831543
3872,0,-11.149999618530273,0.15630312263965607,8.235424041748047
3873,0,-11.149999618530273,0.19145572185516357,8.205657958984375
3874,0,-11.149999618530273,0.1555287092924118,8.205182075500488
3875,1,8.960000038146973,0.7435294389724731,8.62631607055664
3876,1,8.960000038146973,0.74134761095047,8.621891021728516
3877,0,-8.960000038146973,0.7004794478416443,8.184688568115234
3878,0,-8.960000038146973,0.5228133201599121,7.857211112976074
3879,0,-8.960000038146973,0.6526116728782654,8.139530181884766
3880,0,-8.960000038146973,0.48502692580223083,8.303064346313477
3881,0,-8.960000038146973,0.5805926322937012,7.629037857055664
3882,0,-8.960000038146973,0.29587188363075256,8.180855751037598
3883,0,-8.960000038146973,0.3571072816848755,7.885948181152344
3884,0,-8.960000038146973,0.33566704392433167,8.409761428833008
3885,0,-8.960000038146973,0.29565152525901794,7.707952976226807
3886,0,-8.960000038146973,0.2782573997974396,7.456054210662842
3887,0,-8.960000038146973,0.19501923024654388,8.312117576599121
3888,0,-8.960000038146973,0.4045015275478363,7.328967571258545
3889,0,-8.960000038146973,0.43362122774124146,7.265268802642822
3890,0,-8.960000038146973,0.4621858298778534,7.904324531555176
3891,0,-8.960000038146973,0.2347419261932373,6.965518951416016
3892,0,-8.960000038146973,0.38379567861557007,7.585851192474365
3893,0,-8.960000038146973,0.22223496437072754,8.092498779296875
3894,1,9.520000457763672,0.5036592483520508,7.813781261444092
3895,0,-9.520000457763672,0.23002989590168,7.564451217651367
3896,0,-9.520000457763672,0.42570799589157104,7.745192050933838
3897,0,-9.520000457763672,0.16176624596118927,7.479936599731445
3898,0,-9.520000457763672,0.18640875816345215,7.38984489440918
3899,0,-9.520000457763672,0.430368036031723,7.826144695281982
3900,0,-9.520000457763672,0.18466117978096008,7.4197258949279785
3901,0,-9.520000457763672,0.3446800112724304,7.804197311401367
3902,0,-9.520000457763672,0.31830695271492004,7.687919616699219
3903,0,-9.520000457763672,0.4441087245941162,7.886382102966309
3904,0,-9.520000457763672,0.1900041401386261,7.49088191986084
3905,0,-9.520000457763672,0.24316628277301788,7.6469316482543945
3906,0,-9.520000457763672,0.33330464363098145,7.846613883972168
3907,0,-9.520000457763672,0.17039968073368073,7.302336692810059
3908,0,-9.520000457763672,0.44083061814308167,7.6680073738098145
3909,0,-9.520000457763672,0.2949717044830322,7.54612398147583
3910,0,-9.520000457763672,0.41072529554367065,7.367510795593262
3911,0,-9.520000457763672,0.35646340250968933,7.668727874755859
3912,0,-9.520000457763672,0.3602501451969147,7.797573089599609
3913,0,-9.520000457763672,0.17872440814971924,7.484743595123291
3914,0,-9.520000457763672,0.16767503321170807,7.4315080642700195
3915,1,8.399999618530273,0.5358496308326721,6.837835311889648
3916,1,8.399999618530273,0.6054836511611938,6.839310646057129
3917,0,-8.399999618530273,0.5036391019821167,6.759580612182617
3918,0,-8.399999618530273,0.18161094188690186,6.864723205566406
3919,0,-8.399999618530273,0.13673532009124756,6.859519958496094
3920,1,8.399999618530273,0.4634627103805542,6.672456741333008
3921,0,-8.399999618530273,0.20690171420574188,7.20100212097168
3922,0,-8.399999618530273,0.138733372092247,6.712398529052734
3923,0,-8.399999618530273,0.14376433193683624,6.831629276275635
3924,0,-8.399999618530273,0.0961415246129036,5.821659564971924
3925,0,-8.399999618530273,0.1430538445711136,6.442836761474609
3926,0,-8.399999618530273,0.09693369269371033,5.596799373626709
3927,0,-8.399999618530273,0.18967664241790771,6.99574613571167
3928,0,-8.399999618530273,0.11870577186346054,6.155243873596191
3929,0,-8.399999618530273,0.13453024625778198,6.321052074432373
3930,0,-8.399999618530273,0.13601115345954895,5.796029567718506
3931,0,-8.399999618530273,0.13603375852108002,6.342655181884766
3932,0,-8.399999618530273,0.12821495532989502,5.941107273101807
3933,0,-8.399999618530273,0.17188218235969543,5.842570781707764
3934,0,-8.399999618530273,0.12951500713825226,5.64741325378418
3935,0,-8.399999618530273,0.10104542970657349,5.00665283203125
3936,1,6.329999923706055,0.7618600726127625,6.405498027801514
3937,0,-6.329999923706055,0.7951237559318542,6.732725143432617
3938,0,-6.329999923706055,0.7999147176742554,6.336374282836914
3939,0,-6.329999923706055,0.7905693650245667,6.440066814422607
3940,0,-6.329999923706055,0.2985484302043915,5.300930023193359
3941,0,-6.329999923706055,0.44343411922454834,6.163673400878906
3942,0,-6.329999923706055,0.2924904525279999,5.707699775695801
3943,0,-6.329999923706055,0.49212321639060974,6.126179218292236
3944,0,-6.329999923706055,0.18230336904525757,5.723720073699951
3945,0,-6.329999923706055,0.31693050265312195,6.715208530426025
3946,0,-6.329999923706055,0.6203294992446899,6.2311882972717285
3947,0,-6.329999923706055,0.41671696305274963,6.358273983001709
3948,0,-6.329999923706055,0.2178492546081543,5.181667327880859
3949,0,-6.329999923706055,0.31754404306411743,6.145778656005859
3950,0,-6.329999923706055,0.5413811802864075,6.266592025756836
3951,0,-6.329999923706055,0.17829447984695435,5.648591041564941
3952,0,-6.329999923706055,0.25643065571784973,6.434967517852783
3953,0,-6.329999923706055,0.21479018032550812,5.114340305328369
3954,0,-6.329999923706055,0.2592334747314453,5.335429668426514
3955,0,-6.329999923706055,0.3531201481819153,5.547427177429199
3956,0,-6.329999923706055,0.31628167629241943,5.628546237945557
3957,1,7.260000228881836,0.6783279776573181,6.571536540985107
3958,1,7.260000228881836,0.4967765212059021,6.534858226776123
3959,0,-7.260000228881836,0.500440239906311,6.793946266174316
3960,1,7.260000228881836,0.5614147186279297,6.519347190856934
3961,0,-7.260000228881836,0.5205307006835938,6.469022274017334
3962,0,-7.260000228881836,0.27422866225242615,5.5199198722839355
3963,0,-7.260000228881836,0.3125556707382202,6.036532402038574
3964,0,-7.260000228881836,0.48230960965156555,6.0858283042907715
3965,0,-7.260000228881836,0.2270478457212448,5.2461256980896
3966,0,-7.260000228881836,0.18681475520133972,4.8664703369140625
3967,0,-7.260000228881836,0.30505287647247314,5.921263694763184
3968,0,-7.260000228881836,0.416635662317276,5.795003414154053
3969,0,-7.260000228881836,0.2847413718700409,5.370701789855957
3970,0,-7.260000228881836,0.21555137634277344,5.560178279876709
3971,0,-7.260000228881836,0.3873113989830017,5.652619361877441
3972,0,-8.050000190734863,0.05767277255654335,5.789561748504639
3973,0,-8.050000190734863,0.0589420311152935,5.714003086090088
3974,0,-8.050000190734863,0.05744028091430664,5.714682102203369
3975,0,-8.050000190734863,0.05894003435969353,5.830414772033691
3976,0,-8.050000190734863,0.055994536727666855,5.770423889160156
3977,0,-8.050000190734863,0.05539345368742943,5.8050031661987305
3978,0,-8.050000190734863,0.06296221166849136,5.763961315155029
3979,0,-8.050000190734863,0.05822904780507088,5.740021228790283
3980,0,-8.050000190734863,0.05755623057484627,5.799966335296631
3981,0,-8.050000190734863,0.05979616940021515,5.713433265686035
3982,0,-8.050000190734863,0.05887983739376068,5.7640700340271
3983,0,-8.050000190734863,0.05805812403559685,5.681633472442627
3984,0,-8.050000190734863,0.053540486842393875,5.785932540893555
3985,0,-8.050000190734863,0.05711939558386803,5.702150344848633
3986,0,-8.050000190734863,0.06003265455365181,5.745051383972168
3987,0,-8.050000190734863,0.05553841590881348,5.787917613983154
3988,0,-8.050000190734863,0.05788774415850639,5.722719192504883
3989,0,-8.050000190734863,0.057317957282066345,5.711989879608154
3990,0,-8.050000190734863,0.060581889003515244,5.737375736236572
3991,0,-8.050000190734863,0.05843837559223175,5.735816955566406
3992,1,4.409999847412109,0.6453788876533508,3.7491869926452637
3993,1,4.409999847412109,0.6245448589324951,3.7427291870117188
3994,0,-4.409999847412109,0.43007978796958923,3.451012134552002
3995,0,-4.409999847412109,0.4337536096572876,3.682631731033325
3996,0,-4.409999847412109,0.6380370259284973,3.350332736968994
3997,0,-4.409999847412109,0.49095526337623596,3.3501312732696533
3998,0,-4.409999847412109,0.3608170449733734,3.541508436203003
3999,0,-4.409999847412109,0.21281301975250244,3.670313596725464
4000,0,-4.409999847412109,0.46538737416267395,3.5302371978759766
4001,0,-4.409999847412109,0.4904157817363739,3.2428245544433594
4002,0,-4.409999847412109,0.3233971893787384,3.4665143489837646
4003,0,-4.409999847412109,0.33495786786079407,3.7726283073425293
4004,0,-4.409999847412109,0.21644283831119537,3.7584095001220703
4005,0,-4.409999847412109,0.41605299711227417,3.7972702980041504
4006,0,-4.409999847412109,0.21896237134933472,3.694340467453003
4007,0,-4.409999847412109,0.2204863280057907,3.7750706672668457
4008,0,-4.409999847412109,0.2080831676721573,3.7112886905670166
4009,0,-4.409999847412109,0.21731452643871307,3.6602721214294434
4010,0,-4.409999847412109,0.2577468454837799,4.091391086578369
4011,0,-4.409999847412109,0.20987103879451752,3.561896800994873
4012,0,-4.409999847412109,0.19963707029819489,3.7909557819366455
4013,1,4.889999866485596,0.6159127354621887,6.02568244934082
4014,1,4.889999866485596,0.7111919522285461,6.026289463043213
4015,0,-4.889999866485596,0.6334608793258667,6.143925189971924
4016,0,-4.889999866485596,0.5951722860336304,6.296679973602295
4017,0,-4.889999866485596,0.26389506459236145,5.196140289306641
4018,0,-4.889999866485596,0.31210076808929443,5.302957057952881
4019,0,-4.889999866485596,0.2345983386039734,5.023516654968262
4020,0,-4.889999866485596,0.21074244379997253,4.855622291564941
4021,0,-4.889999866485596,0.29067984223365784,5.0549750328063965
4022,0,-4.889999866485596,0.25602683424949646,4.980008602142334
4023,0,-4.889999866485596,0.2720888555049896,4.854020118713379
4024,0,-4.889999866485596,0.23972754180431366,5.0221967697143555
4025,0,-4.889999866485596,0.4175020754337311,5.901360988616943
4026,0,-4.889999866485596,0.24463555216789246,4.893776893615723
4027,0,-4.889999866485596,0.24789385497570038,4.759463787078857
4028,0,-4.889999866485596,0.2531667649745941,4.732696056365967
4029,0,-4.889999866485596,0.25104203820228577,4.611662864685059
4030,0,-4.889999866485596,0.24413464963436127,4.815986633300781
4031,0,-4.889999866485596,0.2513491213321686,4.79597282409668
4032,0,-4.889999866485596,0.257737398147583,4.893338680267334
4033,0,-4.889999866485596,0.2578185498714447,4.7450666427612305
4034,1,6.889999866485596,0.708511233329773,9.092567443847656
4035,0,-6.889999866485596,0.6423435211181641,9.286140441894531
4036,1,6.889999866485596,0.7126814126968384,9.10141372680664
4037,0,-6.889999866485596,0.6612366437911987,8.99968433380127
4038,0,-6.889999866485596,0.7226470112800598,9.145285606384277
4039,0,-6.889999866485596,0.6242939829826355,8.62193489074707
4040,0,-6.889999866485596,0.6109796166419983,8.172125816345215
4041,0,-6.889999866485596,0.615269660949707,8.11553955078125
4042,0,-6.889999866485596,0.5560286045074463,7.513893127441406
4043,0,-6.889999866485596,0.6079204082489014,8.386155128479004
4044,0,-6.889999866485596,0.6299046277999878,8.473267555236816
4045,0,-6.889999866485596,0.6783950924873352,9.042720794677734
4046,0,-6.889999866485596,0.6568539142608643,8.724241256713867
4047,0,-6.889999866485596,0.6547951102256775,8.638259887695312
4048,0,-6.889999866485596,0.5688666701316833,7.77170467376709
4049,0,-6.889999866485596,0.5550612807273865,7.461828708648682
4050,0,-6.889999866485596,0.5820940732955933,8.371782302856445
4051,0,-6.889999866485596,0.5235719680786133,7.483209609985352
4052,0,-6.889999866485596,0.6356753706932068,8.62832260131836
4053,0,-6.889999866485596,0.6936018466949463,8.229165077209473
4054,0,-6.889999866485596,0.47750598192214966,7.467740058898926
4055,1,8.359999656677246,0.7200245261192322,8.138460159301758
4056,0,-8.359999656677246,0.7354071736335754,8.191706657409668
4057,1,8.359999656677246,0.7171822190284729,8.107464790344238
4058,0,-8.359999656677246,0.29786747694015503,5.344095230102539
4059,0,-8.359999656677246,0.43449828028678894,5.973348617553711
4060,0,-8.359999656677246,0.7122052311897278,7.972102165222168
4061,0,-8.359999656677246,0.36141133308410645,5.1276140213012695
4062,0,-8.359999656677246,0.47509491443634033,7.565279960632324
4063,0,-8.359999656677246,0.6805281639099121,8.378673553466797
4064,0,-8.359999656677246,0.26043882966041565,5.251899242401123
4065,1,8.359999656677246,0.7350291013717651,8.105539321899414
4066,0,-8.359999656677246,0.6409172415733337,7.986294746398926
4067,0,-8.359999656677246,0.30695948004722595,4.691519260406494
4068,0,-8.359999656677246,0.25452297925949097,5.961530685424805
4069,0,-8.359999656677246,0.25249266624450684,6.233391284942627
4070,0,-8.359999656677246,0.33893072605133057,5.137467384338379
4071,0,-8.359999656677246,0.5065301060676575,5.972670555114746
4072,0,-8.359999656677246,0.4649506211280823,7.595698356628418
4073,0,-8.359999656677246,0.2845570147037506,4.276885032653809
4074,0,-8.359999656677246,0.24149736762046814,4.450387001037598
4075,1,4.050000190734863,0.7276068329811096,5.853245258331299
4076,0,-4.050000190734863,0.77696293592453,6.048569679260254
4077,0,-4.050000190734863,0.21388426423072815,5.226938247680664
4078,0,-4.050000190734863,0.5339789986610413,5.6219305992126465
4079,0,-4.050000190734863,0.31777530908584595,5.420162200927734
4080,0,-4.050000190734863,0.24125616252422333,5.025671482086182
4081,0,-4.050000190734863,0.20663262903690338,5.042780876159668
4082,0,-4.050000190734863,0.2827320098876953,5.248186111450195
4083,0,-4.050000190734863,0.44425928592681885,5.470779895782471
4084,0,-4.050000190734863,0.1669066995382309,5.031031131744385
4085,0,-4.050000190734863,0.5704946517944336,5.6400980949401855
4086,0,-4.050000190734863,0.32363027334213257,5.34155797958374
4087,0,-4.050000190734863,0.1963159143924713,5.138596057891846
4088,0,-4.050000190734863,0.17431411147117615,4.804701328277588
4089,0,-4.050000190734863,0.19306699931621552,5.142910957336426
4090,1,6.059999942779541,0.4255600571632385,6.328312873840332
4091,0,-6.059999942779541,0.3866036534309387,6.429984092712402
4092,0,-6.059999942779541,0.4863062798976898,6.224352836608887
4093,0,-6.059999942779541,0.4944618046283722,6.494615077972412
4094,0,-6.059999942779541,0.323175311088562,5.996476173400879
4095,0,-6.059999942779541,0.36565688252449036,6.0979204177856445
4096,0,-6.059999942779541,0.40199416875839233,5.861445426940918
4097,0,-6.059999942779541,0.31059208512306213,5.750140190124512
4098,0,-6.059999942779541,0.440435528755188,5.987607479095459
4099,0,-6.059999942779541,0.4028626084327698,5.885461330413818
4100,0,-6.059999942779541,0.4703964591026306,6.054938793182373
4101,0,-6.059999942779541,0.38905152678489685,5.955761909484863
4102,0,-6.059999942779541,0.3915245234966278,6.29421854019165
4103,0,-6.059999942779541,0.3582233190536499,6.111860275268555
4104,0,-6.059999942779541,0.44671911001205444,6.186042785644531
4105,0,-6.059999942779541,0.3233327269554138,5.722772598266602
4106,0,-6.059999942779541,0.43867409229278564,5.728865623474121
4107,0,-6.059999942779541,0.32270029187202454,5.4246039390563965
4108,0,-6.059999942779541,0.2502332031726837,5.629067420959473
4109,0,-6.059999942779541,0.393353670835495,5.838749885559082
4110,0,-6.059999942779541,0.4191668629646301,6.064431667327881
4111,1,5.599999904632568,0.6389196515083313,7.233055114746094
4112,0,-5.599999904632568,0.5028042197227478,6.59296178817749
4113,0,-5.599999904632568,0.36209383606910706,6.686583518981934
4114,0,-5.599999904632568,0.355675607919693,6.259278297424316
4115,0,-5.599999904632568,0.4367193281650543,6.136089324951172
4116,0,-5.599999904632568,0.3146677613258362,6.401589393615723
4117,0,-5.599999904632568,0.45180997252464294,6.493443012237549
4118,0,-5.599999904632568,0.1753360629081726,5.737523078918457
4119,0,-5.599999904632568,0.297972172498703,6.270940780639648
4120,0,-5.599999904632568,0.23294664919376373,6.170335292816162
4121,0,-5.599999904632568,0.33496859669685364,6.459319591522217
4122,0,-5.599999904632568,0.2271401435136795,5.4621686935424805
4123,0,-5.599999904632568,0.177481546998024,6.026553630828857
4124,0,-5.599999904632568,0.1799304038286209,6.231092929840088
4125,0,-5.599999904632568,0.18001583218574524,5.262985706329346
4126,0,-5.599999904632568,0.19669562578201294,6.071195125579834
4127,0,-5.599999904632568,0.23639176785945892,4.901672840118408
4128,0,-5.599999904632568,0.152539923787117,5.382657051086426
4129,0,-5.599999904632568,0.1765514761209488,5.575125694274902
4130,0,-5.599999904632568,0.2568322420120239,5.2570109367370605
4131,0,-5.599999904632568,0.27201858162879944,5.3555588722229
4132,1,5.440000057220459,0.874154806137085,7.051469326019287
4133,1,5.440000057220459,0.8727906346321106,7.183437824249268
4134,0,-5.440000057220459,0.762831449508667,6.405301094055176
4135,1,5.440000057220459,0.48978617787361145,6.134237766265869
4136,0,-5.440000057220459,0.4687507152557373,5.927031993865967
4137,1,9.550000190734863,0.68520587682724,9.00076961517334
4138,0,-9.550000190734863,0.37997716665267944,8.779684066772461
4139,0,-9.550000190734863,0.4295431673526764,8.726655960083008
4140,0,-9.550000190734863,0.46689778566360474,8.881275177001953
4141,0,-9.550000190734863,0.26408088207244873,8.687378883361816
4142,0,-9.550000190734863,0.4271540939807892,8.787691116333008
4143,0,-9.550000190734863,0.3856128752231598,8.730216979980469
4144,0,-9.550000190734863,0.3447156548500061,8.615127563476562
4145,0,-9.550000190734863,0.24802660942077637,8.743290901184082
4146,0,-9.550000190734863,0.2317117601633072,8.819562911987305
4147,0,-9.550000190734863,0.26729339361190796,8.616891860961914
4148,0,-9.550000190734863,0.31954628229141235,8.717771530151367
4149,0,-9.550000190734863,0.3694473206996918,8.813393592834473
4150,0,-9.550000190734863,0.286011278629303,8.654972076416016
4151,0,-9.550000190734863,0.30334368348121643,8.762866020202637
4152,0,-9.550000190734863,0.26233839988708496,8.585597038269043
4153,0,-9.550000190734863,0.14876632392406464,8.809083938598633
4154,0,-9.550000190734863,0.2683386206626892,8.954913139343262
4155,1,8.720000267028809,0.7839213609695435,9.164522171020508
4156,1,8.720000267028809,0.7840703725814819,9.157337188720703
4157,1,8.720000267028809,0.8046902418136597,9.100147247314453
4158,0,-8.720000267028809,0.685584545135498,8.885796546936035
4159,0,-8.720000267028809,0.5570507645606995,8.614545822143555
4160,0,-8.720000267028809,0.4611489176750183,8.763530731201172
4161,0,-8.720000267028809,0.41443073749542236,8.001274108886719
4162,0,-8.720000267028809,0.45795994997024536,8.529348373413086
4163,0,-8.720000267028809,0.3358032703399658,7.938144207000732
4164,0,-8.720000267028809,0.42924484610557556,8.569822311401367
4165,0,-8.720000267028809,0.4766908288002014,8.506823539733887
4166,0,-8.720000267028809,0.4087657034397125,8.470651626586914
4167,0,-8.720000267028809,0.31209179759025574,7.412044048309326
4168,0,-8.720000267028809,0.2313947230577469,6.819475173950195
4169,0,-8.720000267028809,0.39543983340263367,8.192461013793945
4170,1,9.720000267028809,0.8307929635047913,8.986170768737793
4171,1,9.720000267028809,0.7912406325340271,8.829893112182617
4172,0,-9.720000267028809,0.5163853168487549,8.71949577331543
4173,0,-9.720000267028809,0.6209948062896729,8.306136131286621
4174,0,-9.720000267028809,0.16144470870494843,7.883390426635742
4175,0,-9.720000267028809,0.25108975172042847,7.589344501495361
4176,0,-9.720000267028809,0.4277113378047943,8.250452041625977
4177,0,-9.720000267028809,0.4482389986515045,8.426453590393066
4178,1,5.150000095367432,0.8334189653396606,5.626766681671143
4179,1,5.150000095367432,0.8328612446784973,5.62086820602417
4180,0,-5.150000095367432,0.6912994980812073,4.731241703033447
4181,0,-5.150000095367432,0.4804542064666748,4.157273292541504
4182,0,-5.150000095367432,0.3991404175758362,3.7298965454101562
4183,0,-5.150000095367432,0.2836984395980835,4.24173641204834
4184,0,-5.150000095367432,0.2874489426612854,3.63386869430542
4185,0,-5.150000095367432,0.3035937249660492,3.6600146293640137
4186,0,-5.150000095367432,0.27158796787261963,3.8946022987365723
4187,0,-5.150000095367432,0.4209338128566742,3.6270060539245605
4188,0,-5.150000095367432,0.3043929934501648,3.7258331775665283
4189,0,-5.150000095367432,0.28121474385261536,3.7209665775299072
4190,0,-5.150000095367432,0.43755021691322327,4.3014726638793945
4191,0,-5.150000095367432,0.2757329046726227,3.8506665229797363
4192,0,-5.150000095367432,0.2878696322441101,3.8508291244506836
4193,0,-5.150000095367432,0.5153303742408752,4.237884044647217
4194,0,-5.150000095367432,0.2550250291824341,3.883774995803833
4195,0,-5.150000095367432,0.2911098897457123,4.138769149780273
4196,0,-5.150000095367432,0.3071717321872711,4.281033515930176
4197,0,-5.150000095367432,0.21530099213123322,4.311891555786133
4198,0,-7.159999847412109,0.4852348864078522,6.08856201171875
4199,0,-7.159999847412109,0.5728227496147156,6.6001362800598145
4200,0,-7.159999847412109,0.5298601388931274,6.167044162750244
4201,1,6.019999980926514,0.8496913909912109,6.967073440551758
4202,1,6.019999980926514,0.8454691171646118,7.1615447998046875
4203,1,6.019999980926514,0.8449059128761292,7.160374164581299
4204,1,6.019999980926514,0.8449127078056335,6.916861057281494
4205,1,6.019999980926514,0.7363935112953186,6.94989013671875
4206,1,6.019999980926514,0.5171198844909668,5.842947006225586
4207,0,-6.019999980926514,0.8125878572463989,6.986028671264648
4208,0,-4.190000057220459,0.5566703677177429,6.207993507385254
4209,0,-4.190000057220459,0.51139235496521,6.439377784729004
4210,0,-4.190000057220459,0.5288392901420593,6.213314056396484
4211,0,-4.190000057220459,0.39010465145111084,5.8866190910339355
4212,1,6.320000171661377,0.6513320207595825,7.054237365722656
4213,1,6.320000171661377,0.5926361680030823,7.229672908782959
4214,1,6.320000171661377,0.5791926980018616,7.28344202041626
4215,0,-6.320000171661377,0.42995551228523254,7.22468376159668
4216,0,-6.320000171661377,0.4524206817150116,7.043240070343018
4217,0,-6.320000171661377,0.33349570631980896,6.512110233306885
4218,0,-6.320000171661377,0.4279644787311554,6.273301124572754
4219,0,-6.320000171661377,0.2481764554977417,5.981825828552246
4220,0,-6.320000171661377,0.39671072363853455,6.732303619384766
4221,1,5.099999904632568,0.4429180324077606,4.469179630279541
4222,0,-5.099999904632568,0.26060783863067627,4.892369747161865
4223,0,-5.099999904632568,0.2293098419904709,4.805675983428955
4224,0,-5.099999904632568,0.23541241884231567,4.900940895080566
4225,0,-5.099999904632568,0.2041606456041336,4.955244541168213
4226,0,-5.099999904632568,0.2522071897983551,4.741988182067871
4227,0,-5.099999904632568,0.2782348096370697,4.872581481933594
4228,0,-5.099999904632568,0.2876494228839874,4.9028425216674805
4229,0,-5.099999904632568,0.257102370262146,4.791733741760254
4230,0,-5.099999904632568,0.25318560004234314,4.671000003814697
4231,0,-5.099999904632568,0.22191287577152252,4.87704610824585
4232,0,-5.099999904632568,0.22375483810901642,4.878087520599365
4233,0,-5.099999904632568,0.40220877528190613,4.480254650115967
4234,0,-5.099999904632568,0.19835883378982544,4.7866621017456055
4235,0,-5.099999904632568,0.1965438574552536,4.862338066101074
4236,0,-5.099999904632568,0.23115186393260956,4.851130962371826
4237,0,-5.099999904632568,0.2175547033548355,4.716170310974121
4238,0,-5.099999904632568,0.2826451361179352,4.728419303894043
4239,0,-5.099999904632568,0.27220419049263,4.708829879760742
4240,0,-5.099999904632568,0.29305437207221985,4.779407024383545
4241,0,-5.099999904632568,0.29746928811073303,4.740447044372559
4242,1,7.960000038146973,0.6497785449028015,6.5592451095581055
4243,1,7.960000038146973,0.6000436544418335,6.5256452560424805
4244,1,7.960000038146973,0.6179125905036926,6.49442720413208
4245,1,7.960000038146973,0.5840356945991516,6.428744792938232
4246,0,-7.960000038146973,0.47296205163002014,6.629680633544922
4247,0,-7.960000038146973,0.15894711017608643,6.418055534362793
4248,0,-7.960000038146973,0.7103331089019775,6.315539836883545
4249,0,-7.960000038146973,0.15118198096752167,6.646304130554199
4250,0,-7.960000038146973,0.18019823729991913,6.411016941070557
4251,0,-7.960000038146973,0.1876712143421173,6.520349979400635
4252,0,-7.960000038146973,0.5358604788780212,6.239053726196289
4253,0,-7.960000038146973,0.5067780017852783,6.659426689147949
4254,0,-7.960000038146973,0.09755634516477585,6.307611465454102
4255,0,-7.960000038146973,0.10800610482692719,6.469383716583252
4256,0,-7.960000038146973,0.13876007497310638,6.211760997772217
4257,1,4.849999904632568,0.7026569843292236,5.230377674102783
4258,1,4.849999904632568,0.6808516979217529,5.133996486663818
4259,0,-4.849999904632568,0.5770901441574097,5.2330322265625
4260,0,-4.849999904632568,0.503129780292511,5.153072357177734
4261,0,-4.849999904632568,0.3031609058380127,4.983925819396973
4262,0,-4.849999904632568,0.3698076009750366,5.08730411529541
4263,0,-4.849999904632568,0.252357542514801,4.972278118133545
4264,0,-4.849999904632568,0.3243692219257355,5.004886150360107
4265,0,-4.849999904632568,0.25449690222740173,4.968928337097168
4266,0,-4.849999904632568,0.2989252209663391,4.972757339477539
4267,0,-4.849999904632568,0.3402813673019409,5.084662437438965
4268,0,-4.849999904632568,0.24610058963298798,4.900574684143066
4269,0,-4.849999904632568,0.543500542640686,5.129124641418457
4270,0,-4.849999904632568,0.2556734085083008,4.924360752105713
4271,0,-4.849999904632568,0.34129464626312256,4.995602130889893
4272,0,-4.849999904632568,0.31882184743881226,5.0365681648254395
4273,0,-4.849999904632568,0.4042453467845917,5.017190933227539
4274,0,-4.849999904632568,0.25308698415756226,4.84626579284668
4275,0,-4.849999904632568,0.22492127120494843,4.927887916564941
4276,0,-4.849999904632568,0.293626070022583,4.9644575119018555
4277,0,-4.849999904632568,0.22435256838798523,4.866415023803711
4278,1,6.110000133514404,0.6190236210823059,6.637365341186523
4279,1,6.110000133514404,0.6355701088905334,6.624488830566406
4280,1,6.110000133514404,0.6423757672309875,6.6170268058776855
4281,0,-6.110000133514404,0.29702654480934143,6.915375232696533
4282,0,-6.110000133514404,0.29925337433815,6.913106918334961
4283,0,-6.110000133514404,0.17940497398376465,6.789127826690674
4284,0,-6.110000133514404,0.7248725295066833,6.57402229309082
4285,0,-6.110000133514404,0.724394679069519,6.579119682312012
4286,0,-6.110000133514404,0.18192704021930695,6.7898688316345215
4287,1,6.110000133514404,0.602974534034729,6.656920433044434
4288,0,-6.110000133514404,0.4027248024940491,6.515230178833008
4289,0,-6.110000133514404,0.13186955451965332,6.885066986083984
4290,0,-6.110000133514404,0.4978763163089752,6.591465950012207
4291,0,-6.110000133514404,0.16148775815963745,7.09210205078125
4292,0,-6.110000133514404,0.161357119679451,7.078219413757324
4293,0,-6.110000133514404,0.12894971668720245,6.809473991394043
4294,0,-6.110000133514404,0.5203938484191895,6.606393337249756
4295,0,-6.110000133514404,0.23455215990543365,6.796624183654785
4296,1,5.570000171661377,0.770781934261322,7.7464776039123535
4297,1,5.570000171661377,0.7514893412590027,7.645816326141357
4298,0,-5.570000171661377,0.6335937976837158,7.13897705078125
4299,0,-5.570000171661377,0.6297544836997986,6.889334201812744
4300,0,-5.570000171661377,0.2902683615684509,5.082594871520996
4301,0,-5.570000171661377,0.535913348197937,5.6902642250061035
4302,0,-5.570000171661377,0.3910598158836365,6.410414695739746
4303,0,-5.570000171661377,0.2824985384941101,4.926175117492676
4304,0,-5.570000171661377,0.6131985783576965,6.503273010253906
4305,0,-5.570000171661377,0.3668408989906311,5.039289951324463
4306,0,-5.570000171661377,0.33016085624694824,5.924246311187744
4307,0,-5.570000171661377,0.4618459939956665,6.797447681427002
4308,0,-5.570000171661377,0.45926573872566223,5.976295471191406
4309,0,-5.570000171661377,0.2851070761680603,5.028236389160156
4310,0,-5.570000171661377,0.20527546107769012,4.819581508636475
4311,0,-5.570000171661377,0.25146764516830444,5.869542598724365
4312,0,-5.570000171661377,0.4029204249382019,5.266574859619141
4313,0,-5.570000171661377,0.1478034108877182,4.749445915222168
4314,0,-5.570000171661377,0.16513660550117493,5.324395656585693
4315,0,-5.570000171661377,0.437045693397522,4.65181303024292
4316,0,-5.570000171661377,0.2676966190338135,4.9129509925842285
4317,1,6.019999980926514,0.8120370507240295,7.945326805114746
4318,1,6.019999980926514,0.8124759197235107,7.943168640136719
4319,0,-6.019999980926514,0.36763280630111694,5.912237644195557
4320,0,-6.019999980926514,0.3343624472618103,5.390718460083008
4321,0,-6.019999980926514,0.20360100269317627,4.836785316467285
4322,0,-6.019999980926514,0.6816102862358093,7.2001566886901855
4323,0,-6.019999980926514,0.5152145624160767,6.204067707061768
4324,0,-6.019999980926514,0.5253316760063171,6.4550065994262695
4325,0,-6.019999980926514,0.33621299266815186,5.272183895111084
4326,0,-6.019999980926514,0.5538973212242126,7.2523698806762695
4327,0,-6.019999980926514,0.12760615348815918,4.978448390960693
4328,0,-6.019999980926514,0.32048922777175903,6.530263900756836
4329,0,-6.019999980926514,0.1502520889043808,4.979238510131836
4330,0,-6.019999980926514,0.4482567310333252,6.120425224304199
4331,0,-6.019999980926514,0.1985243856906891,5.032460689544678
4332,0,-6.019999980926514,0.13591399788856506,4.869955539703369
4333,0,-7.800000190734863,0.27144309878349304,5.766225337982178
4334,0,-7.800000190734863,0.16701804101467133,5.780818462371826
4335,0,-7.800000190734863,0.19664481282234192,5.762918949127197
4336,0,-7.800000190734863,0.25220558047294617,5.792970657348633
4337,0,-7.800000190734863,0.12133510410785675,5.764403820037842
4338,0,-7.800000190734863,0.14779841899871826,5.760205268859863
4339,0,-7.800000190734863,0.10872836410999298,5.789730072021484
4340,0,-7.800000190734863,0.1928415447473526,5.895916938781738
4341,0,-7.800000190734863,0.13439121842384338,5.687338829040527
4342,0,-7.800000190734863,0.13614079356193542,5.715250015258789
4343,0,-7.800000190734863,0.3123135268688202,5.745998382568359
4344,0,-7.800000190734863,0.13700781762599945,5.830355167388916
4345,0,-7.800000190734863,0.3158043324947357,5.844317436218262
4346,0,-7.800000190734863,0.09689360857009888,5.664600849151611
4347,0,-7.800000190734863,0.16181989014148712,5.752191066741943
4348,0,-7.800000190734863,0.08305241167545319,5.704289436340332
4349,0,-7.800000190734863,0.13836225867271423,5.700953006744385
4350,0,-7.800000190734863,0.13641607761383057,5.7508087158203125
4351,0,-7.800000190734863,0.4284211993217468,5.835403919219971
4352,0,-7.800000190734863,0.18131712079048157,5.779543876647949
4353,1,2.4000000953674316,0.4658922553062439,4.425130367279053
4354,0,-2.4000000953674316,0.2782459259033203,4.892575263977051
4355,0,-2.4000000953674316,0.28154298663139343,4.86421537399292
4356,0,-2.4000000953674316,0.2704105079174042,4.616850852966309
4357,0,-2.4000000953674316,0.423936128616333,4.697393417358398
4358,0,-2.4000000953674316,0.2438693791627884,4.855531692504883
4359,0,-2.4000000953674316,0.2886894643306732,4.576635837554932
4360,0,-2.4000000953674316,0.37667223811149597,4.637048244476318
4361,0,-2.4000000953674316,0.28855812549591064,4.486815452575684
4362,0,-2.4000000953674316,0.25050875544548035,4.563902854919434
4363,0,-2.4000000953674316,0.4019550681114197,4.483541488647461
4364,0,-2.4000000953674316,0.22399824857711792,4.657948970794678
4365,0,-2.4000000953674316,0.2080913931131363,4.934900283813477
4366,0,-2.4000000953674316,0.24455690383911133,4.786070823669434
4367,0,-2.4000000953674316,0.24245260655879974,4.863875865936279
4368,0,-2.4000000953674316,0.20526990294456482,4.431429386138916
4369,0,-2.4000000953674316,0.32005956768989563,4.493729591369629
4370,0,-2.4000000953674316,0.1797429472208023,4.709851264953613
4371,0,-2.4000000953674316,0.2989589273929596,4.331151485443115
4372,0,-2.4000000953674316,0.24372422695159912,4.37090539932251
4373,0,-2.4000000953674316,0.2965717017650604,4.549118995666504
4374,1,3.5799999237060547,0.7369587421417236,5.28859281539917
4375,0,-3.5799999237060547,0.8053176999092102,5.393725872039795
4376,0,-3.5799999237060547,0.8034846186637878,5.262938499450684
4377,0,-3.5799999237060547,0.617662787437439,5.137316703796387
4378,0,-3.5799999237060547,0.42259886860847473,4.734631538391113
4379,0,-3.5799999237060547,0.4264049828052521,5.1045989990234375
4380,0,-3.5799999237060547,0.3340979516506195,4.824625015258789
4381,0,-3.5799999237060547,0.5217379331588745,4.878220081329346
4382,0,-3.5799999237060547,0.459766685962677,4.732308864593506
4383,0,-3.5799999237060547,0.3126906454563141,4.490771293640137
4384,0,-3.5799999237060547,0.19021372497081757,4.350811004638672
4385,0,-3.5799999237060547,0.22776173055171967,4.59531307220459
4386,0,-3.5799999237060547,0.21027974784374237,4.425948619842529
4387,0,-3.5799999237060547,0.2332409769296646,4.712787628173828
4388,0,-3.5799999237060547,0.26816868782043457,4.543761253356934
4389,0,-3.5799999237060547,0.2900794446468353,4.663581848144531
4390,0,-3.5799999237060547,0.2590317726135254,4.461912155151367
4391,0,-3.5799999237060547,0.2366265505552292,4.611846923828125
4392,1,6.820000171661377,0.7667308449745178,5.765392303466797
4393,0,-6.820000171661377,0.7771146893501282,5.778768062591553
4394,0,-6.820000171661377,0.2405540943145752,4.763861656188965
4395,0,-6.820000171661377,0.32717183232307434,4.796943187713623
4396,0,-6.820000171661377,0.21529816091060638,5.228647232055664
4397,0,-6.820000171661377,0.34361588954925537,4.69608211517334
4398,0,-6.820000171661377,0.285028338432312,4.917120933532715
4399,0,-6.820000171661377,0.25637245178222656,4.707053184509277
4400,0,-6.820000171661377,0.3108973205089569,5.013766765594482
4401,0,-6.820000171661377,0.375053346157074,5.048325538635254
4402,0,-6.820000171661377,0.20349492132663727,4.863823413848877
4403,0,-6.820000171661377,0.21708853542804718,4.991916179656982
4404,0,-6.820000171661377,0.2276383489370346,4.892660140991211
4405,0,-6.820000171661377,0.21212957799434662,4.814425468444824
4406,0,-6.820000171661377,0.2273378223180771,4.89865779876709
4407,0,-6.820000171661377,0.21830494701862335,4.932773590087891
4408,0,-6.820000171661377,0.2752205431461334,4.807112693786621
4409,0,-6.820000171661377,0.22196318209171295,4.731667995452881
4410,0,-6.820000171661377,0.3205706477165222,4.790622711181641
4411,0,-6.820000171661377,0.2037508338689804,4.989683151245117
4412,0,-6.820000171661377,0.297152578830719,4.896541595458984
4413,1,7.090000152587891,0.7739620208740234,7.293668270111084
4414,0,-7.090000152587891,0.6273455619812012,8.003824234008789
4415,0,-7.090000152587891,0.2978454828262329,7.616382598876953
4416,0,-7.090000152587891,0.3666590750217438,7.889775276184082
4417,0,-7.090000152587891,0.28672781586647034,7.053693771362305
4418,0,-7.090000152587891,0.22119879722595215,7.126471042633057
4419,0,-7.090000152587891,0.1854064166545868,6.588503837585449
4420,0,-7.090000152587891,0.17891038954257965,7.310672760009766
4421,0,-7.090000152587891,0.4032233655452728,7.250940322875977
4422,0,-7.090000152587891,0.5251939296722412,7.176913261413574
4423,0,-7.090000152587891,0.3144061863422394,7.141432762145996
4424,0,-7.090000152587891,0.3097875416278839,7.289914608001709
4425,0,-7.090000152587891,0.16572101414203644,7.407052040100098
4426,0,-7.090000152587891,0.24907517433166504,7.152328014373779
4427,0,-7.090000152587891,0.2984089255332947,6.8045654296875
4428,0,-7.090000152587891,0.15550902485847473,6.534267425537109
4429,0,-7.090000152587891,0.6371288895606995,7.3972392082214355
4430,0,-7.090000152587891,0.13967521488666534,6.921586513519287
4431,0,-7.090000152587891,0.1820400059223175,7.088022708892822
4432,0,-7.090000152587891,0.13799087703227997,7.178653240203857
4433,0,-7.090000152587891,0.2830313742160797,7.09470272064209
4434,1,8.479999542236328,0.7042689323425293,8.209399223327637
4435,1,8.479999542236328,0.5902119278907776,8.131831169128418
4436,0,-8.479999542236328,0.45249250531196594,7.520123481750488
4437,0,-8.479999542236328,0.45062294602394104,7.494307994842529
4438,0,-8.479999542236328,0.5875757932662964,8.054510116577148
4439,0,-8.479999542236328,0.13802477717399597,6.346219062805176
4440,0,-8.479999542236328,0.15687739849090576,6.537295818328857
4441,0,-8.479999542236328,0.5017650723457336,7.6197381019592285
4442,0,-8.479999542236328,0.395505428314209,7.596537113189697
4443,0,-8.479999542236328,0.3412483334541321,7.456363677978516
4444,0,-8.479999542236328,0.14665299654006958,6.9489240646362305
4445,0,-8.479999542236328,0.2724634110927582,7.104724884033203
4446,0,-8.479999542236328,0.19301782548427582,7.316074371337891
4447,0,-8.479999542236328,0.2046968936920166,6.982780933380127
4448,1,8.300000190734863,0.44705140590667725,8.408801078796387
4449,0,-8.300000190734863,0.33180713653564453,8.42174243927002
4450,0,-8.300000190734863,0.28452277183532715,8.447894096374512
4451,0,-8.300000190734863,0.2450466901063919,8.262392044067383
4452,0,-8.300000190734863,0.3264369070529938,8.393754005432129
4453,0,-8.300000190734863,0.08851844817399979,8.130176544189453
4454,0,-8.300000190734863,0.2574709355831146,8.161746978759766
4455,0,-8.300000190734863,0.20447126030921936,8.422444343566895
4456,0,-8.300000190734863,0.09191562980413437,8.060678482055664
4457,0,-8.300000190734863,0.24405480921268463,8.510787010192871
4458,0,-8.300000190734863,0.1335836499929428,8.34598159790039
4459,0,-8.300000190734863,0.33166471123695374,8.617124557495117
4460,0,-8.300000190734863,0.07011787593364716,7.999066352844238
4461,0,-8.300000190734863,0.17167013883590698,8.14404296875
4462,0,-8.300000190734863,0.3290984332561493,8.440794944763184
4463,0,-8.300000190734863,0.21853148937225342,8.297945022583008
4464,0,-8.300000190734863,0.35776486992836,8.622127532958984
4465,0,-8.300000190734863,0.11184307187795639,7.955443382263184
4466,0,-8.300000190734863,0.20069968700408936,8.319503784179688
4467,0,-8.300000190734863,0.09990252554416656,7.713942527770996
4468,0,-8.300000190734863,0.13857854902744293,7.9641008377075195
4469,1,10.300000190734863,0.846053421497345,8.728080749511719
4470,1,10.300000190734863,0.8450343608856201,8.746420860290527
4471,0,-10.300000190734863,0.6964002847671509,8.245889663696289
4472,0,-10.300000190734863,0.7461966276168823,8.272981643676758
4473,1,4.760000228881836,0.5785136222839355,4.959948539733887
4474,0,-4.760000228881836,0.5404909253120422,5.057658672332764
4475,0,-4.760000228881836,0.5482666492462158,4.9730753898620605
4476,0,-4.760000228881836,0.5517672300338745,4.980850696563721
4477,0,-4.760000228881836,0.4638683795928955,4.822367191314697
4478,0,-4.760000228881836,0.4812680184841156,4.965785503387451
4479,0,-4.760000228881836,0.44496890902519226,4.897665977478027
4480,1,4.760000228881836,0.5727848410606384,5.194333076477051
4481,0,-4.760000228881836,0.2908092439174652,4.711352825164795
4482,0,-4.760000228881836,0.42897364497184753,4.721979141235352
4483,0,-4.760000228881836,0.3343832790851593,4.573899745941162
4484,0,-4.760000228881836,0.2647593319416046,4.540374755859375
4485,0,-4.760000228881836,0.2426450103521347,4.665193557739258
4486,0,-4.760000228881836,0.27710846066474915,4.454219818115234
4487,0,-4.760000228881836,0.3835048973560333,4.8932623863220215
4488,0,-4.760000228881836,0.1599583476781845,4.439338684082031
4489,0,-4.760000228881836,0.1668374389410019,4.387731552124023
4490,0,-4.760000228881836,0.27322205901145935,4.580952167510986
4491,0,-4.760000228881836,0.24950872361660004,4.542360782623291
4492,0,-4.760000228881836,0.2690502107143402,4.428963661193848
4493,1,5.960000038146973,0.7784509062767029,6.1138916015625
4494,1,5.960000038146973,0.7749089598655701,6.1144208908081055
4495,0,-5.960000038146973,0.6058651208877563,5.83137321472168
4496,0,-5.960000038146973,0.7822073101997375,6.017492294311523
4497,0,-5.960000038146973,0.340251088142395,5.181451320648193
4498,0,-5.960000038146973,0.4408559799194336,5.2475175857543945
4499,0,-5.960000038146973,0.4400677978992462,5.251728534698486
4500,0,-5.960000038146973,0.5593134164810181,5.565924167633057
4501,0,-5.960000038146973,0.48429086804389954,5.430933952331543
4502,0,-5.960000038146973,0.21794715523719788,5.013664722442627
4503,0,-5.960000038146973,0.22126710414886475,4.476347923278809
4504,0,-5.960000038146973,0.17993362247943878,4.594522953033447
4505,0,-5.960000038146973,0.7324535846710205,5.871193885803223
4506,0,-5.960000038146973,0.15631075203418732,4.815960884094238
4507,0,-5.960000038146973,0.5318735837936401,5.481773853302002
4508,0,-5.960000038146973,0.24144431948661804,4.832284927368164
4509,0,-5.960000038146973,0.21423287689685822,4.816854476928711
4510,0,-5.960000038146973,0.22267410159111023,4.310416221618652
4511,0,-5.960000038146973,0.6475935578346252,5.6002912521362305
4512,0,-5.960000038146973,0.7173414826393127,5.867209434509277
4513,0,-5.960000038146973,0.22894777357578278,4.368945121765137
4514,0,-7.320000171661377,0.08600089699029922,8.32644271850586
4515,1,7.320000171661377,0.3530789613723755,8.496576309204102
4516,0,-7.320000171661377,0.06552667170763016,8.135647773742676
4517,0,-7.320000171661377,0.402482807636261,8.475171089172363
4518,0,-7.320000171661377,0.07082536071538925,8.135910987854004
4519,0,-7.320000171661377,0.21606601774692535,8.481916427612305
4520,0,-7.320000171661377,0.09157940000295639,8.06011962890625
4521,0,-7.320000171661377,0.06857482343912125,8.037836074829102
4522,0,-7.320000171661377,0.39280882477760315,8.506427764892578
4523,0,-7.320000171661377,0.11695892363786697,8.23424243927002
4524,0,-7.320000171661377,0.12462003529071808,8.2344331741333
4525,0,-7.320000171661377,0.07397323846817017,7.821361064910889
4526,0,-7.320000171661377,0.16937848925590515,8.197469711303711
4527,0,-7.320000171661377,0.11063273251056671,8.32307243347168
4528,0,-7.320000171661377,0.10223115235567093,8.097464561462402
4529,0,-7.320000171661377,0.22721952199935913,8.164321899414062
4530,0,-7.320000171661377,0.06630890816450119,8.036311149597168
4531,0,-7.320000171661377,0.09144715219736099,8.198088645935059
4532,0,-7.320000171661377,0.14548927545547485,8.272275924682617
4533,0,-7.320000171661377,0.10120952874422073,8.286266326904297
4534,1,6.300000190734863,0.8148278594017029,5.727082252502441
4535,0,-6.300000190734863,0.7647918462753296,5.924317359924316
4536,0,-6.300000190734863,0.7293608784675598,5.662016868591309
4537,0,-6.300000190734863,0.6691763997077942,5.7391462326049805
4538,0,-6.300000190734863,0.5910287499427795,5.74818229675293
4539,0,-6.300000190734863,0.691005289554596,5.838521957397461
4540,1,6.300000190734863,0.7781054377555847,5.452666282653809
4541,0,-6.300000190734863,0.6543115973472595,5.6726789474487305
4542,0,-6.300000190734863,0.4322495758533478,4.9391865730285645
4543,1,6.300000190734863,0.6570687890052795,5.652886390686035
4544,0,-6.300000190734863,0.7781594395637512,5.483346462249756
4545,0,-6.300000190734863,0.39343443512916565,5.055477619171143
4546,0,-6.300000190734863,0.30221641063690186,4.9601545333862305
4547,0,-6.300000190734863,0.4003869891166687,4.986426830291748
4548,0,-6.300000190734863,0.6240129470825195,5.492394924163818
4549,0,-6.300000190734863,0.7468723654747009,5.933873176574707
4550,0,-6.300000190734863,0.6131243109703064,5.490700721740723
4551,0,-6.300000190734863,0.6491340398788452,5.240457057952881
4552,0,-6.300000190734863,0.25540924072265625,4.9295854568481445
4553,0,-6.300000190734863,0.25410428643226624,4.725434303283691
4554,0,-6.300000190734863,0.35450366139411926,5.045337677001953
4555,0,-4.690000057220459,0.47107675671577454,4.411482810974121
4556,0,-4.690000057220459,0.4356115162372589,4.723090171813965
4557,0,-4.690000057220459,0.37292173504829407,4.908650875091553
4558,0,-4.690000057220459,0.4791538715362549,4.643515110015869
4559,0,-4.690000057220459,0.24602681398391724,5.3908371925354
4560,0,-4.690000057220459,0.16247276961803436,4.888401985168457
4561,0,-4.690000057220459,0.27704912424087524,5.5002923011779785
4562,0,-4.690000057220459,0.13797301054000854,4.071549415588379
4563,0,-4.690000057220459,0.299051970243454,5.055354595184326
4564,0,-4.690000057220459,0.4158342480659485,4.329259872436523
4565,0,-4.690000057220459,0.12920178472995758,4.092564582824707
4566,0,-4.690000057220459,0.1111871600151062,4.733460903167725
4567,0,-4.690000057220459,0.20728148519992828,4.4265570640563965
4568,0,-4.690000057220459,0.17045974731445312,4.023427486419678
4569,0,-4.690000057220459,0.16405169665813446,4.6358137130737305
4570,0,-4.690000057220459,0.19990557432174683,4.099606513977051
4571,0,-4.690000057220459,0.2109696865081787,4.324635982513428
4572,0,-4.690000057220459,0.11461863666772842,4.27722692489624
4573,0,-4.690000057220459,0.16448485851287842,4.204717636108398
4574,0,-4.690000057220459,0.413074254989624,4.254061698913574
4575,0,-4.690000057220459,0.10294606536626816,4.247926712036133
4576,0,-5.010000228881836,0.43559661507606506,4.250782012939453
4577,0,-5.010000228881836,0.3481597602367401,4.2035112380981445
4578,0,-5.010000228881836,0.3823978304862976,4.208206653594971
4579,0,-5.010000228881836,0.1703433096408844,4.332279682159424
4580,0,-5.010000228881836,0.20009462535381317,4.935934543609619
4581,0,-5.010000228881836,0.37891674041748047,4.2202372550964355
4582,0,-5.010000228881836,0.2244124710559845,3.8678486347198486
4583,0,-5.010000228881836,0.19118642807006836,4.518320083618164
4584,0,-5.010000228881836,0.228860542178154,4.481895446777344
4585,0,-5.010000228881836,0.2070818543434143,4.46200704574585
4586,0,-5.010000228881836,0.11853769421577454,4.00175666809082
4587,0,-5.010000228881836,0.09631117433309555,4.351690769195557
4588,0,-5.010000228881836,0.11918443441390991,3.9484198093414307
4589,0,-5.010000228881836,0.1502021700143814,4.292960166931152
4590,0,-5.010000228881836,0.17591814696788788,4.273711204528809
4591,0,-5.010000228881836,0.1829998642206192,3.947613477706909
4592,0,-5.010000228881836,0.10585643351078033,4.256256103515625
4593,0,-5.010000228881836,0.11364180594682693,4.160829544067383
4594,0,-5.010000228881836,0.09357517212629318,3.9468350410461426
4595,0,-5.010000228881836,0.1258564293384552,3.961538314819336
4596,0,-5.010000228881836,0.1924440860748291,4.458593845367432
4597,1,3.9700000286102295,0.4899986684322357,4.666840553283691
4598,1,3.9700000286102295,0.5308170914649963,5.192757606506348
4599,0,-3.9700000286102295,0.4385939836502075,4.267672538757324
4600,0,-3.9700000286102295,0.43216222524642944,3.8332698345184326
4601,0,-3.9700000286102295,0.15465962886810303,4.155524253845215
4602,0,-3.9700000286102295,0.20082789659500122,4.597231388092041
4603,0,-3.9700000286102295,0.1649470329284668,4.131374835968018
4604,0,-3.9700000286102295,0.20035073161125183,4.833803653717041
4605,0,-3.9700000286102295,0.17201589047908783,4.364466190338135
4606,0,-3.9700000286102295,0.169322669506073,4.164916038513184
4607,0,-3.9700000286102295,0.15241673588752747,4.232990741729736
4608,0,-3.9700000286102295,0.4609537720680237,3.6292760372161865
4609,0,-3.9700000286102295,0.1601291447877884,3.8713672161102295
4610,0,-3.9700000286102295,0.1824212670326233,4.0877180099487305
4611,0,-3.9700000286102295,0.18748344480991364,4.280077934265137
4612,0,-3.9700000286102295,0.12582986056804657,4.229376792907715
4613,0,-3.9700000286102295,0.22289516031742096,4.246241092681885
4614,0,-3.9700000286102295,0.18409259617328644,3.8054468631744385
4615,0,-3.9700000286102295,0.15183091163635254,4.022444725036621
4616,0,-3.9700000286102295,0.10865515470504761,4.021344184875488
4617,0,-3.9700000286102295,0.13476857542991638,3.826218843460083
