index,label,affinity_true,p_good,affinity_pred
0,1,3.2799999713897705,0.3717047870159149,3.3366689682006836
1,0,-3.2799999713897705,0.37427690625190735,3.7475638389587402
2,0,-3.2799999713897705,0.24871306121349335,3.2892770767211914
3,0,-3.2799999713897705,0.1961069256067276,3.2680416107177734
4,0,-3.2799999713897705,0.164426788687706,3.380246162414551
5,0,-3.2799999713897705,0.19092993438243866,3.5203909873962402
6,0,-3.2799999713897705,0.14464057981967926,3.467491626739502
7,0,-3.2799999713897705,0.1345047801733017,3.9576175212860107
8,0,-3.2799999713897705,0.32292109727859497,3.179612874984741
9,0,-3.2799999713897705,0.20439371466636658,3.3033673763275146
10,0,-3.2799999713897705,0.43602505326271057,3.294503688812256
11,0,-3.2799999713897705,0.13922476768493652,3.423440456390381
12,0,-3.2799999713897705,0.21458208560943604,3.232248067855835
13,0,-3.2799999713897705,0.21265828609466553,3.2956769466400146
14,0,-3.2799999713897705,0.235756054520607,3.156677484512329
15,1,3.2799999713897705,0.20961228013038635,3.219649314880371
16,0,-3.2799999713897705,0.19501376152038574,3.1941797733306885
17,0,-3.2799999713897705,0.2125178426504135,3.3183228969573975
18,0,-3.2799999713897705,0.19354090094566345,3.426952600479126
19,0,-3.2799999713897705,0.4341392517089844,3.5496063232421875
20,0,-3.2799999713897705,0.18519215285778046,3.3574674129486084
21,1,3.5199999809265137,0.7375391721725464,4.448092460632324
22,1,3.5199999809265137,0.73015296459198,4.371966361999512
23,1,3.5199999809265137,0.5418205261230469,4.638073444366455
24,0,-3.5199999809265137,0.6338865756988525,4.306495189666748
25,0,-3.5199999809265137,0.28049299120903015,4.2533650398254395
26,0,-3.5199999809265137,0.4808175563812256,3.8775839805603027
27,1,7.050000190734863,0.5471293926239014,7.696441650390625
28,1,7.050000190734863,0.547521710395813,7.681438446044922
29,0,-7.050000190734863,0.5261669158935547,7.520693302154541
30,0,-7.050000190734863,0.43949636816978455,6.973865509033203
31,0,-7.050000190734863,0.21127714216709137,5.929813861846924
32,0,-7.050000190734863,0.23412461578845978,6.4818549156188965
33,0,-7.050000190734863,0.4535038471221924,7.211464881896973
34,0,-7.050000190734863,0.31764858961105347,6.6503376960754395
35,0,-7.050000190734863,0.19733934104442596,6.136207103729248
36,0,-7.050000190734863,0.4410135746002197,7.53620719909668
37,0,-7.050000190734863,0.18262095749378204,6.805787563323975
38,0,-7.050000190734863,0.2880859375,6.481748104095459
39,0,-7.050000190734863,0.23835399746894836,6.316064834594727
40,0,-7.050000190734863,0.21389873325824738,6.607469081878662
41,0,-7.050000190734863,0.24352671205997467,6.041926860809326
42,0,-7.050000190734863,0.14312125742435455,6.358034133911133
43,0,-7.050000190734863,0.18391403555870056,6.482243061065674
44,0,-7.050000190734863,0.22157514095306396,5.771543502807617
45,0,-7.050000190734863,0.24627891182899475,6.465786933898926
46,0,-7.050000190734863,0.18972665071487427,6.2501444816589355
47,0,-7.050000190734863,0.23932400345802307,6.364968299865723
48,1,6.5,0.8056290149688721,8.250774383544922
49,1,6.5,0.8048958778381348,8.310487747192383
50,0,-6.5,0.7940369844436646,8.628236770629883
51,0,-6.5,0.7982463836669922,8.611239433288574
52,0,-6.5,0.6655561327934265,7.734842777252197
53,0,-6.5,0.3702700138092041,6.613392353057861
54,0,-6.5,0.5157548785209656,6.673818111419678
55,0,-6.5,0.45224836468696594,7.673370838165283
56,0,-6.5,0.2751595377922058,6.325139045715332
57,0,-6.5,0.23943527042865753,5.8692851066589355
58,0,-6.5,0.4853748083114624,8.21381664276123
59,0,-6.5,0.21519984304904938,5.9815993309021
60,0,-6.5,0.4665316343307495,5.866485118865967
61,0,-6.5,0.18065205216407776,5.668872356414795
62,0,-6.5,0.1911116987466812,6.433184623718262
63,0,-6.5,0.2249402403831482,6.037168979644775
64,0,-6.5,0.20166748762130737,6.272683620452881
65,0,-6.5,0.2192404866218567,7.051573753356934
66,0,-6.5,0.16466715931892395,5.698479652404785
67,0,-6.5,0.17267830669879913,5.500308513641357
68,0,-6.5,0.1628941148519516,5.520108222961426
69,1,8.020000457763672,0.7414569854736328,7.670196533203125
70,0,-8.020000457763672,0.22589872777462006,6.479864120483398
71,0,-8.020000457763672,0.2505726218223572,6.692673206329346
72,0,-8.020000457763672,0.23076914250850677,6.418441295623779
73,0,-8.020000457763672,0.2135208547115326,6.049519062042236
74,0,-8.020000457763672,0.2051602602005005,6.401414394378662
75,0,-8.020000457763672,0.31004005670547485,6.401875972747803
76,0,-8.020000457763672,0.23997637629508972,6.484703540802002
77,0,-8.020000457763672,0.3465815484523773,6.566961288452148
78,0,-8.020000457763672,0.27357834577560425,6.3223042488098145
79,0,-8.020000457763672,0.24955199658870697,5.740448474884033
80,0,-8.020000457763672,0.2689197361469269,6.710140705108643
81,0,-8.020000457763672,0.312325119972229,6.257049083709717
82,0,-8.020000457763672,0.2151888906955719,6.643185138702393
83,0,-8.020000457763672,0.31392958760261536,6.902588367462158
84,0,-8.020000457763672,0.23785008490085602,6.467234134674072
85,0,-8.020000457763672,0.3555368483066559,6.846501350402832
86,0,-8.020000457763672,0.28616541624069214,6.092686653137207
87,0,-8.020000457763672,0.21233217418193817,5.710324287414551
88,0,-8.020000457763672,0.2635665237903595,6.436311721801758
89,0,-8.020000457763672,0.20070990920066833,5.469642639160156
90,1,2.9800000190734863,0.5094789862632751,4.783812999725342
91,0,-2.9800000190734863,0.5467674732208252,4.7281951904296875
92,1,2.9800000190734863,0.5056244730949402,4.713968276977539
93,0,-2.9800000190734863,0.16609281301498413,4.443294048309326
94,0,-2.9800000190734863,0.14239807426929474,4.400093078613281
95,0,-2.9800000190734863,0.16601988673210144,4.588509559631348
96,0,-2.9800000190734863,0.2351677119731903,4.025653839111328
97,0,-2.9800000190734863,0.42852461338043213,3.7391417026519775
98,0,-2.9800000190734863,0.5409713983535767,3.8105380535125732
99,0,-2.9800000190734863,0.2547464966773987,3.4153432846069336
100,0,-2.9800000190734863,0.21446019411087036,4.231545448303223
101,0,-2.9800000190734863,0.5217877626419067,3.8523731231689453
102,0,-2.9800000190734863,0.17208169400691986,3.6940979957580566
103,0,-2.9800000190734863,0.15843546390533447,3.3364431858062744
104,0,-2.9800000190734863,0.22928419709205627,4.193312168121338
105,0,-2.9800000190734863,0.1910269856452942,3.584547519683838
106,0,-2.9800000190734863,0.1802988201379776,3.7304768562316895
107,0,-2.9800000190734863,0.26191526651382446,4.0497941970825195
108,0,-2.9800000190734863,0.2675997018814087,3.624464750289917
109,0,-2.9800000190734863,0.20830689370632172,3.3501250743865967
110,0,-2.9800000190734863,0.17157530784606934,3.2995223999023438
111,1,8.640000343322754,0.4227454662322998,8.856565475463867
112,0,-8.640000343322754,0.5095633268356323,8.76666259765625
113,1,8.640000343322754,0.40428900718688965,8.891847610473633
114,0,-8.640000343322754,0.44519877433776855,9.027816772460938
115,0,-8.640000343322754,0.44083958864212036,8.80767822265625
116,0,-8.640000343322754,0.5485928058624268,8.889421463012695
117,0,-8.640000343322754,0.4861781895160675,8.784221649169922
118,0,-8.640000343322754,0.38051939010620117,8.967109680175781
119,0,-8.640000343322754,0.24502603709697723,8.946954727172852
120,0,-8.640000343322754,0.46958643198013306,8.604107856750488
121,0,-8.640000343322754,0.41630735993385315,8.656862258911133
122,0,-8.640000343322754,0.4323900043964386,8.522751808166504
123,0,-8.640000343322754,0.5566233992576599,8.773578643798828
124,0,-8.640000343322754,0.4308883547782898,8.107666015625
125,0,-8.640000343322754,0.20592260360717773,7.343408107757568
126,0,-8.640000343322754,0.3087189495563507,8.223872184753418
127,0,-8.640000343322754,0.14669284224510193,7.261397361755371
128,0,-8.640000343322754,0.15029507875442505,8.732088088989258
129,0,-8.640000343322754,0.13256917893886566,8.804932594299316
130,0,-8.640000343322754,0.18506501615047455,6.928435325622559
131,0,-8.640000343322754,0.15243268013000488,8.304778099060059
132,1,6.420000076293945,0.7910745739936829,6.248166561126709
133,1,6.420000076293945,0.7909049391746521,6.252291679382324
134,0,-6.420000076293945,0.4201355576515198,4.4613542556762695
135,0,-6.420000076293945,0.2409815490245819,3.2189505100250244
136,0,-6.420000076293945,0.5611119270324707,5.127600193023682
137,0,-6.420000076293945,0.27964189648628235,4.340641975402832
138,0,-6.420000076293945,0.23431864380836487,4.219409465789795
139,0,-6.420000076293945,0.180263951420784,3.077652931213379
140,0,-6.420000076293945,0.27769777178764343,3.4126288890838623
141,0,-6.420000076293945,0.2919699549674988,3.614807367324829
142,0,-6.420000076293945,0.2147623598575592,4.153650283813477
143,0,-6.420000076293945,0.3201397955417633,4.551174640655518
144,0,-6.420000076293945,0.23139581084251404,4.233645439147949
145,0,-6.420000076293945,0.21263375878334045,3.3263285160064697
146,0,-6.420000076293945,0.19442540407180786,3.348395824432373
147,0,-6.420000076293945,0.1818123310804367,3.8976759910583496
148,0,-6.420000076293945,0.27100440859794617,3.612567663192749
149,0,-6.420000076293945,0.23383687436580658,3.8812379837036133
150,0,-6.420000076293945,0.16779348254203796,3.2360916137695312
151,0,-6.420000076293945,0.17307758331298828,3.6408815383911133
152,0,-6.420000076293945,0.17235594987869263,3.5602283477783203
153,1,7.190000057220459,0.7599923610687256,5.531290531158447
154,0,-7.190000057220459,0.6575894355773926,5.177114486694336
155,0,-7.190000057220459,0.7130609154701233,5.2939252853393555
156,0,-7.190000057220459,0.6394335627555847,4.9477643966674805
157,0,-7.190000057220459,0.5860777497291565,4.887077331542969
158,0,-7.190000057220459,0.6461357474327087,5.125068664550781
159,0,-7.190000057220459,0.28577297925949097,4.371179580688477
160,0,-7.190000057220459,0.6637068390846252,4.9529242515563965
161,0,-7.190000057220459,0.4877316653728485,4.867889881134033
162,0,-7.190000057220459,0.2884150743484497,4.242223739624023
163,0,-7.190000057220459,0.22987806797027588,3.531041383743286
164,0,-7.190000057220459,0.23801849782466888,3.6463844776153564
165,0,-7.190000057220459,0.32336825132369995,3.9448626041412354
166,0,-7.190000057220459,0.21812458336353302,3.5922365188598633
167,0,-7.190000057220459,0.26361480355262756,3.6876778602600098
168,0,-7.190000057220459,0.20517323911190033,3.5609989166259766
169,0,-7.190000057220459,0.2044702023267746,3.600978136062622
170,0,-7.190000057220459,0.2148376703262329,3.42018461227417
171,0,-7.190000057220459,0.22239914536476135,3.5654830932617188
172,0,-7.190000057220459,0.13305911421775818,3.2303481101989746
173,0,-7.190000057220459,0.1905628889799118,3.1699957847595215
174,1,5.889999866485596,0.6707132458686829,6.060822486877441
175,0,-5.889999866485596,0.654464066028595,6.394347667694092
176,0,-5.889999866485596,0.561615526676178,6.230234622955322
177,0,-5.889999866485596,0.5588269829750061,6.267498970031738
178,0,-5.889999866485596,0.6611220240592957,6.182473659515381
179,1,5.889999866485596,0.6728216409683228,6.209575176239014
180,0,-5.889999866485596,0.6280747056007385,6.1449480056762695
181,0,-5.889999866485596,0.5738834738731384,6.015396595001221
182,0,-5.889999866485596,0.4980098009109497,5.654451847076416
183,0,-5.889999866485596,0.648639976978302,6.437126159667969
184,0,-5.889999866485596,0.6256174445152283,6.43691349029541
185,0,-5.889999866485596,0.5586991906166077,6.595362186431885
186,0,-5.889999866485596,0.45289748907089233,6.065908908843994
187,0,-5.889999866485596,0.5794477462768555,6.479503631591797
188,0,-5.889999866485596,0.49848589301109314,6.475770950317383
189,0,-5.889999866485596,0.555970311164856,6.640475749969482
190,0,-5.889999866485596,0.3831949830055237,6.091037273406982
191,0,-5.889999866485596,0.29165834188461304,6.380110740661621
192,0,-5.889999866485596,0.5291706323623657,6.413513660430908
193,1,5.239999771118164,0.5485113263130188,5.428320407867432
194,0,-5.239999771118164,0.6040616631507874,6.348575115203857
195,0,-5.239999771118164,0.5424449443817139,6.129063129425049
196,0,-5.239999771118164,0.6082653403282166,6.251233100891113
197,0,-5.239999771118164,0.5272026658058167,5.874485492706299
198,0,-5.239999771118164,0.5499798655509949,5.884129047393799
199,1,5.239999771118164,0.5043522119522095,5.364480495452881
200,0,-5.239999771118164,0.5538268685340881,5.6797895431518555
201,1,5.239999771118164,0.6085063219070435,5.557565212249756
202,0,-5.239999771118164,0.4624028205871582,5.634425163269043
203,0,-5.239999771118164,0.4311732351779938,5.861466884613037
204,1,5.239999771118164,0.5525729060173035,5.581387996673584
205,0,-5.239999771118164,0.5910584926605225,5.720230579376221
206,0,-5.239999771118164,0.4194785952568054,5.801875591278076
207,0,-5.239999771118164,0.43017297983169556,5.752705097198486
208,0,-5.239999771118164,0.43966901302337646,5.322720527648926
209,0,-5.239999771118164,0.4494030475616455,6.050518035888672
210,0,-5.239999771118164,0.34928467869758606,5.298874855041504
211,0,-5.239999771118164,0.4043632745742798,5.999261856079102
212,0,-5.239999771118164,0.31920546293258667,5.541482448577881
213,0,-5.239999771118164,0.36645179986953735,6.127476215362549
214,0,-6.920000076293945,0.6339170932769775,7.145434856414795
215,0,-6.920000076293945,0.5668677091598511,7.491358757019043
216,0,-6.920000076293945,0.6607184410095215,7.622020721435547
217,0,-6.920000076293945,0.6199028491973877,7.404204368591309
218,0,-6.920000076293945,0.6100424528121948,7.551121711730957
219,0,-6.920000076293945,0.5474769473075867,7.337266445159912
220,0,-6.920000076293945,0.6129981279373169,7.2835845947265625
221,0,-6.920000076293945,0.6660308837890625,7.005668640136719
222,0,-6.920000076293945,0.5501957535743713,7.46912145614624
223,0,-6.920000076293945,0.6284123659133911,6.584441661834717
224,0,-6.920000076293945,0.6321648359298706,7.468000411987305
225,0,-6.920000076293945,0.5644001960754395,7.414908409118652
226,1,6.920000076293945,0.6724112629890442,7.001289367675781
227,0,-6.920000076293945,0.5204117298126221,6.9246721267700195
228,0,-6.920000076293945,0.6415356993675232,7.612754821777344
229,0,-6.920000076293945,0.5601033568382263,7.099091529846191
230,0,-6.920000076293945,0.5846192240715027,6.6388068199157715
231,0,-6.920000076293945,0.6253907680511475,6.633699893951416
232,0,-6.920000076293945,0.5645007491111755,6.468405723571777
233,0,-6.920000076293945,0.5234941840171814,6.460948467254639
234,0,-6.920000076293945,0.4799715280532837,6.158132553100586
235,1,6.880000114440918,0.7088924646377563,7.942014217376709
236,1,6.880000114440918,0.6944863796234131,7.551390171051025
237,0,-6.880000114440918,0.5413542985916138,6.822864055633545
238,0,-6.880000114440918,0.525025486946106,7.785345077514648
239,0,-6.880000114440918,0.5029618740081787,7.192784309387207
240,0,-6.880000114440918,0.48543569445610046,6.659890174865723
241,0,-6.880000114440918,0.47399836778640747,6.7946624755859375
242,0,-6.880000114440918,0.4394843876361847,6.397762775421143
243,0,-6.880000114440918,0.26002225279808044,6.740992546081543
244,0,-6.880000114440918,0.44004783034324646,6.742497444152832
245,0,-6.880000114440918,0.4778679311275482,5.945899963378906
246,0,-6.880000114440918,0.3181818127632141,6.052304744720459
247,0,-6.880000114440918,0.3399144113063812,7.241094589233398
248,0,-6.880000114440918,0.30735835433006287,6.59248685836792
249,0,-6.880000114440918,0.2234543114900589,6.271402835845947
250,1,6.789999961853027,0.40343770384788513,8.709999084472656
251,0,-6.789999961853027,0.3709062933921814,8.810684204101562
252,0,-6.789999961853027,0.45787033438682556,8.827357292175293
253,0,-6.789999961853027,0.41464683413505554,8.836589813232422
254,0,-6.789999961853027,0.2782047986984253,8.865239143371582
255,0,-6.789999961853027,0.47768786549568176,8.75983715057373
256,0,-6.789999961853027,0.2693045735359192,8.690725326538086
257,0,-6.789999961853027,0.3858754336833954,8.802732467651367
258,0,-6.789999961853027,0.3925342559814453,8.500406265258789
259,0,-6.789999961853027,0.3460210859775543,8.689997673034668
260,0,-6.789999961853027,0.2829875349998474,8.688606262207031
261,0,-6.789999961853027,0.39402419328689575,8.67758560180664
262,0,-6.789999961853027,0.37552639842033386,8.829587936401367
263,0,-6.789999961853027,0.30225449800491333,8.699615478515625
264,0,-6.789999961853027,0.249433234333992,8.10247802734375
265,0,-6.789999961853027,0.13572320342063904,8.128183364868164
266,0,-6.789999961853027,0.2019646167755127,7.011305332183838
267,0,-6.789999961853027,0.26028934121131897,8.579283714294434
268,0,-6.789999961853027,0.24113623797893524,8.537881851196289
269,0,-6.789999961853027,0.14774054288864136,7.359802722930908
270,0,-6.789999961853027,0.14105838537216187,7.867099761962891
271,1,4.920000076293945,0.6701745390892029,5.843336582183838
272,0,-4.920000076293945,0.6124827861785889,5.636263847351074
273,0,-4.920000076293945,0.7201753854751587,5.7627177238464355
274,0,-4.920000076293945,0.5638806223869324,5.8098883628845215
275,1,4.920000076293945,0.6369401216506958,5.718826770782471
276,0,-4.920000076293945,0.5561134815216064,5.793563365936279
277,0,-4.920000076293945,0.5364283323287964,5.981930732727051
278,0,-4.920000076293945,0.5450851917266846,6.057958126068115
279,0,-4.920000076293945,0.4119654893875122,5.627676010131836
280,0,-4.920000076293945,0.48825424909591675,5.601162910461426
281,0,-4.920000076293945,0.5607001781463623,5.368280410766602
282,0,-4.920000076293945,0.5309628844261169,5.422452926635742
283,0,-4.920000076293945,0.5131219029426575,5.33829927444458
284,0,-4.920000076293945,0.37220340967178345,5.655397415161133
285,0,-4.920000076293945,0.35490381717681885,5.663346767425537
286,0,-4.920000076293945,0.3472512364387512,5.547835826873779
287,0,-4.920000076293945,0.4965718686580658,5.06256103515625
288,0,-4.920000076293945,0.3332922160625458,5.339468002319336
289,0,-4.920000076293945,0.4344564974308014,5.418981552124023
290,0,-4.920000076293945,0.0970507264137268,5.3826003074646
291,0,-4.920000076293945,0.2517322599887848,5.3082780838012695
292,1,6.630000114440918,0.5030291080474854,6.371166706085205
293,1,6.630000114440918,0.6064777374267578,6.432876110076904
294,0,-6.630000114440918,0.38950398564338684,6.352110862731934
295,0,-6.630000114440918,0.23436282575130463,6.072907447814941
296,0,-6.630000114440918,0.39049476385116577,6.204528331756592
297,0,-6.630000114440918,0.44695374369621277,6.144781112670898
298,0,-6.630000114440918,0.213237926363945,6.780210971832275
299,0,-6.630000114440918,0.24642471969127655,6.116544246673584
300,0,-6.630000114440918,0.24869392812252045,6.309414386749268
301,0,-6.630000114440918,0.3638252317905426,6.343853950500488
302,0,-6.630000114440918,0.3354770243167877,6.565412998199463
303,0,-6.630000114440918,0.33462169766426086,7.019510269165039
304,0,-6.630000114440918,0.2388489693403244,6.366573810577393
305,0,-6.630000114440918,0.35796183347702026,6.025772571563721
306,0,-6.630000114440918,0.14369139075279236,6.416244983673096
307,0,-6.630000114440918,0.2381712794303894,6.7745208740234375
308,0,-6.630000114440918,0.3164694309234619,7.330744743347168
309,0,-6.630000114440918,0.31595179438591003,7.445974826812744
310,0,-6.630000114440918,0.18325409293174744,6.1057586669921875
311,0,-6.630000114440918,0.2384810596704483,7.161616802215576
312,0,-6.630000114440918,0.19554635882377625,7.345160007476807
313,1,8.399999618530273,0.7908980250358582,8.223760604858398
314,1,8.399999618530273,0.7957760691642761,8.288359642028809
315,1,8.399999618530273,0.7503506541252136,7.910574436187744
316,0,-8.399999618530273,0.6913632154464722,8.085577011108398
317,0,-8.399999618530273,0.5018759965896606,7.333410739898682
318,0,-8.399999618530273,0.2196464240550995,7.759430885314941
319,0,-8.399999618530273,0.18203744292259216,7.015907287597656
320,0,-8.399999618530273,0.16252969205379486,6.692975997924805
321,0,-8.399999618530273,0.40249407291412354,7.490859508514404
322,0,-8.399999618530273,0.4022297263145447,7.880080223083496
323,0,-8.399999618530273,0.1542866975069046,6.859467029571533
324,0,-8.399999618530273,0.1976681798696518,7.113417625427246
325,0,-8.399999618530273,0.17555999755859375,6.832846641540527
326,1,10.699999809265137,0.5471983551979065,8.127850532531738
327,0,-10.699999809265137,0.14730876684188843,7.807944297790527
328,0,-10.699999809265137,0.5073404908180237,8.551824569702148
329,0,-10.699999809265137,0.16178855299949646,8.020931243896484
330,1,10.699999809265137,0.6070370078086853,8.117426872253418
331,0,-10.699999809265137,0.34241560101509094,7.489840507507324
332,0,-10.699999809265137,0.08621182292699814,7.207655906677246
333,1,10.699999809265137,0.48043233156204224,8.291810035705566
334,0,-10.699999809265137,0.11905317008495331,7.618327617645264
335,0,-10.699999809265137,0.11556825786828995,7.452162265777588
336,0,-10.699999809265137,0.1074036955833435,7.248696804046631
337,0,-10.699999809265137,0.1715303212404251,7.933745384216309
338,0,-10.699999809265137,0.08250828087329865,6.394906997680664
339,0,-10.699999809265137,0.08963439613580704,6.07811975479126
340,0,-10.699999809265137,0.1392926573753357,7.643205642700195
341,0,-10.699999809265137,0.22675669193267822,8.418632507324219
342,0,-10.699999809265137,0.12524452805519104,8.220993041992188
343,0,-10.699999809265137,0.15428636968135834,6.074179649353027
344,0,-10.699999809265137,0.2136685848236084,7.304769515991211
345,0,-10.699999809265137,0.1330050677061081,6.457265377044678
346,0,-10.699999809265137,0.09835406392812729,7.622692584991455
347,1,11.300000190734863,0.7070521116256714,10.60684585571289
348,1,11.300000190734863,0.7039355039596558,10.61172866821289
349,0,-11.300000190734863,0.45662662386894226,10.403667449951172
350,0,-11.300000190734863,0.38430318236351013,9.68664264678955
351,0,-11.300000190734863,0.3868616819381714,9.766411781311035
352,0,-11.300000190734863,0.5914010405540466,9.887069702148438
353,0,-11.300000190734863,0.6058447957038879,10.306846618652344
354,0,-11.300000190734863,0.47452861070632935,10.339988708496094
355,1,10.109999656677246,0.5415624380111694,9.610976219177246
356,1,10.109999656677246,0.573482871055603,9.480441093444824
357,0,-10.109999656677246,0.5571236610412598,9.513507843017578
358,1,7.150000095367432,0.7467127442359924,5.218944072723389
359,1,7.150000095367432,0.7506486773490906,4.970613479614258
360,0,-7.150000095367432,0.5912752151489258,4.373675346374512
361,0,-7.150000095367432,0.6115100383758545,4.693300724029541
362,0,-7.150000095367432,0.3252236247062683,4.599441051483154
363,0,-7.150000095367432,0.17173710465431213,4.796936988830566
364,0,-7.150000095367432,0.25040385127067566,4.790154933929443
365,0,-7.150000095367432,0.3052741587162018,4.298953533172607
366,0,-7.150000095367432,0.22180262207984924,4.9528608322143555
367,0,-7.150000095367432,0.20738890767097473,3.939199924468994
368,0,-7.150000095367432,0.19904544949531555,4.271452903747559
369,0,-7.150000095367432,0.2792363166809082,3.910684585571289
370,0,-7.150000095367432,0.2609707713127136,5.284069061279297
371,0,-7.150000095367432,0.1320742964744568,4.177922248840332
372,0,-7.150000095367432,0.17079047858715057,4.68310546875
373,0,-7.150000095367432,0.23024649918079376,4.069901466369629
374,0,-7.150000095367432,0.12941399216651917,3.702479600906372
375,0,-7.150000095367432,0.19530387222766876,4.373666763305664
376,0,-7.150000095367432,0.22896237671375275,4.416563987731934
377,0,-7.150000095367432,0.15294501185417175,4.652273654937744
378,0,-7.150000095367432,0.17395834624767303,4.392836093902588
379,1,7.239999771118164,0.7239705324172974,7.826315402984619
380,0,-7.239999771118164,0.35497933626174927,8.076157569885254
381,0,-7.239999771118164,0.23963767290115356,7.011223793029785
382,0,-7.239999771118164,0.2632720172405243,7.979685306549072
383,0,-7.239999771118164,0.19742192327976227,7.837594985961914
384,0,-7.239999771118164,0.18556538224220276,7.334490776062012
385,0,-7.239999771118164,0.24529540538787842,8.274130821228027
386,0,-7.239999771118164,0.2964567542076111,8.184063911437988
387,0,-7.239999771118164,0.26989302039146423,7.924856662750244
388,0,-7.239999771118164,0.18346062302589417,8.103132247924805
389,0,-7.239999771118164,0.17979873716831207,7.003523349761963
390,0,-7.239999771118164,0.14037461578845978,7.092592716217041
391,0,-7.239999771118164,0.2283950001001358,7.919088363647461
392,0,-7.239999771118164,0.4416254758834839,8.202693939208984
393,0,-7.239999771118164,0.15521113574504852,7.58653450012207
394,0,-7.239999771118164,0.5137026906013489,7.966799736022949
395,0,-7.239999771118164,0.29984718561172485,8.15689468383789
396,0,-7.239999771118164,0.1413915455341339,7.483532905578613
397,0,-7.239999771118164,0.18432724475860596,7.838061332702637
398,0,-7.239999771118164,0.1330733597278595,7.563742637634277
399,0,-7.239999771118164,0.10836641490459442,6.717575550079346
400,1,10.050000190734863,0.6537649035453796,9.123224258422852
401,1,10.050000190734863,0.6465898156166077,9.110395431518555
402,0,-10.050000190734863,0.6278327703475952,9.083826065063477
403,0,-10.050000190734863,0.5719169974327087,9.070518493652344
404,0,-10.050000190734863,0.45494139194488525,9.108075141906738
405,0,-10.050000190734863,0.5545135736465454,9.055683135986328
406,0,-10.050000190734863,0.47215989232063293,8.92171859741211
407,0,-10.050000190734863,0.38715946674346924,8.99449348449707
408,0,-10.770000457763672,0.06767722964286804,9.090205192565918
409,0,-10.770000457763672,0.09942328929901123,8.896236419677734
410,0,-10.770000457763672,0.06892461329698563,8.795703887939453
411,0,-10.770000457763672,0.06694955378770828,9.177652359008789
412,0,-10.770000457763672,0.0709598958492279,9.159029960632324
413,0,-10.770000457763672,0.049847379326820374,9.213467597961426
414,0,-10.770000457763672,0.06380519270896912,9.029181480407715
415,0,-10.770000457763672,0.09740900248289108,8.865236282348633
416,0,-10.770000457763672,0.07724200934171677,7.957508087158203
417,0,-10.770000457763672,0.058961428701877594,9.096478462219238
418,0,-10.770000457763672,0.13098107278347015,8.269153594970703
419,0,-10.770000457763672,0.0774621069431305,8.842761039733887
420,0,-10.770000457763672,0.0474320612847805,9.204059600830078
421,0,-10.770000457763672,0.07213126868009567,8.925621032714844
422,0,-10.770000457763672,0.05763675644993782,8.985330581665039
423,0,-10.770000457763672,0.1066463366150856,7.644577980041504
424,0,-10.770000457763672,0.1192099079489708,7.537264347076416
425,0,-10.770000457763672,0.07001355290412903,7.986114025115967
426,0,-10.770000457763672,0.08158967643976212,8.869604110717773
427,0,-10.770000457763672,0.0644979402422905,8.4699125289917
428,1,7.260000228881836,0.8174961805343628,7.2735185623168945
429,1,7.260000228881836,0.8169717788696289,7.255395412445068
430,0,-7.260000228881836,0.3072488605976105,5.95379638671875
431,0,-7.260000228881836,0.6058980822563171,6.463601589202881
432,0,-7.260000228881836,0.18800511956214905,5.8802571296691895
433,0,-7.260000228881836,0.19440250098705292,5.764566421508789
434,0,-7.260000228881836,0.31054115295410156,5.68156623840332
435,0,-7.260000228881836,0.24947936832904816,5.836132049560547
436,0,-7.260000228881836,0.2553299069404602,5.847656726837158
437,0,-7.260000228881836,0.2039598524570465,5.803576469421387
438,0,-7.260000228881836,0.22149768471717834,5.8620147705078125
439,0,-7.260000228881836,0.24190324544906616,5.958946228027344
440,0,-7.260000228881836,0.31517481803894043,5.9831695556640625
441,0,-7.260000228881836,0.1878221035003662,5.66789436340332
442,0,-7.260000228881836,0.20231753587722778,5.8544697761535645
443,0,-7.260000228881836,0.19455520808696747,5.341264724731445
444,1,4.079999923706055,0.21957170963287354,7.002048492431641
445,0,-4.079999923706055,0.14875482022762299,7.0480451583862305
446,0,-4.079999923706055,0.22843918204307556,7.199959754943848
447,0,-4.079999923706055,0.18152426183223724,6.957909107208252
448,0,-4.079999923706055,0.17604772746562958,7.494480133056641
449,0,-4.079999923706055,0.21781359612941742,7.147003173828125
450,0,-4.079999923706055,0.18208728730678558,7.008534908294678
451,0,-4.079999923706055,0.1822945773601532,6.749603748321533
452,0,-4.079999923706055,0.1920633167028427,7.707653045654297
453,0,-4.079999923706055,0.15204407274723053,7.036532878875732
454,0,-4.079999923706055,0.15985597670078278,6.845077991485596
455,0,-4.079999923706055,0.2127896249294281,6.3078131675720215
456,0,-4.079999923706055,0.1598859578371048,7.228560447692871
457,0,-4.079999923706055,0.19096431136131287,7.308177947998047
458,0,-4.079999923706055,0.16621249914169312,7.539317607879639
459,0,-4.079999923706055,0.16518957912921906,7.1396379470825195
460,0,-4.079999923706055,0.20918229222297668,6.267587184906006
461,0,-4.079999923706055,0.1978108286857605,5.6654815673828125
462,0,-4.079999923706055,0.16506341099739075,6.169842720031738
463,0,-4.079999923706055,0.16659468412399292,4.85745096206665
464,0,-4.079999923706055,0.12713749706745148,5.575076103210449
465,1,6.699999809265137,0.6663888692855835,8.274690628051758
466,1,6.699999809265137,0.659338116645813,8.24252700805664
467,1,6.699999809265137,0.7094752192497253,7.799198627471924
468,0,-6.699999809265137,0.7154633402824402,8.12110424041748
469,0,-6.699999809265137,0.5927290916442871,7.852109909057617
470,0,-6.699999809265137,0.23646202683448792,7.35087251663208
471,0,-6.699999809265137,0.4962800443172455,7.719880104064941
472,0,-6.699999809265137,0.48927873373031616,7.961342811584473
473,0,-6.699999809265137,0.11949608474969864,6.017552852630615
474,0,-6.699999809265137,0.1491987407207489,6.528841495513916
475,0,-6.699999809265137,0.14678910374641418,6.536945343017578
476,0,-6.699999809265137,0.16262826323509216,7.192912578582764
477,0,-6.699999809265137,0.14535674452781677,5.835840225219727
478,0,-6.699999809265137,0.19284872710704803,7.184484958648682
479,0,-6.699999809265137,0.22290754318237305,7.583436965942383
480,0,-6.699999809265137,0.12832343578338623,5.705165863037109
481,0,-6.699999809265137,0.15662316977977753,6.349056720733643
482,0,-6.699999809265137,0.1318282186985016,5.906702041625977
483,0,-6.699999809265137,0.16058875620365143,6.639211654663086
484,0,-6.699999809265137,0.16636188328266144,6.6771087646484375
485,1,6.309999942779541,0.5447093844413757,6.590847492218018
486,0,-6.309999942779541,0.49935799837112427,6.3335466384887695
487,0,-6.309999942779541,0.6267653703689575,6.601260185241699
488,0,-6.309999942779541,0.6160938739776611,6.5753984451293945
489,0,-6.309999942779541,0.5682584643363953,6.671748161315918
490,0,-6.309999942779541,0.5045450925827026,6.30401086807251
491,0,-6.309999942779541,0.5477551817893982,6.647823810577393
492,0,-6.309999942779541,0.593009352684021,6.738703727722168
493,0,-6.309999942779541,0.5426247119903564,6.91752815246582
494,0,-6.309999942779541,0.5120553970336914,6.462973117828369
495,0,-6.309999942779541,0.5808640122413635,6.5620927810668945
496,0,-6.309999942779541,0.4600001275539398,6.247585773468018
497,0,-6.309999942779541,0.3646848797798157,6.551203727722168
498,0,-6.309999942779541,0.5389220118522644,6.612705707550049
499,0,-6.309999942779541,0.5342850685119629,6.634518623352051
500,1,6.309999942779541,0.6140749454498291,6.740304470062256
501,0,-6.309999942779541,0.540805459022522,7.143590450286865
502,0,-6.309999942779541,0.5347757339477539,6.872428894042969
503,0,-6.309999942779541,0.3641202449798584,6.289621353149414
504,0,-6.309999942779541,0.3184276521205902,6.2429399490356445
505,0,-6.309999942779541,0.45469599962234497,6.516408443450928
506,1,6.119999885559082,0.7425940036773682,7.883973598480225
507,1,6.119999885559082,0.7489522099494934,7.644806861877441
508,1,6.119999885559082,0.7027274370193481,7.594417095184326
509,1,5.0,0.754489004611969,7.891820907592773
510,1,5.0,0.7409204244613647,7.939892768859863
511,0,-5.0,0.7497743964195251,7.695648193359375
512,0,-5.0,0.6681913733482361,7.882410049438477
513,0,-5.0,0.645447850227356,7.601900577545166
514,1,7.300000190734863,0.7639138698577881,6.1416401863098145
515,1,7.300000190734863,0.7666444182395935,6.403989315032959
516,0,-7.300000190734863,0.5793601274490356,5.030572891235352
517,0,-7.300000190734863,0.3085573613643646,5.117431640625
518,0,-7.300000190734863,0.6078608632087708,5.31683349609375
519,0,-7.300000190734863,0.444161981344223,5.261050224304199
520,1,6.71999979019165,0.5968459248542786,7.256270885467529
521,1,6.71999979019165,0.6373564004898071,7.35003137588501
522,1,6.71999979019165,0.47863614559173584,7.2041473388671875
523,0,-6.71999979019165,0.30545490980148315,6.439906120300293
524,0,-6.71999979019165,0.2008262723684311,5.668142318725586
525,0,-6.71999979019165,0.2277088165283203,6.2302937507629395
526,0,-6.71999979019165,0.5035960078239441,7.171810150146484
527,0,-6.71999979019165,0.18557323515415192,5.443964004516602
528,0,-6.71999979019165,0.16307581961154938,5.407403469085693
529,0,-6.71999979019165,0.22965723276138306,5.665002346038818
530,0,-6.71999979019165,0.16248169541358948,4.9579668045043945
531,0,-6.71999979019165,0.15051648020744324,5.367574691772461
532,0,-6.71999979019165,0.21600840985774994,6.051797389984131
533,0,-6.71999979019165,0.16981391608715057,5.7098188400268555
534,0,-6.71999979019165,0.16352880001068115,5.0652313232421875
535,0,-6.71999979019165,0.2097674459218979,6.220473766326904
536,0,-6.71999979019165,0.17922990024089813,5.7159929275512695
537,0,-6.71999979019165,0.15040767192840576,4.9384942054748535
538,0,-6.71999979019165,0.14691920578479767,4.925522804260254
539,0,-6.71999979019165,0.1262359321117401,4.882086753845215
540,1,3.799999952316284,0.7732855677604675,4.300666809082031
541,1,3.799999952316284,0.7951446175575256,4.507214069366455
542,0,-3.799999952316284,0.7282066941261292,4.356988906860352
543,1,3.799999952316284,0.7469797134399414,4.241816520690918
544,0,-3.799999952316284,0.7605308294296265,4.324529647827148
545,0,-3.799999952316284,0.6882200241088867,4.04918098449707
546,0,-3.799999952316284,0.47123023867607117,3.9496467113494873
547,0,-3.799999952316284,0.40336617827415466,3.9397385120391846
548,0,-3.799999952316284,0.6047710180282593,4.1651434898376465
549,0,-3.799999952316284,0.3637564778327942,4.021339416503906
550,0,-3.799999952316284,0.6707913279533386,4.264864921569824
551,0,-3.799999952316284,0.8089408874511719,4.784019470214844
552,0,-3.799999952316284,0.37357139587402344,4.123286247253418
553,0,-3.799999952316284,0.36440423130989075,4.092198371887207
554,0,-3.799999952316284,0.24093025922775269,4.104575157165527
555,0,-3.799999952316284,0.32881081104278564,4.08797025680542
556,0,-3.799999952316284,0.3571310341358185,4.119631767272949
557,0,-3.799999952316284,0.4125205874443054,4.157824516296387
558,0,-3.799999952316284,0.4149060547351837,4.035395622253418
559,1,4.71999979019165,0.6752081513404846,6.1932878494262695
560,0,-4.71999979019165,0.5179083347320557,6.052529335021973
561,1,4.71999979019165,0.6991660594940186,6.364263534545898
562,0,-4.71999979019165,0.2307693064212799,5.941061973571777
563,0,-4.71999979019165,0.2919880449771881,5.8101043701171875
564,0,-4.71999979019165,0.22166410088539124,5.886150360107422
565,0,-4.71999979019165,0.35117995738983154,5.606566429138184
566,0,-4.71999979019165,0.4066644310951233,6.037355899810791
567,0,-4.71999979019165,0.21251517534255981,6.072977066040039
568,0,-4.71999979019165,0.3750000596046448,6.118163585662842
569,0,-4.71999979019165,0.5085865259170532,6.145689964294434
570,0,-4.71999979019165,0.27348434925079346,6.002911567687988
571,0,-4.71999979019165,0.4753882884979248,6.013344764709473
572,0,-4.71999979019165,0.21809682250022888,5.354177951812744
573,0,-4.71999979019165,0.4552231729030609,5.841549396514893
574,0,-4.71999979019165,0.2731243073940277,5.838913440704346
575,0,-4.71999979019165,0.3425122797489166,5.5489020347595215
576,0,-4.71999979019165,0.3531763553619385,6.229094982147217
577,0,-4.71999979019165,0.3598085641860962,5.802681922912598
578,0,-4.71999979019165,0.22300012409687042,5.915857315063477
579,0,-4.71999979019165,0.33534520864486694,5.721533298492432
580,1,9.890000343322754,0.6873850226402283,6.179634094238281
581,1,9.890000343322754,0.6752773523330688,6.095097064971924
582,1,10.0,0.7444369196891785,7.565617561340332
583,1,10.0,0.6898376941680908,7.595941543579102
584,0,-10.0,0.5054014921188354,7.182140350341797
585,0,-10.0,0.43104100227355957,7.118625164031982
586,0,-10.0,0.4321638345718384,7.733755111694336
587,1,10.0,0.6094018816947937,7.483636379241943
588,0,-10.0,0.26357418298721313,7.055566787719727
589,0,-10.0,0.29079878330230713,7.1497111320495605
590,0,-10.0,0.3061966896057129,7.394355297088623
591,0,-10.0,0.2659740149974823,7.1104021072387695
592,0,-10.0,0.6758055686950684,7.263592720031738
593,0,-10.0,0.24165330827236176,7.393951892852783
594,0,-10.0,0.29440030455589294,7.540574073791504
595,0,-10.0,0.21992072463035583,7.133434295654297
596,0,-10.0,0.14884966611862183,7.0537109375
597,0,-10.0,0.20946648716926575,6.738945007324219
598,0,-10.0,0.2611764669418335,7.382186412811279
599,1,5.699999809265137,0.6201728582382202,8.082058906555176
600,0,-5.699999809265137,0.5441218614578247,7.429618835449219
601,1,5.699999809265137,0.6927804350852966,8.256599426269531
602,0,-5.699999809265137,0.271954745054245,6.78542423248291
603,1,5.699999809265137,0.6740249991416931,7.788185119628906
604,0,-5.699999809265137,0.2748577892780304,6.1967949867248535
605,0,-5.699999809265137,0.2763671278953552,6.1707000732421875
606,0,-5.699999809265137,0.33378374576568604,7.496286392211914
607,0,-5.699999809265137,0.2861892282962799,7.071446418762207
608,0,-5.699999809265137,0.3055237829685211,7.042178630828857
609,0,-5.699999809265137,0.27690407633781433,7.360785961151123
610,0,-5.699999809265137,0.43273013830184937,7.344326972961426
611,0,-5.699999809265137,0.23710346221923828,5.137657165527344
612,0,-5.699999809265137,0.2687932550907135,6.817104339599609
613,0,-5.699999809265137,0.2197301685810089,6.530641555786133
614,0,-5.699999809265137,0.22207467257976532,6.782209873199463
615,0,-5.699999809265137,0.2262861579656601,6.994769096374512
616,0,-5.699999809265137,0.260229229927063,5.051208972930908
617,0,-5.699999809265137,0.26049304008483887,6.709041595458984
618,0,-5.699999809265137,0.22429871559143066,6.523667335510254
619,0,-5.699999809265137,0.22639568150043488,5.97100830078125
620,1,6.300000190734863,0.6916530728340149,9.010614395141602
621,0,-6.300000190734863,0.21796895563602448,8.562824249267578
622,1,6.300000190734863,0.641254723072052,9.009772300720215
623,0,-6.300000190734863,0.6318134665489197,9.094772338867188
624,0,-6.300000190734863,0.23235777020454407,8.015792846679688
625,0,-6.300000190734863,0.2563228905200958,8.795551300048828
626,0,-6.300000190734863,0.2567909061908722,8.736763954162598
627,0,-6.300000190734863,0.17021656036376953,8.387700080871582
628,0,-6.300000190734863,0.18035641312599182,8.015276908874512
629,0,-6.300000190734863,0.1080368235707283,8.742691040039062
630,0,-6.300000190734863,0.18670925498008728,8.601003646850586
631,0,-6.300000190734863,0.20487241446971893,8.30380630493164
632,0,-6.300000190734863,0.2136877179145813,8.624321937561035
633,0,-6.300000190734863,0.15093198418617249,8.738371849060059
634,0,-6.300000190734863,0.08371791243553162,8.096738815307617
635,0,-6.300000190734863,0.18713048100471497,8.557172775268555
636,0,-6.300000190734863,0.167120561003685,8.281122207641602
637,0,-6.300000190734863,0.1248687356710434,8.641009330749512
638,0,-6.300000190734863,0.14149315655231476,8.523390769958496
639,0,-6.300000190734863,0.13459829986095428,8.13255500793457
640,0,-6.300000190734863,0.19423216581344604,8.71578598022461
641,1,2.2699999809265137,0.6931836009025574,3.9282240867614746
642,1,2.2699999809265137,0.6874786615371704,3.8467161655426025
643,1,2.2699999809265137,0.6849026679992676,3.843763589859009
644,1,2.2699999809265137,0.6620920300483704,3.9002630710601807
645,0,-2.2699999809265137,0.406980961561203,3.759428024291992
646,0,-2.2699999809265137,0.39761829376220703,3.681732416152954
647,0,-2.2699999809265137,0.35527539253234863,3.49196720123291
648,0,-2.2699999809265137,0.4055900573730469,3.511396884918213
649,1,2.2699999809265137,0.3591727018356323,3.716641664505005
650,1,2.2699999809265137,0.2726471722126007,3.674248695373535
651,0,-2.2699999809265137,0.2720912992954254,3.550534725189209
652,0,-2.2699999809265137,0.4203205108642578,3.0970358848571777
653,0,-2.2699999809265137,0.2480306625366211,3.494879961013794
654,0,-2.2699999809265137,0.2691085934638977,3.5192999839782715
655,0,-2.2699999809265137,0.32411158084869385,3.2153725624084473
656,0,-2.2699999809265137,0.4255894124507904,3.113083600997925
657,0,-2.2699999809265137,0.31833770871162415,3.2606606483459473
658,0,-2.2699999809265137,0.3791736662387848,3.260028600692749
659,0,-2.2699999809265137,0.2743861973285675,3.4686789512634277
660,0,-2.2699999809265137,0.27975937724113464,3.3824093341827393
661,0,-2.2699999809265137,0.20977890491485596,3.4332175254821777
662,1,5.619999885559082,0.519113302230835,6.917430877685547
663,1,5.619999885559082,0.6122836470603943,6.890820503234863
664,0,-5.619999885559082,0.5271870493888855,6.651259899139404
665,0,-5.619999885559082,0.5353551506996155,6.5922112464904785
666,0,-5.619999885559082,0.6354760527610779,7.157916069030762
667,0,-5.619999885559082,0.4771905839443207,6.430377006530762
668,0,-5.619999885559082,0.4903232157230377,6.69722843170166
669,0,-5.619999885559082,0.4202742576599121,6.606659889221191
670,1,5.619999885559082,0.5493553876876831,6.937960624694824
671,0,-5.619999885559082,0.37307900190353394,6.380484580993652
672,0,-5.619999885559082,0.42489203810691833,6.012465000152588
673,0,-5.619999885559082,0.33686164021492004,6.629690647125244
674,1,5.820000171661377,0.5804431438446045,7.116183280944824
675,0,-5.820000171661377,0.6210421919822693,7.396913528442383
676,1,5.820000171661377,0.5815351605415344,7.301721096038818
677,0,-5.820000171661377,0.34906890988349915,6.9439897537231445
678,0,-5.820000171661377,0.14120446145534515,6.376750469207764
679,0,-5.820000171661377,0.5022478103637695,7.147326946258545
680,0,-5.820000171661377,0.13100817799568176,6.2515130043029785
681,0,-5.820000171661377,0.20295867323875427,6.675071716308594
682,0,-5.820000171661377,0.1596992164850235,6.800463676452637
683,0,-5.820000171661377,0.1365273892879486,5.985194683074951
684,0,-5.820000171661377,0.1273144781589508,6.3146467208862305
685,0,-5.820000171661377,0.15885421633720398,6.334419250488281
686,0,-5.820000171661377,0.5395914316177368,7.0446014404296875
687,0,-5.820000171661377,0.09496024996042252,5.926510334014893
688,0,-5.820000171661377,0.1138278990983963,6.009483814239502
689,0,-5.820000171661377,0.0992576852440834,5.983000755310059
690,0,-5.820000171661377,0.14509950578212738,6.169663429260254
691,0,-5.820000171661377,0.13379451632499695,5.913236141204834
692,0,-5.820000171661377,0.12164825946092606,5.849806785583496
693,0,-5.820000171661377,0.10851351916790009,5.860717296600342
694,0,-5.820000171661377,0.10305161774158478,6.1240949630737305
695,1,4.130000114440918,0.6595780849456787,7.114959239959717
696,1,4.130000114440918,0.6630813479423523,7.819796562194824
697,0,-4.130000114440918,0.61707603931427,6.738856315612793
698,0,-4.130000114440918,0.6655085682868958,8.044499397277832
699,0,-4.130000114440918,0.7234905362129211,7.6339311599731445
700,0,-4.130000114440918,0.5454274415969849,6.560340881347656
701,0,-4.130000114440918,0.5911657214164734,6.635896682739258
702,0,-4.130000114440918,0.6678202152252197,7.70067024230957
703,0,-4.130000114440918,0.4532463848590851,6.462189674377441
704,0,-4.130000114440918,0.4646069407463074,6.925263404846191
705,1,5.329999923706055,0.6878882050514221,7.983238220214844
706,1,5.329999923706055,0.7112924456596375,8.027584075927734
707,1,5.329999923706055,0.6621978282928467,7.753447532653809
708,0,-5.329999923706055,0.5668057799339294,7.348027229309082
709,0,-5.329999923706055,0.49452054500579834,6.914384365081787
710,0,-5.329999923706055,0.530070424079895,7.610743522644043
711,0,-5.329999923706055,0.6195508241653442,6.983730792999268
712,0,-5.329999923706055,0.47198036313056946,7.562525272369385
713,0,-5.329999923706055,0.48599958419799805,7.934510231018066
714,0,-5.329999923706055,0.5629224181175232,7.3054962158203125
715,0,-5.329999923706055,0.3565167188644409,7.507991790771484
716,0,-5.329999923706055,0.28742727637290955,6.526986122131348
717,0,-5.329999923706055,0.3527381718158722,6.743494510650635
718,0,-5.329999923706055,0.20768460631370544,6.620738983154297
719,0,-5.329999923706055,0.41070377826690674,7.4424729347229
720,0,-5.329999923706055,0.31732386350631714,7.219433307647705
721,0,-5.329999923706055,0.4039599895477295,7.487619400024414
722,0,-5.329999923706055,0.41189202666282654,6.98856782913208
723,0,-5.329999923706055,0.29857775568962097,7.13737678527832
724,1,8.100000381469727,0.7599371671676636,7.694177627563477
725,1,8.100000381469727,0.5472384691238403,7.4583048820495605
726,0,-8.100000381469727,0.49634864926338196,6.544236183166504
727,0,-8.100000381469727,0.4282590448856354,5.859096050262451
728,0,-8.100000381469727,0.44141238927841187,6.944914817810059
729,0,-8.100000381469727,0.580991268157959,7.1608686447143555
730,0,-8.100000381469727,0.3170865476131439,7.2783732414245605
731,0,-8.100000381469727,0.1767340749502182,7.190910339355469
732,0,-8.100000381469727,0.17978915572166443,7.301789283752441
733,0,-8.100000381469727,0.27991560101509094,7.434480667114258
734,0,-8.100000381469727,0.4389059543609619,7.208883762359619
735,0,-8.100000381469727,0.24046696722507477,6.8979411125183105
736,0,-8.100000381469727,0.4549752473831177,7.369291305541992
737,0,-8.100000381469727,0.21576879918575287,6.929764747619629
738,0,-8.100000381469727,0.2692575454711914,6.830867767333984
739,0,-8.100000381469727,0.21444974839687347,7.753713607788086
740,0,-8.100000381469727,0.24710391461849213,7.249558925628662
741,0,-8.100000381469727,0.19053106009960175,7.381041526794434
742,0,-8.100000381469727,0.2545434832572937,7.568106174468994
743,0,-8.100000381469727,0.19248057901859283,7.535706520080566
744,0,-8.100000381469727,0.20145253837108612,6.931406021118164
745,0,-2.359999895095825,0.6166504621505737,6.245452880859375
746,0,-2.359999895095825,0.6525282859802246,6.451247215270996
747,0,-2.359999895095825,0.6010872721672058,5.698163032531738
748,0,-2.359999895095825,0.6550329327583313,5.925840377807617
749,0,-2.359999895095825,0.6910195350646973,6.172802925109863
750,0,-2.359999895095825,0.6550611853599548,5.253955364227295
751,0,-2.359999895095825,0.5554792881011963,5.181295871734619
752,0,-2.359999895095825,0.6947289705276489,4.370047092437744
753,0,-2.359999895095825,0.5672623515129089,5.283492088317871
754,0,-2.359999895095825,0.6068314909934998,5.562648773193359
755,0,-2.359999895095825,0.5767536163330078,4.7842793464660645
756,0,-2.359999895095825,0.660539448261261,4.73719596862793
757,0,-2.359999895095825,0.5389646887779236,4.993903636932373
758,0,-2.359999895095825,0.6517058610916138,4.458411693572998
759,0,-2.359999895095825,0.49646544456481934,3.957533121109009
760,0,-2.359999895095825,0.5514269471168518,4.479761600494385
761,0,-2.359999895095825,0.5203741192817688,4.228214263916016
762,0,-2.359999895095825,0.484928697347641,4.6612443923950195
763,0,-2.359999895095825,0.5695773959159851,3.394896984100342
764,0,-2.359999895095825,0.6006272435188293,4.175783157348633
765,0,-2.359999895095825,0.3494076430797577,3.58925199508667
766,1,4.090000152587891,0.7507967948913574,5.033635139465332
767,1,4.090000152587891,0.6798427700996399,4.662021636962891
768,0,-4.090000152587891,0.36067578196525574,4.790785789489746
769,1,4.090000152587891,0.42118197679519653,5.091711044311523
770,0,-4.090000152587891,0.24331523478031158,4.70146369934082
771,0,-4.090000152587891,0.22444607317447662,4.169208526611328
772,0,-4.090000152587891,0.5041151642799377,4.552454948425293
773,0,-4.090000152587891,0.39174264669418335,4.824760913848877
774,0,-4.090000152587891,0.4172878861427307,4.660405158996582
775,0,-4.090000152587891,0.4164244532585144,4.486151695251465
776,0,-4.090000152587891,0.19165824353694916,4.338207721710205
777,0,-4.090000152587891,0.3708520233631134,4.671633720397949
778,0,-4.090000152587891,0.21468624472618103,4.517730712890625
779,0,-4.090000152587891,0.36975613236427307,4.768918991088867
780,0,-4.090000152587891,0.35669198632240295,5.0242743492126465
781,0,-4.090000152587891,0.35081854462623596,4.770674228668213
782,0,-4.090000152587891,0.21987327933311462,3.6069366931915283
783,0,-4.090000152587891,0.28368109464645386,4.142725467681885
784,0,-4.090000152587891,0.2050325721502304,3.9479358196258545
785,1,6.460000038146973,0.8112998604774475,7.297818660736084
786,0,-6.460000038146973,0.6753007769584656,7.135956764221191
787,1,6.460000038146973,0.8106175661087036,7.300580978393555
788,0,-6.460000038146973,0.390469491481781,5.79992151260376
789,0,-6.460000038146973,0.5123421549797058,6.287727355957031
790,0,-6.460000038146973,0.3473232686519623,6.3667988777160645
791,0,-6.460000038146973,0.3115362226963043,6.2571306228637695
792,0,-6.460000038146973,0.2662411034107208,6.365025043487549
793,0,-6.460000038146973,0.3113798201084137,5.675868988037109
794,0,-6.460000038146973,0.3112313747406006,6.112813472747803
795,0,-6.460000038146973,0.23693789541721344,5.835853099822998
796,0,-6.460000038146973,0.2237343043088913,5.9075703620910645
797,0,-6.460000038146973,0.2905212640762329,6.106980323791504
798,0,-6.460000038146973,0.2777556777000427,5.565674304962158
799,0,-6.460000038146973,0.3047696053981781,6.035149574279785
800,0,-6.460000038146973,0.22954027354717255,5.69362735748291
801,0,-6.460000038146973,0.2902294397354126,6.131232261657715
802,0,-6.460000038146973,0.2548585534095764,6.07486629486084
803,0,-6.460000038146973,0.23345714807510376,5.312348365783691
804,0,-6.460000038146973,0.25851109623908997,5.5247931480407715
805,0,-6.460000038146973,0.2657662630081177,5.482996940612793
806,1,9.0,0.753688395023346,8.132194519042969
807,1,9.0,0.7855911254882812,8.280292510986328
808,0,-9.0,0.5966980457305908,7.497516632080078
809,0,-9.0,0.34480226039886475,6.639322280883789
810,0,-9.0,0.4333305358886719,7.37497615814209
811,0,-9.0,0.22305886447429657,7.130355358123779
812,0,-9.0,0.31052619218826294,6.893065452575684
813,0,-9.0,0.4320312440395355,6.969483375549316
814,0,-9.0,0.5154645442962646,7.10880184173584
815,0,-9.0,0.4275776743888855,6.443554878234863
816,0,-9.0,0.3654066026210785,6.580038547515869
817,1,8.229999542236328,0.6195696592330933,8.874271392822266
818,1,8.229999542236328,0.6465583443641663,9.152191162109375
819,1,8.229999542236328,0.6512341499328613,9.033771514892578
820,1,8.229999542236328,0.6779561638832092,8.978920936584473
821,0,-8.229999542236328,0.09243611991405487,6.5260725021362305
822,0,-8.229999542236328,0.3129383325576782,8.094873428344727
823,0,-8.229999542236328,0.10445544868707657,6.1234235763549805
824,0,-8.229999542236328,0.20176763832569122,6.956522464752197
825,0,-8.229999542236328,0.10338502377271652,6.645511150360107
826,0,-8.229999542236328,0.08366269618272781,5.6845221519470215
827,0,-8.229999542236328,0.07530957460403442,6.334444046020508
828,0,-8.229999542236328,0.1382455825805664,7.8598432540893555
829,0,-8.229999542236328,0.24077796936035156,7.185896396636963
830,0,-8.229999542236328,0.07589028030633926,5.811980724334717
831,0,-8.229999542236328,0.06927784532308578,6.455211639404297
832,0,-8.229999542236328,0.10203184932470322,6.105761528015137
833,0,-8.229999542236328,0.17230121791362762,6.151242256164551
834,0,-8.229999542236328,0.16312961280345917,5.606122016906738
835,0,-8.229999542236328,0.11094696074724197,6.244872093200684
836,0,-8.229999542236328,0.08244966715574265,5.522373199462891
837,0,-8.229999542236328,0.11292434483766556,6.1756205558776855
838,1,5.119999885559082,0.28649652004241943,5.023499965667725
839,1,5.119999885559082,0.3235757052898407,4.796834945678711
840,0,-5.119999885559082,0.34804636240005493,4.618597507476807
841,0,-5.119999885559082,0.35988569259643555,5.46766996383667
842,0,-5.119999885559082,0.1872381567955017,4.97243595123291
843,0,-5.119999885559082,0.16120485961437225,4.494301795959473
844,0,-5.119999885559082,0.2132965475320816,5.045113563537598
845,0,-5.119999885559082,0.13426455855369568,4.654821872711182
846,0,-5.119999885559082,0.12068524211645126,5.430175304412842
847,0,-5.119999885559082,0.20891043543815613,4.571959972381592
848,0,-5.119999885559082,0.19144819676876068,5.3036885261535645
849,0,-5.119999885559082,0.12497428059577942,4.313152313232422
850,0,-5.119999885559082,0.2323896586894989,5.241565704345703
851,0,-5.119999885559082,0.1283714473247528,4.81698751449585
852,0,-5.119999885559082,0.4849656820297241,5.488082408905029
853,0,-5.119999885559082,0.1921229362487793,5.182043075561523
854,0,-5.119999885559082,0.22083352506160736,4.393258094787598
855,0,-5.119999885559082,0.14250148832798004,4.948098659515381
856,0,-5.119999885559082,0.09131477773189545,4.442028999328613
857,0,-5.119999885559082,0.3255099952220917,4.947142601013184
858,0,-5.119999885559082,0.15273985266685486,4.730422496795654
859,0,-4.739999771118164,0.4184035062789917,6.721850395202637
860,0,-4.739999771118164,0.3968415856361389,6.712190628051758
861,0,-4.739999771118164,0.4198087751865387,6.719844341278076
862,0,-4.739999771118164,0.4097573459148407,6.72548770904541
863,0,-4.739999771118164,0.4072737395763397,6.701315879821777
864,0,-4.739999771118164,0.3973453640937805,6.730130195617676
865,0,-4.739999771118164,0.3979591131210327,6.723028182983398
866,0,-4.739999771118164,0.4098287522792816,6.688416481018066
867,0,-4.739999771118164,0.4012245833873749,6.718528747558594
868,0,-4.739999771118164,0.3989432752132416,6.732685089111328
869,0,-4.739999771118164,0.4082290530204773,6.707618236541748
870,0,-4.739999771118164,0.4108230769634247,6.706943988800049
871,0,-4.739999771118164,0.3987520933151245,6.739590167999268
872,0,-4.739999771118164,0.4165390729904175,6.699843883514404
873,0,-4.739999771118164,0.4060933589935303,6.720654487609863
874,0,-4.739999771118164,0.40962037444114685,6.703509330749512
875,0,-4.739999771118164,0.40564340353012085,6.731884479522705
876,0,-4.739999771118164,0.40799596905708313,6.717992305755615
877,0,-4.739999771118164,0.4064851403236389,6.728618144989014
878,0,-4.739999771118164,0.42532971501350403,6.7011494636535645
879,1,5.610000133514404,0.6418574452400208,7.109696865081787
880,1,5.610000133514404,0.6170940399169922,7.0736894607543945
881,0,-5.610000133514404,0.4451900124549866,6.824611186981201
882,1,5.610000133514404,0.6550160646438599,7.013411045074463
883,0,-5.610000133514404,0.5067657828330994,7.0677337646484375
884,0,-5.610000133514404,0.43924757838249207,6.8821210861206055
885,0,-5.610000133514404,0.38445907831192017,6.649440288543701
886,0,-5.610000133514404,0.5420992970466614,6.881838798522949
887,0,-5.610000133514404,0.34136608242988586,6.402336120605469
888,0,-5.610000133514404,0.3220495283603668,6.691511631011963
889,0,-5.610000133514404,0.4601627290248871,6.580467224121094
890,0,-5.610000133514404,0.42184776067733765,6.320675849914551
891,0,-5.610000133514404,0.3551705479621887,6.326144218444824
892,0,-5.610000133514404,0.20991463959217072,6.464646816253662
893,0,-5.610000133514404,0.3543761670589447,6.3337225914001465
894,0,-5.610000133514404,0.5309774875640869,6.896203994750977
895,0,-5.610000133514404,0.4638764262199402,6.166175842285156
896,0,-5.610000133514404,0.2722274363040924,6.289553642272949
897,0,-5.610000133514404,0.4035772979259491,6.438104152679443
898,0,-5.610000133514404,0.26626402139663696,6.343549728393555
899,0,-5.610000133514404,0.1868833750486374,5.307079315185547
900,1,5.909999847412109,0.5516356825828552,7.215911865234375
901,1,5.909999847412109,0.5501419305801392,7.199589252471924
902,0,-5.909999847412109,0.41962867975234985,7.289333820343018
903,0,-5.909999847412109,0.47616127133369446,7.269023895263672
904,0,-5.909999847412109,0.4174109995365143,7.242160320281982
905,0,-5.909999847412109,0.4352024495601654,7.169715881347656
906,0,-5.909999847412109,0.46675652265548706,7.25886869430542
907,0,-5.909999847412109,0.39888349175453186,6.972806930541992
908,0,-5.909999847412109,0.42961153388023376,7.165502548217773
909,0,-5.909999847412109,0.2719481885433197,7.195963382720947
910,0,-5.909999847412109,0.30299532413482666,7.237220287322998
911,0,-5.909999847412109,0.44111543893814087,7.000168323516846
912,1,8.739999771118164,0.654144287109375,9.56107234954834
913,0,-8.739999771118164,0.6356757283210754,9.581221580505371
914,0,-8.739999771118164,0.5229952335357666,9.315971374511719
915,0,-8.739999771118164,0.5117974281311035,9.375588417053223
916,0,-8.739999771118164,0.6716095209121704,9.42583179473877
917,0,-8.739999771118164,0.1562996804714203,8.66529655456543
918,0,-8.739999771118164,0.12991555035114288,9.197606086730957
919,0,-8.739999771118164,0.14187484979629517,9.057430267333984
920,0,-8.739999771118164,0.14878049492835999,8.963661193847656
921,0,-8.739999771118164,0.1492835134267807,8.48827075958252
922,0,-8.739999771118164,0.10719701647758484,9.244436264038086
923,0,-8.739999771118164,0.13850155472755432,8.452488899230957
924,0,-8.739999771118164,0.3002901077270508,9.233233451843262
925,1,9.0,0.811922013759613,8.387465476989746
926,1,9.0,0.812084436416626,8.394232749938965
927,1,9.0,0.8111162185668945,8.459830284118652
928,0,-9.0,0.7709696292877197,8.489133834838867
929,0,-9.0,0.20720194280147552,7.762081146240234
930,0,-9.0,0.6859285831451416,8.365682601928711
931,0,-9.0,0.5681470036506653,8.280487060546875
932,0,-9.0,0.20100484788417816,7.801479339599609
933,0,-9.0,0.16478493809700012,7.414892673492432
934,0,-9.0,0.3502451777458191,8.00944709777832
935,0,-9.0,0.512109100818634,8.120105743408203
936,0,-9.0,0.31522896885871887,7.719876289367676
937,0,-9.0,0.20653443038463593,7.622034072875977
938,0,-9.0,0.3823196589946747,7.960958957672119
939,0,-9.0,0.20819233357906342,7.733166694641113
940,0,-9.0,0.20164498686790466,7.936611175537109
941,0,-9.0,0.21972998976707458,7.893695831298828
942,0,-9.0,0.20714148879051208,8.155831336975098
943,0,-9.0,0.2010246068239212,7.4846954345703125
944,0,-9.0,0.177214115858078,7.900883674621582
945,0,-9.0,0.3177526295185089,7.776130676269531
946,1,6.099999904632568,0.6713000535964966,5.881284236907959
947,1,6.099999904632568,0.6674806475639343,5.953612327575684
948,0,-6.099999904632568,0.4806060492992401,6.084202766418457
949,0,-6.099999904632568,0.5411494970321655,6.301043510437012
950,0,-6.099999904632568,0.5240760445594788,6.2257513999938965
951,0,-6.099999904632568,0.4770776331424713,6.460330009460449
952,1,3.569999933242798,0.5324795246124268,6.534094333648682
953,0,-3.569999933242798,0.4120286703109741,5.005440711975098
954,0,-3.569999933242798,0.19060933589935303,4.847654819488525
955,0,-3.569999933242798,0.43979984521865845,4.868077278137207
956,0,-3.569999933242798,0.3982813060283661,4.795835494995117
957,0,-3.569999933242798,0.21147258579730988,3.9004018306732178
958,0,-3.569999933242798,0.46092304587364197,4.193443298339844
959,0,-3.569999933242798,0.2420271337032318,4.561582565307617
960,0,-3.569999933242798,0.21499359607696533,4.249882698059082
961,0,-3.569999933242798,0.15429344773292542,3.897430658340454
962,0,-3.569999933242798,0.26345252990722656,4.604759216308594
963,0,-3.569999933242798,0.4180409908294678,3.847107410430908
964,0,-3.569999933242798,0.3502480983734131,3.46907114982605
965,0,-3.569999933242798,0.15755675733089447,3.730851173400879
966,0,-3.569999933242798,0.21566151082515717,3.6939284801483154
967,0,-3.569999933242798,0.21203166246414185,4.02971076965332
968,0,-3.569999933242798,0.19430257380008698,3.821976900100708
969,0,-3.569999933242798,0.19632987678050995,4.026415824890137
970,0,-3.569999933242798,0.23611731827259064,4.072719573974609
971,0,-3.569999933242798,0.21289269626140594,3.531810760498047
972,1,6.5,0.728173553943634,5.441662311553955
973,1,6.5,0.7273115515708923,5.4306182861328125
974,0,-6.5,0.5856335759162903,4.972353458404541
975,0,-6.5,0.6692281365394592,5.090758323669434
976,0,-6.5,0.6374300122261047,5.479342937469482
977,1,6.440000057220459,0.5423604846000671,7.902223587036133
978,0,-6.440000057220459,0.5118551850318909,7.916470050811768
979,0,-6.440000057220459,0.5493395328521729,7.865318298339844
980,0,-6.440000057220459,0.5303795337677002,8.049337387084961
981,0,-6.440000057220459,0.45231738686561584,8.182348251342773
982,0,-6.440000057220459,0.4712175726890564,7.9469380378723145
983,0,-6.440000057220459,0.5572043657302856,8.109387397766113
984,0,-6.440000057220459,0.4701249301433563,8.166815757751465
985,0,-6.440000057220459,0.36714744567871094,8.082070350646973
986,0,-6.440000057220459,0.2122880518436432,8.173917770385742
987,0,-6.440000057220459,0.46290695667266846,7.9120306968688965
988,1,6.440000057220459,0.5024346113204956,8.111767768859863
989,0,-6.440000057220459,0.2141502946615219,8.182355880737305
990,0,-6.440000057220459,0.34113645553588867,8.141870498657227
991,0,-6.440000057220459,0.2660297751426697,8.060159683227539
992,0,-6.440000057220459,0.332821249961853,8.147064208984375
993,0,-6.440000057220459,0.31650376319885254,8.107769012451172
994,0,-6.440000057220459,0.20477385818958282,8.135128021240234
995,0,-6.440000057220459,0.32755598425865173,8.18171501159668
996,0,-6.440000057220459,0.4526221752166748,8.252301216125488
997,0,-6.440000057220459,0.24230040609836578,8.08169937133789
998,1,8.520000457763672,0.6968596577644348,8.861567497253418
999,0,-8.520000457763672,0.08485885709524155,8.318474769592285
1000,0,-8.520000457763672,0.12127692252397537,8.429025650024414
1001,0,-8.520000457763672,0.18428239226341248,8.627047538757324
1002,0,-8.520000457763672,0.21065089106559753,8.680259704589844
1003,0,-8.520000457763672,0.14269615709781647,8.738054275512695
1004,0,-8.520000457763672,0.07438822835683823,8.386897087097168
1005,0,-8.520000457763672,0.09492706507444382,8.424476623535156
1006,0,-8.520000457763672,0.09518110752105713,8.441499710083008
1007,0,-8.520000457763672,0.1291053146123886,8.658283233642578
1008,0,-8.520000457763672,0.08865750581026077,8.452500343322754
1009,0,-8.520000457763672,0.15860693156719208,8.819091796875
1010,0,-8.520000457763672,0.10520704090595245,8.323640823364258
1011,0,-8.520000457763672,0.08015664666891098,8.440994262695312
1012,0,-8.520000457763672,0.10806580632925034,8.43389892578125
1013,0,-8.520000457763672,0.11156097799539566,8.582418441772461
1014,0,-8.520000457763672,0.1636829823255539,8.42977237701416
1015,0,-8.520000457763672,0.10550549626350403,8.403493881225586
1016,0,-8.520000457763672,0.06644788384437561,8.173949241638184
1017,0,-8.520000457763672,0.08338043838739395,8.396146774291992
1018,0,-8.520000457763672,0.12131824344396591,8.621468544006348
1019,1,8.699999809265137,0.7822877764701843,8.050036430358887
1020,1,8.699999809265137,0.7886359095573425,8.029672622680664
1021,0,-8.699999809265137,0.42287322878837585,7.228257656097412
1022,1,8.699999809265137,0.7730253338813782,7.868261337280273
1023,0,-8.699999809265137,0.21799735724925995,6.794778823852539
1024,0,-8.699999809265137,0.1593116670846939,6.345266819000244
1025,0,-8.699999809265137,0.37964513897895813,7.130591869354248
1026,0,-8.699999809265137,0.20029360055923462,6.582868576049805
1027,0,-8.699999809265137,0.14726710319519043,6.630542278289795
1028,0,-8.699999809265137,0.15348346531391144,6.330717086791992
1029,0,-8.699999809265137,0.10886050015687943,6.0897016525268555
1030,0,-8.699999809265137,0.17473849654197693,6.659619331359863
1031,1,7.920000076293945,0.32663169503211975,5.2626471519470215
1032,0,-7.920000076293945,0.1876598298549652,5.192985534667969
1033,0,-7.920000076293945,0.28556981682777405,5.975098609924316
1034,0,-7.920000076293945,0.12859009206295013,6.08301305770874
1035,0,-7.920000076293945,0.35790175199508667,5.550965309143066
1036,0,-7.920000076293945,0.2138063907623291,5.001680374145508
1037,0,-7.920000076293945,0.0802784189581871,5.272313117980957
1038,1,7.920000076293945,0.3372557461261749,5.097607135772705
1039,0,-7.920000076293945,0.09771811217069626,6.3946967124938965
1040,0,-7.920000076293945,0.14890696108341217,5.079813480377197
1041,0,-7.920000076293945,0.1945141702890396,5.205269813537598
1042,0,-7.920000076293945,0.1655844897031784,5.686526775360107
1043,0,-7.920000076293945,0.12248014658689499,5.623155117034912
1044,0,-7.920000076293945,0.1589261144399643,5.875019073486328
1045,0,-7.920000076293945,0.108432337641716,6.293948173522949
1046,0,-7.920000076293945,0.1089281216263771,6.138123035430908
1047,0,-7.920000076293945,0.09852565079927444,6.322432041168213
1048,0,-7.920000076293945,0.1572335958480835,5.44436502456665
1049,0,-7.920000076293945,0.10210568457841873,6.171493053436279
1050,0,-7.920000076293945,0.07037900388240814,5.8014817237854
1051,0,-7.920000076293945,0.07079709321260452,6.109707355499268
1052,0,-7.400000095367432,0.5129997730255127,6.420985698699951
1053,1,7.400000095367432,0.6315253376960754,6.479000091552734
1054,0,-7.400000095367432,0.4617918133735657,6.107683181762695
1055,1,7.400000095367432,0.5777966976165771,6.308576583862305
1056,0,-7.400000095367432,0.3200802206993103,6.069684028625488
1057,0,-7.400000095367432,0.11342760920524597,6.076972484588623
1058,0,-7.400000095367432,0.17606715857982635,6.100982189178467
1059,1,7.400000095367432,0.49630457162857056,6.174338340759277
1060,0,-7.400000095367432,0.1495530754327774,5.8560333251953125
1061,0,-7.400000095367432,0.14836932718753815,6.039287567138672
1062,0,-7.400000095367432,0.29619014263153076,5.920375347137451
1063,0,-7.400000095367432,0.13813814520835876,5.965392589569092
1064,0,-7.400000095367432,0.1142728179693222,5.460772514343262
1065,0,-7.400000095367432,0.16223043203353882,5.782512187957764
1066,0,-7.400000095367432,0.1442413330078125,6.397349834442139
1067,0,-7.400000095367432,0.10510829836130142,5.241432189941406
1068,0,-7.400000095367432,0.11955039203166962,5.429478645324707
1069,0,-7.400000095367432,0.11033744364976883,5.426230430603027
1070,0,-7.400000095367432,0.15568748116493225,6.140615940093994
1071,1,6.519999980926514,0.7707148194313049,7.047330856323242
1072,0,-6.519999980926514,0.4047013223171234,6.752223014831543
1073,0,-6.519999980926514,0.2822478711605072,6.449017524719238
1074,0,-6.519999980926514,0.4305598735809326,6.72612190246582
1075,1,6.519999980926514,0.7426301836967468,7.138967514038086
1076,0,-6.519999980926514,0.7466367483139038,6.90313720703125
1077,0,-6.519999980926514,0.21450293064117432,6.236022472381592
1078,0,-6.519999980926514,0.11771280318498611,5.596400260925293
1079,1,6.519999980926514,0.7774722576141357,6.717379093170166
1080,0,-6.519999980926514,0.1916312426328659,6.094356536865234
1081,0,-6.519999980926514,0.23838745057582855,5.8633294105529785
1082,0,-6.519999980926514,0.2708800435066223,5.851772308349609
1083,0,-6.519999980926514,0.2009402960538864,5.647256374359131
1084,0,-6.519999980926514,0.11196096241474152,5.456897735595703
1085,0,-6.519999980926514,0.21969984471797943,6.0110087394714355
1086,0,-6.519999980926514,0.14475958049297333,5.7382001876831055
1087,0,-6.519999980926514,0.12233615666627884,5.484263896942139
1088,0,-6.519999980926514,0.10563476383686066,5.534121990203857
1089,0,-6.519999980926514,0.12562835216522217,5.685844421386719
1090,0,-6.519999980926514,0.14746209979057312,5.765122413635254
1091,0,-6.519999980926514,0.18796712160110474,5.654195785522461
1092,1,5.519999980926514,0.7067893743515015,6.3802313804626465
1093,1,5.519999980926514,0.7014914751052856,6.37992525100708
1094,0,-5.519999980926514,0.315427303314209,5.064051151275635
1095,0,-5.519999980926514,0.20725251734256744,4.879078388214111
1096,0,-5.519999980926514,0.37387189269065857,5.370421409606934
1097,0,-5.519999980926514,0.2879825830459595,5.048264026641846
1098,0,-5.519999980926514,0.6915540099143982,6.331556797027588
1099,0,-5.519999980926514,0.28434979915618896,5.074037551879883
1100,0,-5.519999980926514,0.4028794765472412,5.461573600769043
1101,0,-5.519999980926514,0.10976853966712952,4.321983337402344
1102,0,-5.519999980926514,0.12707458436489105,4.561054229736328
1103,0,-5.519999980926514,0.34303754568099976,5.416374206542969
1104,0,-5.519999980926514,0.09613517671823502,4.1818013191223145
1105,0,-5.519999980926514,0.09147904068231583,4.415640354156494
1106,0,-5.519999980926514,0.13036806881427765,4.898407459259033
1107,0,-5.519999980926514,0.09686487913131714,4.314886093139648
1108,0,-5.519999980926514,0.14773324131965637,4.717331886291504
1109,0,-5.519999980926514,0.08637241274118423,3.9370837211608887
1110,0,-5.519999980926514,0.08468473702669144,4.323780536651611
1111,0,-5.519999980926514,0.36325904726982117,5.477407932281494
1112,0,-5.519999980926514,0.09554712474346161,4.552823066711426
1113,1,7.320000171661377,0.4419308006763458,6.959611415863037
1114,0,-7.320000171661377,0.198160782456398,6.770679473876953
1115,0,-7.320000171661377,0.15631215274333954,6.265625953674316
1116,0,-7.320000171661377,0.18941247463226318,5.840789794921875
1117,0,-7.320000171661377,0.17338812351226807,6.688117980957031
1118,0,-7.320000171661377,0.15683650970458984,6.395899295806885
1119,0,-7.320000171661377,0.20513997972011566,6.803227424621582
1120,0,-7.320000171661377,0.4630971848964691,6.842983722686768
1121,0,-7.320000171661377,0.1628979742527008,5.972368240356445
1122,0,-7.320000171661377,0.11728977411985397,5.576889514923096
1123,0,-7.320000171661377,0.11735548824071884,5.84575080871582
1124,0,-7.320000171661377,0.26865577697753906,6.952486038208008
1125,0,-7.320000171661377,0.09398458898067474,5.148517608642578
1126,0,-7.320000171661377,0.21875415742397308,6.178927421569824
1127,0,-7.320000171661377,0.14252719283103943,6.361983299255371
1128,0,-7.320000171661377,0.09922292828559875,5.347565174102783
1129,0,-7.320000171661377,0.1443919539451599,6.019064903259277
1130,0,-7.320000171661377,0.11414644122123718,5.940445899963379
1131,0,-7.320000171661377,0.11723677814006805,6.2897443771362305
1132,0,-7.320000171661377,0.14643383026123047,5.949350357055664
1133,1,3.9200000762939453,0.6017510294914246,6.377503395080566
1134,0,-3.9200000762939453,0.6014016270637512,6.361684799194336
1135,0,-3.9200000762939453,0.5949787497520447,6.368389129638672
1136,0,-3.9200000762939453,0.594367504119873,6.377910137176514
1137,0,-3.9200000762939453,0.5960548520088196,6.364101886749268
1138,0,-3.9200000762939453,0.6036595702171326,6.357124328613281
1139,0,-3.9200000762939453,0.6016793251037598,6.361490726470947
1140,0,-3.9200000762939453,0.6005632281303406,6.376511573791504
1141,0,-3.9200000762939453,0.6033125519752502,6.366608619689941
1142,0,-3.9200000762939453,0.5938838720321655,6.3734588623046875
1143,0,-3.9200000762939453,0.5979332327842712,6.372870922088623
1144,0,-3.9200000762939453,0.6000476479530334,6.366329669952393
1145,0,-3.9200000762939453,0.5984777808189392,6.3600640296936035
1146,0,-3.9200000762939453,0.5981281995773315,6.3633341789245605
1147,0,-3.9200000762939453,0.5934925675392151,6.3709821701049805
1148,0,-3.9200000762939453,0.5994457006454468,6.3647565841674805
1149,0,-3.9200000762939453,0.5998654365539551,6.370877742767334
1150,0,-3.9200000762939453,0.6015085577964783,6.357285976409912
1151,0,-3.9200000762939453,0.6022894978523254,6.36017370223999
1152,0,-3.9200000762939453,0.5937279462814331,6.3736138343811035
1153,0,-3.9200000762939453,0.5980495810508728,6.3726115226745605
1154,1,5.659999847412109,0.6194697022438049,3.6989293098449707
1155,1,5.659999847412109,0.6277979612350464,3.7285234928131104
1156,0,-5.659999847412109,0.6060517430305481,3.614205837249756
1157,0,-5.659999847412109,0.6119168996810913,3.4699411392211914
1158,1,5.659999847412109,0.6189782619476318,3.6829679012298584
1159,0,-5.659999847412109,0.5178136229515076,3.361650228500366
1160,0,-5.659999847412109,0.5410640239715576,3.590461492538452
1161,0,-5.659999847412109,0.536504328250885,3.3966896533966064
1162,0,-5.659999847412109,0.5789282917976379,3.526959180831909
1163,0,-5.659999847412109,0.5303037166595459,3.4443907737731934
1164,0,-5.659999847412109,0.5459319353103638,3.5884921550750732
1165,0,-5.659999847412109,0.5199007987976074,3.5752220153808594
1166,0,-5.659999847412109,0.46640506386756897,3.1896212100982666
1167,0,-5.659999847412109,0.6030476093292236,3.684518575668335
1168,0,-5.659999847412109,0.5625211596488953,3.3482649326324463
1169,0,-5.659999847412109,0.49428701400756836,3.598893642425537
1170,0,-5.659999847412109,0.5532935857772827,3.372128963470459
1171,0,-5.659999847412109,0.41241639852523804,3.088282585144043
1172,0,-5.659999847412109,0.4110705554485321,3.460930109024048
1173,0,-5.659999847412109,0.37322402000427246,3.1480789184570312
1174,0,-5.659999847412109,0.5127102732658386,3.7676541805267334
1175,0,-11.09000015258789,0.21729972958564758,7.5721893310546875
1176,0,-11.09000015258789,0.24375921487808228,7.756420135498047
1177,0,-11.09000015258789,0.2494422197341919,7.762935638427734
1178,0,-11.09000015258789,0.24635571241378784,7.722634315490723
1179,0,-11.09000015258789,0.2357795536518097,7.811253547668457
1180,0,-11.09000015258789,0.24806909263134003,7.778346538543701
1181,0,-11.09000015258789,0.24983561038970947,7.752795219421387
1182,0,-11.09000015258789,0.2406678944826126,7.7678070068359375
1183,0,-11.09000015258789,0.2443467080593109,7.763454437255859
1184,0,-11.09000015258789,0.24288450181484222,7.765718460083008
1185,0,-11.09000015258789,0.24648797512054443,7.766603469848633
1186,0,-11.09000015258789,0.24944530427455902,7.777065753936768
1187,0,-11.09000015258789,0.24649713933467865,7.766837120056152
1188,0,-11.09000015258789,0.24225004017353058,7.742964744567871
1189,0,-11.09000015258789,0.24631932377815247,7.751603126525879
1190,0,-11.09000015258789,0.2496694028377533,7.738957405090332
1191,0,-11.09000015258789,0.24250173568725586,7.760985851287842
1192,0,-11.09000015258789,0.24657216668128967,7.783318042755127
1193,0,-11.09000015258789,0.24687495827674866,7.757528305053711
1194,0,-11.09000015258789,0.23544126749038696,7.8074564933776855
1195,0,-11.09000015258789,0.24317242205142975,7.798783779144287
1196,1,5.639999866485596,0.7912091016769409,7.786502838134766
1197,1,5.639999866485596,0.7498932480812073,7.715296745300293
1198,0,-5.639999866485596,0.746314525604248,7.496626377105713
1199,1,5.639999866485596,0.7643868327140808,7.690834999084473
1200,0,-5.639999866485596,0.3259929120540619,6.334016799926758
1201,1,4.010000228881836,0.8133658766746521,4.441457748413086
1202,1,4.010000228881836,0.8068581223487854,4.484969139099121
1203,1,4.010000228881836,0.8066547513008118,4.484778881072998
1204,0,-4.010000228881836,0.30712997913360596,4.292809963226318
1205,0,-4.010000228881836,0.24965310096740723,4.312358379364014
1206,1,4.010000228881836,0.6394282579421997,4.358694076538086
1207,0,-4.010000228881836,0.3571855425834656,4.259917259216309
1208,0,-4.010000228881836,0.1762760728597641,4.308770179748535
1209,0,-4.010000228881836,0.20512589812278748,4.270182132720947
1210,0,-4.010000228881836,0.6564164161682129,4.351714611053467
1211,0,-4.010000228881836,0.21190057694911957,4.277997016906738
1212,0,-4.010000228881836,0.31461411714553833,4.362951755523682
1213,0,-4.010000228881836,0.3342578709125519,4.2877197265625
1214,0,-4.010000228881836,0.14464996755123138,4.310812950134277
1215,0,-4.010000228881836,0.28848016262054443,4.390727996826172
1216,0,-4.010000228881836,0.21687230467796326,4.09986686706543
1217,0,-4.010000228881836,0.2232956439256668,4.264788627624512
1218,0,-4.010000228881836,0.18054133653640747,4.181188583374023
1219,0,-4.010000228881836,0.2227536290884018,4.06171178817749
1220,1,6.260000228881836,0.45414823293685913,6.8709716796875
1221,0,-6.260000228881836,0.40126344561576843,7.1873884201049805
1222,1,6.260000228881836,0.5031333565711975,7.02760648727417
1223,1,6.260000228881836,0.4934433400630951,7.025032997131348
1224,0,-6.260000228881836,0.2453857809305191,6.94612455368042
1225,0,-6.260000228881836,0.2517355680465698,6.962213039398193
1226,0,-6.260000228881836,0.3671782910823822,7.386826515197754
1227,0,-6.260000228881836,0.31874576210975647,7.1971917152404785
1228,0,-6.260000228881836,0.1854943335056305,7.324328899383545
1229,0,-6.260000228881836,0.3326597809791565,7.168638229370117
1230,0,-6.260000228881836,0.3181819021701813,7.163356781005859
1231,0,-6.260000228881836,0.2870365083217621,7.375669479370117
1232,0,-6.260000228881836,0.3055121600627899,7.450671672821045
1233,0,-6.260000228881836,0.17507049441337585,6.797201156616211
1234,0,-6.260000228881836,0.18516182899475098,6.767249584197998
1235,0,-6.260000228881836,0.3051687479019165,7.454204082489014
1236,0,-6.260000228881836,0.25768473744392395,6.327765941619873
1237,0,-6.260000228881836,0.27704259753227234,6.804156303405762
1238,0,-6.260000228881836,0.1542969048023224,6.705940246582031
1239,0,-6.260000228881836,0.15277503430843353,6.473135471343994
1240,0,-6.260000228881836,0.2187800258398056,6.651208400726318
1241,1,6.260000228881836,0.550146222114563,6.56849479675293
1242,1,6.260000228881836,0.5329241156578064,6.574319362640381
1243,0,-6.260000228881836,0.3115832507610321,6.357733249664307
1244,1,6.260000228881836,0.3977700173854828,6.350881576538086
1245,0,-6.260000228881836,0.43488559126853943,6.3621087074279785
1246,0,-6.260000228881836,0.36351755261421204,6.448269367218018
1247,0,-6.260000228881836,0.24024730920791626,6.204852104187012
1248,0,-6.260000228881836,0.3957093358039856,6.424217224121094
1249,0,-6.260000228881836,0.19664955139160156,6.0593180656433105
1250,0,-6.260000228881836,0.15003301203250885,6.051509380340576
1251,0,-6.260000228881836,0.23033422231674194,5.8528242111206055
1252,0,-6.260000228881836,0.1956663727760315,6.166147232055664
1253,0,-6.260000228881836,0.25058093667030334,6.132865905761719
1254,0,-6.260000228881836,0.3444141745567322,6.111670017242432
1255,0,-6.260000228881836,0.25891464948654175,6.119133472442627
1256,0,-6.260000228881836,0.295566201210022,6.361380100250244
1257,0,-6.260000228881836,0.4102603793144226,6.390680313110352
1258,1,5.21999979019165,0.6636039018630981,4.640293598175049
1259,1,5.21999979019165,0.6314370632171631,4.6047797203063965
1260,0,-5.21999979019165,0.39827439188957214,4.402561664581299
1261,0,-5.21999979019165,0.3860296905040741,4.618560791015625
1262,0,-5.21999979019165,0.49031877517700195,4.941425323486328
1263,0,-5.21999979019165,0.18106243014335632,4.347825527191162
1264,0,-5.21999979019165,0.36204805970191956,4.603741645812988
1265,0,-5.21999979019165,0.4645896852016449,4.598326683044434
1266,1,5.21999979019165,0.4609113931655884,4.588218688964844
1267,0,-5.21999979019165,0.338146835565567,4.442983150482178
1268,0,-5.21999979019165,0.2187306135892868,4.312443733215332
1269,0,-5.21999979019165,0.29815205931663513,4.076848030090332
1270,0,-5.21999979019165,0.32619425654411316,4.626579284667969
1271,0,-5.21999979019165,0.3782281279563904,4.309048652648926
1272,0,-5.21999979019165,0.34808996319770813,4.468290328979492
1273,0,-5.21999979019165,0.3588632643222809,4.763748645782471
1274,0,-5.21999979019165,0.261406272649765,4.199801445007324
1275,0,-5.21999979019165,0.21188867092132568,4.259068965911865
1276,0,-5.21999979019165,0.19797544181346893,4.3000335693359375
1277,0,-5.21999979019165,0.4926588535308838,4.642755508422852
1278,0,-5.21999979019165,0.23491592705249786,4.581239700317383
1279,1,5.639999866485596,0.7971725463867188,6.885074615478516
1280,0,-5.639999866485596,0.7374343872070312,7.194277286529541
1281,1,5.639999866485596,0.6297454833984375,7.047491073608398
1282,0,-5.639999866485596,0.5476530194282532,6.488656044006348
1283,1,5.639999866485596,0.6575445532798767,6.847524642944336
1284,0,-5.639999866485596,0.43522414565086365,6.717639923095703
1285,0,-5.639999866485596,0.3787606656551361,6.913781642913818
1286,0,-5.639999866485596,0.4800706207752228,6.77976655960083
1287,0,-5.639999866485596,0.3007976710796356,6.630663871765137
1288,0,-5.639999866485596,0.6717419624328613,7.345956802368164
1289,0,-5.639999866485596,0.3318050503730774,6.844237804412842
1290,0,-5.639999866485596,0.45029416680336,6.524467945098877
1291,0,-5.639999866485596,0.35343605279922485,6.6201043128967285
1292,0,-5.639999866485596,0.42735555768013,7.030694484710693
1293,0,-5.639999866485596,0.2739168405532837,5.78347635269165
1294,0,-5.639999866485596,0.35333606600761414,6.716890811920166
1295,0,-5.639999866485596,0.302085816860199,6.354579448699951
1296,0,-5.639999866485596,0.24573682248592377,6.678720474243164
1297,0,-5.639999866485596,0.45085200667381287,6.399481773376465
1298,0,-5.639999866485596,0.3503887951374054,6.458163261413574
1299,0,-5.639999866485596,0.28869009017944336,5.401554584503174
1300,1,5.820000171661377,0.737464189529419,7.981154918670654
1301,0,-5.820000171661377,0.6253780126571655,7.538186073303223
1302,0,-5.820000171661377,0.5909841656684875,7.7016119956970215
1303,0,-5.820000171661377,0.4900004267692566,7.485764503479004
1304,0,-5.820000171661377,0.534822940826416,7.712317943572998
1305,0,-5.820000171661377,0.6056714057922363,7.739336013793945
1306,0,-5.820000171661377,0.5552370548248291,7.941097259521484
1307,0,-5.820000171661377,0.7340567708015442,7.692451000213623
1308,0,-5.820000171661377,0.35061681270599365,7.359058380126953
1309,0,-5.820000171661377,0.28354284167289734,7.263449192047119
1310,0,-5.820000171661377,0.46676188707351685,7.818477630615234
1311,0,-5.820000171661377,0.4239998459815979,7.367218971252441
1312,0,-5.820000171661377,0.4255165457725525,6.955927848815918
1313,0,-5.820000171661377,0.5529568791389465,7.642785549163818
1314,0,-5.820000171661377,0.2041606456041336,6.469574928283691
1315,0,-5.820000171661377,0.3357617259025574,7.452909469604492
1316,0,-5.820000171661377,0.5639356374740601,7.4268107414245605
1317,0,-5.820000171661377,0.571215033531189,7.488498687744141
1318,0,-5.820000171661377,0.28921985626220703,7.436999320983887
1319,0,-5.820000171661377,0.29220131039619446,7.470887184143066
1320,0,-5.820000171661377,0.18369165062904358,6.724433898925781
1321,1,9.0,0.6326041221618652,6.702868461608887
1322,1,9.0,0.6288221478462219,6.774269104003906
1323,0,-9.0,0.5145614743232727,6.394632339477539
1324,0,-9.0,0.64699786901474,5.949911117553711
1325,0,-9.0,0.470559298992157,5.980602264404297
1326,0,-9.0,0.346882164478302,6.435807228088379
1327,0,-9.0,0.527890145778656,6.945843696594238
1328,0,-9.0,0.5217182636260986,6.164649486541748
1329,0,-9.0,0.4118516743183136,6.081933498382568
1330,0,-9.0,0.2541660964488983,5.606534481048584
1331,0,-9.0,0.1716829389333725,5.096503734588623
1332,0,-9.0,0.20978139340877533,5.659503936767578
1333,0,-9.0,0.26718273758888245,6.064121246337891
1334,0,-9.0,0.20598511397838593,5.620702743530273
1335,0,-9.0,0.18961122632026672,5.637908935546875
1336,0,-9.0,0.3695271611213684,5.771339416503906
1337,0,-9.0,0.30770114064216614,6.691161632537842
1338,0,-9.0,0.18762558698654175,5.611971378326416
1339,0,-9.0,0.2973986268043518,6.626571178436279
1340,0,-9.0,0.1749429702758789,5.655287265777588
1341,0,-9.0,0.24226278066635132,6.1256184577941895
1342,1,7.420000076293945,0.7010045051574707,8.593633651733398
1343,1,7.420000076293945,0.6939956545829773,8.58647346496582
1344,0,-7.420000076293945,0.5898922085762024,8.522253036499023
1345,1,7.420000076293945,0.6647486686706543,8.529048919677734
1346,0,-7.420000076293945,0.6466245055198669,8.57269287109375
1347,1,9.300000190734863,0.7313389182090759,7.400134086608887
1348,1,9.300000190734863,0.7154062390327454,7.3752617835998535
1349,1,8.109999656677246,0.7201235294342041,7.52069091796875
1350,1,8.109999656677246,0.7271138429641724,7.422114372253418
1351,1,7.440000057220459,0.6826104521751404,7.842369079589844
1352,0,-7.440000057220459,0.738102376461029,7.688624858856201
1353,0,-7.440000057220459,0.7438878417015076,7.741448402404785
1354,1,7.440000057220459,0.7236328125,7.860060214996338
1355,1,7.440000057220459,0.7180060148239136,7.856566429138184
1356,0,-7.440000057220459,0.4069216847419739,7.505731105804443
1357,0,-7.440000057220459,0.21075165271759033,6.794467926025391
1358,0,-7.440000057220459,0.4074881076812744,6.186273574829102
1359,0,-7.440000057220459,0.22415554523468018,6.741387367248535
1360,0,-7.440000057220459,0.6144770979881287,7.4316911697387695
1361,0,-7.440000057220459,0.1944589763879776,6.774236679077148
1362,0,-7.440000057220459,0.20974282920360565,6.485428810119629
1363,0,-7.440000057220459,0.22455242276191711,6.221828460693359
1364,0,-7.440000057220459,0.27807798981666565,6.783738136291504
1365,0,-7.440000057220459,0.5924158096313477,7.380876541137695
1366,0,-7.440000057220459,0.6417264342308044,7.368894100189209
1367,0,-7.440000057220459,0.22193069756031036,6.307629585266113
1368,0,-7.440000057220459,0.6092292666435242,7.269646644592285
1369,0,-7.440000057220459,0.6690675020217896,7.3765106201171875
1370,0,-7.440000057220459,0.34164637327194214,7.379440784454346
1371,0,-7.440000057220459,0.12583087384700775,6.244308948516846
1372,0,-7.800000190734863,0.26714926958084106,8.877922058105469
1373,1,7.800000190734863,0.6646184921264648,9.256317138671875
1374,0,-7.800000190734863,0.5639175772666931,9.199743270874023
1375,0,-7.800000190734863,0.3361527621746063,8.55540943145752
1376,0,-7.800000190734863,0.16767707467079163,8.940744400024414
1377,0,-7.800000190734863,0.4931930899620056,9.1075439453125
1378,0,-7.800000190734863,0.317107617855072,9.00027084350586
1379,0,-7.800000190734863,0.18858221173286438,8.986345291137695
1380,0,-7.800000190734863,0.15568533539772034,8.688854217529297
1381,0,-7.800000190734863,0.06923002749681473,7.585184097290039
1382,0,-7.800000190734863,0.09890493005514145,9.022150993347168
1383,0,-7.800000190734863,0.2829281985759735,9.183523178100586
1384,0,-7.800000190734863,0.26460427045822144,9.07859992980957
1385,0,-7.800000190734863,0.09945477545261383,8.682129859924316
1386,0,-7.800000190734863,0.13756974041461945,9.239677429199219
1387,0,-7.800000190734863,0.10445564985275269,8.794021606445312
1388,0,-7.800000190734863,0.14033463597297668,9.136615753173828
1389,0,-7.800000190734863,0.14098338782787323,8.671622276306152
1390,0,-7.800000190734863,0.2637844383716583,9.02408218383789
1391,0,-7.800000190734863,0.11285247653722763,8.410544395446777
1392,1,8.300000190734863,0.3953480124473572,5.742904186248779
1393,1,8.300000190734863,0.38602444529533386,5.7731218338012695
1394,0,-8.300000190734863,0.16001591086387634,6.2259297370910645
1395,0,-8.300000190734863,0.0841837152838707,5.9471116065979
1396,0,-8.300000190734863,0.16450545191764832,6.304069519042969
1397,0,-8.300000190734863,0.18746961653232574,5.207708835601807
1398,0,-8.300000190734863,0.07683874666690826,6.074787616729736
1399,0,-8.300000190734863,0.148351788520813,6.051142692565918
1400,0,-8.300000190734863,0.08718478679656982,6.061564922332764
1401,0,-8.300000190734863,0.1315196454524994,5.025077819824219
1402,0,-8.300000190734863,0.1472802311182022,6.196155071258545
1403,0,-8.300000190734863,0.08267229050397873,6.291904926300049
1404,0,-8.300000190734863,0.09905800968408585,6.619601249694824
1405,0,-8.300000190734863,0.0825251042842865,6.186781883239746
1406,0,-8.300000190734863,0.07280313223600388,4.992312908172607
1407,1,6.730000019073486,0.7789125442504883,7.22690486907959
1408,1,6.730000019073486,0.7145543694496155,6.475493431091309
1409,1,6.730000019073486,0.7575501799583435,6.887630939483643
1410,0,-6.730000019073486,0.1307397186756134,5.406920433044434
1411,0,-6.730000019073486,0.20239657163619995,4.952110290527344
1412,0,-6.730000019073486,0.15696930885314941,4.896105766296387
1413,0,-6.730000019073486,0.18106535077095032,4.901989936828613
1414,0,-6.730000019073486,0.23888593912124634,5.005693435668945
1415,0,-6.730000019073486,0.14687559008598328,4.867230415344238
1416,1,7.21999979019165,0.46825072169303894,6.439380168914795
1417,0,-7.21999979019165,0.41954419016838074,6.146818161010742
1418,0,-7.21999979019165,0.41952386498451233,6.145735263824463
1419,0,-7.21999979019165,0.44388288259506226,6.124307632446289
1420,0,-7.21999979019165,0.34120315313339233,6.041909217834473
1421,0,-7.21999979019165,0.30900073051452637,6.032008647918701
1422,0,-7.21999979019165,0.2723715007305145,6.019143581390381
1423,0,-7.21999979019165,0.29380863904953003,6.0356364250183105
1424,0,-7.21999979019165,0.23112155497074127,6.076138019561768
1425,0,-7.21999979019165,0.2086716592311859,6.357475280761719
1426,0,-7.21999979019165,0.3407207131385803,6.0025529861450195
1427,1,7.21999979019165,0.3477344512939453,6.135501384735107
1428,0,-7.21999979019165,0.15321947634220123,6.165656566619873
1429,0,-7.21999979019165,0.35354697704315186,6.0644755363464355
1430,0,-7.21999979019165,0.319991797208786,6.005945682525635
1431,0,-7.21999979019165,0.16785521805286407,6.068652153015137
1432,0,-7.21999979019165,0.23369373381137848,6.020190238952637
1433,0,-7.21999979019165,0.10679470747709274,5.96936559677124
1434,0,-7.21999979019165,0.39804768562316895,5.862335205078125
1435,0,-7.21999979019165,0.4218459725379944,5.72430944442749
1436,1,5.920000076293945,0.6580042839050293,5.8369622230529785
1437,0,-5.920000076293945,0.7121076583862305,6.236789226531982
1438,0,-5.920000076293945,0.5810003876686096,5.466165542602539
1439,1,5.920000076293945,0.7344138622283936,6.328197002410889
1440,0,-5.920000076293945,0.6645755171775818,5.99071741104126
1441,0,-5.920000076293945,0.21659471094608307,4.340906620025635
1442,0,-5.920000076293945,0.2735081911087036,4.280432224273682
1443,0,-5.920000076293945,0.658761203289032,6.065131187438965
1444,0,-5.920000076293945,0.17806273698806763,3.9563980102539062
1445,0,-5.920000076293945,0.20560838282108307,4.038639068603516
1446,0,-5.920000076293945,0.5159501433372498,4.976590633392334
1447,0,-5.920000076293945,0.5431988835334778,5.013827323913574
1448,0,-5.920000076293945,0.11524663865566254,4.237154960632324
1449,0,-5.920000076293945,0.29815420508384705,4.342855453491211
1450,0,-5.920000076293945,0.17261917889118195,4.32835578918457
1451,0,-5.920000076293945,0.30555909872055054,3.9122164249420166
1452,0,-5.920000076293945,0.15741066634655,4.496252536773682
1453,0,-5.920000076293945,0.46206963062286377,4.685813903808594
1454,0,-5.920000076293945,0.5018532872200012,4.727800369262695
1455,0,-5.920000076293945,0.18196265399456024,4.075560569763184
1456,0,-5.920000076293945,0.22101034224033356,4.023336887359619
1457,1,5.849999904632568,0.5868443846702576,7.244175910949707
1458,0,-5.849999904632568,0.41764652729034424,5.83750581741333
1459,1,5.849999904632568,0.5789030194282532,7.163053512573242
1460,0,-5.849999904632568,0.5528322458267212,6.684073448181152
1461,1,5.849999904632568,0.6440290212631226,7.174349784851074
1462,0,-5.849999904632568,0.5031695365905762,6.924835681915283
1463,1,5.849999904632568,0.5784022808074951,7.207987308502197
1464,0,-5.849999904632568,0.4592643678188324,6.901397228240967
1465,0,-5.849999904632568,0.25893905758857727,7.142727851867676
1466,0,-5.849999904632568,0.2914844751358032,7.476403713226318
1467,0,-5.849999904632568,0.42295193672180176,7.529998302459717
1468,0,-5.849999904632568,0.34802573919296265,7.204774379730225
1469,0,-5.849999904632568,0.20290693640708923,7.320897102355957
1470,0,-5.849999904632568,0.32634657621383667,7.245815753936768
1471,0,-5.849999904632568,0.31261420249938965,7.534970283508301
1472,0,-5.849999904632568,0.2894524037837982,6.293965816497803
1473,0,-5.849999904632568,0.23909753561019897,7.470620155334473
1474,0,-5.849999904632568,0.2340814620256424,7.476027011871338
1475,0,-5.849999904632568,0.2029923051595688,7.368035793304443
1476,0,-5.849999904632568,0.2149682343006134,7.155527114868164
1477,0,-5.849999904632568,0.27279871702194214,7.526704788208008
1478,1,2.5199999809265137,0.2616599202156067,3.0343687534332275
1479,0,-2.5199999809265137,0.3179245591163635,3.826197385787964
1480,0,-2.5199999809265137,0.6369485259056091,3.7415757179260254
1481,0,-2.5199999809265137,0.5580127835273743,3.5431454181671143
1482,0,-2.5199999809265137,0.5586888194084167,3.5843708515167236
1483,0,-2.5199999809265137,0.33686113357543945,3.6392078399658203
1484,0,-2.5199999809265137,0.416598379611969,3.094923973083496
1485,0,-2.5199999809265137,0.453031450510025,3.219316005706787
1486,0,-2.5199999809265137,0.4359809458255768,3.089219570159912
1487,0,-2.5199999809265137,0.25604838132858276,3.6261913776397705
1488,1,2.5199999809265137,0.34345635771751404,3.306974411010742
1489,0,-2.5199999809265137,0.3791942000389099,3.07289719581604
1490,0,-2.5199999809265137,0.2977145314216614,3.5108821392059326
1491,0,-2.5199999809265137,0.1991758942604065,3.6357810497283936
1492,0,-2.5199999809265137,0.5432897806167603,3.3956737518310547
1493,0,-2.5199999809265137,0.2278570830821991,2.9522526264190674
1494,0,-2.5199999809265137,0.3787534832954407,3.0028023719787598
1495,0,-2.5199999809265137,0.22906537353992462,3.003716230392456
1496,0,-2.5199999809265137,0.3145136535167694,3.330267906188965
1497,0,-2.5199999809265137,0.3412795066833496,3.4363133907318115
1498,0,-2.5199999809265137,0.2917550504207611,3.2816977500915527
1499,1,3.299999952316284,0.6756259799003601,3.095959186553955
1500,1,3.299999952316284,0.47144487500190735,3.2152225971221924
1501,0,-3.299999952316284,0.47823792695999146,3.0736286640167236
1502,0,-3.299999952316284,0.5951009392738342,3.0965263843536377
1503,0,-3.299999952316284,0.4003794193267822,3.194967269897461
1504,0,-3.299999952316284,0.34540867805480957,3.4308884143829346
1505,0,-3.299999952316284,0.5158610343933105,3.1558666229248047
1506,0,-3.299999952316284,0.4741164743900299,3.1485660076141357
1507,0,-3.299999952316284,0.464032381772995,3.148406982421875
1508,0,-3.299999952316284,0.5156999230384827,3.113013744354248
1509,0,-3.299999952316284,0.5715135335922241,3.1132471561431885
1510,0,-3.299999952316284,0.4021609425544739,3.3450117111206055
1511,0,-3.299999952316284,0.27895018458366394,3.1419191360473633
1512,0,-3.299999952316284,0.187035471200943,3.275050401687622
1513,0,-3.299999952316284,0.21146850287914276,3.1867258548736572
1514,0,-3.299999952316284,0.3005721867084503,3.0398881435394287
1515,0,-3.299999952316284,0.27847492694854736,3.231919050216675
1516,0,-3.299999952316284,0.1427435576915741,3.250542640686035
1517,0,-3.299999952316284,0.47290027141571045,3.3374643325805664
1518,0,-3.299999952316284,0.2670069932937622,3.056687593460083
1519,1,2.2899999618530273,0.7050254344940186,3.4423329830169678
1520,1,2.2899999618530273,0.732022225856781,3.4416091442108154
1521,0,-2.2899999618530273,0.3763633072376251,3.3669204711914062
1522,0,-2.2899999618530273,0.39354076981544495,3.3243916034698486
1523,0,-2.2899999618530273,0.722131073474884,3.397003650665283
1524,0,-2.2899999618530273,0.4417191445827484,3.3445115089416504
1525,0,-2.2899999618530273,0.30728310346603394,3.299260377883911
1526,0,-2.2899999618530273,0.6026095151901245,3.5103647708892822
1527,0,-2.2899999618530273,0.46542543172836304,3.3484280109405518
1528,0,-2.2899999618530273,0.5642470121383667,3.482574939727783
1529,0,-2.2899999618530273,0.41626685857772827,3.5074844360351562
1530,0,-2.2899999618530273,0.32160115242004395,3.3036065101623535
1531,0,-2.2899999618530273,0.5674279928207397,3.41396427154541
1532,0,-2.2899999618530273,0.3242845833301544,3.4670915603637695
1533,0,-2.2899999618530273,0.41542014479637146,3.4123775959014893
1534,0,-2.2899999618530273,0.2532564699649811,3.32464861869812
1535,0,-2.2899999618530273,0.25110524892807007,3.3129870891571045
1536,0,-2.2899999618530273,0.21134109795093536,3.3013672828674316
1537,0,-2.2899999618530273,0.4154638648033142,3.4745607376098633
1538,0,-2.2899999618530273,0.23655247688293457,3.334059715270996
1539,0,-2.2899999618530273,0.4587741792201996,3.587585926055908
1540,1,7.519999980926514,0.679588794708252,8.13376235961914
1541,1,7.519999980926514,0.6745004653930664,8.1382417678833
1542,0,-7.519999980926514,0.6108003854751587,8.323125839233398
1543,0,-7.519999980926514,0.165523499250412,7.8977203369140625
1544,0,-7.519999980926514,0.16464443504810333,8.064483642578125
1545,0,-7.519999980926514,0.18363910913467407,8.122488021850586
1546,0,-7.519999980926514,0.2827807366847992,8.20195198059082
1547,0,-7.519999980926514,0.26962170004844666,8.164388656616211
1548,0,-7.519999980926514,0.11123067140579224,7.794863224029541
1549,0,-7.519999980926514,0.3067949712276459,7.837235450744629
1550,0,-7.519999980926514,0.17701132595539093,7.973559856414795
1551,0,-7.519999980926514,0.1898583173751831,7.338881969451904
1552,0,-7.519999980926514,0.26342710852622986,7.832376480102539
1553,0,-7.519999980926514,0.12819068133831024,7.236782073974609
1554,0,-7.519999980926514,0.2865615487098694,7.51129674911499
1555,0,-7.519999980926514,0.13592642545700073,7.558096885681152
1556,1,5.769999980926514,0.7923377752304077,6.388665199279785
1557,1,5.769999980926514,0.7752573490142822,6.580345630645752
1558,0,-5.769999980926514,0.19714978337287903,6.1664018630981445
1559,0,-5.769999980926514,0.21215888857841492,5.947964191436768
1560,0,-5.769999980926514,0.1628355234861374,5.638530254364014
1561,0,-5.769999980926514,0.3629873991012573,5.296298027038574
1562,0,-5.769999980926514,0.3922431766986847,5.963855266571045
1563,0,-5.769999980926514,0.4564063549041748,5.393036842346191
1564,0,-5.769999980926514,0.4714045524597168,5.911131858825684
1565,0,-5.769999980926514,0.17529848217964172,5.531267166137695
1566,0,-5.769999980926514,0.19937653839588165,5.744295597076416
1567,0,-5.769999980926514,0.21363259851932526,5.768016815185547
1568,0,-5.769999980926514,0.18039363622665405,5.4821248054504395
1569,0,-5.769999980926514,0.21824970841407776,5.296149253845215
1570,0,-5.769999980926514,0.22826263308525085,5.62574577331543
1571,0,-5.769999980926514,0.19278442859649658,5.576077461242676
1572,0,-5.769999980926514,0.21804548799991608,5.548421859741211
1573,0,-5.769999980926514,0.1664315164089203,5.345085144042969
1574,0,-5.769999980926514,0.1593490093946457,5.1677165031433105
1575,0,-5.769999980926514,0.1481136977672577,5.365361213684082
1576,1,2.8399999141693115,0.6654736399650574,4.913882255554199
1577,1,2.8399999141693115,0.6630047559738159,4.831284523010254
1578,0,-2.8399999141693115,0.5390700101852417,4.298133850097656
1579,0,-2.8399999141693115,0.6694545149803162,4.268980026245117
1580,0,-2.8399999141693115,0.2655404806137085,4.20115852355957
1581,0,-2.8399999141693115,0.4671274721622467,3.6101136207580566
1582,0,-2.8399999141693115,0.3795430064201355,4.007016181945801
1583,0,-2.8399999141693115,0.42476886510849,3.714594602584839
1584,0,-2.8399999141693115,0.4226031005382538,3.232494831085205
1585,0,-2.8399999141693115,0.40828511118888855,3.263828992843628
1586,0,-2.8399999141693115,0.30774593353271484,4.299803733825684
1587,0,-2.8399999141693115,0.4393514394760132,3.4850857257843018
1588,0,-2.8399999141693115,0.4194430708885193,3.6493029594421387
1589,0,-2.8399999141693115,0.5002422332763672,3.1198251247406006
1590,0,-2.8399999141693115,0.468765527009964,3.9063491821289062
1591,0,-2.8399999141693115,0.425578236579895,3.51678466796875
1592,0,-2.8399999141693115,0.32636889815330505,3.37758731842041
1593,0,-2.8399999141693115,0.40959078073501587,3.2337958812713623
1594,0,-2.8399999141693115,0.36716803908348083,3.1657798290252686
1595,0,-2.8399999141693115,0.318732887506485,4.295495986938477
1596,0,-8.569999694824219,0.5518052577972412,7.894123077392578
1597,1,8.569999694824219,0.7693890333175659,8.457443237304688
1598,0,-8.569999694824219,0.710862398147583,8.281798362731934
1599,0,-8.569999694824219,0.7085724472999573,8.250378608703613
1600,0,-8.569999694824219,0.7225058674812317,8.087213516235352
1601,0,-8.569999694824219,0.23913142085075378,6.303555965423584
1602,0,-8.569999694824219,0.5115805864334106,7.863234043121338
1603,0,-8.569999694824219,0.42371252179145813,7.525763511657715
1604,0,-8.569999694824219,0.17348213493824005,5.712937355041504
1605,0,-8.569999694824219,0.33456966280937195,7.1809186935424805
1606,0,-8.569999694824219,0.17744767665863037,6.332043647766113
1607,0,-8.569999694824219,0.18428461253643036,5.8273138999938965
1608,0,-8.569999694824219,0.4530332088470459,7.537676811218262
1609,0,-8.569999694824219,0.17637629806995392,7.164908409118652
1610,0,-8.569999694824219,0.19589203596115112,6.784816265106201
1611,0,-8.569999694824219,0.1460992842912674,6.142823696136475
1612,0,-8.569999694824219,0.19030547142028809,6.337197303771973
1613,0,-8.569999694824219,0.18548543751239777,5.404319763183594
1614,0,-8.569999694824219,0.20868507027626038,5.454227924346924
1615,0,-8.569999694824219,0.20713433623313904,6.06873893737793
1616,0,-8.569999694824219,0.18375179171562195,5.0774664878845215
1617,1,7.320000171661377,0.7936919927597046,8.171273231506348
1618,1,7.320000171661377,0.7781819105148315,8.143624305725098
1619,0,-7.320000171661377,0.5142551064491272,8.208807945251465
1620,0,-7.320000171661377,0.3768330514431,7.961390018463135
1621,0,-7.320000171661377,0.5726474523544312,8.039596557617188
1622,0,-7.320000171661377,0.37995004653930664,7.968191146850586
1623,0,-7.320000171661377,0.5221595168113708,8.144054412841797
1624,0,-7.320000171661377,0.48401254415512085,7.8721208572387695
1625,0,-7.320000171661377,0.5536741614341736,8.107958793640137
1626,0,-7.320000171661377,0.30471932888031006,8.082118034362793
1627,0,-7.320000171661377,0.31951192021369934,8.000526428222656
1628,0,-7.320000171661377,0.6306834816932678,8.030112266540527
1629,0,-7.320000171661377,0.3080938160419464,7.591294288635254
1630,1,7.320000171661377,0.7068237066268921,8.002178192138672
1631,0,-7.320000171661377,0.25146862864494324,7.818075180053711
1632,0,-7.320000171661377,0.2893628478050232,8.271660804748535
1633,0,-7.320000171661377,0.31309670209884644,8.223848342895508
1634,0,-7.320000171661377,0.157255157828331,7.003165245056152
1635,0,-7.320000171661377,0.46214762330055237,7.931238651275635
1636,0,-7.320000171661377,0.41012245416641235,7.972891330718994
1637,1,4.300000190734863,0.6593183875083923,6.462680339813232
1638,1,4.300000190734863,0.6045974493026733,6.532864570617676
1639,1,4.300000190734863,0.49567481875419617,6.814402103424072
1640,0,-4.300000190734863,0.5935326218605042,6.865478992462158
1641,0,-4.300000190734863,0.23045234382152557,6.302105903625488
1642,0,-4.300000190734863,0.4448675513267517,6.62135124206543
1643,0,-4.300000190734863,0.11646720767021179,5.467350006103516
1644,0,-4.300000190734863,0.1138787791132927,5.7757954597473145
1645,0,-4.300000190734863,0.2366826981306076,6.782371997833252
1646,0,-4.300000190734863,0.21609219908714294,5.370668888092041
1647,0,-4.300000190734863,0.10442475229501724,5.384480953216553
1648,0,-4.300000190734863,0.3199020028114319,6.666270732879639
1649,0,-4.300000190734863,0.14490163326263428,6.184145927429199
1650,0,-4.300000190734863,0.4616428315639496,6.769341468811035
1651,0,-4.300000190734863,0.15669655799865723,5.546135902404785
1652,0,-4.300000190734863,0.11347570270299911,5.8961052894592285
1653,0,-4.300000190734863,0.22842839360237122,6.25990104675293
1654,0,-4.300000190734863,0.10360682755708694,5.3192830085754395
1655,0,-4.300000190734863,0.5958479046821594,6.374175071716309
1656,0,-4.300000190734863,0.2888379693031311,5.729282855987549
1657,0,-4.300000190734863,0.3273032307624817,5.507661819458008
1658,1,4.429999828338623,0.5419642329216003,4.28377628326416
1659,0,-4.429999828338623,0.4962024688720703,5.335118293762207
1660,0,-4.429999828338623,0.449322372674942,4.596911430358887
1661,0,-4.429999828338623,0.5861391425132751,5.176226615905762
1662,0,-4.429999828338623,0.4078288972377777,5.440431594848633
1663,0,-4.429999828338623,0.5086515545845032,5.263606071472168
1664,0,-4.429999828338623,0.37067821621894836,4.8269758224487305
1665,0,-4.429999828338623,0.4336238205432892,4.627624988555908
1666,0,-4.429999828338623,0.45669978857040405,4.088128566741943
1667,0,-4.429999828338623,0.4659225642681122,5.111801624298096
1668,0,-4.429999828338623,0.4063090682029724,4.457077980041504
1669,0,-4.429999828338623,0.5998004078865051,4.438197612762451
1670,0,-4.429999828338623,0.6199076175689697,4.414907455444336
1671,0,-4.429999828338623,0.4206136465072632,4.62976598739624
1672,1,4.429999828338623,0.6319966316223145,4.6261186599731445
1673,0,-4.429999828338623,0.3891427218914032,4.435751914978027
1674,0,-4.429999828338623,0.5548161268234253,4.430338382720947
1675,0,-4.429999828338623,0.4701516926288605,4.370575904846191
1676,1,4.429999828338623,0.4013598561286926,3.953591823577881
1677,0,-4.429999828338623,0.3570660352706909,4.491568565368652
1678,1,7.960000038146973,0.4771542251110077,7.108226299285889
1679,1,7.960000038146973,0.48743143677711487,7.044195175170898
1680,0,-7.960000038146973,0.3700161874294281,5.310635089874268
1681,0,-7.960000038146973,0.4313996732234955,5.437192916870117
1682,0,-7.960000038146973,0.4675426185131073,5.305369853973389
1683,0,-7.960000038146973,0.2179563045501709,4.406927108764648
1684,0,-7.960000038146973,0.34124335646629333,5.202375411987305
1685,0,-7.960000038146973,0.3586331903934479,6.161797523498535
1686,0,-7.960000038146973,0.3538113832473755,5.611974716186523
1687,0,-7.960000038146973,0.3631328344345093,5.57124662399292
1688,0,-7.960000038146973,0.38132211565971375,6.00262451171875
1689,0,-7.960000038146973,0.3394618034362793,5.253894805908203
1690,0,-7.960000038146973,0.2831008732318878,4.581009387969971
1691,0,-7.960000038146973,0.3718460202217102,6.520578861236572
1692,0,-7.960000038146973,0.24803851544857025,4.70948600769043
1693,0,-7.960000038146973,0.24077966809272766,4.500434398651123
1694,0,-7.960000038146973,0.21738500893115997,4.594428062438965
1695,0,-7.960000038146973,0.1861988753080368,4.30181360244751
1696,0,-7.960000038146973,0.2097356915473938,4.5916571617126465
1697,0,-7.960000038146973,0.17116063833236694,4.074368000030518
1698,1,7.46999979019165,0.6993407607078552,7.2322211265563965
1699,0,-7.46999979019165,0.7045839428901672,6.632696151733398
1700,0,-7.46999979019165,0.6222513318061829,7.197166442871094
1701,1,7.46999979019165,0.687085747718811,7.7078094482421875
1702,0,-7.46999979019165,0.5282357931137085,7.518721103668213
1703,0,-7.46999979019165,0.6838379502296448,6.424939155578613
1704,0,-7.46999979019165,0.6114206910133362,7.749377250671387
1705,0,-7.46999979019165,0.5184533596038818,6.5460124015808105
1706,0,-7.46999979019165,0.3895453214645386,6.56667423248291
1707,0,-7.46999979019165,0.3592084050178528,5.308860778808594
1708,0,-7.46999979019165,0.361033171415329,5.630640983581543
1709,0,-7.46999979019165,0.5959581136703491,6.225361347198486
1710,0,-7.46999979019165,0.45196083188056946,5.482320785522461
1711,0,-7.46999979019165,0.3712475001811981,5.908282279968262
1712,0,-7.46999979019165,0.3987998068332672,5.395496368408203
1713,0,-7.46999979019165,0.5185664296150208,6.470113277435303
1714,0,-7.46999979019165,0.2524068057537079,5.315977096557617
1715,0,-7.46999979019165,0.24989312887191772,5.08373498916626
1716,0,-7.46999979019165,0.4254758656024933,6.312297821044922
1717,0,-7.46999979019165,0.3419764041900635,4.934854507446289
1718,0,-7.46999979019165,0.40959426760673523,5.738109111785889
1719,1,8.520000457763672,0.4129887521266937,8.23328971862793
1720,1,8.520000457763672,0.3377854526042938,8.28156852722168
1721,0,-8.520000457763672,0.16988512873649597,7.756682872772217
1722,0,-8.520000457763672,0.17425189912319183,7.669861793518066
1723,1,2.119999885559082,0.4953317642211914,3.5167458057403564
1724,0,-2.119999885559082,0.4531175494194031,3.7068209648132324
1725,0,-2.119999885559082,0.33545467257499695,3.6268370151519775
1726,0,-2.119999885559082,0.4782007932662964,3.600034236907959
1727,1,2.119999885559082,0.4861559271812439,3.4343104362487793
1728,0,-2.119999885559082,0.35900264978408813,3.2093639373779297
1729,0,-2.119999885559082,0.23618167638778687,3.1910042762756348
1730,0,-2.119999885559082,0.27778130769729614,3.43416166305542
1731,0,-2.119999885559082,0.29453325271606445,3.3925423622131348
1732,0,-2.119999885559082,0.23931504786014557,3.55258846282959
1733,0,-2.119999885559082,0.3626856505870819,3.5732951164245605
1734,0,-2.119999885559082,0.4066574275493622,3.5441925525665283
1735,0,-2.119999885559082,0.3862929940223694,3.5181102752685547
1736,0,-2.119999885559082,0.5234072208404541,3.3849539756774902
1737,0,-2.119999885559082,0.36959996819496155,3.5061724185943604
1738,0,-2.119999885559082,0.3957872688770294,3.25581955909729
1739,0,-2.119999885559082,0.29096513986587524,3.5448830127716064
1740,0,-2.119999885559082,0.2454712837934494,3.312337875366211
1741,0,-2.119999885559082,0.32613423466682434,3.3498854637145996
1742,0,-2.119999885559082,0.20155087113380432,3.2583348751068115
1743,0,-2.119999885559082,0.3344799876213074,3.2417476177215576
1744,1,9.539999961853027,0.7179961204528809,6.958975791931152
1745,1,9.539999961853027,0.7177068591117859,6.985828399658203
1746,1,9.539999961853027,0.7233450412750244,6.9941582679748535
1747,0,-9.539999961853027,0.6214666366577148,6.606317043304443
1748,0,-9.539999961853027,0.5565680265426636,6.625755786895752
1749,1,7.400000095367432,0.6937403678894043,7.441463470458984
1750,0,-7.400000095367432,0.6868453621864319,7.00685977935791
1751,0,-7.400000095367432,0.7099656462669373,6.948324680328369
1752,0,-7.400000095367432,0.7001596093177795,7.136800289154053
1753,0,-7.400000095367432,0.7006839513778687,6.957420349121094
1754,0,-7.400000095367432,0.48584315180778503,7.428144454956055
1755,0,-7.400000095367432,0.5808026790618896,6.995608806610107
1756,0,-7.400000095367432,0.662001371383667,6.997890472412109
1757,0,-7.400000095367432,0.4949561059474945,7.258852958679199
1758,0,-7.400000095367432,0.2693677246570587,7.15230131149292
1759,0,-7.400000095367432,0.5174865126609802,7.218567371368408
1760,0,-7.400000095367432,0.34000226855278015,7.13197660446167
1761,0,-7.400000095367432,0.5148847103118896,6.797494888305664
1762,0,-7.400000095367432,0.6311244964599609,7.0688042640686035
1763,0,-7.400000095367432,0.4147983491420746,7.193360805511475
1764,0,-7.400000095367432,0.44768473505973816,7.027862548828125
1765,0,-7.400000095367432,0.44023945927619934,6.5715742111206055
1766,0,-7.400000095367432,0.5355135798454285,7.308066368103027
1767,0,-7.400000095367432,0.29198747873306274,6.990926742553711
1768,0,-7.400000095367432,0.2844313085079193,6.629800796508789
1769,0,-7.400000095367432,0.42796921730041504,7.268635272979736
1770,1,7.119999885559082,0.7614473104476929,8.15290641784668
1771,1,7.119999885559082,0.7443985342979431,8.031221389770508
1772,0,-7.119999885559082,0.7193626165390015,7.947414398193359
1773,0,-7.119999885559082,0.742372989654541,8.61764144897461
1774,0,-7.119999885559082,0.6123150587081909,7.970616340637207
1775,1,2.569999933242798,0.8087025284767151,4.397438049316406
1776,1,2.569999933242798,0.8180295825004578,4.3821258544921875
1777,1,2.569999933242798,0.7808253169059753,4.44810152053833
1778,0,-2.569999933242798,0.3924734592437744,4.272709846496582
1779,0,-2.569999933242798,0.28371766209602356,4.246926307678223
1780,1,2.569999933242798,0.7061998844146729,4.233028888702393
1781,0,-2.569999933242798,0.28608274459838867,4.140363693237305
1782,1,2.569999933242798,0.6245816349983215,4.2643890380859375
1783,0,-2.569999933242798,0.34714943170547485,4.119653701782227
1784,0,-2.569999933242798,0.27588510513305664,4.132311820983887
1785,0,-2.569999933242798,0.25558820366859436,4.015118598937988
1786,0,-2.569999933242798,0.3481193482875824,4.087880611419678
1787,1,2.569999933242798,0.4050326645374298,4.143613815307617
1788,1,2.569999933242798,0.3854810893535614,4.118389129638672
1789,0,-2.569999933242798,0.42416897416114807,3.9166266918182373
1790,0,-2.569999933242798,0.22767490148544312,3.7836174964904785
1791,0,-2.569999933242798,0.40463608503341675,4.019330024719238
1792,0,-2.569999933242798,0.40066903829574585,4.099230766296387
1793,0,-2.569999933242798,0.3350221812725067,3.866201877593994
1794,0,-2.569999933242798,0.2738230228424072,3.9319987297058105
1795,1,5.019999980926514,0.7140957713127136,8.319124221801758
1796,1,5.019999980926514,0.6878176927566528,8.018592834472656
1797,0,-5.019999980926514,0.6810722351074219,7.665911674499512
1798,0,-5.019999980926514,0.3255859911441803,5.736725330352783
1799,0,-5.019999980926514,0.07278957962989807,5.768552303314209
1800,0,-5.019999980926514,0.43615835905075073,5.759325981140137
1801,0,-5.019999980926514,0.1394941508769989,5.66575813293457
1802,0,-5.019999980926514,0.27453672885894775,6.01873779296875
1803,0,-5.019999980926514,0.1889040768146515,5.701824188232422
1804,0,-5.019999980926514,0.27310699224472046,5.960564613342285
1805,0,-5.019999980926514,0.10427600145339966,5.839319705963135
1806,0,-5.019999980926514,0.08599058538675308,5.886261463165283
1807,0,-5.019999980926514,0.08482572436332703,5.311581134796143
1808,0,-5.019999980926514,0.11946999281644821,5.806660175323486
1809,0,-5.019999980926514,0.08714336156845093,5.691861629486084
1810,1,5.960000038146973,0.7577608823776245,5.950159072875977
1811,1,5.960000038146973,0.7474296689033508,5.793840408325195
1812,1,5.960000038146973,0.497160941362381,5.271344184875488
1813,0,-5.960000038146973,0.637761116027832,5.0986151695251465
1814,0,-5.960000038146973,0.3962613046169281,4.509498596191406
1815,0,-5.960000038146973,0.3009478449821472,4.584811687469482
1816,0,-5.960000038146973,0.21767450869083405,4.317625045776367
1817,0,-5.960000038146973,0.18702808022499084,4.254168510437012
1818,0,-5.960000038146973,0.16372953355312347,4.388326168060303
1819,0,-5.960000038146973,0.22541901469230652,4.386841773986816
1820,0,-5.960000038146973,0.43521925806999207,4.638781547546387
1821,0,-5.960000038146973,0.3589051067829132,4.224564075469971
1822,0,-5.960000038146973,0.21891021728515625,4.3976640701293945
1823,0,-5.960000038146973,0.12135843187570572,4.382217884063721
1824,0,-5.960000038146973,0.2229209840297699,4.558803558349609
1825,0,-5.960000038146973,0.1953490525484085,4.544150352478027
1826,1,4.650000095367432,0.7492049932479858,7.773480415344238
1827,1,4.650000095367432,0.7328648567199707,7.493082046508789
1828,0,-4.650000095367432,0.43930569291114807,4.836981773376465
1829,0,-4.650000095367432,0.516893744468689,4.628722190856934
1830,0,-4.650000095367432,0.2926027476787567,5.2707366943359375
1831,0,-4.650000095367432,0.19072969257831573,5.932251453399658
1832,0,-4.650000095367432,0.2764725983142853,6.107292652130127
1833,0,-4.650000095367432,0.29531586170196533,5.5700459480285645
1834,0,-4.650000095367432,0.19036810100078583,4.7629289627075195
1835,0,-4.650000095367432,0.31214889883995056,4.321753025054932
1836,0,-4.650000095367432,0.4456658959388733,4.755802631378174
1837,0,-4.650000095367432,0.20514504611492157,6.038325309753418
1838,0,-4.650000095367432,0.23069974780082703,4.716219902038574
1839,0,-4.650000095367432,0.2328539341688156,5.310764789581299
1840,0,-4.650000095367432,0.31166496872901917,5.181918144226074
1841,0,-4.650000095367432,0.3217356204986572,5.979482173919678
1842,0,-4.650000095367432,0.2949025630950928,4.733021259307861
1843,0,-4.650000095367432,0.43417084217071533,4.413824081420898
1844,0,-4.650000095367432,0.31532585620880127,5.130908966064453
1845,0,-4.650000095367432,0.258069783449173,4.290008068084717
1846,1,8.850000381469727,0.6994999051094055,7.867687225341797
1847,1,8.850000381469727,0.6947847008705139,7.889243125915527
1848,0,-8.850000381469727,0.5082088112831116,7.824221611022949
1849,0,-8.850000381469727,0.6751078963279724,8.087669372558594
1850,1,8.0,0.6960980296134949,8.32768726348877
1851,1,8.0,0.7007876038551331,8.310315132141113
1852,0,-8.0,0.36696943640708923,7.493027687072754
1853,0,-8.0,0.45411747694015503,7.580431938171387
1854,1,4.380000114440918,0.6375453472137451,7.2770280838012695
1855,1,4.380000114440918,0.5503163933753967,7.328629493713379
1856,0,-4.380000114440918,0.5037727952003479,7.2959489822387695
1857,1,4.380000114440918,0.6222593188285828,7.248987197875977
1858,0,-4.380000114440918,0.4557953476905823,7.022315979003906
1859,0,-4.380000114440918,0.42170363664627075,6.819869041442871
1860,0,-4.380000114440918,0.5486094951629639,7.13715934753418
1861,0,-4.380000114440918,0.4760008156299591,6.664403438568115
1862,0,-4.380000114440918,0.4824804961681366,6.880244255065918
1863,0,-4.380000114440918,0.3976714015007019,6.684726715087891
1864,0,-4.380000114440918,0.45438525080680847,7.142775535583496
1865,0,-4.380000114440918,0.49335867166519165,7.211317539215088
1866,0,-4.380000114440918,0.3846395015716553,6.453358173370361
1867,0,-4.380000114440918,0.3979802131652832,6.803266525268555
1868,0,-4.380000114440918,0.3632754385471344,6.214601993560791
1869,0,-4.380000114440918,0.3510306775569916,6.166253089904785
1870,0,-4.380000114440918,0.3325251042842865,6.131906986236572
1871,0,-4.380000114440918,0.3487561047077179,6.325514316558838
1872,0,-4.380000114440918,0.352842777967453,6.134932041168213
1873,0,-4.380000114440918,0.3224107623100281,5.974928379058838
1874,0,-4.380000114440918,0.31311658024787903,5.773966312408447
1875,1,4.800000190734863,0.5125926733016968,6.578860282897949
1876,1,4.800000190734863,0.4530390799045563,6.614937782287598
1877,0,-4.800000190734863,0.5650899410247803,7.171716213226318
1878,0,-4.800000190734863,0.3858316242694855,5.762876987457275
1879,0,-4.800000190734863,0.4270552694797516,6.294804096221924
1880,0,-4.800000190734863,0.4307018518447876,6.291784286499023
1881,0,-4.800000190734863,0.45441943407058716,5.64497709274292
1882,0,-4.800000190734863,0.4811451733112335,5.80448579788208
1883,0,-4.800000190734863,0.5376250743865967,7.4829607009887695
1884,1,4.800000190734863,0.4523097276687622,6.562262535095215
1885,0,-4.800000190734863,0.357477605342865,5.823758125305176
1886,0,-4.800000190734863,0.41396161913871765,5.998317241668701
1887,0,-4.800000190734863,0.37467488646507263,5.33463191986084
1888,0,-4.800000190734863,0.33158645033836365,4.86016321182251
1889,0,-4.800000190734863,0.4507998526096344,5.396015167236328
1890,0,-4.800000190734863,0.3127989172935486,4.9582695960998535
1891,0,-4.800000190734863,0.4110172986984253,5.672552585601807
1892,0,-4.800000190734863,0.437738835811615,4.610002040863037
1893,0,-4.800000190734863,0.297678142786026,4.96742582321167
1894,0,-4.800000190734863,0.3033148944377899,4.127373695373535
1895,0,-4.800000190734863,0.39925381541252136,4.095195770263672
1896,1,8.819999694824219,0.5091719031333923,8.706300735473633
1897,0,-8.819999694824219,0.6054750084877014,7.991188049316406
1898,0,-8.819999694824219,0.5807587504386902,8.262002944946289
1899,0,-8.819999694824219,0.5211847424507141,7.932997226715088
1900,0,-8.819999694824219,0.5907275676727295,8.233903884887695
1901,0,-8.819999694824219,0.5768205523490906,7.969895839691162
1902,0,-8.819999694824219,0.5506347417831421,7.99846076965332
1903,0,-8.819999694824219,0.5533806681632996,8.451422691345215
1904,0,-8.819999694824219,0.3943256437778473,8.337732315063477
1905,0,-8.819999694824219,0.35832205414772034,8.383803367614746
1906,0,-8.819999694824219,0.5259916186332703,8.19764232635498
1907,0,-8.819999694824219,0.5452505946159363,7.818981170654297
1908,0,-8.819999694824219,0.3841002881526947,8.612983703613281
1909,0,-8.819999694824219,0.5696327686309814,8.026246070861816
1910,0,-8.819999694824219,0.4332538843154907,8.418760299682617
1911,1,8.819999694824219,0.3110100328922272,8.660634994506836
1912,0,-8.819999694824219,0.5880264043807983,8.176915168762207
1913,0,-8.819999694824219,0.3282060921192169,8.593323707580566
1914,0,-8.819999694824219,0.5113668441772461,7.666460037231445
1915,1,8.819999694824219,0.491563081741333,8.677764892578125
1916,0,-8.819999694824219,0.2034740000963211,7.986957550048828
1917,1,6.869999885559082,0.6111695170402527,8.854188919067383
1918,0,-6.869999885559082,0.5953669548034668,9.065898895263672
1919,0,-6.869999885559082,0.5734719038009644,9.052042007446289
1920,0,-6.869999885559082,0.5261592268943787,8.873302459716797
1921,1,6.869999885559082,0.6348785758018494,8.851561546325684
1922,1,6.869999885559082,0.6306732296943665,8.873265266418457
1923,1,6.869999885559082,0.6249261498451233,8.877752304077148
1924,1,6.869999885559082,0.5062211751937866,8.974527359008789
1925,1,6.869999885559082,0.5773925185203552,8.960883140563965
1926,0,-6.869999885559082,0.5843472480773926,8.991643905639648
1927,0,-6.869999885559082,0.5739604830741882,8.948795318603516
1928,0,-6.869999885559082,0.18831419944763184,8.376015663146973
1929,0,-6.869999885559082,0.5693689584732056,9.118823051452637
1930,0,-6.869999885559082,0.5240177512168884,9.010536193847656
1931,0,-6.869999885559082,0.31098827719688416,8.772415161132812
1932,0,-6.869999885559082,0.22052288055419922,8.375080108642578
1933,1,6.869999885559082,0.5165217518806458,8.788047790527344
1934,0,-6.869999885559082,0.5226719379425049,9.065999031066895
1935,0,-6.869999885559082,0.49295076727867126,8.628929138183594
1936,1,11.220000267028809,0.6263124942779541,8.95964527130127
1937,1,11.220000267028809,0.6037368774414062,8.916650772094727
1938,0,-11.220000267028809,0.40226662158966064,8.78968620300293
1939,0,-11.220000267028809,0.39214205741882324,8.779886245727539
1940,0,-11.220000267028809,0.4900287687778473,8.978590965270996
1941,0,-11.220000267028809,0.23549678921699524,8.867538452148438
1942,0,-11.220000267028809,0.3188694715499878,8.679521560668945
1943,0,-11.220000267028809,0.328639417886734,8.489980697631836
1944,0,-11.220000267028809,0.27786317467689514,8.758551597595215
1945,0,-11.220000267028809,0.1084153801202774,8.266533851623535
1946,0,-11.220000267028809,0.22882184386253357,8.704742431640625
1947,0,-11.220000267028809,0.13157221674919128,8.389031410217285
1948,0,-11.220000267028809,0.1528121531009674,8.370235443115234
1949,0,-11.220000267028809,0.19659048318862915,8.495689392089844
1950,0,-11.220000267028809,0.21448956429958344,8.309754371643066
1951,0,-11.220000267028809,0.1557920277118683,8.352312088012695
1952,0,-11.220000267028809,0.2098226398229599,8.40908432006836
1953,0,-11.220000267028809,0.11715593189001083,8.017614364624023
1954,0,-11.220000267028809,0.12991675734519958,8.117682456970215
1955,0,-11.220000267028809,0.21268512308597565,8.531315803527832
1956,0,-11.220000267028809,0.27476704120635986,8.687591552734375
1957,1,4.550000190734863,0.6840431094169617,5.957833290100098
1958,1,4.550000190734863,0.6866631507873535,5.941510200500488
1959,0,-4.550000190734863,0.4119228422641754,5.456317901611328
1960,0,-4.550000190734863,0.2889709174633026,5.249285697937012
1961,0,-4.550000190734863,0.18120324611663818,5.762713432312012
1962,0,-4.550000190734863,0.23076538741588593,5.8485918045043945
1963,0,-4.550000190734863,0.17963054776191711,5.7565741539001465
1964,0,-4.550000190734863,0.20446522533893585,4.968536376953125
1965,0,-4.550000190734863,0.1477406919002533,5.8231611251831055
1966,0,-4.550000190734863,0.18613199889659882,4.871975898742676
1967,0,-4.550000190734863,0.1551988422870636,5.705798625946045
1968,0,-4.550000190734863,0.11880753189325333,5.6186652183532715
1969,0,-4.550000190734863,0.18166649341583252,5.812516689300537
1970,0,-4.550000190734863,0.17834283411502838,5.716955661773682
1971,0,-4.550000190734863,0.1410592496395111,5.846479892730713
1972,0,-4.550000190734863,0.25305092334747314,6.001502990722656
1973,0,-4.550000190734863,0.17659814655780792,5.912519454956055
1974,0,-4.550000190734863,0.22158436477184296,6.277685165405273
1975,0,-4.550000190734863,0.18383100628852844,4.900814056396484
1976,0,-4.550000190734863,0.2371874898672104,6.224202632904053
1977,1,9.220000267028809,0.6817180514335632,8.050252914428711
1978,1,9.220000267028809,0.6730437278747559,8.007490158081055
1979,0,-9.220000267028809,0.355194628238678,7.784139633178711
1980,0,-9.220000267028809,0.2897050380706787,7.9365153312683105
1981,0,-9.220000267028809,0.3102121949195862,8.33122444152832
1982,0,-9.220000267028809,0.3484726846218109,7.9787163734436035
1983,0,-9.220000267028809,0.16090916097164154,7.4635772705078125
1984,0,-9.220000267028809,0.3015007972717285,8.120972633361816
1985,0,-9.220000267028809,0.18087193369865417,7.463254928588867
1986,0,-9.220000267028809,0.19800354540348053,7.762749195098877
1987,0,-9.220000267028809,0.19096221029758453,7.245171070098877
1988,0,-9.220000267028809,0.1271432489156723,6.950141429901123
1989,0,-9.220000267028809,0.21697555482387543,7.848202705383301
1990,0,-9.220000267028809,0.07924601435661316,6.387600898742676
1991,0,-9.220000267028809,0.3148414194583893,7.005997657775879
1992,0,-9.220000267028809,0.1030980572104454,7.171099662780762
1993,0,-9.220000267028809,0.09010350704193115,7.130799293518066
1994,0,-9.220000267028809,0.12734344601631165,7.026511192321777
1995,0,-9.220000267028809,0.13749252259731293,7.170429706573486
1996,0,-9.220000267028809,0.10389683395624161,6.995272636413574
1997,0,-9.220000267028809,0.09274154901504517,7.002908706665039
1998,1,7.659999847412109,0.6036423444747925,9.543355941772461
1999,1,7.659999847412109,0.59946608543396,9.524652481079102
2000,0,-7.659999847412109,0.4069651663303375,9.1253080368042
2001,0,-7.659999847412109,0.511909544467926,9.061965942382812
2002,1,6.659999847412109,0.7445665597915649,6.263953685760498
2003,1,6.659999847412109,0.7452589273452759,6.277436256408691
2004,0,-6.659999847412109,0.4722875952720642,5.2717790603637695
2005,0,-6.659999847412109,0.3143917918205261,4.858258247375488
2006,0,-6.659999847412109,0.3446245789527893,4.980538845062256
2007,0,-6.659999847412109,0.2511875033378601,4.563744068145752
2008,0,-6.659999847412109,0.22121208906173706,4.20282506942749
2009,0,-6.659999847412109,0.23421475291252136,4.68609619140625
2010,0,-6.659999847412109,0.2760053277015686,4.431795120239258
2011,0,-4.449999809265137,0.6782416701316833,6.069145679473877
2012,0,-4.449999809265137,0.22556523978710175,5.178138732910156
2013,0,-4.449999809265137,0.25380876660346985,5.128907203674316
2014,0,-4.449999809265137,0.320919394493103,5.793440818786621
2015,0,-4.449999809265137,0.6712530255317688,6.35933256149292
2016,0,-4.449999809265137,0.19232366979122162,5.216187953948975
2017,0,-4.449999809265137,0.6585620641708374,6.1536407470703125
2018,0,-4.449999809265137,0.17415618896484375,4.773359298706055
2019,0,-4.449999809265137,0.15715427696704865,4.838117599487305
2020,0,-4.449999809265137,0.21705679595470428,5.305950164794922
2021,0,-4.449999809265137,0.16180437803268433,4.142243385314941
2022,0,-4.449999809265137,0.24536530673503876,4.0446672439575195
2023,0,-4.449999809265137,0.22995908558368683,4.7626190185546875
2024,0,-4.449999809265137,0.1339542716741562,3.9964070320129395
2025,0,-4.449999809265137,0.18518021702766418,4.782122611999512
2026,0,-4.449999809265137,0.26270878314971924,4.784936428070068
2027,0,-4.449999809265137,0.18175438046455383,4.671947956085205
2028,0,-4.449999809265137,0.2216048389673233,4.070745468139648
2029,0,-4.449999809265137,0.18572451174259186,4.889813423156738
2030,0,-4.449999809265137,0.2712855935096741,5.263623237609863
2031,0,-4.449999809265137,0.17912249267101288,4.753665924072266
2032,1,7.409999847412109,0.764915406703949,7.32766580581665
2033,1,7.409999847412109,0.7649581432342529,7.309468746185303
2034,0,-7.409999847412109,0.6045719385147095,6.722673416137695
2035,0,-7.409999847412109,0.5999478697776794,6.926090240478516
2036,0,-7.409999847412109,0.7063698172569275,7.24794864654541
2037,1,4.820000171661377,0.7534809112548828,5.0037841796875
2038,1,4.820000171661377,0.7510069608688354,4.899784564971924
2039,0,-4.820000171661377,0.7091537714004517,4.969618320465088
2040,0,-4.820000171661377,0.6658098697662354,4.814846515655518
2041,0,-4.820000171661377,0.39925527572631836,4.034652233123779
2042,0,-4.820000171661377,0.5501444935798645,3.958608627319336
2043,0,-4.820000171661377,0.4407886266708374,3.5489604473114014
2044,0,-4.820000171661377,0.46730998158454895,3.5917866230010986
2045,1,5.480000019073486,0.7781247496604919,6.058862209320068
2046,1,5.480000019073486,0.7784116864204407,6.069321155548096
2047,0,-5.480000019073486,0.7491703629493713,5.737538814544678
2048,0,-5.480000019073486,0.6634036302566528,5.637269496917725
2049,0,-5.480000019073486,0.7000448703765869,5.48921537399292
2050,0,-5.480000019073486,0.6918305158615112,5.871884822845459
2051,0,-5.480000019073486,0.6076459288597107,5.563375949859619
2052,0,-5.480000019073486,0.4315815269947052,5.1348958015441895
2053,0,-5.480000019073486,0.27125421166419983,3.690401554107666
2054,0,-5.480000019073486,0.3181798756122589,4.1928510665893555
2055,0,-5.480000019073486,0.22271728515625,3.2055628299713135
2056,0,-5.480000019073486,0.3368684649467468,5.198168754577637
2057,0,-5.480000019073486,0.26124638319015503,3.6131765842437744
2058,0,-5.480000019073486,0.20932918787002563,3.181870222091675
2059,0,-5.480000019073486,0.2566007077693939,3.335402250289917
2060,0,-5.480000019073486,0.378371924161911,4.497008323669434
2061,0,-5.480000019073486,0.19309529662132263,3.13830304145813
2062,0,-5.480000019073486,0.21061471104621887,3.1439433097839355
2063,0,-5.480000019073486,0.299338698387146,4.903373718261719
2064,1,6.579999923706055,0.6289221048355103,8.333826065063477
2065,0,-6.579999923706055,0.6321305632591248,8.196575164794922
2066,0,-6.579999923706055,0.45900946855545044,7.992852210998535
2067,0,-6.579999923706055,0.12387489527463913,7.705882549285889
2068,0,-6.579999923706055,0.153084859251976,7.398373603820801
2069,0,-6.579999923706055,0.47366854548454285,8.207564353942871
2070,0,-6.579999923706055,0.11455076932907104,7.423496246337891
2071,0,-6.579999923706055,0.1610112339258194,7.642061233520508
2072,0,-6.579999923706055,0.11060231924057007,7.419703006744385
2073,0,-6.579999923706055,0.14798377454280853,8.228479385375977
2074,0,-6.579999923706055,0.14718683063983917,7.922369956970215
2075,0,-6.579999923706055,0.12976844608783722,7.626528263092041
2076,0,-6.579999923706055,0.12906454503536224,7.120528221130371
2077,0,-6.579999923706055,0.10347403585910797,7.263566017150879
2078,0,-6.579999923706055,0.14270126819610596,7.336032390594482
2079,0,-6.579999923706055,0.12232016772031784,7.1276726722717285
2080,0,-6.579999923706055,0.11588294059038162,7.588648796081543
2081,0,-6.579999923706055,0.09929072111845016,6.3871917724609375
2082,0,-6.579999923706055,0.15360359847545624,7.764218807220459
2083,0,-6.579999923706055,0.13993987441062927,7.6332621574401855
2084,0,-6.579999923706055,0.09053874760866165,6.645886421203613
2085,0,-7.820000171661377,0.23716802895069122,6.7721076011657715
2086,0,-7.820000171661377,0.09786387532949448,6.526630878448486
2087,0,-7.820000171661377,0.06297154724597931,6.770038604736328
2088,0,-7.820000171661377,0.10518298298120499,6.610352039337158
2089,0,-7.820000171661377,0.08460298180580139,6.834831237792969
2090,0,-7.820000171661377,0.1066511943936348,6.700377464294434
2091,0,-7.820000171661377,0.06513481587171555,6.805296421051025
2092,0,-7.820000171661377,0.17456510663032532,7.236005783081055
2093,0,-7.820000171661377,0.06266212463378906,6.965628623962402
2094,0,-7.820000171661377,0.07973731309175491,6.7440505027771
2095,0,-7.820000171661377,0.08115924894809723,6.647202014923096
2096,0,-7.820000171661377,0.07492748647928238,6.463533401489258
2097,0,-7.820000171661377,0.14744845032691956,6.845325469970703
2098,0,-7.820000171661377,0.0835878923535347,6.630842208862305
2099,0,-7.820000171661377,0.06496993452310562,6.836689472198486
2100,0,-7.820000171661377,0.08316180855035782,6.613122463226318
2101,0,-7.820000171661377,0.08482503145933151,7.08550500869751
2102,0,-7.820000171661377,0.08499273657798767,6.727966785430908
2103,0,-7.820000171661377,0.09712082147598267,7.018494606018066
2104,0,-7.820000171661377,0.09135419130325317,7.046987533569336
2105,0,-7.099999904632568,0.5634557008743286,6.628509521484375
2106,0,-7.099999904632568,0.5625556707382202,6.643810749053955
2107,0,-7.099999904632568,0.5647996664047241,6.640195369720459
2108,0,-7.099999904632568,0.5632936954498291,6.644235134124756
2109,0,-7.099999904632568,0.5623896718025208,6.640451431274414
2110,0,-7.099999904632568,0.5645114183425903,6.648940086364746
2111,0,-7.099999904632568,0.5616962313652039,6.644523620605469
2112,0,-7.099999904632568,0.5671200156211853,6.635071754455566
2113,0,-7.099999904632568,0.5596945881843567,6.643004417419434
2114,0,-7.099999904632568,0.563652753829956,6.64780855178833
2115,0,-7.099999904632568,0.5593341588973999,6.644505500793457
2116,0,-7.099999904632568,0.5620753169059753,6.633020401000977
2117,0,-7.099999904632568,0.5639265775680542,6.6441426277160645
2118,0,-7.099999904632568,0.5645946264266968,6.643208026885986
2119,0,-7.099999904632568,0.5579657554626465,6.647719860076904
2120,0,-7.099999904632568,0.5599657297134399,6.638680458068848
2121,0,-7.099999904632568,0.565733790397644,6.64781379699707
2122,0,-7.099999904632568,0.5623390078544617,6.6463942527771
2123,0,-7.099999904632568,0.5637889504432678,6.640503883361816
2124,0,-7.099999904632568,0.5633660554885864,6.646985054016113
2125,0,-7.099999904632568,0.5632563829421997,6.637862682342529
2126,1,9.0,0.6829541921615601,8.311546325683594
2127,0,-9.0,0.6820774078369141,7.911958694458008
2128,0,-9.0,0.6814813017845154,7.916561126708984
2129,0,-9.0,0.6085038781166077,8.330315589904785
2130,0,-9.0,0.6668661832809448,7.858440399169922
2131,0,-9.0,0.38221561908721924,7.251714706420898
2132,0,-9.0,0.49185070395469666,7.612626552581787
2133,0,-9.0,0.32261183857917786,6.485745906829834
2134,0,-9.0,0.6935205459594727,7.908303260803223
2135,0,-9.0,0.42603635787963867,7.811479091644287
2136,0,-9.0,0.3990412950515747,6.910572528839111
2137,0,-9.0,0.24679654836654663,6.539857387542725
2138,0,-9.0,0.3917059302330017,7.774956703186035
2139,0,-9.0,0.3539305031299591,6.84168815612793
2140,0,-9.0,0.31079962849617004,6.654788970947266
2141,0,-9.0,0.2239702194929123,6.454524993896484
2142,0,-9.0,0.5450167059898376,6.386528968811035
2143,0,-9.0,0.27464672923088074,5.956303596496582
2144,0,-9.0,0.353355348110199,7.149570465087891
2145,0,-9.0,0.4602607488632202,7.011567115783691
2146,0,-9.0,0.2331382930278778,6.436148643493652
2147,1,6.53000020980835,0.7691190838813782,8.558771133422852
2148,1,6.53000020980835,0.7691327929496765,8.50247573852539
2149,0,-6.53000020980835,0.6363033056259155,8.3577241897583
2150,0,-6.53000020980835,0.6470510959625244,8.060190200805664
2151,0,-6.53000020980835,0.7393655180931091,8.242107391357422
2152,0,-6.53000020980835,0.681892991065979,8.091511726379395
2153,1,3.2799999713897705,0.5376914739608765,5.01059627532959
2154,1,3.2799999713897705,0.5228485465049744,5.1438140869140625
2155,1,3.2799999713897705,0.5260928273200989,5.1401448249816895
2156,0,-3.2799999713897705,0.39432308077812195,4.817078590393066
2157,0,-3.2799999713897705,0.3226913809776306,4.612163543701172
2158,0,-3.2799999713897705,0.22062210738658905,4.195803642272949
2159,0,-3.2799999713897705,0.23064418137073517,4.190577507019043
2160,0,-3.2799999713897705,0.20176121592521667,4.2551374435424805
2161,0,-3.2799999713897705,0.21154287457466125,3.7355079650878906
2162,0,-3.2799999713897705,0.3198438584804535,4.027692794799805
2163,0,-3.2799999713897705,0.31654617190361023,3.9266834259033203
2164,0,-3.2799999713897705,0.31861019134521484,3.7196316719055176
2165,0,-3.2799999713897705,0.24449147284030914,3.852160692214966
2166,0,-3.2799999713897705,0.21594403684139252,3.551664113998413
2167,0,-3.2799999713897705,0.2657807171344757,3.6941335201263428
2168,0,-3.2799999713897705,0.23627415299415588,3.566340684890747
2169,0,-3.2799999713897705,0.2533266544342041,3.780768871307373
2170,1,3.2799999713897705,0.23829330503940582,3.858395576477051
2171,0,-3.2799999713897705,0.2665407061576843,3.5134665966033936
2172,0,-3.2799999713897705,0.22690315544605255,3.445969820022583
2173,0,-3.2799999713897705,0.2971760928630829,4.120604515075684
2174,1,8.149999618530273,0.6810985803604126,7.789107322692871
2175,1,8.149999618530273,0.7105642557144165,7.752407073974609
2176,1,8.149999618530273,0.5953140258789062,7.2462592124938965
2177,0,-8.149999618530273,0.4678018093109131,6.86036491394043
2178,0,-8.149999618530273,0.3066021800041199,6.214737892150879
2179,0,-8.149999618530273,0.33438387513160706,5.732588768005371
2180,0,-8.149999618530273,0.38055846095085144,5.657572269439697
2181,0,-8.149999618530273,0.25676003098487854,6.084040641784668
2182,0,-8.149999618530273,0.2717449367046356,6.115623474121094
2183,0,-8.149999618530273,0.2579990327358246,4.9825849533081055
2184,0,-8.149999618530273,0.6132660508155823,6.006562232971191
2185,0,-8.149999618530273,0.4760465919971466,6.376857280731201
2186,0,-8.149999618530273,0.36563315987586975,6.465911865234375
2187,0,-8.149999618530273,0.2600652873516083,4.881669044494629
2188,0,-8.149999618530273,0.1878415197134018,4.756638050079346
2189,0,-8.149999618530273,0.23233692348003387,5.122652530670166
2190,0,-8.149999618530273,0.3864347040653229,6.076066017150879
2191,0,-8.149999618530273,0.35409975051879883,5.117626667022705
2192,0,-8.149999618530273,0.17771203815937042,4.69630241394043
2193,1,6.829999923706055,0.7530672550201416,7.9948248863220215
2194,1,6.829999923706055,0.7512590289115906,8.004228591918945
2195,1,6.829999923706055,0.35461732745170593,8.065290451049805
2196,0,-6.829999923706055,0.7113723158836365,7.6188645362854
2197,0,-6.829999923706055,0.09977704286575317,7.971014976501465
2198,0,-6.829999923706055,0.2876698672771454,8.117712020874023
2199,0,-6.829999923706055,0.3032121956348419,7.762869358062744
2200,0,-6.829999923706055,0.3714998960494995,8.20724105834961
2201,0,-6.829999923706055,0.7018055319786072,7.779382228851318
2202,0,-6.829999923706055,0.13511350750923157,6.391718864440918
2203,0,-6.829999923706055,0.32985326647758484,6.833028316497803
2204,0,-6.829999923706055,0.17540845274925232,7.933365821838379
2205,0,-6.829999923706055,0.15171295404434204,6.498075485229492
2206,1,3.1600000858306885,0.7985476851463318,8.02861499786377
2207,1,3.1600000858306885,0.7978644371032715,8.018974304199219
2208,0,-3.1600000858306885,0.6812728643417358,7.554775714874268
2209,0,-3.1600000858306885,0.7574926018714905,7.899032115936279
2210,0,-3.1600000858306885,0.6616663932800293,7.089634418487549
2211,1,3.1600000858306885,0.7387719750404358,7.6496806144714355
2212,0,-3.1600000858306885,0.6211265921592712,7.097811698913574
2213,0,-3.1600000858306885,0.7783488631248474,7.840565204620361
2214,0,-3.1600000858306885,0.5726910829544067,6.880470275878906
2215,0,-3.1600000858306885,0.6893527507781982,7.224393367767334
2216,1,2.7699999809265137,0.7231621146202087,4.979043006896973
2217,1,2.7699999809265137,0.7100867033004761,4.702198028564453
2218,0,-2.7699999809265137,0.5501256585121155,4.5012688636779785
2219,0,-2.7699999809265137,0.6069280505180359,4.203080654144287
2220,0,-2.7699999809265137,0.4602031707763672,3.974423885345459
2221,0,-2.7699999809265137,0.47522595524787903,4.0445451736450195
2222,0,-2.7699999809265137,0.44042351841926575,4.042957782745361
2223,0,-2.7699999809265137,0.45658162236213684,4.214911460876465
2224,0,-2.7699999809265137,0.3551025390625,4.173492908477783
2225,0,-2.7699999809265137,0.33710983395576477,4.024449348449707
2226,0,-2.7699999809265137,0.4527696371078491,4.2752275466918945
2227,0,-2.7699999809265137,0.3974604606628418,4.179449081420898
2228,0,-2.7699999809265137,0.44509923458099365,3.972256898880005
2229,0,-2.7699999809265137,0.2955981194972992,4.061056137084961
2230,0,-2.7699999809265137,0.2378125935792923,4.128546714782715
2231,0,-2.7699999809265137,0.4149709641933441,3.643786668777466
2232,0,-2.7699999809265137,0.2848087549209595,4.212831497192383
2233,0,-2.7699999809265137,0.32586896419525146,4.20242977142334
2234,0,-2.7699999809265137,0.29830822348594666,4.284704208374023
2235,0,-2.7699999809265137,0.25300154089927673,4.012019157409668
2236,0,-2.7699999809265137,0.3499543368816376,4.455532073974609
2237,1,9.699999809265137,0.6896642446517944,8.235003471374512
2238,1,9.699999809265137,0.6183669567108154,8.299267768859863
2239,0,-9.699999809265137,0.36506757140159607,7.54538631439209
2240,0,-9.699999809265137,0.0873730406165123,7.814050674438477
2241,0,-9.699999809265137,0.07720586657524109,7.826960563659668
2242,0,-9.699999809265137,0.1881469488143921,7.707980632781982
2243,0,-9.699999809265137,0.06486624479293823,7.623270511627197
2244,0,-9.699999809265137,0.1048465296626091,7.596926212310791
2245,0,-9.699999809265137,0.13859620690345764,7.410633087158203
2246,0,-9.699999809265137,0.17251355946063995,8.039000511169434
2247,0,-9.699999809265137,0.11481714993715286,7.334406852722168
2248,0,-9.699999809265137,0.09752979129552841,7.778035640716553
2249,0,-9.699999809265137,0.18293637037277222,7.461077690124512
2250,1,4.03000020980835,0.39773857593536377,5.510782241821289
2251,0,-4.03000020980835,0.4297151267528534,5.5168304443359375
2252,0,-4.03000020980835,0.27020955085754395,5.040745735168457
2253,0,-4.03000020980835,0.3678380846977234,6.352801322937012
2254,0,-4.03000020980835,0.2800404727458954,5.214637756347656
2255,0,-4.03000020980835,0.4148001968860626,5.676849842071533
2256,0,-4.03000020980835,0.45598310232162476,5.296555042266846
2257,0,-4.03000020980835,0.3950767517089844,6.102839946746826
2258,0,-4.03000020980835,0.31822118163108826,5.8850321769714355
2259,0,-4.03000020980835,0.31252095103263855,5.228750228881836
2260,0,-4.03000020980835,0.31228604912757874,5.493508815765381
2261,0,-4.03000020980835,0.3939923942089081,5.215571403503418
2262,0,-4.03000020980835,0.36375775933265686,6.06382417678833
2263,0,-4.03000020980835,0.32373109459877014,5.159865856170654
2264,0,-4.03000020980835,0.34484317898750305,5.3313446044921875
2265,0,-4.03000020980835,0.311729371547699,5.463686943054199
2266,0,-4.03000020980835,0.34331291913986206,5.5397186279296875
2267,0,-4.03000020980835,0.3234158456325531,5.761923789978027
2268,0,-4.03000020980835,0.3640684485435486,6.17197322845459
2269,0,-4.03000020980835,0.3210381865501404,5.926520824432373
2270,0,-4.03000020980835,0.2896518409252167,5.166680335998535
2271,1,9.100000381469727,0.5857070088386536,9.021449089050293
2272,1,9.100000381469727,0.5397868156433105,8.986342430114746
2273,1,9.100000381469727,0.40295764803886414,8.660888671875
2274,0,-9.100000381469727,0.09029685705900192,7.400323390960693
2275,0,-9.100000381469727,0.08828767389059067,7.851358413696289
2276,0,-9.100000381469727,0.0707944929599762,7.45237922668457
2277,0,-9.100000381469727,0.08973994106054306,7.385851860046387
2278,0,-9.100000381469727,0.08236456662416458,6.7994065284729
2279,0,-9.100000381469727,0.08743604272603989,7.532266616821289
2280,0,-9.100000381469727,0.07168206572532654,6.845771789550781
2281,0,-9.100000381469727,0.1275404989719391,7.850383758544922
2282,1,5.820000171661377,0.7606412172317505,4.984958648681641
2283,0,-5.820000171661377,0.547330379486084,4.36068058013916
2284,0,-5.820000171661377,0.5423130393028259,4.358730316162109
2285,1,5.820000171661377,0.7370930314064026,4.962914943695068
2286,0,-5.820000171661377,0.7131284475326538,4.579765319824219
2287,0,-5.820000171661377,0.7186176776885986,4.56979513168335
2288,1,5.820000171661377,0.738476037979126,4.956260681152344
2289,0,-5.820000171661377,0.4809054434299469,4.352409362792969
2290,0,-5.820000171661377,0.5011063814163208,4.445418834686279
2291,0,-5.820000171661377,0.6388871073722839,5.130934238433838
2292,0,-5.820000171661377,0.611534595489502,4.609489440917969
2293,0,-5.820000171661377,0.4913386404514313,4.276476860046387
2294,0,-5.820000171661377,0.374163955450058,4.3152971267700195
2295,0,-5.820000171661377,0.413345605134964,4.206377983093262
2296,0,-5.820000171661377,0.4777638912200928,4.205068111419678
2297,0,-5.820000171661377,0.2911708354949951,4.259880065917969
2298,0,-5.820000171661377,0.6020128726959229,4.388457775115967
2299,0,-5.820000171661377,0.5875601172447205,4.363036155700684
2300,0,-5.820000171661377,0.491752028465271,4.398133277893066
2301,0,-5.820000171661377,0.48938652873039246,4.4745588302612305
2302,0,-5.820000171661377,0.488450825214386,4.474930286407471
2303,0,-7.599999904632568,0.6512861251831055,6.709229946136475
2304,0,-7.599999904632568,0.5007465481758118,6.52194881439209
2305,0,-7.599999904632568,0.7086367607116699,6.692234516143799
2306,0,-7.599999904632568,0.4480220675468445,6.45095157623291
2307,0,-7.599999904632568,0.5943300127983093,6.536627769470215
2308,0,-7.599999904632568,0.6201640963554382,6.57831335067749
2309,1,7.599999904632568,0.6684529185295105,6.694312572479248
2310,0,-7.599999904632568,0.4178587794303894,6.486820220947266
2311,0,-7.599999904632568,0.40443164110183716,6.660513877868652
2312,0,-7.599999904632568,0.3197198212146759,6.440863609313965
2313,0,-7.599999904632568,0.40447282791137695,6.627151966094971
2314,0,-7.599999904632568,0.6100841164588928,6.621466636657715
2315,0,-7.599999904632568,0.35011816024780273,6.433023452758789
2316,1,7.599999904632568,0.6085294485092163,6.624955654144287
2317,0,-7.599999904632568,0.6655547618865967,6.533945560455322
2318,0,-7.599999904632568,0.3688648045063019,6.740703105926514
2319,0,-7.599999904632568,0.2609013319015503,6.348356246948242
2320,0,-7.599999904632568,0.39287975430488586,6.667851448059082
2321,0,-7.599999904632568,0.28003668785095215,6.550917625427246
2322,0,-7.599999904632568,0.3547631502151489,6.554753303527832
2323,0,-7.599999904632568,0.2746255397796631,6.3511271476745605
2324,1,4.690000057220459,0.82485032081604,8.165092468261719
2325,1,4.690000057220459,0.818702220916748,8.16679573059082
2326,1,4.690000057220459,0.8197742104530334,8.194361686706543
2327,1,4.690000057220459,0.7977596521377563,8.019804954528809
2328,1,4.690000057220459,0.7975872159004211,8.026979446411133
2329,1,4.690000057220459,0.8029999732971191,8.033313751220703
2330,1,4.690000057220459,0.8174899220466614,8.060064315795898
2331,0,-4.690000057220459,0.7017556428909302,7.211528778076172
2332,1,4.690000057220459,0.7470637559890747,7.570026874542236
2333,0,-4.690000057220459,0.6873418688774109,7.214390277862549
2334,0,-4.690000057220459,0.7882128953933716,7.626781463623047
2335,1,2.8499999046325684,0.7669512033462524,5.778801918029785
2336,1,2.8499999046325684,0.7650498151779175,5.74470853805542
2337,0,-2.8499999046325684,0.45581790804862976,4.075300693511963
2338,0,-2.8499999046325684,0.5971420407295227,4.687615394592285
2339,0,-2.8499999046325684,0.4240416884422302,3.8994686603546143
2340,0,-2.8499999046325684,0.2816443145275116,3.8321692943573
2341,0,-2.8499999046325684,0.4992827773094177,4.2238287925720215
2342,0,-2.8499999046325684,0.3371783196926117,4.570202350616455
2343,0,-2.8499999046325684,0.3689025044441223,4.496450424194336
2344,0,-2.8499999046325684,0.44969090819358826,3.9879415035247803
2345,0,-2.8499999046325684,0.32769331336021423,4.2901177406311035
2346,0,-2.8499999046325684,0.23959939181804657,3.437175989151001
2347,0,-2.8499999046325684,0.5024032592773438,4.303403854370117
2348,0,-2.8499999046325684,0.3630135953426361,4.544130325317383
2349,0,-2.8499999046325684,0.3414789140224457,3.4982988834381104
2350,0,-2.8499999046325684,0.2583254277706146,3.756856679916382
2351,0,-2.8499999046325684,0.3560715615749359,3.6861674785614014
2352,0,-2.8499999046325684,0.24861884117126465,3.4355764389038086
2353,0,-2.8499999046325684,0.32801559567451477,3.569870948791504
2354,0,-2.8499999046325684,0.23869507014751434,3.5450639724731445
2355,0,-2.8499999046325684,0.4190846085548401,3.7891924381256104
2356,1,2.299999952316284,0.5319605469703674,5.747282981872559
2357,0,-2.299999952316284,0.5583856105804443,4.412720203399658
2358,0,-2.299999952316284,0.5582107305526733,4.409539222717285
2359,0,-2.299999952316284,0.558928906917572,4.629398345947266
2360,1,2.299999952316284,0.7000903487205505,6.154638290405273
2361,0,-2.299999952316284,0.6262845396995544,5.305807113647461
2362,1,2.299999952316284,0.5615316033363342,5.531724452972412
2363,1,2.299999952316284,0.5701890587806702,5.775038242340088
2364,0,-2.299999952316284,0.5023249387741089,4.825729846954346
2365,1,2.299999952316284,0.5403972864151001,5.951688289642334
2366,0,-2.299999952316284,0.47306978702545166,4.078665733337402
2367,0,-2.299999952316284,0.44389885663986206,4.255239486694336
2368,0,-2.299999952316284,0.47941261529922485,4.208913803100586
2369,0,-2.299999952316284,0.49882587790489197,4.386731147766113
2370,0,-2.299999952316284,0.4334079325199127,4.194404602050781
2371,0,-2.299999952316284,0.4660291075706482,3.8117051124572754
2372,0,-2.299999952316284,0.5210419297218323,3.824293375015259
2373,1,2.299999952316284,0.37541380524635315,5.071346282958984
2374,0,-2.299999952316284,0.4583406150341034,5.296334743499756
2375,0,-2.299999952316284,0.47497209906578064,4.585446357727051
2376,0,-2.299999952316284,0.3519771695137024,4.557028770446777
2377,1,9.520000457763672,0.6093667149543762,8.375289916992188
2378,1,9.520000457763672,0.678731381893158,8.482831001281738
2379,0,-9.520000457763672,0.18146051466464996,7.755212783813477
2380,0,-9.520000457763672,0.18632440268993378,8.103858947753906
2381,0,-9.520000457763672,0.44973376393318176,8.484320640563965
2382,0,-9.520000457763672,0.15039485692977905,7.629485130310059
2383,0,-9.520000457763672,0.4395442306995392,7.547338962554932
2384,0,-9.520000457763672,0.3853602409362793,7.676494598388672
2385,0,-9.520000457763672,0.15768945217132568,7.991636753082275
2386,0,-9.520000457763672,0.19272631406784058,7.988163948059082
2387,0,-9.520000457763672,0.33788642287254333,7.4413557052612305
2388,0,-9.520000457763672,0.1110016480088234,6.678193092346191
2389,0,-9.520000457763672,0.1402154415845871,6.593084812164307
2390,0,-9.520000457763672,0.102255679666996,7.357122421264648
2391,0,-9.520000457763672,0.26907607913017273,7.073518753051758
2392,0,-9.520000457763672,0.11105655133724213,7.483874320983887
2393,0,-9.520000457763672,0.15243303775787354,7.887747764587402
2394,1,10.0,0.6837752461433411,8.665007591247559
2395,1,10.0,0.6917889714241028,8.689248085021973
2396,1,10.0,0.7492143511772156,8.670187950134277
2397,0,-10.0,0.21722303330898285,8.209465980529785
2398,0,-10.0,0.16431578993797302,8.028340339660645
2399,0,-10.0,0.4306742250919342,8.481693267822266
2400,0,-10.0,0.2122635692358017,8.314658164978027
2401,0,-10.0,0.4146931767463684,7.6631927490234375
2402,0,-10.0,0.15150165557861328,7.979126930236816
2403,0,-10.0,0.13885408639907837,7.608372211456299
2404,0,-10.0,0.4626067876815796,7.7794904708862305
2405,0,-10.0,0.1899266391992569,7.84487247467041
2406,0,-10.0,0.24407054483890533,6.971796035766602
2407,0,-10.0,0.15877963602542877,8.061727523803711
2408,0,-10.0,0.27828702330589294,6.996440410614014
2409,0,-10.0,0.17340828478336334,6.704240322113037
2410,1,5.059999942779541,0.21876759827136993,8.172124862670898
2411,1,5.059999942779541,0.22817252576351166,8.278003692626953
2412,0,-5.059999942779541,0.17572911083698273,7.631682872772217
2413,0,-5.059999942779541,0.18133392930030823,7.825257301330566
2414,0,-5.059999942779541,0.1742018759250641,8.132942199707031
2415,0,-5.059999942779541,0.1680418848991394,7.7400946617126465
2416,0,-5.059999942779541,0.14812509715557098,7.838447093963623
2417,0,-5.059999942779541,0.17910990118980408,7.542822360992432
2418,0,-5.059999942779541,0.105370432138443,7.724295616149902
2419,0,-5.059999942779541,0.2104613482952118,7.664098739624023
2420,0,-5.059999942779541,0.13099783658981323,7.226262092590332
2421,0,-5.059999942779541,0.22029705345630646,6.8638458251953125
2422,0,-5.059999942779541,0.1614658385515213,6.611653804779053
2423,0,-5.059999942779541,0.1119554415345192,7.452000141143799
2424,0,-5.059999942779541,0.14161525666713715,6.857128620147705
2425,0,-5.059999942779541,0.2082400918006897,6.737072944641113
2426,0,-5.059999942779541,0.11833520233631134,7.275766849517822
2427,0,-5.059999942779541,0.19047501683235168,6.864551544189453
2428,0,-5.059999942779541,0.12915128469467163,7.578830718994141
2429,0,-5.059999942779541,0.1617962270975113,7.0698957443237305
2430,1,6.170000076293945,0.5094142556190491,6.2151923179626465
2431,1,6.170000076293945,0.5224140286445618,6.252883434295654
2432,0,-6.170000076293945,0.4165491759777069,5.848683834075928
2433,0,-6.170000076293945,0.22749453783035278,6.265631675720215
2434,0,-6.170000076293945,0.4371083974838257,6.327179431915283
2435,0,-6.170000076293945,0.219743549823761,6.562798023223877
2436,0,-6.170000076293945,0.3095303177833557,6.540679931640625
2437,0,-6.170000076293945,0.24524085223674774,6.472931861877441
2438,0,-6.170000076293945,0.2503249943256378,6.393840789794922
2439,0,-6.170000076293945,0.23941472172737122,6.508760452270508
2440,0,-6.170000076293945,0.37526658177375793,6.566936016082764
2441,0,-6.170000076293945,0.2131797820329666,6.902788162231445
2442,0,-6.170000076293945,0.19845907390117645,6.698385238647461
2443,0,-6.170000076293945,0.23849725723266602,6.700381755828857
2444,0,-6.170000076293945,0.20467570424079895,6.172473907470703
2445,0,-6.170000076293945,0.22533702850341797,6.651266098022461
2446,0,-6.170000076293945,0.22444282472133636,6.28481912612915
2447,0,-6.170000076293945,0.20445935428142548,6.374621868133545
2448,1,5.159999847412109,0.6612939834594727,6.365890979766846
2449,1,5.159999847412109,0.6670325398445129,6.372861385345459
2450,1,5.159999847412109,0.3564939796924591,6.40831184387207
2451,0,-5.159999847412109,0.16716358065605164,6.133031368255615
2452,0,-5.159999847412109,0.25380954146385193,6.638971328735352
2453,0,-5.159999847412109,0.27492374181747437,6.53981876373291
2454,0,-5.159999847412109,0.45805761218070984,6.90958833694458
2455,0,-5.159999847412109,0.32793980836868286,7.177608013153076
2456,0,-5.159999847412109,0.1792028695344925,5.808603286743164
2457,0,-5.159999847412109,0.40626996755599976,6.650720596313477
2458,0,-5.159999847412109,0.42344820499420166,6.660841464996338
2459,0,-5.159999847412109,0.35006460547447205,7.15381383895874
2460,0,-5.159999847412109,0.25078216195106506,7.408990383148193
2461,0,-5.159999847412109,0.25957024097442627,6.292413711547852
2462,0,-5.159999847412109,0.2064501792192459,6.406774044036865
2463,0,-5.159999847412109,0.23422081768512726,6.651648044586182
2464,0,-5.159999847412109,0.2557561993598938,6.4847540855407715
2465,0,-5.159999847412109,0.2843426465988159,6.529200553894043
2466,0,-5.159999847412109,0.31027835607528687,6.909895420074463
2467,0,-5.159999847412109,0.19609467685222626,5.666976451873779
2468,1,6.0,0.3211510479450226,4.128507137298584
2469,0,-6.0,0.3064258098602295,4.462106704711914
2470,0,-6.0,0.23230887949466705,4.461558818817139
2471,0,-6.0,0.2268538624048233,4.299670219421387
2472,0,-6.0,0.3012984097003937,4.317614555358887
2473,0,-6.0,0.29009318351745605,4.488214492797852
2474,0,-6.0,0.27717316150665283,4.562657833099365
2475,0,-6.0,0.256289005279541,4.350798606872559
2476,0,-6.0,0.33187082409858704,4.250547409057617
2477,0,-6.0,0.32594946026802063,4.409631729125977
2478,0,-6.0,0.20944921672344208,4.080153465270996
2479,0,-6.0,0.2340794950723648,4.1555070877075195
2480,0,-6.0,0.2591671645641327,4.257312774658203
2481,0,-6.0,0.3097725510597229,4.319947719573975
2482,0,-6.0,0.36785516142845154,4.402070045471191
2483,0,-6.0,0.22543233633041382,4.449588298797607
2484,0,-6.0,0.2654111087322235,4.108192443847656
2485,0,-6.0,0.3371164798736572,4.507501125335693
2486,0,-6.0,0.3843270242214203,4.538932800292969
2487,0,-6.0,0.16828815639019012,4.0027947425842285
2488,1,6.0,0.2481720894575119,4.093542098999023
2489,0,-7.150000095367432,0.3177957236766815,7.944622993469238
2490,0,-7.150000095367432,0.2628111243247986,7.63665771484375
2491,0,-7.150000095367432,0.31322333216667175,7.486406326293945
2492,0,-7.150000095367432,0.3013764023780823,7.4102020263671875
2493,0,-7.150000095367432,0.2664174437522888,7.691702842712402
2494,0,-7.150000095367432,0.2664812207221985,7.387691974639893
2495,0,-7.150000095367432,0.29991671442985535,7.8014020919799805
2496,0,-7.150000095367432,0.26798170804977417,7.445284843444824
2497,0,-7.150000095367432,0.21145154535770416,7.630444049835205
2498,0,-7.150000095367432,0.2432091236114502,7.54416561126709
2499,0,-7.150000095367432,0.238242045044899,7.751148223876953
2500,0,-7.150000095367432,0.2968060374259949,7.356102466583252
2501,0,-7.150000095367432,0.25055795907974243,7.956921577453613
2502,0,-7.150000095367432,0.2172277569770813,7.4980950355529785
2503,0,-7.150000095367432,0.2353944629430771,7.762083053588867
2504,0,-7.150000095367432,0.2380456030368805,7.861605167388916
2505,0,-7.150000095367432,0.279718816280365,8.048796653747559
2506,0,-7.150000095367432,0.23619088530540466,7.935122489929199
2507,0,-7.150000095367432,0.30942627787590027,7.4929022789001465
2508,0,-7.150000095367432,0.2594831585884094,7.858116626739502
2509,0,-7.150000095367432,0.2158602774143219,7.3717145919799805
2510,0,-6.400000095367432,0.294313907623291,6.865015029907227
2511,0,-6.400000095367432,0.41763851046562195,7.729368209838867
2512,0,-6.400000095367432,0.26949191093444824,6.51425313949585
2513,0,-6.400000095367432,0.46621233224868774,8.087522506713867
2514,0,-6.400000095367432,0.2795550227165222,6.762343883514404
2515,0,-6.400000095367432,0.34555935859680176,7.564526557922363
2516,0,-6.400000095367432,0.26607221364974976,6.503047943115234
2517,1,6.400000095367432,0.2761688530445099,6.830133438110352
2518,1,6.400000095367432,0.37297558784484863,7.114386558532715
2519,0,-6.400000095367432,0.24081449210643768,6.205455303192139
2520,0,-6.400000095367432,0.23614242672920227,6.1175994873046875
2521,0,-6.400000095367432,0.30084455013275146,6.96157169342041
2522,0,-6.400000095367432,0.21772317588329315,6.016036033630371
2523,0,-5.639999866485596,0.1847090870141983,4.4966559410095215
2524,0,-5.639999866485596,0.3132646679878235,4.788887023925781
2525,0,-5.639999866485596,0.4013594388961792,5.395753383636475
2526,0,-5.639999866485596,0.3505735397338867,5.098346710205078
2527,0,-5.639999866485596,0.2778874337673187,4.791348457336426
2528,0,-5.639999866485596,0.2862580418586731,4.779139041900635
2529,0,-5.639999866485596,0.3482097089290619,4.976133346557617
2530,0,-5.639999866485596,0.2336401492357254,4.501708984375
2531,0,-5.639999866485596,0.25075146555900574,4.627077102661133
2532,1,5.639999866485596,0.36418744921684265,5.005793571472168
2533,0,-5.639999866485596,0.3490779399871826,5.496517658233643
2534,0,-5.639999866485596,0.3913937509059906,5.056421756744385
2535,0,-5.639999866485596,0.2910851538181305,5.228850364685059
2536,1,5.639999866485596,0.3169618844985962,4.728944301605225
2537,0,-5.639999866485596,0.2753964960575104,4.726389408111572
2538,0,-5.639999866485596,0.33323439955711365,5.3943867683410645
2539,0,-5.639999866485596,0.23537467420101166,4.528878211975098
2540,0,-5.639999866485596,0.3718087077140808,5.435638904571533
2541,0,-5.639999866485596,0.22806128859519958,4.59355354309082
2542,0,-5.639999866485596,0.24169988930225372,4.632400989532471
2543,1,3.2200000286102295,0.5276523232460022,4.625167369842529
2544,0,-3.2200000286102295,0.440660685300827,5.23189640045166
2545,0,-3.2200000286102295,0.5043641924858093,4.812774658203125
2546,1,3.2200000286102295,0.5632925033569336,4.744381904602051
2547,0,-3.2200000286102295,0.40529322624206543,5.050812721252441
2548,0,-3.2200000286102295,0.5106797218322754,5.289920330047607
2549,0,-3.2200000286102295,0.3661265969276428,4.6613359451293945
2550,0,-3.2200000286102295,0.34175583720207214,4.710262298583984
2551,0,-3.2200000286102295,0.46493807435035706,4.8174567222595215
2552,0,-3.2200000286102295,0.2767053544521332,4.685554027557373
2553,0,-3.2200000286102295,0.33360809087753296,5.088509559631348
2554,0,-3.2200000286102295,0.22951927781105042,4.655087471008301
2555,0,-3.2200000286102295,0.23990580439567566,4.771595001220703
2556,0,-3.2200000286102295,0.49163636565208435,4.561905860900879
2557,0,-3.2200000286102295,0.34491926431655884,5.041145324707031
2558,0,-3.2200000286102295,0.3543822765350342,5.116489887237549
2559,0,-3.2200000286102295,0.2765073776245117,4.574013710021973
2560,0,-3.2200000286102295,0.3324429988861084,4.760947227478027
2561,0,-3.2200000286102295,0.2633238434791565,4.4094672203063965
2562,0,-3.2200000286102295,0.32703298330307007,4.278103828430176
2563,0,-3.2200000286102295,0.31321489810943604,4.484768390655518
2564,1,11.329999923706055,0.537362813949585,8.773011207580566
2565,1,11.329999923706055,0.5364626049995422,8.760804176330566
2566,0,-11.329999923706055,0.3883441686630249,8.735553741455078
2567,0,-11.329999923706055,0.41860485076904297,8.778485298156738
2568,0,-11.329999923706055,0.30693063139915466,7.951672554016113
2569,0,-11.329999923706055,0.33236801624298096,7.949218273162842
2570,1,3.6700000762939453,0.4830363988876343,4.731741428375244
2571,0,-3.6700000762939453,0.39846116304397583,5.429287910461426
2572,1,3.6700000762939453,0.5704507827758789,4.440102577209473
2573,0,-3.6700000762939453,0.45350319147109985,5.169524192810059
2574,0,-3.6700000762939453,0.2112918198108673,5.568747043609619
2575,0,-3.6700000762939453,0.31137967109680176,5.1298627853393555
2576,0,-3.6700000762939453,0.2529265880584717,4.976809024810791
2577,0,-3.6700000762939453,0.3317781686782837,5.106164455413818
2578,0,-3.6700000762939453,0.33406493067741394,4.860603332519531
2579,0,-3.6700000762939453,0.2879471182823181,4.819484233856201
2580,0,-3.6700000762939453,0.2251981794834137,4.98310661315918
2581,0,-3.6700000762939453,0.3890324831008911,4.993528366088867
2582,0,-3.6700000762939453,0.2588721215724945,4.524245738983154
2583,0,-3.6700000762939453,0.25474974513053894,4.842386245727539
2584,0,-3.6700000762939453,0.3390488922595978,4.344318389892578
2585,0,-3.6700000762939453,0.290293425321579,3.879185676574707
2586,0,-3.6700000762939453,0.25954899191856384,5.892884254455566
2587,0,-3.6700000762939453,0.24354740977287292,4.569056034088135
2588,0,-3.6700000762939453,0.2616071105003357,5.789581298828125
2589,0,-3.6700000762939453,0.42963549494743347,4.740165710449219
2590,0,-3.6700000762939453,0.22744400799274445,4.550905704498291
2591,1,7.800000190734863,0.7473140358924866,8.967845916748047
2592,1,7.800000190734863,0.8074430823326111,8.970257759094238
2593,1,7.800000190734863,0.8074191212654114,8.96965217590332
2594,0,-7.800000190734863,0.7590019702911377,9.132333755493164
2595,0,-7.800000190734863,0.15680134296417236,8.300077438354492
2596,0,-7.800000190734863,0.3914642035961151,8.876728057861328
2597,0,-7.800000190734863,0.4783216416835785,8.72828197479248
2598,0,-7.800000190734863,0.15263468027114868,8.150221824645996
2599,0,-7.800000190734863,0.4363645017147064,8.786397933959961
2600,0,-7.800000190734863,0.7022047638893127,8.68458366394043
2601,0,-7.800000190734863,0.24392375349998474,8.645736694335938
2602,0,-7.800000190734863,0.32544898986816406,9.016143798828125
2603,0,-7.800000190734863,0.2570304870605469,8.933221817016602
2604,1,7.800000190734863,0.31023114919662476,8.924297332763672
2605,0,-7.800000190734863,0.18453921377658844,8.926794052124023
2606,0,-7.800000190734863,0.17717775702476501,8.276467323303223
2607,0,-7.800000190734863,0.1576133370399475,8.040922164916992
2608,0,-7.800000190734863,0.2431371808052063,8.73947525024414
2609,0,-7.800000190734863,0.26824167370796204,8.720344543457031
2610,0,-7.800000190734863,0.306963711977005,8.719430923461914
2611,0,-7.800000190734863,0.13275469839572906,7.5786261558532715
2612,1,7.849999904632568,0.7243531346321106,8.14798641204834
2613,1,7.849999904632568,0.7226705551147461,8.145976066589355
2614,0,-7.849999904632568,0.17851418256759644,7.034491539001465
2615,0,-7.849999904632568,0.1550855040550232,6.963354587554932
2616,0,-7.849999904632568,0.24722795188426971,7.675208568572998
2617,0,-7.849999904632568,0.22231681644916534,7.526645660400391
2618,0,-7.849999904632568,0.12588809430599213,6.760204792022705
2619,0,-7.849999904632568,0.14500397443771362,6.6437764167785645
2620,0,-7.849999904632568,0.1861526519060135,6.866457462310791
2621,0,-7.849999904632568,0.14034777879714966,6.71553373336792
2622,0,-7.849999904632568,0.2172764539718628,7.169495105743408
2623,0,-7.849999904632568,0.26166531443595886,6.5350341796875
2624,0,-7.849999904632568,0.24203945696353912,6.3879475593566895
2625,0,-7.849999904632568,0.22531110048294067,6.788809776306152
2626,0,-7.849999904632568,0.15691779553890228,6.70380973815918
2627,0,-7.849999904632568,0.18093298375606537,6.252409934997559
2628,0,-7.849999904632568,0.14096157252788544,6.414829730987549
2629,0,-7.849999904632568,0.12080715596675873,6.312141418457031
2630,0,-7.849999904632568,0.12780632078647614,6.8134260177612305
2631,0,-7.849999904632568,0.11818757653236389,5.7726030349731445
2632,1,8.430000305175781,0.7410992980003357,9.164963722229004
2633,1,8.430000305175781,0.7285494804382324,9.107784271240234
2634,1,8.430000305175781,0.6395538449287415,9.193792343139648
2635,0,-8.430000305175781,0.6824250221252441,9.257377624511719
2636,0,-8.430000305175781,0.23850353062152863,9.138578414916992
2637,0,-8.430000305175781,0.2194575071334839,8.988616943359375
2638,0,-8.430000305175781,0.15375889837741852,9.200511932373047
2639,0,-8.430000305175781,0.15754079818725586,9.173237800598145
2640,0,-8.430000305175781,0.1371719390153885,9.025965690612793
2641,0,-8.430000305175781,0.230794295668602,8.374214172363281
2642,1,7.590000152587891,0.7746315598487854,7.540864944458008
2643,1,7.590000152587891,0.7269749045372009,7.53034782409668
2644,0,-7.590000152587891,0.494247704744339,5.293374538421631
2645,0,-7.590000152587891,0.35679852962493896,4.592718124389648
2646,0,-7.590000152587891,0.3774435520172119,4.713931560516357
2647,0,-7.590000152587891,0.2930455505847931,5.080822467803955
2648,0,-7.590000152587891,0.27838069200515747,4.197710037231445
2649,1,9.399999618530273,0.7716992497444153,7.958843231201172
2650,1,9.399999618530273,0.7720425724983215,7.9326276779174805
2651,0,-9.399999618530273,0.35779353976249695,6.290988922119141
2652,0,-9.399999618530273,0.41116365790367126,6.372751235961914
2653,0,-9.399999618530273,0.46985623240470886,5.8806047439575195
2654,0,-9.399999618530273,0.7289167642593384,7.246596813201904
2655,0,-9.399999618530273,0.624057948589325,6.846981048583984
2656,0,-9.399999618530273,0.37750616669654846,6.053791522979736
2657,0,-9.399999618530273,0.34013447165489197,6.140814781188965
2658,0,-9.399999618530273,0.17529425024986267,5.947339057922363
2659,1,6.800000190734863,0.7386733889579773,7.374210357666016
2660,1,6.800000190734863,0.7337840795516968,7.402990818023682
2661,0,-6.800000190734863,0.4544036090373993,7.801253795623779
2662,0,-6.800000190734863,0.30396363139152527,7.689447402954102
2663,0,-6.800000190734863,0.337785929441452,7.645322322845459
2664,0,-6.800000190734863,0.3837466239929199,7.86997127532959
2665,0,-6.800000190734863,0.43014222383499146,7.791913986206055
2666,0,-6.800000190734863,0.3584882915019989,7.615270137786865
2667,0,-6.800000190734863,0.5238322615623474,7.720912933349609
2668,0,-6.800000190734863,0.3277702033519745,7.410539150238037
2669,0,-6.800000190734863,0.34260162711143494,7.585431098937988
2670,0,-6.800000190734863,0.4157809913158417,7.852766990661621
2671,1,4.889999866485596,0.780670702457428,7.5644965171813965
2672,1,4.889999866485596,0.7420653700828552,7.562558650970459
2673,0,-4.889999866485596,0.5196394920349121,7.798274517059326
2674,0,-4.889999866485596,0.5134455561637878,7.8781633377075195
2675,0,-4.889999866485596,0.7516016364097595,7.55881929397583
2676,1,4.889999866485596,0.49780941009521484,7.830629348754883
2677,0,-4.889999866485596,0.5499621629714966,7.648697853088379
2678,0,-4.889999866485596,0.34092962741851807,7.804750442504883
2679,0,-4.889999866485596,0.5359179973602295,7.788083553314209
2680,0,-4.889999866485596,0.49560612440109253,7.768665313720703
2681,0,-4.889999866485596,0.39337897300720215,7.843222618103027
2682,0,-4.889999866485596,0.4196712076663971,7.826927185058594
2683,0,-4.889999866485596,0.3531400263309479,7.891058921813965
2684,0,-4.889999866485596,0.33477264642715454,7.740161418914795
2685,0,-4.889999866485596,0.29593437910079956,7.886026382446289
2686,0,-4.889999866485596,0.4439884424209595,7.775172233581543
2687,0,-4.889999866485596,0.47511735558509827,7.881629467010498
2688,0,-9.210000038146973,0.5788628458976746,7.1729736328125
2689,1,9.210000038146973,0.6411552429199219,7.252483367919922
2690,0,-9.210000038146973,0.3699518144130707,7.182981491088867
2691,1,9.210000038146973,0.5766502618789673,7.0873613357543945
2692,0,-9.210000038146973,0.279718279838562,7.170522212982178
2693,0,-9.210000038146973,0.2406119406223297,7.105451583862305
2694,0,-9.210000038146973,0.14402087032794952,6.6853203773498535
2695,0,-9.210000038146973,0.23417633771896362,6.755302906036377
2696,0,-9.210000038146973,0.2511101961135864,6.5773444175720215
2697,0,-9.210000038146973,0.12224413454532623,6.651425838470459
2698,0,-9.210000038146973,0.22025053203105927,6.745316982269287
2699,0,-9.210000038146973,0.12099174410104752,6.5914130210876465
2700,0,-9.210000038146973,0.1033220887184143,6.540934085845947
2701,0,-9.210000038146973,0.16949282586574554,6.947945594787598
2702,0,-9.210000038146973,0.17102359235286713,6.437419414520264
2703,0,-9.210000038146973,0.11652936786413193,6.755388259887695
2704,0,-9.210000038146973,0.1750711053609848,6.506096839904785
2705,0,-9.210000038146973,0.16309711337089539,6.776687145233154
2706,0,-7.699999809265137,0.6500595211982727,6.5030646324157715
2707,0,-7.699999809265137,0.5571272373199463,5.936522006988525
2708,0,-7.699999809265137,0.5280426740646362,6.7414069175720215
2709,0,-7.699999809265137,0.5769444108009338,5.768639087677002
2710,0,-7.699999809265137,0.5895252823829651,6.454007148742676
2711,0,-7.699999809265137,0.5286476612091064,6.00703239440918
2712,1,6.900000095367432,0.7549607753753662,7.568048477172852
2713,1,6.900000095367432,0.7487305402755737,7.5709123611450195
2714,1,6.900000095367432,0.5416006445884705,7.362597465515137
2715,0,-6.900000095367432,0.2380247861146927,5.889481067657471
2716,0,-6.900000095367432,0.40656375885009766,6.388983249664307
2717,0,-6.900000095367432,0.32263725996017456,6.720008850097656
2718,1,11.819999694824219,0.7635460495948792,10.57385540008545
2719,1,11.819999694824219,0.7813602089881897,10.3926420211792
2720,0,-11.819999694824219,0.46081945300102234,9.792222023010254
2721,0,-11.819999694824219,0.676671028137207,10.488852500915527
2722,0,-11.819999694824219,0.34033945202827454,9.267431259155273
2723,0,-11.819999694824219,0.3914232552051544,9.276398658752441
2724,0,-11.819999694824219,0.5772626399993896,10.133130073547363
2725,0,-11.819999694824219,0.34211573004722595,9.307856559753418
2726,0,-9.100000381469727,0.5205344557762146,9.815166473388672
2727,0,-9.100000381469727,0.4964763820171356,9.776725769042969
2728,0,-9.100000381469727,0.5656639933586121,9.836666107177734
2729,0,-9.100000381469727,0.46022987365722656,9.858530044555664
2730,0,-9.100000381469727,0.6043742895126343,9.896499633789062
2731,0,-9.100000381469727,0.5076376795768738,9.811833381652832
2732,0,-9.100000381469727,0.4368093013763428,9.811429023742676
2733,1,9.100000381469727,0.6295554637908936,10.000894546508789
2734,0,-9.100000381469727,0.46950533986091614,9.866077423095703
2735,0,-9.100000381469727,0.6384170055389404,10.054996490478516
2736,0,-9.100000381469727,0.46065038442611694,9.6664400100708
2737,0,-9.100000381469727,0.5018981695175171,9.757661819458008
2738,0,-9.100000381469727,0.44241732358932495,9.723563194274902
2739,0,-9.100000381469727,0.5177122354507446,9.695825576782227
2740,0,-9.100000381469727,0.5276088118553162,9.906854629516602
2741,0,-9.100000381469727,0.6714786291122437,10.060006141662598
2742,0,-9.100000381469727,0.2784467339515686,9.839290618896484
2743,0,-9.100000381469727,0.5722511410713196,9.901434898376465
2744,0,-9.100000381469727,0.3838181793689728,9.778152465820312
2745,0,-9.100000381469727,0.4267134368419647,9.750288009643555
2746,1,8.399999618530273,0.8142772912979126,8.429581642150879
2747,1,8.399999618530273,0.8000840544700623,8.498387336730957
2748,0,-8.399999618530273,0.8270536661148071,8.34136962890625
2749,1,6.460000038146973,0.5707630515098572,6.280755519866943
2750,0,-6.460000038146973,0.30064657330513,5.713083744049072
2751,0,-6.460000038146973,0.2917543351650238,6.058463096618652
2752,0,-6.460000038146973,0.5979183912277222,6.2336626052856445
2753,0,-6.460000038146973,0.22077374160289764,6.085338115692139
2754,0,-6.460000038146973,0.3196260929107666,6.2719502449035645
2755,0,-6.460000038146973,0.30274754762649536,6.0287089347839355
2756,0,-6.460000038146973,0.25774434208869934,6.061738014221191
2757,0,-6.460000038146973,0.4861670136451721,6.307985305786133
2758,0,-6.460000038146973,0.388307124376297,6.2651872634887695
2759,0,-6.460000038146973,0.2922660708427429,6.635969638824463
2760,0,-6.460000038146973,0.27509644627571106,6.253849983215332
2761,0,-6.460000038146973,0.42669805884361267,5.987107276916504
2762,0,-6.460000038146973,0.2458072006702423,6.1053338050842285
2763,0,-6.460000038146973,0.2184184342622757,6.254253387451172
2764,0,-6.460000038146973,0.3121466636657715,6.378970623016357
2765,0,-6.460000038146973,0.26833608746528625,5.915733814239502
2766,0,-6.460000038146973,0.22713778913021088,6.1409125328063965
2767,0,-6.460000038146973,0.3240087330341339,6.304912090301514
2768,0,-6.460000038146973,0.2529461085796356,6.210659503936768
2769,0,-6.460000038146973,0.30770355463027954,6.339956283569336
2770,1,5.190000057220459,0.6577169895172119,5.4233622550964355
2771,1,5.190000057220459,0.6490609645843506,5.439693927764893
2772,0,-5.190000057220459,0.5176441073417664,5.488668441772461
2773,0,-5.190000057220459,0.48091816902160645,5.381226062774658
2774,0,-5.190000057220459,0.45592427253723145,5.113028049468994
2775,1,3.700000047683716,0.7857428789138794,3.8985681533813477
2776,1,3.700000047683716,0.7878141403198242,3.9505767822265625
2777,1,3.700000047683716,0.7165852189064026,4.247365951538086
2778,0,-3.700000047683716,0.7577317953109741,4.054522514343262
2779,0,-3.700000047683716,0.7256240248680115,4.0987629890441895
2780,0,-3.700000047683716,0.35317978262901306,4.0482611656188965
2781,0,-3.700000047683716,0.49652963876724243,4.112117767333984
2782,0,-3.700000047683716,0.7003262042999268,4.010514259338379
2783,0,-3.700000047683716,0.3602778911590576,4.454998970031738
2784,0,-3.700000047683716,0.6175899505615234,3.5588183403015137
2785,0,-3.700000047683716,0.3438621461391449,3.6300272941589355
2786,0,-3.700000047683716,0.4352194666862488,3.6680963039398193
2787,0,-3.700000047683716,0.3238690495491028,3.783586263656616
2788,1,6.849999904632568,0.7516536116600037,7.54508638381958
2789,1,6.849999904632568,0.7868165969848633,7.639580249786377
2790,1,6.849999904632568,0.7860367894172668,7.700161457061768
2791,0,-6.849999904632568,0.7351495027542114,7.965291976928711
2792,0,-6.849999904632568,0.40326255559921265,6.871452808380127
2793,0,-6.849999904632568,0.6780707240104675,7.805931091308594
2794,0,-6.849999904632568,0.5002304911613464,6.976573944091797
2795,0,-6.849999904632568,0.34546372294425964,6.048173904418945
2796,0,-6.849999904632568,0.5578559041023254,7.627764701843262
2797,1,3.619999885559082,0.6206969022750854,4.646778106689453
2798,1,3.619999885559082,0.5796306133270264,4.261094093322754
2799,0,-3.619999885559082,0.5387564897537231,3.6283533573150635
2800,0,-3.619999885559082,0.3380250632762909,3.1036856174468994
2801,0,-3.619999885559082,0.44884851574897766,3.4241976737976074
2802,0,-3.619999885559082,0.41225600242614746,3.478949546813965
2803,0,-3.619999885559082,0.4808039665222168,3.490495204925537
2804,0,-3.619999885559082,0.27397653460502625,2.9855644702911377
2805,0,-3.619999885559082,0.407565712928772,3.2878496646881104
2806,0,-3.619999885559082,0.43370434641838074,3.230755567550659
2807,0,-3.619999885559082,0.23588088154792786,2.9904401302337646
2808,0,-3.619999885559082,0.4339616596698761,3.383368730545044
2809,0,-3.619999885559082,0.2734125256538391,2.8966994285583496
2810,0,-3.619999885559082,0.42798376083374023,3.2437241077423096
2811,0,-3.619999885559082,0.29518434405326843,3.15128231048584
2812,0,-3.619999885559082,0.233378067612648,2.9870429039001465
2813,0,-3.619999885559082,0.3531225025653839,3.110898733139038
2814,0,-3.619999885559082,0.23779292404651642,2.9166159629821777
2815,0,-3.619999885559082,0.17168526351451874,3.094348430633545
2816,0,-3.619999885559082,0.3609859347343445,2.971237897872925
2817,1,8.25,0.7539015412330627,7.73670768737793
2818,1,8.25,0.7552643418312073,7.734368324279785
2819,0,-8.25,0.6028948426246643,7.726103782653809
2820,1,3.569999933242798,0.7714748978614807,5.07562780380249
2821,0,-3.569999933242798,0.2886739671230316,5.1452789306640625
2822,1,3.569999933242798,0.7652714848518372,5.044351577758789
2823,0,-3.569999933242798,0.3093823194503784,5.109135150909424
2824,0,-3.569999933242798,0.3293363153934479,4.482212543487549
2825,0,-3.569999933242798,0.31312650442123413,4.922135353088379
2826,0,-3.569999933242798,0.28835761547088623,4.63176155090332
2827,0,-3.569999933242798,0.40739724040031433,4.304274559020996
2828,0,-3.569999933242798,0.3069608211517334,4.632812976837158
2829,0,-3.569999933242798,0.2780173122882843,4.929073333740234
2830,1,3.569999933242798,0.5524251461029053,4.5533246994018555
2831,0,-3.569999933242798,0.38376519083976746,4.35287618637085
2832,0,-3.569999933242798,0.5098364353179932,3.7497975826263428
2833,0,-3.569999933242798,0.2694498598575592,4.463842868804932
2834,0,-3.569999933242798,0.21725338697433472,4.431213855743408
2835,0,-3.569999933242798,0.29043048620224,4.454734802246094
2836,0,-3.569999933242798,0.2962924838066101,4.537928581237793
2837,0,-3.569999933242798,0.3061468005180359,3.8615119457244873
2838,0,-3.569999933242798,0.2725185453891754,4.428950309753418
2839,0,-3.569999933242798,0.29262596368789673,4.292196273803711
2840,0,-3.569999933242798,0.21299344301223755,4.282440185546875
2841,1,7.960000038146973,0.7327844500541687,8.904667854309082
2842,1,7.960000038146973,0.5758141279220581,8.69970989227295
2843,1,7.960000038146973,0.3253306746482849,8.505495071411133
2844,0,-7.960000038146973,0.7070436477661133,8.831022262573242
2845,0,-7.960000038146973,0.20779603719711304,8.675847053527832
2846,0,-7.960000038146973,0.18484985828399658,8.806558609008789
2847,0,-7.960000038146973,0.16040515899658203,7.352267265319824
2848,1,9.270000457763672,0.7823647260665894,6.998199939727783
2849,1,9.270000457763672,0.8001623749732971,7.130248546600342
2850,1,9.270000457763672,0.7676056623458862,6.875339508056641
2851,1,2.4000000953674316,0.7224845290184021,3.787313222885132
2852,1,2.4000000953674316,0.7228943705558777,3.7753422260284424
2853,1,2.4000000953674316,0.5179441571235657,3.8503353595733643
2854,0,-2.4000000953674316,0.4597915709018707,4.200272560119629
2855,0,-2.4000000953674316,0.46670547127723694,4.21410608291626
2856,0,-2.4000000953674316,0.2178257703781128,3.4204258918762207
2857,0,-2.4000000953674316,0.4139719605445862,3.8754191398620605
2858,0,-2.4000000953674316,0.5509318113327026,3.9162347316741943
2859,0,-2.4000000953674316,0.3129236698150635,3.287597417831421
2860,0,-2.4000000953674316,0.2606353759765625,3.8801896572113037
2861,0,-2.4000000953674316,0.23989155888557434,3.130098581314087
2862,0,-2.4000000953674316,0.17212678492069244,3.0821287631988525
2863,0,-2.4000000953674316,0.4595802128314972,3.6852245330810547
2864,0,-2.4000000953674316,0.2518136203289032,3.8413383960723877
2865,1,9.039999961853027,0.6708486676216125,7.413474082946777
2866,1,9.039999961853027,0.6426500082015991,7.381548881530762
2867,0,-9.039999961853027,0.5818910598754883,7.469926834106445
2868,1,9.039999961853027,0.6161153316497803,7.540536880493164
2869,0,-9.039999961853027,0.610935389995575,7.432212829589844
2870,0,-9.039999961853027,0.5544173121452332,7.417283535003662
2871,0,-9.039999961853027,0.6074323654174805,7.394913196563721
2872,0,-9.039999961853027,0.44356822967529297,7.44667387008667
2873,0,-9.039999961853027,0.5999175310134888,7.342399597167969
2874,0,-9.039999961853027,0.48279809951782227,7.462895393371582
2875,0,-9.039999961853027,0.5499730110168457,7.4910407066345215
2876,0,-9.039999961853027,0.5465825200080872,7.439014911651611
2877,1,6.320000171661377,0.6118115186691284,7.6652960777282715
2878,0,-6.320000171661377,0.6089670658111572,7.787715911865234
2879,0,-6.320000171661377,0.6284530758857727,7.787815570831299
2880,0,-6.320000171661377,0.4917886257171631,7.475631237030029
2881,1,6.320000171661377,0.6126037240028381,7.658317565917969
2882,0,-6.320000171661377,0.5238550305366516,6.667348861694336
2883,0,-6.320000171661377,0.5411839485168457,7.330565452575684
2884,1,6.320000171661377,0.627610981464386,7.578494071960449
2885,0,-6.320000171661377,0.552048921585083,7.177047252655029
2886,0,-6.320000171661377,0.4782446026802063,7.644447326660156
2887,0,-6.320000171661377,0.42749008536338806,7.498913764953613
2888,0,-6.320000171661377,0.3046785295009613,6.778731822967529
2889,0,-6.320000171661377,0.46775928139686584,7.184577465057373
2890,0,-6.320000171661377,0.23224438726902008,5.234783172607422
2891,0,-6.320000171661377,0.47142350673675537,7.719158172607422
2892,0,-6.320000171661377,0.29996880888938904,5.870092391967773
2893,0,-6.320000171661377,0.17224948108196259,5.360428810119629
2894,0,-6.320000171661377,0.21086619794368744,5.204101085662842
2895,0,-6.320000171661377,0.24703849852085114,5.456298828125
2896,0,-6.320000171661377,0.18765513598918915,5.3288164138793945
2897,0,-6.320000171661377,0.23715025186538696,4.715734004974365
2898,1,8.520000457763672,0.5644811987876892,6.6777825355529785
2899,0,-8.520000457763672,0.44450297951698303,6.465599060058594
2900,0,-8.520000457763672,0.511197566986084,6.590242385864258
2901,0,-8.520000457763672,0.26345956325531006,6.432086944580078
2902,0,-8.520000457763672,0.382443368434906,6.482911109924316
2903,0,-8.520000457763672,0.25470268726348877,6.631331920623779
2904,0,-8.520000457763672,0.23477214574813843,6.441314697265625
2905,0,-8.520000457763672,0.4240628480911255,6.383148193359375
2906,0,-8.520000457763672,0.3678160607814789,6.290175437927246
2907,0,-8.520000457763672,0.22340773046016693,6.531551361083984
2908,0,-8.520000457763672,0.2458839863538742,6.44462776184082
2909,0,-8.520000457763672,0.33008459210395813,6.477054119110107
2910,0,-8.520000457763672,0.23829977214336395,6.5051398277282715
2911,0,-8.520000457763672,0.24338282644748688,6.887576103210449
2912,0,-8.520000457763672,0.21968871355056763,6.435976505279541
2913,0,-8.520000457763672,0.199162095785141,5.7391276359558105
2914,0,-8.520000457763672,0.3141511380672455,6.357673645019531
2915,0,-8.520000457763672,0.22096531093120575,6.20985746383667
2916,0,-8.520000457763672,0.21961639821529388,6.548142910003662
2917,0,-8.520000457763672,0.25122693181037903,6.458321571350098
2918,0,-8.520000457763672,0.20176762342453003,6.367881774902344
2919,1,3.6600000858306885,0.6605357527732849,4.9709014892578125
2920,1,3.6600000858306885,0.6113071441650391,5.218748092651367
2921,1,3.6600000858306885,0.28456592559814453,4.7709245681762695
2922,0,-3.6600000858306885,0.31587377190589905,4.392668724060059
2923,1,3.6600000858306885,0.2890191078186035,4.908528804779053
2924,0,-3.6600000858306885,0.41122153401374817,4.4925618171691895
2925,0,-3.6600000858306885,0.23092128336429596,4.800142288208008
2926,0,-3.6600000858306885,0.25520578026771545,4.669777870178223
2927,0,-3.6600000858306885,0.24517415463924408,4.7318034172058105
2928,0,-3.6600000858306885,0.341690331697464,4.551768779754639
2929,0,-3.6600000858306885,0.25501447916030884,3.973761796951294
2930,0,-3.6600000858306885,0.22552113234996796,4.448349475860596
2931,0,-3.6600000858306885,0.46459144353866577,5.013348579406738
2932,1,3.6600000858306885,0.48260435461997986,4.695314884185791
2933,0,-3.6600000858306885,0.2631753087043762,4.084963798522949
2934,0,-3.6600000858306885,0.2735188901424408,3.9338676929473877
2935,0,-3.6600000858306885,0.2985590398311615,4.066903114318848
2936,0,-3.6600000858306885,0.22261373698711395,4.100790023803711
2937,0,-3.6600000858306885,0.27410218119621277,3.926229953765869
2938,0,-3.6600000858306885,0.21367263793945312,4.408087730407715
2939,0,-3.6600000858306885,0.2822060286998749,5.1100053787231445
2940,1,4.820000171661377,0.6725967526435852,4.42943000793457
2941,0,-4.820000171661377,0.46792280673980713,4.306386947631836
2942,0,-4.820000171661377,0.31783023476600647,3.8314759731292725
2943,0,-4.820000171661377,0.3314570188522339,3.9108214378356934
2944,0,-4.820000171661377,0.4568174183368683,4.439152240753174
2945,1,4.820000171661377,0.6361165642738342,4.432774066925049
2946,0,-4.820000171661377,0.4957117736339569,4.257932186126709
2947,0,-4.820000171661377,0.6345412731170654,4.133441925048828
2948,0,-4.820000171661377,0.35752391815185547,3.9415950775146484
2949,0,-4.820000171661377,0.5530003309249878,4.299472808837891
2950,0,-4.820000171661377,0.27820613980293274,3.949092149734497
2951,0,-4.820000171661377,0.6552996039390564,4.193036079406738
2952,0,-4.820000171661377,0.2416781634092331,3.943937063217163
2953,0,-4.820000171661377,0.3001520037651062,4.096149444580078
2954,0,-4.820000171661377,0.5542002320289612,4.453049659729004
2955,0,-4.820000171661377,0.32145071029663086,4.050209999084473
2956,0,-4.820000171661377,0.2925516963005066,4.050083160400391
2957,0,-4.820000171661377,0.21595509350299835,4.073880195617676
2958,0,-4.820000171661377,0.2317684292793274,4.0317840576171875
2959,1,4.820000171661377,0.4803318679332733,4.2278032302856445
2960,0,-4.820000171661377,0.23581567406654358,4.064675331115723
2961,1,8.65999984741211,0.7066785097122192,8.66310977935791
2962,1,8.65999984741211,0.5637614727020264,8.597442626953125
2963,0,-8.65999984741211,0.7270128130912781,8.991215705871582
2964,0,-8.65999984741211,0.2130664587020874,7.058178901672363
2965,0,-8.65999984741211,0.23896904289722443,7.262188911437988
2966,0,-8.65999984741211,0.2164093405008316,6.165702819824219
2967,0,-8.65999984741211,0.2234366238117218,6.499391078948975
2968,0,-8.65999984741211,0.3652230501174927,7.433039665222168
2969,0,-8.65999984741211,0.371050089597702,7.43669319152832
2970,0,-8.65999984741211,0.5639212131500244,8.405156135559082
2971,0,-8.65999984741211,0.3177766799926758,7.116507053375244
2972,0,-8.65999984741211,0.3916897177696228,7.28903865814209
2973,0,-8.65999984741211,0.1978372484445572,5.668304443359375
2974,1,10.170000076293945,0.813776969909668,9.12167739868164
2975,1,10.170000076293945,0.814803421497345,9.101295471191406
2976,0,-10.170000076293945,0.8334058523178101,8.814302444458008
2977,0,-10.170000076293945,0.30026736855506897,7.0936455726623535
2978,0,-10.170000076293945,0.23610463738441467,7.035315990447998
2979,1,8.100000381469727,0.619490385055542,7.572488784790039
2980,1,8.100000381469727,0.6184110045433044,7.566892623901367
2981,0,-8.100000381469727,0.4555688202381134,7.30089807510376
2982,1,8.100000381469727,0.6195259690284729,7.654242038726807
2983,0,-8.100000381469727,0.5216501355171204,7.509660720825195
2984,0,-8.100000381469727,0.27111268043518066,6.675848960876465
2985,0,-7.170000076293945,0.10188344866037369,7.777385711669922
2986,0,-7.170000076293945,0.2807384133338928,9.075084686279297
2987,0,-7.170000076293945,0.5226223468780518,8.253227233886719
2988,0,-7.170000076293945,0.4891085922718048,8.536758422851562
2989,1,7.170000076293945,0.5673749446868896,8.605548858642578
2990,0,-7.170000076293945,0.38887447118759155,8.287041664123535
2991,0,-7.170000076293945,0.25589337944984436,9.039072036743164
2992,0,-7.170000076293945,0.42725786566734314,7.994364261627197
2993,0,-7.170000076293945,0.447530597448349,8.385684967041016
2994,0,-7.170000076293945,0.46467429399490356,8.324280738830566
2995,0,-7.170000076293945,0.6088722348213196,8.302769660949707
2996,0,-7.170000076293945,0.3765943646430969,8.435686111450195
2997,0,-7.170000076293945,0.4364489018917084,7.886744499206543
2998,0,-7.170000076293945,0.37710973620414734,8.700035095214844
2999,0,-7.170000076293945,0.19191479682922363,8.074943542480469
3000,0,-7.170000076293945,0.15664517879486084,8.593542098999023
3001,0,-7.170000076293945,0.19897599518299103,8.807628631591797
3002,0,-7.170000076293945,0.32656416296958923,7.308358192443848
3003,0,-7.170000076293945,0.14081166684627533,7.50968599319458
3004,0,-7.170000076293945,0.09022551774978638,7.1787309646606445
3005,1,5.789999961853027,0.6120916604995728,8.424429893493652
3006,0,-5.789999961853027,0.609458327293396,8.223382949829102
3007,1,5.789999961853027,0.5936217308044434,8.494426727294922
3008,0,-5.789999961853027,0.3160017430782318,8.3121919631958
3009,0,-5.789999961853027,0.18083107471466064,8.282583236694336
3010,0,-5.789999961853027,0.28387564420700073,8.21107006072998
3011,0,-5.789999961853027,0.2093234807252884,7.979767322540283
3012,0,-5.789999961853027,0.22664448618888855,8.293930053710938
3013,0,-5.789999961853027,0.18668445944786072,8.264313697814941
3014,0,-5.789999961853027,0.24123935401439667,7.465033054351807
3015,0,-5.789999961853027,0.13559581339359283,8.006574630737305
3016,0,-5.789999961853027,0.17725291848182678,8.295942306518555
3017,0,-5.789999961853027,0.2468954473733902,7.631600379943848
3018,0,-5.789999961853027,0.16554811596870422,7.591768741607666
3019,0,-5.789999961853027,0.22953341901302338,6.77910041809082
3020,0,-5.789999961853027,0.09762328863143921,7.187108039855957
3021,0,-5.789999961853027,0.09384452551603317,7.4283857345581055
3022,0,-5.789999961853027,0.15769639611244202,6.958663463592529
3023,0,-5.789999961853027,0.2765948176383972,6.027278900146484
3024,0,-5.789999961853027,0.11248436570167542,7.443149566650391
3025,0,-5.789999961853027,0.14992943406105042,7.269869327545166
3026,1,7.800000190734863,0.7278141975402832,7.941166877746582
3027,1,7.800000190734863,0.7329558730125427,7.909830093383789
3028,1,7.800000190734863,0.6619576811790466,7.9593706130981445
3029,0,-7.800000190734863,0.5113956332206726,7.841816425323486
3030,0,-7.800000190734863,0.4342682659626007,8.024324417114258
3031,0,-7.800000190734863,0.3484795391559601,7.718003273010254
3032,0,-7.800000190734863,0.410382479429245,7.625462532043457
3033,0,-7.800000190734863,0.3487456142902374,7.479008197784424
3034,1,9.520000457763672,0.7662808895111084,6.4509992599487305
3035,1,9.520000457763672,0.7697755694389343,6.500334739685059
3036,0,-9.520000457763672,0.6705268621444702,6.136406421661377
3037,1,3.0999999046325684,0.6429945826530457,6.239599704742432
3038,1,3.0999999046325684,0.6381218433380127,6.248376369476318
3039,0,-3.0999999046325684,0.5679649114608765,6.1378984451293945
3040,0,-3.0999999046325684,0.5523862838745117,6.176482200622559
3041,0,-3.0999999046325684,0.4911705255508423,6.121057987213135
3042,0,-3.0999999046325684,0.3225948214530945,5.9763593673706055
3043,0,-3.0999999046325684,0.36337482929229736,5.770312786102295
3044,0,-3.0999999046325684,0.4807279109954834,5.950589656829834
3045,0,-3.0999999046325684,0.41502439975738525,5.888339996337891
3046,0,-3.0999999046325684,0.5570840239524841,6.1903510093688965
3047,0,-3.0999999046325684,0.2993561923503876,6.090590476989746
3048,0,-3.0999999046325684,0.31302377581596375,6.131150245666504
3049,0,-3.0999999046325684,0.29430246353149414,5.94822359085083
3050,0,-3.0999999046325684,0.30240216851234436,6.145157337188721
3051,0,-3.0999999046325684,0.356603741645813,5.870271682739258
3052,0,-3.0999999046325684,0.47390609979629517,6.040108680725098
3053,0,-3.0999999046325684,0.22107930481433868,5.857203006744385
3054,0,-3.0999999046325684,0.217781662940979,5.4310126304626465
3055,0,-3.0999999046325684,0.2528083622455597,5.376410484313965
3056,0,-3.0999999046325684,0.2859620451927185,5.907351970672607
3057,0,-3.0999999046325684,0.3378250300884247,5.912262439727783
3058,1,8.770000457763672,0.770578920841217,7.420205116271973
3059,1,8.770000457763672,0.7869446873664856,7.392081260681152
3060,1,8.770000457763672,0.7916321754455566,7.366943359375
3061,0,-8.770000457763672,0.7547868490219116,7.193362236022949
3062,0,-8.770000457763672,0.6599817276000977,6.5627336502075195
3063,1,2.890000104904175,0.6149259805679321,5.2437262535095215
3064,0,-2.890000104904175,0.45508286356925964,4.613979339599609
3065,0,-2.890000104904175,0.46720555424690247,4.432726860046387
3066,0,-2.890000104904175,0.4726357161998749,4.672195911407471
3067,0,-2.890000104904175,0.5269071459770203,5.284784317016602
3068,0,-2.890000104904175,0.43901824951171875,4.703874588012695
3069,0,-2.890000104904175,0.5381579399108887,4.5957489013671875
3070,0,-2.890000104904175,0.4902743995189667,4.409470558166504
3071,0,-2.890000104904175,0.501102089881897,4.379086494445801
3072,1,2.890000104904175,0.5704081058502197,5.065922737121582
3073,0,-2.890000104904175,0.48459815979003906,4.305663108825684
3074,0,-2.890000104904175,0.506363570690155,4.64237117767334
3075,0,-2.890000104904175,0.5119154453277588,4.735993385314941
3076,0,-2.890000104904175,0.54314124584198,4.762550354003906
3077,0,-2.890000104904175,0.4785827398300171,4.290454387664795
3078,0,-2.890000104904175,0.4809689521789551,4.337268829345703
3079,0,-2.890000104904175,0.49998849630355835,4.441022872924805
3080,0,-2.890000104904175,0.458236962556839,4.741823673248291
3081,0,-2.890000104904175,0.5238268971443176,5.189221382141113
3082,0,-2.890000104904175,0.4973779618740082,4.270219802856445
3083,0,-2.890000104904175,0.317895770072937,4.390054702758789
3084,1,2.9200000762939453,0.3764440715312958,5.609395503997803
3085,0,-2.9200000762939453,0.18466155230998993,5.17772102355957
3086,0,-2.9200000762939453,0.34884968400001526,5.783393859863281
3087,0,-2.9200000762939453,0.22781901061534882,5.223089694976807
3088,1,2.9200000762939453,0.5890867114067078,5.726773262023926
3089,0,-2.9200000762939453,0.2900733947753906,4.798890113830566
3090,0,-2.9200000762939453,0.5550569295883179,6.273309707641602
3091,0,-2.9200000762939453,0.18787449598312378,4.833689212799072
3092,0,-2.9200000762939453,0.2856585681438446,5.57204532623291
3093,0,-2.9200000762939453,0.24061185121536255,5.712033271789551
3094,0,-2.9200000762939453,0.3342479467391968,5.044414520263672
3095,0,-2.9200000762939453,0.25988054275512695,5.335825443267822
3096,0,-2.9200000762939453,0.26763448119163513,4.5517377853393555
3097,0,-2.9200000762939453,0.28571411967277527,4.544396877288818
3098,0,-2.9200000762939453,0.31755757331848145,4.292211055755615
3099,0,-2.9200000762939453,0.1836337000131607,5.671717166900635
3100,1,6.5,0.6826584339141846,5.980489253997803
3101,1,6.5,0.6765137910842896,5.996837139129639
3102,0,-6.5,0.35860583186149597,5.647037506103516
3103,0,-6.5,0.4146856963634491,5.429658889770508
3104,0,-6.5,0.33178120851516724,5.445725917816162
3105,0,-6.5,0.3929477334022522,5.663851737976074
3106,0,-6.5,0.3387530744075775,5.4622297286987305
3107,0,-6.5,0.44027501344680786,5.499452114105225
3108,0,-6.5,0.48579150438308716,5.848524570465088
3109,1,5.369999885559082,0.517311155796051,5.212712287902832
3110,0,-5.369999885559082,0.6407739520072937,5.311609268188477
3111,1,5.369999885559082,0.5218697786331177,5.250918388366699
3112,0,-5.369999885559082,0.5378242135047913,4.910590171813965
3113,0,-5.369999885559082,0.6271154880523682,5.429440021514893
3114,0,-5.369999885559082,0.4015248715877533,4.635070323944092
3115,0,-5.369999885559082,0.559428870677948,4.974916934967041
3116,0,-5.369999885559082,0.3291803002357483,4.100053787231445
3117,1,6.480000019073486,0.5312919616699219,6.371252536773682
3118,0,-6.480000019073486,0.6301541328430176,6.656835079193115
3119,0,-6.480000019073486,0.43520134687423706,5.444040298461914
3120,0,-6.480000019073486,0.4508368670940399,5.599029064178467
3121,1,6.480000019073486,0.5325119495391846,6.359724044799805
3122,1,6.480000019073486,0.41980093717575073,5.916421413421631
3123,0,-6.480000019073486,0.4740655720233917,5.9877424240112305
3124,0,-6.480000019073486,0.4619421660900116,5.595431804656982
3125,0,-6.480000019073486,0.3944966793060303,5.145472049713135
3126,0,-6.480000019073486,0.3378971517086029,5.636820316314697
3127,1,5.099999904632568,0.8170069456100464,4.2616987228393555
3128,1,5.099999904632568,0.817106306552887,4.261816024780273
3129,0,-5.099999904632568,0.7733215689659119,3.9678640365600586
3130,0,-5.099999904632568,0.766671895980835,3.967949151992798
3131,1,5.099999904632568,0.724624752998352,4.05711030960083
3132,1,5.099999904632568,0.59751296043396,4.023560523986816
3133,0,-5.099999904632568,0.30663859844207764,3.9502816200256348
3134,0,-5.099999904632568,0.24376671016216278,3.7031490802764893
3135,0,-5.099999904632568,0.29128703474998474,3.633193016052246
3136,0,-5.099999904632568,0.22748984396457672,3.852949380874634
3137,0,-5.099999904632568,0.22462782263755798,3.5350699424743652
3138,0,-5.099999904632568,0.27765798568725586,3.7514095306396484
3139,0,-5.099999904632568,0.24288953840732574,3.7024993896484375
3140,0,-5.099999904632568,0.21703468263149261,3.4893243312835693
3141,0,-5.099999904632568,0.20006190240383148,3.7595763206481934
3142,0,-5.099999904632568,0.22628071904182434,3.6391847133636475
3143,0,-5.099999904632568,0.28653377294540405,3.6718335151672363
3144,0,-5.099999904632568,0.20133279263973236,3.672455310821533
3145,0,-5.099999904632568,0.22497428953647614,3.520219087600708
3146,0,-5.099999904632568,0.26860153675079346,3.610682249069214
3147,1,4.659999847412109,0.6635261178016663,5.578834056854248
3148,0,-4.659999847412109,0.6610695123672485,6.471215724945068
3149,0,-4.659999847412109,0.6416381597518921,6.217416286468506
3150,0,-4.659999847412109,0.6933566927909851,6.0956196784973145
3151,0,-4.659999847412109,0.634905219078064,6.112706661224365
3152,0,-4.659999847412109,0.5799077749252319,6.0890278816223145
3153,1,4.659999847412109,0.6734256148338318,5.382668495178223
3154,0,-4.659999847412109,0.37631818652153015,6.61000394821167
3155,0,-4.659999847412109,0.3665091097354889,6.642530918121338
3156,0,-4.659999847412109,0.5774890780448914,5.776144981384277
3157,0,-4.659999847412109,0.45156392455101013,6.710716724395752
3158,0,-4.659999847412109,0.2869665026664734,6.407603740692139
3159,0,-4.659999847412109,0.3299776613712311,6.618616580963135
3160,0,-4.659999847412109,0.35100439190864563,6.676018714904785
3161,0,-4.659999847412109,0.5097549557685852,4.676811695098877
3162,0,-4.659999847412109,0.2750837802886963,6.052441596984863
3163,0,-4.659999847412109,0.5340230464935303,4.004538536071777
3164,0,-4.659999847412109,0.5276517868041992,3.691239595413208
3165,0,-4.659999847412109,0.4701605439186096,3.1569414138793945
3166,1,2.069999933242798,0.7827389240264893,3.5226261615753174
3167,1,2.069999933242798,0.702319324016571,3.4891908168792725
3168,1,2.069999933242798,0.781342625617981,3.5646920204162598
3169,1,2.069999933242798,0.680888295173645,3.6098716259002686
3170,0,-2.069999933242798,0.5482539534568787,4.298407077789307
3171,0,-2.069999933242798,0.6612730622291565,4.23117733001709
3172,0,-2.069999933242798,0.5722882747650146,4.168529510498047
3173,0,-2.069999933242798,0.5665095448493958,3.736806631088257
3174,0,-2.069999933242798,0.4647875428199768,3.2330541610717773
3175,0,-2.069999933242798,0.4970155358314514,3.3004448413848877
3176,0,-2.069999933242798,0.4773910641670227,3.294440269470215
3177,0,-2.069999933242798,0.5671467781066895,4.208884239196777
3178,0,-2.069999933242798,0.2981131076812744,3.411609649658203
3179,0,-2.069999933242798,0.36926281452178955,3.4716572761535645
3180,0,-2.069999933242798,0.3684581518173218,3.270141839981079
3181,0,-2.069999933242798,0.33216118812561035,3.2578723430633545
3182,0,-2.069999933242798,0.3413526713848114,3.629668951034546
3183,0,-2.069999933242798,0.2900979518890381,3.407881259918213
3184,0,-2.069999933242798,0.332660973072052,3.4922866821289062
3185,0,-2.069999933242798,0.32176825404167175,3.4386579990386963
3186,1,10.920000076293945,0.71149742603302,8.584574699401855
3187,1,10.920000076293945,0.7089740633964539,8.654106140136719
3188,0,-10.920000076293945,0.7171179056167603,8.449827194213867
3189,0,-10.920000076293945,0.7043864727020264,8.719513893127441
3190,0,-10.920000076293945,0.2507161498069763,8.250699043273926
3191,0,-10.920000076293945,0.13975004851818085,7.9515228271484375
3192,0,-10.920000076293945,0.4178437888622284,8.720344543457031
3193,0,-10.920000076293945,0.491086483001709,8.677993774414062
3194,0,-10.920000076293945,0.17632971704006195,7.820281505584717
3195,0,-10.920000076293945,0.453548401594162,8.230735778808594
3196,0,-10.920000076293945,0.29265135526657104,8.285130500793457
3197,0,-10.920000076293945,0.266449511051178,8.517204284667969
3198,0,-10.920000076293945,0.06661942601203918,7.706428050994873
3199,0,-10.920000076293945,0.20743313431739807,8.413590431213379
3200,0,-10.920000076293945,0.47817644476890564,8.824362754821777
3201,0,-10.920000076293945,0.16977107524871826,8.079582214355469
3202,0,-10.920000076293945,0.24016740918159485,8.09756088256836
3203,0,-10.920000076293945,0.39043304324150085,8.431930541992188
3204,0,-10.920000076293945,0.11606540530920029,7.178502082824707
3205,0,-10.920000076293945,0.34291648864746094,8.197870254516602
3206,1,8.0,0.7644832730293274,9.92785358428955
3207,1,8.0,0.76728755235672,9.921720504760742
3208,1,8.0,0.7103461623191833,9.534238815307617
3209,0,-8.0,0.7758968472480774,9.850265502929688
3210,1,2.819999933242798,0.630382239818573,5.692793846130371
3211,0,-2.819999933242798,0.675751268863678,5.314603328704834
3212,0,-2.819999933242798,0.6857393980026245,5.257399082183838
3213,0,-2.819999933242798,0.6077825427055359,5.358931064605713
3214,1,2.819999933242798,0.5910208225250244,6.087851047515869
3215,0,-2.819999933242798,0.3765077292919159,5.237703800201416
3216,1,2.819999933242798,0.5041524767875671,5.866232872009277
3217,0,-2.819999933242798,0.5698902606964111,5.582119464874268
3218,0,-2.819999933242798,0.5353464484214783,5.304571151733398
3219,0,-2.819999933242798,0.49366945028305054,5.6759467124938965
3220,0,-2.819999933242798,0.47560060024261475,7.000626087188721
3221,0,-2.819999933242798,0.4795915484428406,7.024559497833252
3222,0,-2.819999933242798,0.31117042899131775,6.9545135498046875
3223,0,-2.819999933242798,0.27129870653152466,7.333088397979736
3224,0,-2.819999933242798,0.3024231493473053,7.454379081726074
3225,0,-2.819999933242798,0.2641530930995941,7.461320877075195
3226,0,-2.819999933242798,0.3853755295276642,7.051294803619385
3227,0,-2.819999933242798,0.25192520022392273,7.553709506988525
3228,0,-2.819999933242798,0.26682737469673157,7.389914035797119
3229,0,-2.819999933242798,0.258901983499527,5.969969272613525
3230,0,-2.819999933242798,0.3250940442085266,6.074903964996338
3231,1,3.0999999046325684,0.5359352231025696,6.60299015045166
3232,0,-3.0999999046325684,0.5324408411979675,6.596095561981201
3233,0,-3.0999999046325684,0.5298890471458435,6.585656642913818
3234,0,-3.0999999046325684,0.5291763544082642,6.584856033325195
3235,0,-3.0999999046325684,0.5315581560134888,6.624419212341309
3236,0,-3.0999999046325684,0.5286267399787903,6.620152950286865
3237,0,-3.0999999046325684,0.528080403804779,6.617643356323242
3238,0,-3.0999999046325684,0.5264462232589722,6.621406555175781
3239,0,-3.0999999046325684,0.5272631049156189,6.626125812530518
3240,0,-3.0999999046325684,0.5310477018356323,6.625766277313232
3241,0,-3.0999999046325684,0.531783938407898,6.593739032745361
3242,0,-3.0999999046325684,0.5310031771659851,6.615972518920898
3243,0,-3.0999999046325684,0.5285749435424805,6.5820746421813965
3244,0,-3.0999999046325684,0.5270713567733765,6.590651512145996
3245,0,-3.0999999046325684,0.5324392914772034,6.608839988708496
3246,0,-3.0999999046325684,0.5308630466461182,6.626471042633057
3247,0,-3.0999999046325684,0.5291392803192139,6.589679718017578
3248,0,-3.0999999046325684,0.5312303304672241,6.599255084991455
3249,0,-3.0999999046325684,0.5283973813056946,6.5900187492370605
3250,0,-3.0999999046325684,0.5290253758430481,6.604802131652832
3251,0,-3.0999999046325684,0.5309656858444214,6.603754043579102
3252,1,2.890000104904175,0.6573417782783508,3.4085135459899902
3253,1,2.890000104904175,0.6670503616333008,3.4087514877319336
3254,1,2.890000104904175,0.6675173044204712,3.4098615646362305
3255,1,2.890000104904175,0.6544901728630066,3.406264543533325
3256,0,-2.890000104904175,0.5738521218299866,3.3542213439941406
3257,0,-2.890000104904175,0.5768747329711914,3.3550522327423096
3258,0,-2.890000104904175,0.5439348816871643,3.2753119468688965
3259,0,-2.890000104904175,0.5714670419692993,3.3519089221954346
3260,1,2.890000104904175,0.6100369691848755,3.266955852508545
3261,0,-2.890000104904175,0.55014967918396,3.304368495941162
3262,0,-2.890000104904175,0.602225661277771,3.4520795345306396
3263,0,-2.890000104904175,0.638466477394104,3.5640463829040527
3264,0,-2.890000104904175,0.5862457156181335,3.4042179584503174
3265,0,-2.890000104904175,0.5755550861358643,3.386017084121704
3266,0,-2.890000104904175,0.6063345074653625,3.5319504737854004
3267,0,-2.890000104904175,0.5658704042434692,3.4425928592681885
3268,0,-2.890000104904175,0.5754134654998779,3.691525459289551
3269,0,-2.890000104904175,0.4436507225036621,3.550675868988037
3270,0,-2.890000104904175,0.5101182460784912,3.4896607398986816
3271,0,-2.890000104904175,0.4822416305541992,3.36173415184021
3272,0,-2.890000104904175,0.5375134944915771,3.358107328414917
3273,1,9.460000038146973,0.442961722612381,8.14098834991455
3274,1,9.460000038146973,0.438491553068161,8.13369083404541
3275,0,-9.460000038146973,0.3663058876991272,7.988648891448975
3276,1,2.2799999713897705,0.7279440760612488,4.810983180999756
3277,0,-2.2799999713897705,0.13397809863090515,4.071042060852051
3278,0,-2.2799999713897705,0.24834740161895752,4.327341079711914
3279,0,-2.2799999713897705,0.16464421153068542,4.511443138122559
3280,0,-2.2799999713897705,0.12065066397190094,4.454657077789307
3281,0,-2.2799999713897705,0.11056583374738693,4.251049041748047
3282,0,-2.2799999713897705,0.11128655821084976,4.293788433074951
3283,0,-2.2799999713897705,0.18202076852321625,4.317494869232178
3284,0,-2.2799999713897705,0.11486667394638062,4.225569725036621
3285,0,-2.2799999713897705,0.15506713092327118,4.383191108703613
3286,0,-2.2799999713897705,0.15800492465496063,4.396201133728027
3287,0,-2.2799999713897705,0.11312130093574524,4.4833855628967285
3288,0,-2.2799999713897705,0.11106430739164352,4.600733757019043
3289,0,-2.2799999713897705,0.2725919783115387,4.79240608215332
3290,0,-2.2799999713897705,0.17392294108867645,4.554043769836426
3291,0,-2.2799999713897705,0.10977832973003387,4.2195539474487305
3292,0,-2.2799999713897705,0.11286231130361557,4.20037841796875
3293,0,-2.2799999713897705,0.10858555138111115,4.728623867034912
3294,0,-2.2799999713897705,0.11633890122175217,4.309700965881348
3295,0,-2.2799999713897705,0.10963921993970871,4.427640438079834
3296,0,-2.2799999713897705,0.21901562809944153,4.704484939575195
3297,1,6.510000228881836,0.7706971764564514,5.9408955574035645
3298,0,-6.510000228881836,0.7321877479553223,6.068318843841553
3299,0,-6.510000228881836,0.4567815363407135,6.065279960632324
3300,1,6.510000228881836,0.6831392049789429,5.552105903625488
3301,0,-6.510000228881836,0.5989413261413574,6.4105000495910645
3302,0,-6.510000228881836,0.46404755115509033,6.080760478973389
3303,0,-6.510000228881836,0.4785744249820709,6.094066619873047
3304,0,-6.510000228881836,0.5329002141952515,6.618454933166504
3305,0,-6.510000228881836,0.6519821286201477,5.627867698669434
3306,0,-6.510000228881836,0.6906961798667908,5.926296234130859
3307,0,-6.510000228881836,0.4225319027900696,5.951773166656494
3308,0,-6.510000228881836,0.42607545852661133,5.295710563659668
3309,0,-6.510000228881836,0.4722120761871338,5.875280380249023
3310,0,-6.510000228881836,0.6855423450469971,5.330588340759277
3311,0,-6.510000228881836,0.5429965257644653,4.713804244995117
3312,0,-6.510000228881836,0.5164852142333984,4.856734752655029
3313,0,-6.510000228881836,0.4490019679069519,5.366426467895508
3314,0,-6.510000228881836,0.2573494613170624,5.25190544128418
3315,0,-6.510000228881836,0.6451292037963867,5.759172439575195
3316,0,-6.510000228881836,0.2991478145122528,4.995053768157959
3317,0,-6.510000228881836,0.2853527367115021,4.823973655700684
3318,1,5.139999866485596,0.4746665060520172,7.69643497467041
3319,0,-5.139999866485596,0.3155982196331024,7.327174186706543
3320,0,-5.139999866485596,0.299569308757782,7.501033782958984
3321,0,-5.139999866485596,0.23450970649719238,7.657195568084717
3322,1,5.139999866485596,0.3465888202190399,7.710013389587402
3323,0,-5.139999866485596,0.3420341908931732,7.619564533233643
3324,1,5.139999866485596,0.35922321677207947,7.6248087882995605
3325,0,-5.139999866485596,0.3624332547187805,7.848480701446533
3326,0,-5.139999866485596,0.12419812381267548,6.99720573425293
3327,0,-5.139999866485596,0.14564839005470276,7.261173248291016
3328,0,-5.139999866485596,0.09624273329973221,7.102860450744629
3329,0,-5.139999866485596,0.35133105516433716,7.348973751068115
3330,0,-5.139999866485596,0.45434877276420593,7.890735149383545
3331,0,-5.139999866485596,0.15448123216629028,7.182199954986572
3332,0,-5.139999866485596,0.1693035513162613,7.066500663757324
3333,0,-5.139999866485596,0.2906644642353058,7.688483238220215
3334,0,-5.139999866485596,0.18417686223983765,6.808835029602051
3335,0,-5.139999866485596,0.1520581990480423,7.033997535705566
3336,0,-5.139999866485596,0.10668499767780304,6.752191543579102
3337,0,-5.139999866485596,0.09434260427951813,6.973081588745117
3338,0,-5.139999866485596,0.0851123183965683,6.87480354309082
3339,1,4.860000133514404,0.5064185857772827,6.5390849113464355
3340,0,-4.860000133514404,0.15512296557426453,6.563900947570801
3341,1,4.860000133514404,0.5558755397796631,6.511544227600098
3342,0,-4.860000133514404,0.4129578173160553,6.634430408477783
3343,0,-4.860000133514404,0.3936435878276825,6.671640872955322
3344,1,4.860000133514404,0.39800843596458435,6.657928466796875
3345,0,-4.860000133514404,0.14911684393882751,6.3973069190979
3346,0,-4.860000133514404,0.3276250660419464,6.471574783325195
3347,0,-4.860000133514404,0.43693262338638306,6.380552291870117
3348,0,-4.860000133514404,0.1413385272026062,6.354625701904297
3349,0,-4.860000133514404,0.3085346221923828,6.3831095695495605
3350,0,-4.860000133514404,0.09911877661943436,5.823897361755371
3351,0,-4.860000133514404,0.14572525024414062,6.238063812255859
3352,0,-4.860000133514404,0.15223395824432373,6.151253700256348
3353,0,-4.860000133514404,0.4797753095626831,6.737674713134766
3354,0,-4.860000133514404,0.5149502754211426,6.652776718139648
3355,0,-4.860000133514404,0.4040023386478424,6.66363000869751
3356,0,-4.860000133514404,0.24646461009979248,6.536318302154541
3357,0,-4.860000133514404,0.09909190982580185,5.726593017578125
3358,0,-4.860000133514404,0.09287107735872269,5.971909523010254
3359,0,-4.860000133514404,0.09949852526187897,5.931570053100586
3360,1,7.960000038146973,0.6517766118049622,6.86566162109375
3361,1,7.960000038146973,0.6545295715332031,6.714609622955322
3362,0,-7.960000038146973,0.7173919081687927,6.907919883728027
3363,0,-7.960000038146973,0.6713117957115173,6.800339698791504
3364,0,-7.960000038146973,0.3799619674682617,6.555669784545898
3365,1,6.539999961853027,0.5216252207756042,5.94492769241333
3366,0,-6.539999961853027,0.490619957447052,5.790759563446045
3367,0,-6.539999961853027,0.45646947622299194,5.639237880706787
3368,0,-6.539999961853027,0.5242135524749756,5.886236667633057
3369,0,-6.539999961853027,0.48358240723609924,5.849633693695068
3370,0,-6.539999961853027,0.3455861210823059,5.599940776824951
3371,0,-6.539999961853027,0.4304562211036682,5.646275520324707
3372,1,6.539999961853027,0.5289139151573181,5.894881248474121
3373,0,-6.539999961853027,0.3423955738544464,5.700952053070068
3374,0,-6.539999961853027,0.4817289113998413,5.737802505493164
3375,0,-6.539999961853027,0.49501678347587585,5.672206878662109
3376,0,-6.539999961853027,0.21126890182495117,6.095389366149902
3377,0,-6.539999961853027,0.2624335289001465,5.54062557220459
3378,0,-6.539999961853027,0.193800151348114,5.736148357391357
3379,0,-6.539999961853027,0.1953241527080536,5.929530620574951
3380,0,-6.539999961853027,0.1943061351776123,5.696786880493164
3381,0,-6.539999961853027,0.17265795171260834,5.683016777038574
3382,0,-6.539999961853027,0.46683913469314575,5.862687110900879
3383,0,-6.539999961853027,0.23986712098121643,5.85565710067749
3384,0,-6.539999961853027,0.2617999315261841,6.3359599113464355
3385,0,-6.539999961853027,0.17076988518238068,5.848808288574219
3386,1,5.71999979019165,0.774340033531189,6.204110622406006
3387,1,5.71999979019165,0.7765522003173828,6.237361431121826
3388,1,5.71999979019165,0.7023674845695496,5.6170783042907715
3389,0,-5.71999979019165,0.7152247428894043,5.738427639007568
3390,0,-5.71999979019165,0.6267609596252441,6.075534343719482
3391,0,-5.71999979019165,0.678321123123169,6.142500877380371
3392,0,-5.71999979019165,0.33411726355552673,6.616707801818848
3393,0,-5.71999979019165,0.3507422208786011,6.3941330909729
3394,0,-5.71999979019165,0.3651302754878998,5.654715061187744
3395,0,-5.71999979019165,0.306041955947876,6.716899394989014
3396,0,-5.71999979019165,0.3145207464694977,6.46327018737793
3397,0,-5.71999979019165,0.5309329628944397,5.534655570983887
3398,0,-5.71999979019165,0.41718336939811707,6.646101474761963
3399,0,-5.71999979019165,0.16049356758594513,6.958172798156738
3400,0,-5.71999979019165,0.3473259508609772,7.928187370300293
3401,0,-5.71999979019165,0.46947112679481506,8.07186508178711
3402,0,-5.71999979019165,0.36192038655281067,5.489013195037842
3403,0,-5.71999979019165,0.2433612197637558,6.559213638305664
3404,0,-5.71999979019165,0.2634396553039551,6.918821334838867
3405,0,-5.71999979019165,0.49324437975883484,6.97959566116333
3406,0,-5.71999979019165,0.25694650411605835,6.591915607452393
3407,1,2.9600000381469727,0.6098625063896179,4.076349258422852
3408,0,-2.9600000381469727,0.5678510069847107,4.021428108215332
3409,0,-2.9600000381469727,0.5118044018745422,4.064266681671143
3410,0,-2.9600000381469727,0.5839036703109741,4.184569358825684
3411,0,-2.9600000381469727,0.6214107275009155,4.082942008972168
3412,0,-2.9600000381469727,0.5722936987876892,4.151405334472656
3413,0,-2.9600000381469727,0.6218574643135071,4.194032669067383
3414,1,2.9600000381469727,0.6013131737709045,4.090491771697998
3415,0,-2.9600000381469727,0.7082171440124512,4.159079074859619
3416,0,-2.9600000381469727,0.5106664896011353,4.134134769439697
3417,0,-2.9600000381469727,0.33798113465309143,4.107966423034668
3418,0,-2.9600000381469727,0.6514843702316284,4.25664758682251
3419,0,-2.9600000381469727,0.6208054423332214,4.14925479888916
3420,0,-2.9600000381469727,0.6874896883964539,4.2746663093566895
3421,0,-2.9600000381469727,0.5888516306877136,4.0882062911987305
3422,0,-2.9600000381469727,0.5162858366966248,4.013604640960693
3423,0,-2.9600000381469727,0.6341009140014648,4.156515121459961
3424,0,-2.9600000381469727,0.5358670949935913,4.175512313842773
3425,0,-2.9600000381469727,0.37350335717201233,4.146381378173828
3426,0,-2.9600000381469727,0.5362664461135864,4.150261402130127
3427,0,-2.9600000381469727,0.3539959788322449,4.018327236175537
3428,1,6.940000057220459,0.6421967148780823,7.317450046539307
3429,1,6.940000057220459,0.6494023203849792,7.307378768920898
3430,0,-6.940000057220459,0.2636464536190033,6.9245219230651855
3431,0,-6.940000057220459,0.2352016121149063,6.873742580413818
3432,0,-6.940000057220459,0.08843619376420975,6.447620868682861
3433,0,-6.940000057220459,0.0900593101978302,6.657071113586426
3434,0,-6.940000057220459,0.1331411898136139,5.9200873374938965
3435,0,-6.940000057220459,0.11765365302562714,6.591610431671143
3436,1,7.199999809265137,0.7588384747505188,8.536613464355469
3437,0,-7.199999809265137,0.7248752117156982,8.42744255065918
3438,0,-7.199999809265137,0.7062869668006897,8.044713020324707
3439,0,-7.199999809265137,0.17355699837207794,7.5776190757751465
3440,0,-7.199999809265137,0.19590476155281067,7.601177215576172
3441,0,-7.199999809265137,0.14272375404834747,7.170206069946289
3442,0,-7.199999809265137,0.15976488590240479,7.335976600646973
3443,0,-7.199999809265137,0.1677911877632141,6.6086883544921875
3444,0,-7.199999809265137,0.177083820104599,7.491640090942383
3445,0,-7.199999809265137,0.20139865577220917,7.261388778686523
3446,0,-7.199999809265137,0.3203483521938324,7.75006103515625
3447,0,-7.199999809265137,0.16335490345954895,6.70427131652832
3448,0,-7.199999809265137,0.1881445050239563,7.059017658233643
3449,0,-7.199999809265137,0.15975011885166168,7.473525047302246
3450,0,-7.199999809265137,0.19737015664577484,6.554880142211914
3451,0,-7.199999809265137,0.1350228488445282,6.672667503356934
3452,1,4.760000228881836,0.6456790566444397,6.757800579071045
3453,1,4.760000228881836,0.6517444849014282,6.752063751220703
3454,0,-4.760000228881836,0.5223809480667114,6.264124393463135
3455,0,-4.760000228881836,0.5240388512611389,6.304501533508301
3456,1,4.760000228881836,0.5879456996917725,6.17636775970459
3457,0,-4.760000228881836,0.5067170262336731,6.5938897132873535
3458,1,6.119999885559082,0.7933915257453918,6.60227108001709
3459,1,6.119999885559082,0.789472222328186,6.6127095222473145
3460,0,-6.119999885559082,0.6668828129768372,4.708487510681152
3461,0,-6.119999885559082,0.41927170753479004,4.0540008544921875
3462,0,-6.119999885559082,0.403923898935318,4.177057266235352
3463,0,-6.119999885559082,0.43770843744277954,4.413458347320557
3464,0,-6.119999885559082,0.390720397233963,4.085097312927246
3465,0,-6.119999885559082,0.3769459128379822,4.252728462219238
3466,0,-6.119999885559082,0.27452751994132996,3.8744356632232666
3467,0,-6.119999885559082,0.5326115489006042,4.736233711242676
3468,0,-6.119999885559082,0.4252780079841614,4.0614519119262695
3469,0,-6.119999885559082,0.23468680679798126,3.8961222171783447
3470,0,-6.119999885559082,0.2547362148761749,4.046241760253906
3471,0,-6.119999885559082,0.19575905799865723,3.8211772441864014
3472,0,-6.119999885559082,0.2706409692764282,3.936932325363159
3473,0,-6.119999885559082,0.48350781202316284,4.44924259185791
3474,0,-6.119999885559082,0.2053438127040863,3.910353899002075
3475,0,-6.119999885559082,0.20246008038520813,3.98237943649292
3476,0,-6.119999885559082,0.22123531997203827,4.067143440246582
3477,0,-6.119999885559082,0.21809636056423187,3.9759697914123535
3478,0,-6.119999885559082,0.16063831746578217,3.9982821941375732
3479,1,4.110000133514404,0.42244789004325867,4.617865085601807
3480,1,4.110000133514404,0.4066302180290222,4.633175849914551
3481,1,4.110000133514404,0.49314117431640625,4.618058204650879
3482,0,-4.110000133514404,0.5421613454818726,4.368113040924072
3483,0,-4.110000133514404,0.6130785346031189,4.804502964019775
3484,0,-4.110000133514404,0.5353333950042725,4.701459884643555
3485,0,-4.110000133514404,0.3026198148727417,4.65807580947876
3486,0,-4.110000133514404,0.2380225509405136,4.607023239135742
3487,0,-4.110000133514404,0.2979017496109009,4.572283744812012
3488,0,-4.110000133514404,0.28081706166267395,4.611702919006348
3489,0,-4.110000133514404,0.29739078879356384,4.6124958992004395
3490,0,-4.110000133514404,0.24184775352478027,4.804173469543457
3491,0,-4.110000133514404,0.23502889275550842,4.651110649108887
3492,0,-4.110000133514404,0.23712033033370972,4.483401298522949
3493,0,-4.110000133514404,0.1937585473060608,4.67279577255249
3494,0,-4.110000133514404,0.30630436539649963,4.572346210479736
3495,0,-4.110000133514404,0.22129406034946442,4.529658317565918
3496,0,-4.110000133514404,0.24137522280216217,4.561766624450684
3497,0,-4.110000133514404,0.22868922352790833,4.5013322830200195
3498,0,-4.110000133514404,0.2060490995645523,4.6382527351379395
3499,0,-4.110000133514404,0.2140597105026245,4.695867538452148
3500,1,5.239999771118164,0.7209069132804871,5.203229904174805
3501,1,5.239999771118164,0.7208008766174316,5.200927257537842
3502,0,-5.239999771118164,0.5195314884185791,4.981222629547119
3503,0,-5.239999771118164,0.46836918592453003,4.596853256225586
3504,0,-5.239999771118164,0.551912784576416,4.689670562744141
3505,0,-5.239999771118164,0.27184921503067017,4.722349166870117
3506,0,-5.239999771118164,0.2297714352607727,4.412685394287109
3507,0,-5.239999771118164,0.29133763909339905,4.582756519317627
3508,0,-5.239999771118164,0.5842388272285461,4.5695576667785645
3509,0,-5.239999771118164,0.3001716434955597,4.4332427978515625
3510,0,-5.239999771118164,0.30877387523651123,4.56988525390625
3511,0,-5.239999771118164,0.32946714758872986,4.483190536499023
3512,0,-5.239999771118164,0.3560350835323334,4.518726825714111
3513,0,-5.239999771118164,0.1793312132358551,4.496373176574707
3514,0,-5.239999771118164,0.2518482506275177,4.480721950531006
3515,0,-5.239999771118164,0.24276307225227356,4.345624923706055
3516,0,-5.239999771118164,0.24644073843955994,4.365859031677246
3517,0,-5.239999771118164,0.2190006971359253,4.5872907638549805
3518,0,-5.239999771118164,0.18893058598041534,4.263535499572754
3519,0,-5.239999771118164,0.16365380585193634,4.436118125915527
3520,0,-5.239999771118164,0.22781679034233093,4.358888149261475
3521,1,5.269999980926514,0.7266976237297058,7.970951080322266
3522,0,-5.269999980926514,0.5007053017616272,7.5166473388671875
3523,0,-5.269999980926514,0.34040743112564087,7.059080600738525
3524,0,-5.269999980926514,0.37691909074783325,7.076325416564941
3525,0,-5.269999980926514,0.29514172673225403,6.5980682373046875
3526,0,-5.269999980926514,0.13888080418109894,6.748859882354736
3527,0,-5.269999980926514,0.19448427855968475,6.350551128387451
3528,0,-5.269999980926514,0.17523378133773804,6.323222637176514
3529,0,-5.269999980926514,0.18107761442661285,6.419184684753418
3530,0,-5.269999980926514,0.15471652150154114,6.053450107574463
3531,0,-5.269999980926514,0.20933540165424347,7.128900527954102
3532,0,-5.269999980926514,0.15648296475410461,6.307093143463135
3533,0,-5.269999980926514,0.12413886189460754,5.941625118255615
3534,0,-5.269999980926514,0.18405526876449585,5.9414238929748535
3535,0,-5.269999980926514,0.15304075181484222,6.069759845733643
3536,0,-5.269999980926514,0.1548939198255539,6.59028959274292
3537,0,-5.269999980926514,0.1604204624891281,5.334959983825684
3538,0,-5.269999980926514,0.1926974654197693,6.240359306335449
3539,0,-5.269999980926514,0.1527494490146637,5.519952774047852
3540,0,-5.269999980926514,0.16152560710906982,6.2195658683776855
3541,0,-5.269999980926514,0.15693728625774384,6.398261547088623
3542,1,5.519999980926514,0.7021032571792603,6.128034591674805
3543,1,5.519999980926514,0.7023118734359741,5.930502414703369
3544,1,5.519999980926514,0.5385594964027405,6.158923149108887
3545,0,-5.519999980926514,0.5491088032722473,5.662561416625977
3546,0,-5.519999980926514,0.5978820323944092,5.616396427154541
3547,0,-5.519999980926514,0.5221987366676331,5.367592811584473
3548,0,-5.519999980926514,0.3616386353969574,5.283377647399902
3549,0,-5.519999980926514,0.3905855119228363,5.47206449508667
3550,0,-5.519999980926514,0.3348780572414398,5.2915873527526855
3551,0,-5.519999980926514,0.5610121488571167,5.46204948425293
3552,0,-5.519999980926514,0.3402951657772064,4.888030052185059
3553,0,-5.519999980926514,0.414429634809494,5.351566314697266
3554,0,-5.519999980926514,0.3864496648311615,5.412471771240234
3555,0,-5.519999980926514,0.4363534152507782,4.980074882507324
3556,0,-5.519999980926514,0.36137789487838745,5.048850059509277
3557,0,-5.519999980926514,0.37314435839653015,4.8760528564453125
3558,0,-5.519999980926514,0.31265753507614136,5.236722469329834
3559,0,-5.519999980926514,0.4653231203556061,5.04109001159668
3560,0,-5.519999980926514,0.5088562965393066,4.853492736816406
3561,0,-5.519999980926514,0.33019518852233887,4.794373035430908
3562,0,-5.519999980926514,0.4731733500957489,5.0516486167907715
3563,1,4.119999885559082,0.5885269641876221,6.523290157318115
3564,1,4.119999885559082,0.654242992401123,6.446622848510742
3565,0,-4.119999885559082,0.5768023729324341,6.165173053741455
3566,0,-4.119999885559082,0.5807926654815674,5.835226058959961
3567,1,4.119999885559082,0.47745421528816223,6.157290935516357
3568,0,-4.119999885559082,0.5696661472320557,5.992269992828369
3569,0,-4.119999885559082,0.5360075235366821,5.794342041015625
3570,0,-4.119999885559082,0.5935667753219604,6.055234432220459
3571,0,-4.119999885559082,0.504353404045105,5.832292079925537
3572,0,-4.119999885559082,0.34583932161331177,5.599320888519287
3573,0,-4.119999885559082,0.5867356061935425,5.726294994354248
3574,0,-4.119999885559082,0.34782305359840393,5.544800758361816
3575,0,-4.119999885559082,0.5033722519874573,5.90678071975708
3576,0,-4.119999885559082,0.46530961990356445,5.539633750915527
3577,0,-4.119999885559082,0.5892476439476013,5.608109951019287
3578,0,-4.119999885559082,0.42094776034355164,5.01761531829834
3579,0,-4.119999885559082,0.5180966258049011,5.262054443359375
3580,0,-4.119999885559082,0.36814191937446594,5.668544769287109
3581,0,-4.119999885559082,0.4771091639995575,4.713782787322998
3582,0,-4.119999885559082,0.33487942814826965,5.053189277648926
3583,0,-4.119999885559082,0.4487645924091339,5.345396041870117
3584,1,5.960000038146973,0.6696496605873108,6.330232620239258
3585,1,5.960000038146973,0.6514058113098145,5.939913749694824
3586,1,5.960000038146973,0.5001824498176575,5.310423374176025
3587,1,5.960000038146973,0.4789586663246155,5.599164962768555
3588,0,-5.960000038146973,0.4571797549724579,5.568780899047852
3589,0,-5.960000038146973,0.5561953186988831,5.591475963592529
3590,0,-5.960000038146973,0.523163914680481,5.2731218338012695
3591,0,-5.960000038146973,0.6112902164459229,5.113950729370117
3592,0,-5.960000038146973,0.3921498656272888,5.312403202056885
3593,0,-5.960000038146973,0.45498910546302795,5.000620365142822
3594,0,-5.960000038146973,0.5809640884399414,5.846988677978516
3595,0,-5.960000038146973,0.5140023827552795,4.990808963775635
3596,0,-5.960000038146973,0.5245819091796875,5.068005084991455
3597,0,-5.960000038146973,0.432992160320282,4.772443771362305
3598,0,-5.960000038146973,0.5018044114112854,4.646080493927002
3599,0,-5.960000038146973,0.31104370951652527,4.823634147644043
3600,0,-5.960000038146973,0.5992340445518494,4.392643928527832
3601,0,-5.960000038146973,0.3310104310512543,4.964108943939209
3602,0,-5.960000038146973,0.20089812576770782,4.710451126098633
3603,0,-5.960000038146973,0.4475114345550537,4.441169261932373
3604,0,-5.960000038146973,0.24595952033996582,4.498592853546143
3605,1,6.679999828338623,0.5733422636985779,7.280754566192627
3606,1,6.679999828338623,0.565814197063446,7.281340599060059
3607,0,-6.679999828338623,0.4002775251865387,6.716864109039307
3608,0,-6.679999828338623,0.4250323474407196,6.707704067230225
3609,0,-6.679999828338623,0.37208032608032227,6.546353816986084
3610,0,-6.679999828338623,0.27417460083961487,6.531985759735107
3611,0,-6.679999828338623,0.37343788146972656,6.85653018951416
3612,0,-6.679999828338623,0.3676961660385132,6.527894496917725
3613,0,-6.679999828338623,0.35217273235321045,6.64081335067749
3614,0,-6.679999828338623,0.3050786852836609,6.435431003570557
3615,0,-6.679999828338623,0.2670280635356903,6.426988124847412
3616,0,-6.679999828338623,0.1831139326095581,6.569252014160156
3617,0,-6.679999828338623,0.290080189704895,6.666204452514648
3618,0,-6.679999828338623,0.38646528124809265,6.758406162261963
3619,0,-6.679999828338623,0.27432018518447876,6.527873516082764
3620,0,-6.679999828338623,0.2682444155216217,6.420834541320801
3621,0,-6.679999828338623,0.16491945087909698,6.6173906326293945
3622,0,-6.679999828338623,0.2971477508544922,6.545536041259766
3623,0,-6.679999828338623,0.252652108669281,6.463519096374512
3624,0,-6.679999828338623,0.18230268359184265,6.212942123413086
3625,0,-6.679999828338623,0.2189108431339264,6.557382583618164
3626,1,6.860000133514404,0.7381051778793335,7.085011005401611
3627,1,6.860000133514404,0.7302993535995483,7.076089859008789
3628,1,6.860000133514404,0.7383893132209778,7.129488468170166
3629,0,-6.860000133514404,0.6961053609848022,7.143587112426758
3630,0,-6.860000133514404,0.32258525490760803,5.1018500328063965
3631,0,-6.860000133514404,0.4766576588153839,5.697383880615234
3632,0,-6.860000133514404,0.2906784415245056,5.466630458831787
3633,0,-6.860000133514404,0.6149669885635376,6.738619327545166
3634,0,-6.860000133514404,0.4997282326221466,5.756103992462158
3635,0,-6.860000133514404,0.3600308299064636,5.925149440765381
3636,0,-6.860000133514404,0.5066187381744385,5.518097877502441
3637,0,-6.860000133514404,0.3926521837711334,5.242362022399902
3638,0,-6.860000133514404,0.5161929130554199,6.617605686187744
3639,0,-6.860000133514404,0.41201192140579224,4.098796844482422
3640,0,-6.860000133514404,0.37259551882743835,5.058372974395752
3641,0,-6.860000133514404,0.48756060004234314,6.558550834655762
3642,0,-6.860000133514404,0.3936506509780884,7.002232074737549
3643,0,-6.860000133514404,0.45918747782707214,6.874885082244873
3644,0,-6.860000133514404,0.2946542799472809,6.616446495056152
3645,0,-6.860000133514404,0.44998762011528015,4.354570388793945
3646,1,5.099999904632568,0.7678088545799255,4.2250823974609375
3647,1,5.099999904632568,0.7397467494010925,4.201764106750488
3648,0,-5.099999904632568,0.34489554166793823,4.197619438171387
3649,0,-5.099999904632568,0.17028845846652985,3.1339333057403564
3650,0,-5.099999904632568,0.20486494898796082,4.044013023376465
3651,0,-5.099999904632568,0.528671383857727,5.100469589233398
3652,0,-5.099999904632568,0.5893271565437317,4.015725612640381
3653,0,-5.099999904632568,0.30450671911239624,3.8192460536956787
3654,1,5.170000076293945,0.7946038246154785,5.6314496994018555
3655,0,-5.170000076293945,0.6967029571533203,4.523589134216309
3656,0,-5.170000076293945,0.7132772207260132,4.614392280578613
3657,0,-5.170000076293945,0.6152488589286804,4.399386405944824
3658,1,5.170000076293945,0.7660725116729736,5.427709102630615
3659,0,-5.170000076293945,0.7543485760688782,5.249388217926025
3660,0,-5.170000076293945,0.6228855848312378,4.2916178703308105
3661,0,-5.170000076293945,0.7583860158920288,5.479056358337402
3662,0,-5.170000076293945,0.5918583869934082,4.189910888671875
3663,0,-5.170000076293945,0.4475868344306946,4.258637428283691
3664,0,-5.170000076293945,0.7267520427703857,5.493950366973877
3665,0,-5.170000076293945,0.4563902020454407,4.128284454345703
3666,0,-5.170000076293945,0.6920791268348694,5.230142593383789
3667,0,-5.170000076293945,0.4418235421180725,4.210105895996094
3668,0,-5.170000076293945,0.6395527720451355,5.190581798553467
3669,0,-5.170000076293945,0.6879651546478271,5.446734428405762
3670,0,-5.170000076293945,0.37359029054641724,4.004487037658691
3671,0,-5.170000076293945,0.646201491355896,5.050258159637451
3672,0,-5.170000076293945,0.6194491982460022,4.340613842010498
3673,0,-5.170000076293945,0.4906757175922394,5.275234222412109
3674,0,-5.170000076293945,0.33767643570899963,4.435122966766357
3675,1,11.819999694824219,0.6234127879142761,11.031630516052246
3676,0,-11.819999694824219,0.15011650323867798,10.683259963989258
3677,1,11.819999694824219,0.14969682693481445,10.637248039245605
3678,0,-11.819999694824219,0.12367414683103561,10.37032699584961
3679,0,-11.819999694824219,0.16016435623168945,10.83393383026123
3680,0,-11.819999694824219,0.20185963809490204,10.491353988647461
3681,0,-11.819999694824219,0.13172246515750885,10.80963134765625
3682,0,-11.819999694824219,0.07751744985580444,10.23176383972168
3683,0,-11.819999694824219,0.05365563556551933,9.848958015441895
3684,0,-11.819999694824219,0.10043638944625854,10.12793254852295
3685,0,-11.819999694824219,0.13484080135822296,8.486274719238281
3686,0,-11.819999694824219,0.09947829693555832,10.424306869506836
3687,0,-11.819999694824219,0.05005786195397377,10.219462394714355
3688,0,-11.819999694824219,0.07608257234096527,10.575363159179688
3689,0,-11.819999694824219,0.052179209887981415,10.013065338134766
3690,0,-11.819999694824219,0.21128006279468536,8.027725219726562
3691,0,-11.819999694824219,0.08088326454162598,8.658995628356934
3692,0,-11.819999694824219,0.057292640209198,10.719091415405273
3693,0,-11.819999694824219,0.10296280682086945,10.426769256591797
3694,0,-11.819999694824219,0.06598714739084244,10.72812271118164
3695,0,-8.350000381469727,0.559093713760376,9.76175308227539
3696,0,-8.350000381469727,0.5127729773521423,9.773175239562988
3697,0,-8.350000381469727,0.6547548770904541,10.027161598205566
3698,0,-8.350000381469727,0.5520044565200806,9.802525520324707
3699,0,-8.350000381469727,0.47734832763671875,9.949990272521973
3700,0,-8.350000381469727,0.4454410672187805,9.831897735595703
3701,0,-8.350000381469727,0.4721883535385132,9.876384735107422
3702,0,-8.350000381469727,0.5617181658744812,10.10364818572998
3703,0,-8.350000381469727,0.36176151037216187,9.944417953491211
3704,1,8.350000381469727,0.629878580570221,10.020044326782227
3705,0,-8.350000381469727,0.46286314725875854,9.931407928466797
3706,0,-8.350000381469727,0.29120925068855286,9.884943008422852
3707,0,-8.350000381469727,0.5293229222297668,9.805068969726562
3708,0,-8.350000381469727,0.5157235860824585,9.930023193359375
3709,0,-8.350000381469727,0.5047172904014587,9.689547538757324
3710,0,-8.350000381469727,0.3542938530445099,9.623431205749512
3711,0,-8.350000381469727,0.4998109042644501,9.800068855285645
3712,1,8.350000381469727,0.6098847389221191,9.937088012695312
3713,0,-8.350000381469727,0.3742309510707855,9.789449691772461
3714,0,-8.350000381469727,0.2855754494667053,9.748553276062012
3715,1,6.630000114440918,0.6214781999588013,5.861906051635742
3716,0,-6.630000114440918,0.48094066977500916,5.848747253417969
3717,0,-6.630000114440918,0.49207717180252075,5.74248743057251
3718,0,-6.630000114440918,0.1479635238647461,5.831103801727295
3719,0,-6.630000114440918,0.15479877591133118,5.88312292098999
3720,1,6.630000114440918,0.6290659308433533,5.866410732269287
3721,0,-6.630000114440918,0.3146985173225403,5.078719139099121
3722,0,-6.630000114440918,0.4126373827457428,5.854358196258545
3723,0,-6.630000114440918,0.1397184133529663,5.674569129943848
3724,0,-6.630000114440918,0.19688884913921356,5.8292341232299805
3725,0,-6.630000114440918,0.22776934504508972,5.8012776374816895
3726,0,-6.630000114440918,0.09989488124847412,5.356988430023193
3727,0,-6.630000114440918,0.16496337950229645,5.873453140258789
3728,0,-6.630000114440918,0.2199677973985672,5.903992652893066
3729,0,-6.630000114440918,0.24244312942028046,5.805490970611572
3730,0,-6.630000114440918,0.2893967926502228,5.837966442108154
3731,0,-6.630000114440918,0.2225431203842163,5.83576774597168
3732,0,-6.630000114440918,0.2646973729133606,4.980329513549805
3733,0,-6.630000114440918,0.1709575653076172,5.806911468505859
3734,0,-6.630000114440918,0.10506440699100494,5.729443550109863
3735,1,4.099999904632568,0.6845641732215881,4.696969509124756
3736,0,-4.099999904632568,0.7323611378669739,4.638007640838623
3737,1,4.099999904632568,0.6996904015541077,4.576694011688232
3738,0,-4.099999904632568,0.7580788731575012,4.897234916687012
3739,0,-4.099999904632568,0.46558064222335815,4.609528064727783
3740,0,-4.099999904632568,0.4147936701774597,4.254701614379883
3741,0,-4.099999904632568,0.3018632233142853,4.050222873687744
3742,0,-4.099999904632568,0.3214119076728821,4.4337286949157715
3743,0,-4.099999904632568,0.2640416622161865,4.345398426055908
3744,0,-4.099999904632568,0.29244986176490784,4.318948745727539
3745,0,-4.099999904632568,0.2785419225692749,4.047426223754883
3746,0,-4.099999904632568,0.3613753318786621,4.413011074066162
3747,0,-4.099999904632568,0.24714507162570953,4.116514205932617
3748,0,-4.099999904632568,0.20980893075466156,3.7244925498962402
3749,0,-4.099999904632568,0.2148587852716446,3.7217190265655518
3750,0,-4.099999904632568,0.20432215929031372,3.623565196990967
3751,0,-4.099999904632568,0.30095338821411133,3.6800239086151123
3752,0,-4.099999904632568,0.2386021614074707,3.71895432472229
3753,0,-4.099999904632568,0.255083292722702,3.963416337966919
3754,0,-4.099999904632568,0.22627879679203033,3.6629135608673096
3755,0,-7.21999979019165,0.3237408995628357,9.049488067626953
3756,0,-7.21999979019165,0.21156908571720123,9.030838012695312
3757,1,7.21999979019165,0.6383825540542603,9.05221176147461
3758,0,-7.21999979019165,0.22483551502227783,8.96146297454834
3759,0,-7.21999979019165,0.19410376250743866,8.817438125610352
3760,1,7.21999979019165,0.33403199911117554,9.001033782958984
3761,0,-7.21999979019165,0.19387099146842957,8.163240432739258
3762,0,-7.21999979019165,0.24851343035697937,8.896659851074219
3763,0,-7.21999979019165,0.10520908981561661,9.017827987670898
3764,0,-7.21999979019165,0.07726087421178818,8.549924850463867
3765,0,-7.21999979019165,0.17891278862953186,8.850680351257324
3766,0,-7.21999979019165,0.07598266750574112,8.757978439331055
3767,0,-7.21999979019165,0.08861248940229416,8.984552383422852
3768,0,-7.21999979019165,0.12270406633615494,8.62792682647705
3769,0,-7.21999979019165,0.18455862998962402,8.882623672485352
3770,0,-7.21999979019165,0.10504242032766342,8.559343338012695
3771,0,-7.21999979019165,0.2723464071750641,8.99512767791748
3772,0,-7.21999979019165,0.08806172013282776,8.972304344177246
3773,0,-7.21999979019165,0.25821366906166077,8.074690818786621
3774,0,-7.21999979019165,0.3866887390613556,8.6251802444458
3775,1,8.720000267028809,0.6588607430458069,8.997637748718262
3776,0,-8.720000267028809,0.597476065158844,8.968402862548828
3777,0,-8.720000267028809,0.42217838764190674,9.00784683227539
3778,1,8.720000267028809,0.4142203629016876,8.65964126586914
3779,0,-8.720000267028809,0.3795417547225952,8.674957275390625
3780,1,8.720000267028809,0.4966913163661957,9.043420791625977
3781,0,-8.720000267028809,0.3222672939300537,8.561226844787598
3782,0,-8.720000267028809,0.17276109755039215,8.811199188232422
3783,0,-8.720000267028809,0.47934064269065857,8.533777236938477
3784,0,-8.720000267028809,0.41190770268440247,8.979162216186523
3785,0,-8.720000267028809,0.41941580176353455,8.895004272460938
3786,0,-8.720000267028809,0.09940145909786224,9.017739295959473
3787,0,-8.720000267028809,0.08752355724573135,8.790619850158691
3788,0,-8.720000267028809,0.09474270045757294,8.575800895690918
3789,0,-8.720000267028809,0.08811303228139877,8.78902816772461
3790,0,-8.720000267028809,0.2101294994354248,8.853111267089844
3791,0,-8.720000267028809,0.17486277222633362,8.639686584472656
3792,0,-8.720000267028809,0.11808321624994278,8.612953186035156
3793,0,-8.720000267028809,0.1372920274734497,8.033743858337402
3794,0,-8.720000267028809,0.08149482309818268,8.603256225585938
3795,0,-8.720000267028809,0.11273948103189468,8.679030418395996
3796,1,3.759999990463257,0.42878127098083496,4.83810567855835
3797,0,-3.759999990463257,0.34709829092025757,5.680235385894775
3798,0,-3.759999990463257,0.3577180504798889,5.621888637542725
3799,0,-3.759999990463257,0.4586798846721649,5.414825916290283
3800,0,-3.759999990463257,0.2595926821231842,5.347041606903076
3801,0,-3.759999990463257,0.24648244678974152,5.268642425537109
3802,0,-3.759999990463257,0.2347964197397232,5.455297470092773
3803,0,-3.759999990463257,0.19994671642780304,5.216684818267822
3804,0,-3.759999990463257,0.4135458171367645,4.852140426635742
3805,0,-3.759999990463257,0.42053794860839844,4.445043087005615
3806,0,-3.759999990463257,0.5613844990730286,5.0561370849609375
3807,0,-3.759999990463257,0.28104090690612793,5.376537799835205
3808,0,-3.759999990463257,0.19872912764549255,5.21144437789917
3809,0,-3.759999990463257,0.24945580959320068,4.705605506896973
3810,0,-3.759999990463257,0.26629042625427246,5.095710277557373
3811,0,-3.759999990463257,0.20565606653690338,4.598478317260742
3812,0,-3.759999990463257,0.1787118911743164,4.571965217590332
3813,0,-3.759999990463257,0.24346570670604706,4.355691909790039
3814,0,-3.759999990463257,0.18098855018615723,3.959948778152466
3815,0,-3.759999990463257,0.15137602388858795,3.9542384147644043
3816,0,-3.759999990463257,0.23489291965961456,4.657084941864014
3817,1,8.739999771118164,0.6509205102920532,8.698423385620117
3818,1,8.739999771118164,0.6932801604270935,8.695670127868652
3819,0,-8.739999771118164,0.21365557610988617,7.931519508361816
3820,0,-8.739999771118164,0.2008802592754364,7.315792560577393
3821,1,8.739999771118164,0.5014678835868835,8.416502952575684
3822,0,-8.739999771118164,0.22620081901550293,7.318599700927734
3823,0,-8.739999771118164,0.1793694645166397,7.19752836227417
3824,0,-8.739999771118164,0.20833203196525574,7.450440406799316
3825,0,-8.739999771118164,0.24902109801769257,7.858657360076904
3826,1,7.400000095367432,0.7639834880828857,6.900009632110596
3827,0,-7.400000095367432,0.7975025177001953,7.0986008644104
3828,1,7.400000095367432,0.7661361694335938,6.8762993812561035
3829,0,-7.400000095367432,0.5195001363754272,6.246100425720215
3830,0,-7.400000095367432,0.7781997919082642,6.9778594970703125
3831,0,-7.400000095367432,0.7870082855224609,6.571184158325195
3832,0,-7.400000095367432,0.46168285608291626,6.096368789672852
3833,0,-7.400000095367432,0.35441091656684875,6.478970527648926
3834,0,-7.400000095367432,0.2150493711233139,6.267021179199219
3835,0,-7.400000095367432,0.45870745182037354,6.320527076721191
3836,0,-7.400000095367432,0.21389013528823853,5.7887797355651855
3837,0,-7.400000095367432,0.5484338998794556,6.452522277832031
3838,0,-7.400000095367432,0.2870459258556366,6.387531280517578
3839,0,-7.400000095367432,0.1871458888053894,5.979531288146973
3840,0,-7.400000095367432,0.36796054244041443,6.635567665100098
3841,0,-7.400000095367432,0.3416832685470581,5.4395833015441895
3842,0,-7.400000095367432,0.4197249710559845,6.606617450714111
3843,0,-7.400000095367432,0.2564017176628113,5.842302322387695
3844,0,-7.400000095367432,0.27579060196876526,5.744390964508057
3845,0,-7.400000095367432,0.41474178433418274,6.695719242095947
3846,0,-7.400000095367432,0.5403963327407837,6.64015007019043
3847,1,8.399999618530273,0.8148143887519836,7.158596992492676
3848,1,8.399999618530273,0.8099067807197571,7.196585655212402
3849,0,-8.399999618530273,0.7672457098960876,7.049825668334961
3850,0,-8.399999618530273,0.44434186816215515,6.070497989654541
3851,0,-8.399999618530273,0.6526312232017517,6.303037166595459
3852,0,-8.399999618530273,0.4689231216907501,6.227416038513184
3853,0,-8.399999618530273,0.5553502440452576,6.287164688110352
3854,1,11.149999618530273,0.7826834917068481,9.305129051208496
3855,1,11.149999618530273,0.7747945189476013,9.319992065429688
3856,1,11.149999618530273,0.7206507921218872,9.00969409942627
3857,0,-11.149999618530273,0.6618981957435608,9.054187774658203
3858,0,-11.149999618530273,0.24004194140434265,8.855417251586914
3859,0,-11.149999618530273,0.28768566250801086,8.660929679870605
3860,0,-11.149999618530273,0.13870912790298462,8.334507942199707
3861,0,-11.149999618530273,0.1795617640018463,8.510468482971191
3862,0,-11.149999618530273,0.5226520895957947,9.084434509277344
3863,0,-11.149999618530273,0.28378531336784363,8.678072929382324
3864,0,-11.149999618530273,0.08330683410167694,7.591388702392578
3865,0,-11.149999618530273,0.19199217855930328,8.319522857666016
3866,0,-11.149999618530273,0.1583230346441269,7.865808963775635
3867,0,-11.149999618530273,0.17251020669937134,8.321613311767578
3868,0,-11.149999618530273,0.18267276883125305,8.118914604187012
3869,0,-11.149999618530273,0.14319615066051483,7.169146537780762
3870,0,-11.149999618530273,0.0865265429019928,7.503789901733398
3871,0,-11.149999618530273,0.15405623614788055,7.898717880249023
3872,0,-11.149999618530273,0.17873063683509827,7.887070178985596
3873,0,-11.149999618530273,0.1513822376728058,7.595334529876709
3874,0,-11.149999618530273,0.17439764738082886,7.682677268981934
3875,1,8.960000038146973,0.5378554463386536,8.03414249420166
3876,1,8.960000038146973,0.5330626368522644,8.027322769165039
3877,0,-8.960000038146973,0.44587960839271545,7.882238864898682
3878,0,-8.960000038146973,0.2815462648868561,7.784052848815918
3879,0,-8.960000038146973,0.4732166528701782,7.710699558258057
3880,0,-8.960000038146973,0.24406318366527557,7.574073314666748
3881,0,-8.960000038146973,0.25124290585517883,7.680233955383301
3882,0,-8.960000038146973,0.15126515924930573,7.3735761642456055
3883,0,-8.960000038146973,0.1414661556482315,7.386948108673096
3884,0,-8.960000038146973,0.09079638123512268,7.16185998916626
3885,0,-8.960000038146973,0.1355290561914444,7.3472208976745605
3886,0,-8.960000038146973,0.09081069380044937,7.2684760093688965
3887,0,-8.960000038146973,0.08175170421600342,6.778661727905273
3888,0,-8.960000038146973,0.09510033577680588,6.90626335144043
3889,0,-8.960000038146973,0.1850302666425705,7.638420104980469
3890,0,-8.960000038146973,0.16049304604530334,7.071704864501953
3891,0,-8.960000038146973,0.08613606542348862,6.780384063720703
3892,0,-8.960000038146973,0.10702390223741531,7.226831436157227
3893,0,-8.960000038146973,0.08138647675514221,7.011668682098389
3894,1,9.520000457763672,0.502622127532959,8.663090705871582
3895,0,-9.520000457763672,0.2228563278913498,8.508920669555664
3896,0,-9.520000457763672,0.3911319673061371,8.615968704223633
3897,0,-9.520000457763672,0.19513463973999023,8.286702156066895
3898,0,-9.520000457763672,0.16639651358127594,8.33472728729248
3899,0,-9.520000457763672,0.3385055363178253,8.865142822265625
3900,0,-9.520000457763672,0.16876119375228882,8.484042167663574
3901,0,-9.520000457763672,0.27972105145454407,8.475852012634277
3902,0,-9.520000457763672,0.22780871391296387,8.84630012512207
3903,0,-9.520000457763672,0.33396798372268677,8.922677040100098
3904,0,-9.520000457763672,0.17594078183174133,8.55615234375
3905,0,-9.520000457763672,0.2088516503572464,8.524592399597168
3906,0,-9.520000457763672,0.2887599468231201,8.727900505065918
3907,0,-9.520000457763672,0.2015412449836731,8.371529579162598
3908,0,-9.520000457763672,0.36442771553993225,8.540362358093262
3909,0,-9.520000457763672,0.3087974190711975,8.602055549621582
3910,0,-9.520000457763672,0.4721513092517853,8.348034858703613
3911,0,-9.520000457763672,0.27125462889671326,8.57852840423584
3912,0,-9.520000457763672,0.30387088656425476,8.394073486328125
3913,0,-9.520000457763672,0.18731097877025604,8.266684532165527
3914,0,-9.520000457763672,0.18136169016361237,8.387229919433594
3915,1,8.399999618530273,0.7223541736602783,8.545645713806152
3916,1,8.399999618530273,0.6978352069854736,8.65307331085205
3917,0,-8.399999618530273,0.6718609929084778,8.645697593688965
3918,0,-8.399999618530273,0.15571150183677673,7.958113670349121
3919,0,-8.399999618530273,0.09605764597654343,7.4520583152771
3920,1,8.399999618530273,0.6163226962089539,8.36783218383789
3921,0,-8.399999618530273,0.12461601197719574,8.021474838256836
3922,0,-8.399999618530273,0.06724759936332703,6.84356689453125
3923,0,-8.399999618530273,0.14792825281620026,7.73755407333374
3924,0,-8.399999618530273,0.09864136576652527,6.959311485290527
3925,0,-8.399999618530273,0.07520999014377594,7.264195442199707
3926,0,-8.399999618530273,0.08324206620454788,6.297957420349121
3927,0,-8.399999618530273,0.12595690786838531,7.1199541091918945
3928,0,-8.399999618530273,0.07912269234657288,6.833648681640625
3929,0,-8.399999618530273,0.08698927611112595,7.176240921020508
3930,0,-8.399999618530273,0.07299549877643585,6.0267744064331055
3931,0,-8.399999618530273,0.1204054057598114,6.318233013153076
3932,0,-8.399999618530273,0.1499214917421341,6.877852439880371
3933,0,-8.399999618530273,0.06706070154905319,5.630786895751953
3934,0,-8.399999618530273,0.10670962184667587,5.993208408355713
3935,0,-8.399999618530273,0.07817862927913666,5.567922115325928
3936,1,6.329999923706055,0.7851069569587708,7.809601306915283
3937,0,-6.329999923706055,0.8043157458305359,7.961609363555908
3938,0,-6.329999923706055,0.8089458346366882,7.560710906982422
3939,0,-6.329999923706055,0.7988097667694092,7.487557411193848
3940,0,-6.329999923706055,0.3184107840061188,6.463638782501221
3941,0,-6.329999923706055,0.4157252609729767,7.005378246307373
3942,0,-6.329999923706055,0.37285542488098145,6.47862434387207
3943,0,-6.329999923706055,0.606198251247406,7.048469543457031
3944,0,-6.329999923706055,0.1986534744501114,6.672773361206055
3945,0,-6.329999923706055,0.3782942295074463,7.4754719734191895
3946,0,-6.329999923706055,0.7027114629745483,7.29034948348999
3947,0,-6.329999923706055,0.46464499831199646,7.4389238357543945
3948,0,-6.329999923706055,0.2734408974647522,6.261367321014404
3949,0,-6.329999923706055,0.3399913012981415,6.623493194580078
3950,0,-6.329999923706055,0.6669662594795227,7.011802673339844
3951,0,-6.329999923706055,0.18528281152248383,6.120012283325195
3952,0,-6.329999923706055,0.3167288303375244,6.982300758361816
3953,0,-6.329999923706055,0.19782328605651855,5.9763641357421875
3954,0,-6.329999923706055,0.23629839718341827,5.888624668121338
3955,0,-6.329999923706055,0.33602726459503174,6.112146377563477
3956,0,-6.329999923706055,0.424066424369812,6.4318623542785645
3957,1,7.260000228881836,0.6314619779586792,7.739916801452637
3958,1,7.260000228881836,0.5479943156242371,7.86338472366333
3959,0,-7.260000228881836,0.3505673408508301,7.830074787139893
3960,1,7.260000228881836,0.5295004844665527,7.773588180541992
3961,0,-7.260000228881836,0.33992910385131836,7.778014659881592
3962,0,-7.260000228881836,0.2527546286582947,6.635044097900391
3963,0,-7.260000228881836,0.25077196955680847,7.198363780975342
3964,0,-7.260000228881836,0.37756362557411194,7.391598224639893
3965,0,-7.260000228881836,0.18233679234981537,6.5515666007995605
3966,0,-7.260000228881836,0.1993083655834198,5.745767116546631
3967,0,-7.260000228881836,0.26891806721687317,6.957614421844482
3968,0,-7.260000228881836,0.3976110816001892,7.159562587738037
3969,0,-7.260000228881836,0.20584240555763245,6.160953998565674
3970,0,-7.260000228881836,0.19493234157562256,6.471766948699951
3971,0,-7.260000228881836,0.28253859281539917,6.9408111572265625
3972,0,-8.050000190734863,0.05539174750447273,6.884438514709473
3973,0,-8.050000190734863,0.0756949931383133,6.904683589935303
3974,0,-8.050000190734863,0.05914761498570442,6.772784233093262
3975,0,-8.050000190734863,0.06891804188489914,6.845342636108398
3976,0,-8.050000190734863,0.06834758073091507,6.886713027954102
3977,0,-8.050000190734863,0.06123795732855797,6.860743999481201
3978,0,-8.050000190734863,0.05511321499943733,6.815446853637695
3979,0,-8.050000190734863,0.06986390054225922,6.870947360992432
3980,0,-8.050000190734863,0.06620433926582336,6.896622657775879
3981,0,-8.050000190734863,0.06090323254466057,6.715213775634766
3982,0,-8.050000190734863,0.06960554420948029,6.8267741203308105
3983,0,-8.050000190734863,0.05587591603398323,6.688817024230957
3984,0,-8.050000190734863,0.06166467070579529,6.8657331466674805
3985,0,-8.050000190734863,0.05706356465816498,6.770545959472656
3986,0,-8.050000190734863,0.07539647072553635,6.715418338775635
3987,0,-8.050000190734863,0.05903705209493637,6.826483726501465
3988,0,-8.050000190734863,0.08058138191699982,6.802458763122559
3989,0,-8.050000190734863,0.07553814351558685,6.8558759689331055
3990,0,-8.050000190734863,0.06557343155145645,6.820774078369141
3991,0,-8.050000190734863,0.0692465603351593,6.842091083526611
3992,1,4.409999847412109,0.6912550330162048,4.660550594329834
3993,1,4.409999847412109,0.6560527086257935,4.604027271270752
3994,0,-4.409999847412109,0.40315940976142883,4.255319118499756
3995,0,-4.409999847412109,0.37145185470581055,4.6074066162109375
3996,0,-4.409999847412109,0.644447922706604,4.428010940551758
3997,0,-4.409999847412109,0.41327881813049316,4.122107028961182
3998,0,-4.409999847412109,0.2708703279495239,4.155365943908691
3999,0,-4.409999847412109,0.1680152863264084,3.830557346343994
4000,0,-4.409999847412109,0.46330520510673523,3.7479357719421387
4001,0,-4.409999847412109,0.4432099759578705,4.053709983825684
4002,0,-4.409999847412109,0.28341132402420044,4.0590667724609375
4003,0,-4.409999847412109,0.31666257977485657,3.9775826930999756
4004,0,-4.409999847412109,0.16890737414360046,3.972240924835205
4005,0,-4.409999847412109,0.3534090220928192,4.103492736816406
4006,0,-4.409999847412109,0.15028321743011475,3.864948034286499
4007,0,-4.409999847412109,0.16684523224830627,4.022494316101074
4008,0,-4.409999847412109,0.20586490631103516,3.6756556034088135
4009,0,-4.409999847412109,0.17421551048755646,3.641348123550415
4010,0,-4.409999847412109,0.15185554325580597,4.232582092285156
4011,0,-4.409999847412109,0.20672106742858887,3.8991265296936035
4012,0,-4.409999847412109,0.1887499988079071,3.674189329147339
4013,1,4.889999866485596,0.6885971426963806,6.544295787811279
4014,1,4.889999866485596,0.7644184827804565,6.609791278839111
4015,0,-4.889999866485596,0.667614221572876,6.53780460357666
4016,0,-4.889999866485596,0.7091540694236755,6.930333614349365
4017,0,-4.889999866485596,0.255357563495636,4.366284370422363
4018,0,-4.889999866485596,0.3329938054084778,4.8763322830200195
4019,0,-4.889999866485596,0.22094886004924774,4.138843536376953
4020,0,-4.889999866485596,0.20153670012950897,4.0090460777282715
4021,0,-4.889999866485596,0.28121453523635864,4.370262145996094
4022,0,-4.889999866485596,0.24228693544864655,4.107305526733398
4023,0,-4.889999866485596,0.25513756275177,4.127452850341797
4024,0,-4.889999866485596,0.22329865396022797,3.9665262699127197
4025,0,-4.889999866485596,0.4008440375328064,5.926356792449951
4026,0,-4.889999866485596,0.2569638788700104,4.592182159423828
4027,0,-4.889999866485596,0.2432602047920227,4.153849124908447
4028,0,-4.889999866485596,0.2170516699552536,4.185676574707031
4029,0,-4.889999866485596,0.22390659153461456,3.9932680130004883
4030,0,-4.889999866485596,0.21579097211360931,3.892746925354004
4031,0,-4.889999866485596,0.2212369740009308,3.8624324798583984
4032,0,-4.889999866485596,0.22136540710926056,3.987809181213379
4033,0,-4.889999866485596,0.2474214881658554,4.130727767944336
4034,1,6.889999866485596,0.7041096687316895,7.194578170776367
4035,0,-6.889999866485596,0.6821052432060242,7.50970458984375
4036,1,6.889999866485596,0.70558762550354,7.183796405792236
4037,0,-6.889999866485596,0.647798478603363,7.402203559875488
4038,0,-6.889999866485596,0.7151656150817871,7.52943754196167
4039,0,-6.889999866485596,0.6757535338401794,7.526222229003906
4040,0,-6.889999866485596,0.6574967503547668,7.187814712524414
4041,0,-6.889999866485596,0.7139261960983276,7.366592884063721
4042,0,-6.889999866485596,0.5127326250076294,7.115882873535156
4043,0,-6.889999866485596,0.6275176405906677,7.339996337890625
4044,0,-6.889999866485596,0.4506871700286865,7.340541839599609
4045,0,-6.889999866485596,0.674918532371521,6.927540302276611
4046,0,-6.889999866485596,0.6357086896896362,6.636879920959473
4047,0,-6.889999866485596,0.6212128400802612,7.194519996643066
4048,0,-6.889999866485596,0.5812997817993164,6.601193428039551
4049,0,-6.889999866485596,0.4628343880176544,6.885067939758301
4050,0,-6.889999866485596,0.5852168798446655,7.132706165313721
4051,0,-6.889999866485596,0.566996157169342,7.240477561950684
4052,0,-6.889999866485596,0.5557244420051575,6.598404884338379
4053,0,-6.889999866485596,0.6155067086219788,6.288867950439453
4054,0,-6.889999866485596,0.37735888361930847,6.335154056549072
4055,1,8.359999656677246,0.5951725244522095,6.825493335723877
4056,0,-8.359999656677246,0.5491012930870056,7.217968940734863
4057,1,8.359999656677246,0.585479736328125,6.796943187713623
4058,0,-8.359999656677246,0.1373368799686432,5.9857916831970215
4059,0,-8.359999656677246,0.134198397397995,6.610262393951416
4060,0,-8.359999656677246,0.6231259107589722,6.795958995819092
4061,0,-8.359999656677246,0.1493562012910843,6.166377067565918
4062,0,-8.359999656677246,0.20114265382289886,6.886570453643799
4063,0,-8.359999656677246,0.5715728998184204,7.2466511726379395
4064,0,-8.359999656677246,0.12893377244472504,6.301586627960205
4065,1,8.359999656677246,0.42966577410697937,7.228050708770752
4066,0,-8.359999656677246,0.40769174695014954,7.115202903747559
4067,0,-8.359999656677246,0.1655261367559433,6.097912788391113
4068,0,-8.359999656677246,0.13995131850242615,6.489451885223389
4069,0,-8.359999656677246,0.10852876305580139,6.095776557922363
4070,0,-8.359999656677246,0.14629273116588593,6.416231632232666
4071,0,-8.359999656677246,0.20075219869613647,7.149755477905273
4072,0,-8.359999656677246,0.20772907137870789,6.498825550079346
4073,0,-8.359999656677246,0.16042254865169525,6.404804706573486
4074,0,-8.359999656677246,0.16701029241085052,5.748630523681641
4075,1,4.050000190734863,0.7295095324516296,6.103445529937744
4076,0,-4.050000190734863,0.7413318753242493,6.276349067687988
4077,0,-4.050000190734863,0.24434441328048706,4.561391830444336
4078,0,-4.050000190734863,0.5220212936401367,5.500333786010742
4079,0,-4.050000190734863,0.3086174428462982,4.747574806213379
4080,0,-4.050000190734863,0.2732464373111725,4.4833197593688965
4081,0,-4.050000190734863,0.24240143597126007,4.255769729614258
4082,0,-4.050000190734863,0.34881237149238586,4.588603973388672
4083,0,-4.050000190734863,0.42033663392066956,5.242925643920898
4084,0,-4.050000190734863,0.18020522594451904,4.105827331542969
4085,0,-4.050000190734863,0.54825758934021,5.5991387367248535
4086,0,-4.050000190734863,0.27454674243927,4.891255855560303
4087,0,-4.050000190734863,0.23743444681167603,4.276754379272461
4088,0,-4.050000190734863,0.16335323452949524,3.958125591278076
4089,0,-4.050000190734863,0.2458890825510025,4.5499958992004395
4090,1,6.059999942779541,0.3370065689086914,6.069553852081299
4091,0,-6.059999942779541,0.2551271617412567,5.9867262840271
4092,0,-6.059999942779541,0.40536031126976013,6.277475357055664
4093,0,-6.059999942779541,0.3921217620372772,6.412630081176758
4094,0,-6.059999942779541,0.22892920672893524,5.665694713592529
4095,0,-6.059999942779541,0.23450429737567902,5.983283519744873
4096,0,-6.059999942779541,0.16170263290405273,6.0157928466796875
4097,0,-6.059999942779541,0.1416284441947937,5.879482746124268
4098,0,-6.059999942779541,0.2479923516511917,6.211814880371094
4099,0,-6.059999942779541,0.30703434348106384,6.171802997589111
4100,0,-6.059999942779541,0.203727126121521,5.98795223236084
4101,0,-6.059999942779541,0.2703310549259186,5.996438503265381
4102,0,-6.059999942779541,0.22209757566452026,6.024507999420166
4103,0,-6.059999942779541,0.2702864408493042,5.977056503295898
4104,0,-6.059999942779541,0.34590595960617065,6.118361473083496
4105,0,-6.059999942779541,0.17723935842514038,5.791209697723389
4106,0,-6.059999942779541,0.27030137181282043,6.130889892578125
4107,0,-6.059999942779541,0.14488601684570312,5.939085960388184
4108,0,-6.059999942779541,0.13444900512695312,5.435726642608643
4109,0,-6.059999942779541,0.25988227128982544,6.3927321434021
4110,0,-6.059999942779541,0.17600113153457642,6.003927707672119
4111,1,5.599999904632568,0.6599352955818176,7.295064926147461
4112,0,-5.599999904632568,0.4964507818222046,7.625417709350586
4113,0,-5.599999904632568,0.295017272233963,6.925987243652344
4114,0,-5.599999904632568,0.3515748381614685,7.066508769989014
4115,0,-5.599999904632568,0.22334051132202148,7.261288166046143
4116,0,-5.599999904632568,0.25139325857162476,6.888245582580566
4117,0,-5.599999904632568,0.35309872031211853,7.414927005767822
4118,0,-5.599999904632568,0.11134860664606094,5.868867874145508
4119,0,-5.599999904632568,0.21697908639907837,6.729716777801514
4120,0,-5.599999904632568,0.18308623135089874,6.5380167961120605
4121,0,-5.599999904632568,0.3518810570240021,7.552567958831787
4122,0,-5.599999904632568,0.16565969586372375,6.188895225524902
4123,0,-5.599999904632568,0.14076825976371765,6.053684711456299
4124,0,-5.599999904632568,0.15635192394256592,6.490449905395508
4125,0,-5.599999904632568,0.1018640398979187,5.135922431945801
4126,0,-5.599999904632568,0.19333304464817047,6.159826278686523
4127,0,-5.599999904632568,0.18432371318340302,6.060596942901611
4128,0,-5.599999904632568,0.14292310178279877,5.753746509552002
4129,0,-5.599999904632568,0.14447911083698273,5.802877902984619
4130,0,-5.599999904632568,0.1519395411014557,6.137624740600586
4131,0,-5.599999904632568,0.18231824040412903,6.75159215927124
4132,1,5.440000057220459,0.8153632879257202,7.011385440826416
4133,1,5.440000057220459,0.814063549041748,7.000621318817139
4134,0,-5.440000057220459,0.7113113403320312,6.846314430236816
4135,1,5.440000057220459,0.6029881834983826,6.626355171203613
4136,0,-5.440000057220459,0.46690478920936584,6.089062690734863
4137,1,9.550000190734863,0.6027938723564148,9.279548645019531
4138,0,-9.550000190734863,0.21020810306072235,8.669209480285645
4139,0,-9.550000190734863,0.34041136503219604,8.961018562316895
4140,0,-9.550000190734863,0.37029901146888733,9.727134704589844
4141,0,-9.550000190734863,0.16362503170967102,8.685858726501465
4142,0,-9.550000190734863,0.3093142509460449,9.231358528137207
4143,0,-9.550000190734863,0.31880295276641846,8.99271011352539
4144,0,-9.550000190734863,0.2655688226222992,8.71816349029541
4145,0,-9.550000190734863,0.24238771200180054,9.207555770874023
4146,0,-9.550000190734863,0.2055804431438446,8.784974098205566
4147,0,-9.550000190734863,0.2188342958688736,8.751895904541016
4148,0,-9.550000190734863,0.18007473647594452,9.363330841064453
4149,0,-9.550000190734863,0.27226346731185913,9.055164337158203
4150,0,-9.550000190734863,0.1203177347779274,8.547554016113281
4151,0,-9.550000190734863,0.1505444347858429,8.79541015625
4152,0,-9.550000190734863,0.16523012518882751,8.51116943359375
4153,0,-9.550000190734863,0.09316780418157578,9.678836822509766
4154,0,-9.550000190734863,0.24252933263778687,9.2709321975708
4155,1,8.720000267028809,0.7201138734817505,8.11430835723877
4156,1,8.720000267028809,0.7198399901390076,8.121297836303711
4157,1,8.720000267028809,0.7444642186164856,7.996514320373535
4158,0,-8.720000267028809,0.44365793466567993,7.823098182678223
4159,0,-8.720000267028809,0.40868449211120605,7.026958465576172
4160,0,-8.720000267028809,0.19383272528648376,7.444084167480469
4161,0,-8.720000267028809,0.16901236772537231,7.284553050994873
4162,0,-8.720000267028809,0.17595738172531128,7.669925212860107
4163,0,-8.720000267028809,0.13776078820228577,7.3690924644470215
4164,0,-8.720000267028809,0.1724635362625122,8.3536958694458
4165,0,-8.720000267028809,0.2923049032688141,6.959826946258545
4166,0,-8.720000267028809,0.18935607373714447,7.643274307250977
4167,0,-8.720000267028809,0.1555185467004776,6.373311519622803
4168,0,-8.720000267028809,0.12497246265411377,6.5435638427734375
4169,0,-8.720000267028809,0.14478115737438202,7.116044044494629
4170,1,9.720000267028809,0.7600879669189453,9.576299667358398
4171,1,9.720000267028809,0.6752423048019409,9.557775497436523
4172,0,-9.720000267028809,0.4537349045276642,9.449536323547363
4173,0,-9.720000267028809,0.49732503294944763,9.467159271240234
4174,0,-9.720000267028809,0.08939613401889801,8.90917682647705
4175,0,-9.720000267028809,0.20157761871814728,9.27250862121582
4176,0,-9.720000267028809,0.40206772089004517,8.51097297668457
4177,0,-9.720000267028809,0.4218299686908722,8.345747947692871
4178,1,5.150000095367432,0.7973963618278503,5.793063640594482
4179,1,5.150000095367432,0.7971984148025513,5.788849830627441
4180,0,-5.150000095367432,0.546118438243866,5.152365684509277
4181,0,-5.150000095367432,0.41089677810668945,5.478813648223877
4182,0,-5.150000095367432,0.3179114758968353,5.1201252937316895
4183,0,-5.150000095367432,0.3182692229747772,5.126915454864502
4184,0,-5.150000095367432,0.2874075174331665,5.3159565925598145
4185,0,-5.150000095367432,0.28449317812919617,5.284322261810303
4186,0,-5.150000095367432,0.2373308539390564,5.056372165679932
4187,0,-5.150000095367432,0.30643230676651,5.222387790679932
4188,0,-5.150000095367432,0.2576882541179657,5.058841705322266
4189,0,-5.150000095367432,0.30436185002326965,5.633871078491211
4190,0,-5.150000095367432,0.3893296420574188,5.0217366218566895
4191,0,-5.150000095367432,0.26331788301467896,4.9747419357299805
4192,0,-5.150000095367432,0.2825380563735962,5.2017130851745605
4193,0,-5.150000095367432,0.43151071667671204,5.617631435394287
4194,0,-5.150000095367432,0.23845815658569336,5.017410755157471
4195,0,-5.150000095367432,0.34220296144485474,4.750511169433594
4196,0,-5.150000095367432,0.3951435983181,5.3705735206604
4197,0,-5.150000095367432,0.25793805718421936,5.560988903045654
4198,0,-7.159999847412109,0.5414453744888306,5.742495536804199
4199,0,-7.159999847412109,0.6269457340240479,6.707421779632568
4200,0,-7.159999847412109,0.7006203532218933,6.039463996887207
4201,1,6.019999980926514,0.837814211845398,7.017323017120361
4202,1,6.019999980926514,0.841026782989502,7.096303462982178
4203,1,6.019999980926514,0.8408671617507935,7.094578742980957
4204,1,6.019999980926514,0.837278425693512,7.001331806182861
4205,1,6.019999980926514,0.767453134059906,6.478757381439209
4206,1,6.019999980926514,0.6488757133483887,6.166682720184326
4207,0,-6.019999980926514,0.8101574778556824,7.181730270385742
4208,0,-4.190000057220459,0.661985456943512,5.63300085067749
4209,0,-4.190000057220459,0.6264760494232178,5.842016220092773
4210,0,-4.190000057220459,0.6194632649421692,5.738222599029541
4211,0,-4.190000057220459,0.5174651741981506,5.533988952636719
4212,1,6.320000171661377,0.5102619528770447,6.968384742736816
4213,1,6.320000171661377,0.5215057730674744,6.968216896057129
4214,1,6.320000171661377,0.5328180193901062,6.863658905029297
4215,0,-6.320000171661377,0.40508076548576355,6.839407920837402
4216,0,-6.320000171661377,0.33291658759117126,6.844457149505615
4217,0,-6.320000171661377,0.2784578204154968,6.588999271392822
4218,0,-6.320000171661377,0.3952615559101105,6.661744117736816
4219,0,-6.320000171661377,0.17768995463848114,6.705395221710205
4220,0,-6.320000171661377,0.3513328433036804,6.736777305603027
4221,1,5.099999904632568,0.47562164068222046,5.052093029022217
4222,0,-5.099999904632568,0.23962606489658356,6.378905296325684
4223,0,-5.099999904632568,0.2672208249568939,5.513695240020752
4224,0,-5.099999904632568,0.24265289306640625,6.2519683837890625
4225,0,-5.099999904632568,0.219313383102417,5.9026312828063965
4226,0,-5.099999904632568,0.3491082191467285,4.827722549438477
4227,0,-5.099999904632568,0.2453896701335907,5.708591461181641
4228,0,-5.099999904632568,0.3600231111049652,6.144848823547363
4229,0,-5.099999904632568,0.22048261761665344,5.246737003326416
4230,0,-5.099999904632568,0.2772544324398041,4.606797218322754
4231,0,-5.099999904632568,0.3420730531215668,4.870059013366699
4232,0,-5.099999904632568,0.26051414012908936,5.292757987976074
4233,0,-5.099999904632568,0.48332980275154114,5.139348983764648
4234,0,-5.099999904632568,0.18783089518547058,4.993560791015625
4235,0,-5.099999904632568,0.2367354780435562,5.2790141105651855
4236,0,-5.099999904632568,0.22874121367931366,5.8713765144348145
4237,0,-5.099999904632568,0.22682657837867737,4.6222405433654785
4238,0,-5.099999904632568,0.24726657569408417,4.669962406158447
4239,0,-5.099999904632568,0.23601046204566956,4.49134635925293
4240,0,-5.099999904632568,0.22419629991054535,4.563967704772949
4241,0,-5.099999904632568,0.25674453377723694,4.692442893981934
4242,1,7.960000038146973,0.6902980804443359,7.085929870605469
4243,1,7.960000038146973,0.6504929065704346,7.015023231506348
4244,1,7.960000038146973,0.6166535019874573,6.953947067260742
4245,1,7.960000038146973,0.6091517806053162,6.8758134841918945
4246,0,-7.960000038146973,0.49619758129119873,6.92428731918335
4247,0,-7.960000038146973,0.20668961107730865,6.400163173675537
4248,0,-7.960000038146973,0.7247462272644043,6.752167701721191
4249,0,-7.960000038146973,0.20138545334339142,6.426419734954834
4250,0,-7.960000038146973,0.17793163657188416,6.413177490234375
4251,0,-7.960000038146973,0.22163458168506622,6.434100151062012
4252,0,-7.960000038146973,0.6157628297805786,6.644769191741943
4253,0,-7.960000038146973,0.4731498062610626,6.659660339355469
4254,0,-7.960000038146973,0.1513470560312271,6.21290922164917
4255,0,-7.960000038146973,0.17044734954833984,6.488126277923584
4256,0,-7.960000038146973,0.1911366581916809,6.094757080078125
4257,1,4.849999904632568,0.685083270072937,5.795683860778809
4258,1,4.849999904632568,0.6261518001556396,5.6316046714782715
4259,0,-4.849999904632568,0.4912620186805725,5.278986930847168
4260,0,-4.849999904632568,0.48042193055152893,5.118627548217773
4261,0,-4.849999904632568,0.23884236812591553,5.014641284942627
4262,0,-4.849999904632568,0.30190423130989075,4.923459053039551
4263,0,-4.849999904632568,0.21736328303813934,4.497063636779785
4264,0,-4.849999904632568,0.2393033802509308,4.788084983825684
4265,0,-4.849999904632568,0.22485414147377014,4.451935768127441
4266,0,-4.849999904632568,0.1806757152080536,4.401432991027832
4267,0,-4.849999904632568,0.1955304890871048,4.759006977081299
4268,0,-4.849999904632568,0.1598922461271286,4.214692115783691
4269,0,-4.849999904632568,0.48959365487098694,5.4512224197387695
4270,0,-4.849999904632568,0.17509841918945312,4.1280951499938965
4271,0,-4.849999904632568,0.2440088391304016,4.973638534545898
4272,0,-4.849999904632568,0.22065278887748718,4.815626621246338
4273,0,-4.849999904632568,0.3924989700317383,4.849863052368164
4274,0,-4.849999904632568,0.15036582946777344,4.314328193664551
4275,0,-4.849999904632568,0.14253264665603638,4.337769031524658
4276,0,-4.849999904632568,0.1958247870206833,4.290013313293457
4277,0,-4.849999904632568,0.14261694252490997,4.059225559234619
4278,1,6.110000133514404,0.5325524210929871,7.403738975524902
4279,1,6.110000133514404,0.6564395427703857,7.426384925842285
4280,1,6.110000133514404,0.6662607789039612,7.428493499755859
4281,0,-6.110000133514404,0.16364750266075134,7.106130123138428
4282,0,-6.110000133514404,0.16434799134731293,7.113647937774658
4283,0,-6.110000133514404,0.08406665176153183,7.177231788635254
4284,0,-6.110000133514404,0.6656166315078735,7.240071773529053
4285,0,-6.110000133514404,0.6613671779632568,7.253305435180664
4286,0,-6.110000133514404,0.08394867181777954,7.1916890144348145
4287,1,6.110000133514404,0.3857871890068054,7.260795593261719
4288,0,-6.110000133514404,0.22363929450511932,7.218166351318359
4289,0,-6.110000133514404,0.059137437492609024,7.093478202819824
4290,0,-6.110000133514404,0.21230722963809967,7.146737098693848
4291,0,-6.110000133514404,0.05863495171070099,7.32956075668335
4292,0,-6.110000133514404,0.05899789184331894,7.339098930358887
4293,0,-6.110000133514404,0.055629976093769073,7.08602237701416
4294,0,-6.110000133514404,0.26015931367874146,7.350337505340576
4295,0,-6.110000133514404,0.10545070469379425,7.1481475830078125
4296,1,5.570000171661377,0.5124160051345825,7.227630138397217
4297,1,5.570000171661377,0.4989604949951172,7.074372291564941
4298,0,-5.570000171661377,0.3495924174785614,6.6154465675354
4299,0,-5.570000171661377,0.49875518679618835,6.992539882659912
4300,0,-5.570000171661377,0.16946518421173096,6.547492027282715
4301,0,-5.570000171661377,0.3849981129169464,6.417586803436279
4302,0,-5.570000171661377,0.1697535663843155,7.046364784240723
4303,0,-5.570000171661377,0.19653014838695526,7.011691570281982
4304,0,-5.570000171661377,0.27647536993026733,5.882894515991211
4305,0,-5.570000171661377,0.2104303389787674,6.8782148361206055
4306,0,-5.570000171661377,0.19996577501296997,7.296178817749023
4307,0,-5.570000171661377,0.206470787525177,6.332367897033691
4308,0,-5.570000171661377,0.19778122007846832,6.643857955932617
4309,0,-5.570000171661377,0.14815488457679749,6.2788615226745605
4310,0,-5.570000171661377,0.12139066308736801,6.228034496307373
4311,0,-5.570000171661377,0.11769803613424301,7.006920337677002
4312,0,-5.570000171661377,0.20386047661304474,6.1974358558654785
4313,0,-5.570000171661377,0.137975811958313,6.7692179679870605
4314,0,-5.570000171661377,0.10231427848339081,6.7317376136779785
4315,0,-5.570000171661377,0.27414941787719727,5.922024250030518
4316,0,-5.570000171661377,0.15523706376552582,6.352041721343994
4317,1,6.019999980926514,0.6018216013908386,7.850701332092285
4318,1,6.019999980926514,0.6042647957801819,7.855180263519287
4319,0,-6.019999980926514,0.17239856719970703,7.4943742752075195
4320,0,-6.019999980926514,0.1402978003025055,7.4322357177734375
4321,0,-6.019999980926514,0.12361082434654236,6.821086883544922
4322,0,-6.019999980926514,0.5573087930679321,7.152592658996582
4323,0,-6.019999980926514,0.3274301290512085,6.477114677429199
4324,0,-6.019999980926514,0.26342806220054626,6.765438556671143
4325,0,-6.019999980926514,0.21837009489536285,7.575819969177246
4326,0,-6.019999980926514,0.2575007379055023,7.685212135314941
4327,0,-6.019999980926514,0.0941862240433693,6.625104904174805
4328,0,-6.019999980926514,0.12776125967502594,6.590565204620361
4329,0,-6.019999980926514,0.09614352136850357,6.630810737609863
4330,0,-6.019999980926514,0.19974273443222046,7.361670970916748
4331,0,-6.019999980926514,0.1598564237356186,7.174495697021484
4332,0,-6.019999980926514,0.0980246290564537,6.995709419250488
4333,0,-7.800000190734863,0.19257612526416779,5.921938419342041
4334,0,-7.800000190734863,0.24402670562267303,5.978906631469727
4335,0,-7.800000190734863,0.31053629517555237,6.426995754241943
4336,0,-7.800000190734863,0.3866864740848541,6.001096725463867
4337,0,-7.800000190734863,0.08896733075380325,5.546552658081055
4338,0,-7.800000190734863,0.13095439970493317,5.827024936676025
4339,0,-7.800000190734863,0.11722570657730103,5.856402397155762
4340,0,-7.800000190734863,0.21905933320522308,6.289594650268555
4341,0,-7.800000190734863,0.14475995302200317,5.857895374298096
4342,0,-7.800000190734863,0.16117338836193085,5.834198474884033
4343,0,-7.800000190734863,0.44903674721717834,6.3844451904296875
4344,0,-7.800000190734863,0.23435764014720917,5.857330799102783
4345,0,-7.800000190734863,0.48123881220817566,6.628873348236084
4346,0,-7.800000190734863,0.12462163716554642,6.079595565795898
4347,0,-7.800000190734863,0.19521526992321014,5.81286096572876
4348,0,-7.800000190734863,0.07502296566963196,5.595595359802246
4349,0,-7.800000190734863,0.17489831149578094,5.863537311553955
4350,0,-7.800000190734863,0.13339011371135712,6.024771213531494
4351,0,-7.800000190734863,0.5571271777153015,6.893239498138428
4352,0,-7.800000190734863,0.23385144770145416,6.2121381759643555
4353,1,2.4000000953674316,0.5296406745910645,4.646157741546631
4354,0,-2.4000000953674316,0.4263780117034912,4.633447647094727
4355,0,-2.4000000953674316,0.3650393784046173,4.741949081420898
4356,0,-2.4000000953674316,0.30209651589393616,4.742982387542725
4357,0,-2.4000000953674316,0.5187085866928101,4.959712505340576
4358,0,-2.4000000953674316,0.31585463881492615,4.7081804275512695
4359,0,-2.4000000953674316,0.37409520149230957,4.7203874588012695
4360,0,-2.4000000953674316,0.37581658363342285,4.819262504577637
4361,0,-2.4000000953674316,0.3498988449573517,4.51439094543457
4362,0,-2.4000000953674316,0.34984108805656433,4.674824237823486
4363,0,-2.4000000953674316,0.4679485261440277,4.64842414855957
4364,0,-2.4000000953674316,0.2525012195110321,4.50849723815918
4365,0,-2.4000000953674316,0.2399410605430603,4.461838245391846
4366,0,-2.4000000953674316,0.2211008220911026,4.424778461456299
4367,0,-2.4000000953674316,0.28143471479415894,4.560213088989258
4368,0,-2.4000000953674316,0.18707813322544098,4.450925827026367
4369,0,-2.4000000953674316,0.4599762558937073,4.6039838790893555
4370,0,-2.4000000953674316,0.20581556856632233,4.460729598999023
4371,0,-2.4000000953674316,0.37465324997901917,4.7720232009887695
4372,0,-2.4000000953674316,0.317717969417572,4.278207778930664
4373,0,-2.4000000953674316,0.33343586325645447,4.4482574462890625
4374,1,3.5799999237060547,0.7791086435317993,6.042203903198242
4375,0,-3.5799999237060547,0.7922511100769043,6.109980583190918
4376,0,-3.5799999237060547,0.7911204099655151,6.158552169799805
4377,0,-3.5799999237060547,0.6804206371307373,5.558924674987793
4378,0,-3.5799999237060547,0.5228433012962341,5.010090351104736
4379,0,-3.5799999237060547,0.34098589420318604,4.742621421813965
4380,0,-3.5799999237060547,0.36374378204345703,4.885441780090332
4381,0,-3.5799999237060547,0.4561871290206909,5.059507369995117
4382,0,-3.5799999237060547,0.47430798411369324,5.005499839782715
4383,0,-3.5799999237060547,0.25930336117744446,4.7327985763549805
4384,0,-3.5799999237060547,0.14707911014556885,4.630565643310547
4385,0,-3.5799999237060547,0.1534970998764038,4.591810703277588
4386,0,-3.5799999237060547,0.15746302902698517,4.618259429931641
4387,0,-3.5799999237060547,0.18991152942180634,4.661858081817627
4388,0,-3.5799999237060547,0.17917709052562714,4.996186256408691
4389,0,-3.5799999237060547,0.2349725067615509,4.8250861167907715
4390,0,-3.5799999237060547,0.17324239015579224,4.617404937744141
4391,0,-3.5799999237060547,0.16784979403018951,4.41975212097168
4392,1,6.820000171661377,0.7595807909965515,5.996762752532959
4393,0,-6.820000171661377,0.7674646973609924,5.636815071105957
4394,0,-6.820000171661377,0.19787006080150604,3.8891687393188477
4395,0,-6.820000171661377,0.24951468408107758,4.161717414855957
4396,0,-6.820000171661377,0.21096526086330414,4.050830841064453
4397,0,-6.820000171661377,0.37529611587524414,4.413244724273682
4398,0,-6.820000171661377,0.1904808133840561,3.991683006286621
4399,0,-6.820000171661377,0.1406807154417038,4.038055419921875
4400,0,-6.820000171661377,0.3084718883037567,4.231175422668457
4401,0,-6.820000171661377,0.26891112327575684,4.46933126449585
4402,0,-6.820000171661377,0.13431604206562042,4.062131404876709
4403,0,-6.820000171661377,0.14528042078018188,3.999892234802246
4404,0,-6.820000171661377,0.21277455985546112,4.119936943054199
4405,0,-6.820000171661377,0.13508258759975433,3.996547222137451
4406,0,-6.820000171661377,0.13134410977363586,3.771610736846924
4407,0,-6.820000171661377,0.13191449642181396,3.8722422122955322
4408,0,-6.820000171661377,0.217729851603508,4.00640344619751
4409,0,-6.820000171661377,0.13715362548828125,3.983799457550049
4410,0,-6.820000171661377,0.23466359078884125,4.258384704589844
4411,0,-6.820000171661377,0.13444563746452332,4.010010719299316
4412,0,-6.820000171661377,0.33096814155578613,4.276947021484375
4413,1,7.090000152587891,0.6552113890647888,8.410537719726562
4414,0,-7.090000152587891,0.44215065240859985,8.57030963897705
4415,0,-7.090000152587891,0.18101245164871216,8.341340065002441
4416,0,-7.090000152587891,0.18595504760742188,8.274964332580566
4417,0,-7.090000152587891,0.22417975962162018,8.212520599365234
4418,0,-7.090000152587891,0.18975308537483215,8.218422889709473
4419,0,-7.090000152587891,0.23353365063667297,8.26736068725586
4420,0,-7.090000152587891,0.15835034847259521,8.357295989990234
4421,0,-7.090000152587891,0.2581281065940857,8.3533935546875
4422,0,-7.090000152587891,0.3369846045970917,8.437384605407715
4423,0,-7.090000152587891,0.20356698334217072,8.307010650634766
4424,0,-7.090000152587891,0.22580021619796753,8.368539810180664
4425,0,-7.090000152587891,0.1108381599187851,8.427953720092773
4426,0,-7.090000152587891,0.17248786985874176,8.399394035339355
4427,0,-7.090000152587891,0.39212092757225037,8.509522438049316
4428,0,-7.090000152587891,0.1563757061958313,7.56509256362915
4429,0,-7.090000152587891,0.555273711681366,8.534892082214355
4430,0,-7.090000152587891,0.10798542946577072,8.129405975341797
4431,0,-7.090000152587891,0.15824145078659058,8.192517280578613
4432,0,-7.090000152587891,0.14262959361076355,8.311273574829102
4433,0,-7.090000152587891,0.24707481265068054,8.253185272216797
4434,1,8.479999542236328,0.4751591384410858,6.96491813659668
4435,1,8.479999542236328,0.46090537309646606,6.811720371246338
4436,0,-8.479999542236328,0.2297111302614212,6.384426593780518
4437,0,-8.479999542236328,0.23221376538276672,6.605869770050049
4438,0,-8.479999542236328,0.41945329308509827,6.932044982910156
4439,0,-8.479999542236328,0.08917038887739182,5.530283451080322
4440,0,-8.479999542236328,0.0983186587691307,5.599052429199219
4441,0,-8.479999542236328,0.32520702481269836,6.377345561981201
4442,0,-8.479999542236328,0.1929451823234558,6.2787322998046875
4443,0,-8.479999542236328,0.1628345400094986,6.04899787902832
4444,0,-8.479999542236328,0.11462678015232086,5.787327766418457
4445,0,-8.479999542236328,0.15991897881031036,6.959343433380127
4446,0,-8.479999542236328,0.10272026807069778,7.095156192779541
4447,0,-8.479999542236328,0.1448812186717987,5.905261039733887
4448,1,8.300000190734863,0.5222161412239075,8.70059871673584
4449,0,-8.300000190734863,0.34608194231987,8.176329612731934
4450,0,-8.300000190734863,0.2860991358757019,8.387113571166992
4451,0,-8.300000190734863,0.2145536094903946,8.403261184692383
4452,0,-8.300000190734863,0.19315160810947418,8.511815071105957
4453,0,-8.300000190734863,0.10099384188652039,8.306119918823242
4454,0,-8.300000190734863,0.15660437941551208,8.473093032836914
4455,0,-8.300000190734863,0.24513614177703857,8.208508491516113
4456,0,-8.300000190734863,0.12846435606479645,8.115324020385742
4457,0,-8.300000190734863,0.19512833654880524,8.539292335510254
4458,0,-8.300000190734863,0.19637884199619293,8.148449897766113
4459,0,-8.300000190734863,0.33537620306015015,8.125752449035645
4460,0,-8.300000190734863,0.0844360813498497,8.47630500793457
4461,0,-8.300000190734863,0.22565411031246185,7.668636322021484
4462,0,-8.300000190734863,0.22951465845108032,8.550861358642578
4463,0,-8.300000190734863,0.1877368539571762,8.490937232971191
4464,0,-8.300000190734863,0.3196084499359131,8.143065452575684
4465,0,-8.300000190734863,0.09733597189188004,7.881410121917725
4466,0,-8.300000190734863,0.16230036318302155,8.517666816711426
4467,0,-8.300000190734863,0.12980006635189056,8.12830924987793
4468,0,-8.300000190734863,0.10927987098693848,7.980370044708252
4469,1,10.300000190734863,0.7555381059646606,8.643521308898926
4470,1,10.300000190734863,0.7510029673576355,8.6522216796875
4471,0,-10.300000190734863,0.6153990626335144,8.226263046264648
4472,0,-10.300000190734863,0.6693337559700012,8.678634643554688
4473,1,4.760000228881836,0.45106905698776245,4.896468162536621
4474,0,-4.760000228881836,0.3517782390117645,5.269023895263672
4475,0,-4.760000228881836,0.32764723896980286,4.961308479309082
4476,0,-4.760000228881836,0.33244195580482483,4.988653659820557
4477,0,-4.760000228881836,0.315530002117157,5.158291339874268
4478,0,-4.760000228881836,0.30978184938430786,5.0649237632751465
4479,0,-4.760000228881836,0.29365429282188416,4.37237548828125
4480,1,4.760000228881836,0.4725567102432251,5.056854248046875
4481,0,-4.760000228881836,0.2604389786720276,4.124937057495117
4482,0,-4.760000228881836,0.2525849938392639,4.369271278381348
4483,0,-4.760000228881836,0.16324856877326965,3.8455374240875244
4484,0,-4.760000228881836,0.18816494941711426,3.8652336597442627
4485,0,-4.760000228881836,0.1848125159740448,4.629014492034912
4486,0,-4.760000228881836,0.14979098737239838,3.8967947959899902
4487,0,-4.760000228881836,0.24392016232013702,4.27604866027832
4488,0,-4.760000228881836,0.20833437144756317,3.995034694671631
4489,0,-4.760000228881836,0.12821923196315765,4.156026840209961
4490,0,-4.760000228881836,0.19133584201335907,3.998513698577881
4491,0,-4.760000228881836,0.17289316654205322,4.525217533111572
4492,0,-4.760000228881836,0.29569917917251587,5.259036064147949
4493,1,5.960000038146973,0.7030170559883118,7.195986747741699
4494,1,5.960000038146973,0.6995422840118408,7.203007221221924
4495,0,-5.960000038146973,0.345285028219223,6.345484256744385
4496,0,-5.960000038146973,0.7044699192047119,7.288463592529297
4497,0,-5.960000038146973,0.2198774218559265,5.693953990936279
4498,0,-5.960000038146973,0.2103426307439804,5.5042266845703125
4499,0,-5.960000038146973,0.17447201907634735,5.392271518707275
4500,0,-5.960000038146973,0.4195708632469177,6.272122859954834
4501,0,-5.960000038146973,0.20605114102363586,5.609771251678467
4502,0,-5.960000038146973,0.12559431791305542,5.068955421447754
4503,0,-5.960000038146973,0.09572983533143997,4.80198860168457
4504,0,-5.960000038146973,0.0874359980225563,5.087950229644775
4505,0,-5.960000038146973,0.6083797216415405,6.7868828773498535
4506,0,-5.960000038146973,0.13352380692958832,5.738781452178955
4507,0,-5.960000038146973,0.2746812105178833,5.8705949783325195
4508,0,-5.960000038146973,0.1302969753742218,5.132332801818848
4509,0,-5.960000038146973,0.15037424862384796,5.048555850982666
4510,0,-5.960000038146973,0.07226406782865524,4.840330600738525
4511,0,-5.960000038146973,0.48406514525413513,6.311636447906494
4512,0,-5.960000038146973,0.6296557784080505,6.836491584777832
4513,0,-5.960000038146973,0.09915117919445038,4.785655975341797
4514,0,-7.320000171661377,0.0660625770688057,8.771414756774902
4515,1,7.320000171661377,0.21261459589004517,8.739510536193848
4516,0,-7.320000171661377,0.0675768107175827,8.495315551757812
4517,0,-7.320000171661377,0.23207777738571167,8.846869468688965
4518,0,-7.320000171661377,0.056970592588186264,8.439005851745605
4519,0,-7.320000171661377,0.18703778088092804,8.844402313232422
4520,0,-7.320000171661377,0.10926853120326996,8.365885734558105
4521,0,-7.320000171661377,0.0717015340924263,8.989200592041016
4522,0,-7.320000171661377,0.2610969543457031,8.753593444824219
4523,0,-7.320000171661377,0.17627684772014618,8.610418319702148
4524,0,-7.320000171661377,0.1909957230091095,8.835516929626465
4525,0,-7.320000171661377,0.08157869428396225,8.822075843811035
4526,0,-7.320000171661377,0.21195624768733978,8.793875694274902
4527,0,-7.320000171661377,0.1558062583208084,8.571098327636719
4528,0,-7.320000171661377,0.05997311323881149,8.809283256530762
4529,0,-7.320000171661377,0.12795275449752808,8.611409187316895
4530,0,-7.320000171661377,0.05937498062849045,8.362792015075684
4531,0,-7.320000171661377,0.10265861451625824,8.708515167236328
4532,0,-7.320000171661377,0.13572447001934052,8.659263610839844
4533,0,-7.320000171661377,0.07745731621980667,8.745316505432129
4534,1,6.300000190734863,0.7434945702552795,6.927660942077637
4535,0,-6.300000190734863,0.71337890625,6.421636581420898
4536,0,-6.300000190734863,0.7106075882911682,6.984289169311523
4537,0,-6.300000190734863,0.6770895719528198,6.796045303344727
4538,0,-6.300000190734863,0.650114893913269,7.106245040893555
4539,0,-6.300000190734863,0.6520857214927673,6.662811279296875
4540,1,6.300000190734863,0.7192419171333313,6.89762020111084
4541,0,-6.300000190734863,0.6822344064712524,7.465784072875977
4542,0,-6.300000190734863,0.5374916195869446,6.396651744842529
4543,1,6.300000190734863,0.6740387082099915,6.922909736633301
4544,0,-6.300000190734863,0.7408045530319214,7.072803497314453
4545,0,-6.300000190734863,0.44479504227638245,6.99183988571167
4546,0,-6.300000190734863,0.2710820138454437,6.139089584350586
4547,0,-6.300000190734863,0.44802483916282654,6.066157341003418
4548,0,-6.300000190734863,0.6156740784645081,7.409284591674805
4549,0,-6.300000190734863,0.601963996887207,6.9409990310668945
4550,0,-6.300000190734863,0.4611380100250244,6.881616115570068
4551,0,-6.300000190734863,0.6743155717849731,7.250091552734375
4552,0,-6.300000190734863,0.2363712638616562,6.476603031158447
4553,0,-6.300000190734863,0.18475474417209625,5.8643999099731445
4554,0,-6.300000190734863,0.3931809365749359,6.274505615234375
4555,0,-4.690000057220459,0.6278418302536011,5.545174598693848
4556,0,-4.690000057220459,0.618301510810852,5.594204425811768
4557,0,-4.690000057220459,0.5530102849006653,5.599621772766113
4558,0,-4.690000057220459,0.605433464050293,5.396313667297363
4559,0,-4.690000057220459,0.3350415825843811,5.317474365234375
4560,0,-4.690000057220459,0.15324784815311432,5.215363502502441
4561,0,-4.690000057220459,0.3166120946407318,5.151047706604004
4562,0,-4.690000057220459,0.22843928635120392,4.722115993499756
4563,0,-4.690000057220459,0.37812644243240356,5.0413970947265625
4564,0,-4.690000057220459,0.5028809905052185,4.871231555938721
4565,0,-4.690000057220459,0.2337261438369751,4.594637393951416
4566,0,-4.690000057220459,0.15502171218395233,4.977043151855469
4567,0,-4.690000057220459,0.2822372019290924,5.008795738220215
4568,0,-4.690000057220459,0.3268067538738251,4.309782028198242
4569,0,-4.690000057220459,0.16840782761573792,4.589066505432129
4570,0,-4.690000057220459,0.329499214887619,4.50862455368042
4571,0,-4.690000057220459,0.33934205770492554,4.493228435516357
4572,0,-4.690000057220459,0.21082369983196259,4.323200225830078
4573,0,-4.690000057220459,0.31079724431037903,4.2399444580078125
4574,0,-4.690000057220459,0.5813972353935242,5.2292799949646
4575,0,-4.690000057220459,0.1495564579963684,4.58039665222168
4576,0,-5.010000228881836,0.5531139373779297,5.783540725708008
4577,0,-5.010000228881836,0.5274643301963806,5.721981048583984
4578,0,-5.010000228881836,0.5582869648933411,5.682533264160156
4579,0,-5.010000228881836,0.17972522974014282,5.652105808258057
4580,0,-5.010000228881836,0.24954377114772797,5.497435092926025
4581,0,-5.010000228881836,0.5288505554199219,5.571467876434326
4582,0,-5.010000228881836,0.336078941822052,4.451717376708984
4583,0,-5.010000228881836,0.271755188703537,5.394632339477539
4584,0,-5.010000228881836,0.3942783772945404,5.6085052490234375
4585,0,-5.010000228881836,0.26829099655151367,4.918026924133301
4586,0,-5.010000228881836,0.18296775221824646,4.5029120445251465
4587,0,-5.010000228881836,0.1426638513803482,4.990333557128906
4588,0,-5.010000228881836,0.20224158465862274,4.414322853088379
4589,0,-5.010000228881836,0.1445842832326889,4.704981327056885
4590,0,-5.010000228881836,0.2248818427324295,4.962471008300781
4591,0,-5.010000228881836,0.2335970401763916,4.366601943969727
4592,0,-5.010000228881836,0.18636415898799896,4.445547103881836
4593,0,-5.010000228881836,0.1646014302968979,4.130559921264648
4594,0,-5.010000228881836,0.14495496451854706,4.226437568664551
4595,0,-5.010000228881836,0.20660434663295746,3.988593816757202
4596,0,-5.010000228881836,0.23756316304206848,5.104145526885986
4597,1,3.9700000286102295,0.5835005044937134,5.403231620788574
4598,1,3.9700000286102295,0.6184853315353394,6.069827079772949
4599,0,-3.9700000286102295,0.5903072953224182,4.763680458068848
4600,0,-3.9700000286102295,0.5737388730049133,4.4459004402160645
4601,0,-3.9700000286102295,0.2007211595773697,4.684623718261719
4602,0,-3.9700000286102295,0.23751872777938843,4.595487594604492
4603,0,-3.9700000286102295,0.21427224576473236,4.741890907287598
4604,0,-3.9700000286102295,0.19838640093803406,4.426262855529785
4605,0,-3.9700000286102295,0.20985017716884613,4.758116722106934
4606,0,-3.9700000286102295,0.1881658285856247,4.511979103088379
4607,0,-3.9700000286102295,0.17746442556381226,4.32652473449707
4608,0,-3.9700000286102295,0.6126234531402588,4.4205827713012695
4609,0,-3.9700000286102295,0.1793164610862732,3.7338814735412598
4610,0,-3.9700000286102295,0.20153570175170898,3.598893404006958
4611,0,-3.9700000286102295,0.1824810653924942,4.017107009887695
4612,0,-3.9700000286102295,0.17415398359298706,4.190230846405029
4613,0,-3.9700000286102295,0.2859799861907959,4.153373718261719
4614,0,-3.9700000286102295,0.184095099568367,3.673171281814575
4615,0,-3.9700000286102295,0.21120892465114594,4.184080123901367
4616,0,-3.9700000286102295,0.2003035545349121,4.277676105499268
4617,0,-3.9700000286102295,0.22415338456630707,4.050596237182617
