index,label,affinity_true,p_good,affinity_pred
0,1,3.2799999713897705,0.5194976925849915,3.6638071537017822
1,0,-3.2799999713897705,0.6797326803207397,4.075640678405762
2,0,-3.2799999713897705,0.4062635898590088,3.9742660522460938
3,0,-3.2799999713897705,0.2527806758880615,3.72786283493042
4,0,-3.2799999713897705,0.13577672839164734,3.9494998455047607
5,0,-3.2799999713897705,0.22612127661705017,3.9053828716278076
6,0,-3.2799999713897705,0.06188288331031799,3.7386977672576904
7,0,-3.2799999713897705,0.04460407793521881,3.7667126655578613
8,0,-3.2799999713897705,0.5442276000976562,3.700212240219116
9,0,-3.2799999713897705,0.15244810283184052,4.042425155639648
10,0,-3.2799999713897705,0.5414910316467285,3.667454957962036
11,0,-3.2799999713897705,0.07191167771816254,3.990914821624756
12,0,-3.2799999713897705,0.3397424519062042,3.756981611251831
13,0,-3.2799999713897705,0.13099344074726105,3.833258628845215
14,0,-3.2799999713897705,0.36471158266067505,3.7707600593566895
15,1,3.2799999713897705,0.27888059616088867,3.6126129627227783
16,0,-3.2799999713897705,0.09346184134483337,3.956388235092163
17,0,-3.2799999713897705,0.22817206382751465,3.9637601375579834
18,0,-3.2799999713897705,0.26961225271224976,3.9364254474639893
19,0,-3.2799999713897705,0.563847541809082,4.0595808029174805
20,0,-3.2799999713897705,0.2737700343132019,3.9764604568481445
21,1,3.5199999809265137,0.6348952054977417,4.942218780517578
22,1,3.5199999809265137,0.6526013016700745,4.870234489440918
23,1,3.5199999809265137,0.46159887313842773,4.912622451782227
24,0,-3.5199999809265137,0.4908759891986847,4.7498273849487305
25,0,-3.5199999809265137,0.17444676160812378,4.349050998687744
26,0,-3.5199999809265137,0.22286485135555267,4.592263698577881
27,1,7.050000190734863,0.5383787155151367,7.012503623962402
28,1,7.050000190734863,0.537583589553833,6.99550199508667
29,0,-7.050000190734863,0.5485300421714783,7.03215217590332
30,0,-7.050000190734863,0.5019822120666504,6.648891925811768
31,0,-7.050000190734863,0.07975579053163528,6.132226943969727
32,0,-7.050000190734863,0.12926529347896576,6.30491828918457
33,0,-7.050000190734863,0.45859435200691223,6.651967525482178
34,0,-7.050000190734863,0.18840540945529938,6.178599834442139
35,0,-7.050000190734863,0.14503592252731323,6.192788124084473
36,0,-7.050000190734863,0.44050392508506775,6.913478851318359
37,0,-7.050000190734863,0.1661101132631302,5.8523335456848145
38,0,-7.050000190734863,0.3317786455154419,6.3271660804748535
39,0,-7.050000190734863,0.11325830966234207,6.134378910064697
40,0,-7.050000190734863,0.09288746118545532,6.036111354827881
41,0,-7.050000190734863,0.10382252186536789,5.9475531578063965
42,0,-7.050000190734863,0.09296073019504547,5.989776134490967
43,0,-7.050000190734863,0.08011145889759064,6.039151191711426
44,0,-7.050000190734863,0.13650645315647125,5.981196880340576
45,0,-7.050000190734863,0.253805935382843,5.763144493103027
46,0,-7.050000190734863,0.15606041252613068,5.847046852111816
47,0,-7.050000190734863,0.12794680893421173,6.098912239074707
48,1,6.5,0.7870550751686096,6.975738525390625
49,1,6.5,0.7812228202819824,6.956548690795898
50,0,-6.5,0.7851051092147827,7.09853982925415
51,0,-6.5,0.7895853519439697,6.935281276702881
52,0,-6.5,0.6285995244979858,6.640658378601074
53,0,-6.5,0.36207595467567444,5.128726959228516
54,0,-6.5,0.4565688967704773,6.004105091094971
55,0,-6.5,0.4676138162612915,5.311803817749023
56,0,-6.5,0.27488407492637634,4.759857654571533
57,0,-6.5,0.13528260588645935,4.798765659332275
58,0,-6.5,0.4581910967826843,5.807050704956055
59,0,-6.5,0.11142700910568237,4.517798900604248
60,0,-6.5,0.3298283517360687,5.2472076416015625
61,0,-6.5,0.11675896495580673,4.950422763824463
62,0,-6.5,0.18823882937431335,5.06255578994751
63,0,-6.5,0.12825527787208557,4.598710060119629
64,0,-6.5,0.15089218318462372,4.840645790100098
65,0,-6.5,0.2826923429965973,5.080143451690674
66,0,-6.5,0.11079470068216324,4.924243927001953
67,0,-6.5,0.11161871999502182,4.632901191711426
68,0,-6.5,0.10222867131233215,4.296792984008789
69,1,8.020000457763672,0.7338994741439819,7.593997001647949
70,0,-8.020000457763672,0.0963435173034668,5.6614603996276855
71,0,-8.020000457763672,0.08091744035482407,5.455142498016357
72,0,-8.020000457763672,0.09252142161130905,4.8270649909973145
73,0,-8.020000457763672,0.04450204223394394,5.005500793457031
74,0,-8.020000457763672,0.058839939534664154,5.114105701446533
75,0,-8.020000457763672,0.0907478854060173,5.625710964202881
76,0,-8.020000457763672,0.050610724836587906,5.21853494644165
77,0,-8.020000457763672,0.24661798775196075,6.650068759918213
78,0,-8.020000457763672,0.04598608240485191,5.427805423736572
79,0,-8.020000457763672,0.0428948812186718,4.853187561035156
80,0,-8.020000457763672,0.03849615529179573,4.888267993927002
81,0,-8.020000457763672,0.14056268334388733,5.535179138183594
82,0,-8.020000457763672,0.09807425737380981,6.05941915512085
83,0,-8.020000457763672,0.10689359158277512,5.2414960861206055
84,0,-8.020000457763672,0.0996704027056694,5.083487033843994
85,0,-8.020000457763672,0.2289014607667923,6.697534084320068
86,0,-8.020000457763672,0.06706081330776215,4.835379600524902
87,0,-8.020000457763672,0.03093736805021763,4.941488742828369
88,0,-8.020000457763672,0.030983561649918556,6.046501159667969
89,0,-8.020000457763672,0.03125122934579849,4.767472743988037
90,1,2.9800000190734863,0.4588765799999237,4.576821327209473
91,0,-2.9800000190734863,0.5020187497138977,4.527826309204102
92,1,2.9800000190734863,0.4497869312763214,4.557592391967773
93,0,-2.9800000190734863,0.03991194814443588,4.230023384094238
94,0,-2.9800000190734863,0.034030504524707794,4.443658351898193
95,0,-2.9800000190734863,0.052124202251434326,4.478243827819824
96,0,-2.9800000190734863,0.07558444142341614,4.296540260314941
97,0,-2.9800000190734863,0.28748399019241333,4.4022345542907715
98,0,-2.9800000190734863,0.49578431248664856,4.53517484664917
99,0,-2.9800000190734863,0.11969288438558578,4.4669694900512695
100,0,-2.9800000190734863,0.06189729645848274,4.549812316894531
101,0,-2.9800000190734863,0.49419575929641724,4.334078311920166
102,0,-2.9800000190734863,0.06745368987321854,4.270717620849609
103,0,-2.9800000190734863,0.059719543904066086,4.3518195152282715
104,0,-2.9800000190734863,0.060468751937150955,4.5450544357299805
105,0,-2.9800000190734863,0.0987548828125,4.543560028076172
106,0,-2.9800000190734863,0.10739386826753616,4.524130821228027
107,0,-2.9800000190734863,0.10667350143194199,4.327052593231201
108,0,-2.9800000190734863,0.1780201643705368,4.8620195388793945
109,0,-2.9800000190734863,0.11773645877838135,4.295718193054199
110,0,-2.9800000190734863,0.07338801771402359,4.215539932250977
111,1,8.640000343322754,0.09148871898651123,6.725179672241211
112,0,-8.640000343322754,0.1913900375366211,6.264667510986328
113,1,8.640000343322754,0.08820963650941849,6.646304130554199
114,0,-8.640000343322754,0.10057561844587326,6.408426284790039
115,0,-8.640000343322754,0.15202178061008453,6.267972946166992
116,0,-8.640000343322754,0.11673180013895035,6.436572551727295
117,0,-8.640000343322754,0.13386401534080505,6.246105670928955
118,0,-8.640000343322754,0.06934811919927597,6.526769161224365
119,0,-8.640000343322754,0.06748875230550766,5.815646171569824
120,0,-8.640000343322754,0.14601941406726837,5.981940269470215
121,0,-8.640000343322754,0.08036332577466965,6.367536544799805
122,0,-8.640000343322754,0.13882304728031158,5.868182182312012
123,0,-8.640000343322754,0.23740126192569733,5.968384265899658
124,0,-8.640000343322754,0.11286098510026932,5.661691188812256
125,0,-8.640000343322754,0.05223216116428375,5.964125633239746
126,0,-8.640000343322754,0.0904618352651596,5.861795902252197
127,0,-8.640000343322754,0.02766645886003971,5.9601640701293945
128,0,-8.640000343322754,0.08544804900884628,5.90045166015625
129,0,-8.640000343322754,0.03313145786523819,5.753837585449219
130,0,-8.640000343322754,0.039308078587055206,5.897688388824463
131,0,-8.640000343322754,0.03535866737365723,5.670454025268555
132,1,6.420000076293945,0.6504715085029602,5.759102821350098
133,1,6.420000076293945,0.6496760249137878,5.76116943359375
134,0,-6.420000076293945,0.30129459500312805,5.039210319519043
135,0,-6.420000076293945,0.16689704358577728,4.166806221008301
136,0,-6.420000076293945,0.36095109581947327,5.341424942016602
137,0,-6.420000076293945,0.2255016565322876,4.950336456298828
138,0,-6.420000076293945,0.13730689883232117,4.872494220733643
139,0,-6.420000076293945,0.09165279567241669,4.105340957641602
140,0,-6.420000076293945,0.21622182428836823,4.118685722351074
141,0,-6.420000076293945,0.21733438968658447,4.395416736602783
142,0,-6.420000076293945,0.14905858039855957,4.656635284423828
143,0,-6.420000076293945,0.2505856454372406,5.14998722076416
144,0,-6.420000076293945,0.16448836028575897,4.667262077331543
145,0,-6.420000076293945,0.1412242203950882,4.222273826599121
146,0,-6.420000076293945,0.09750675410032272,3.976351499557495
147,0,-6.420000076293945,0.13130180537700653,4.462835311889648
148,0,-6.420000076293945,0.1316596418619156,4.573513984680176
149,0,-6.420000076293945,0.16688430309295654,4.403167724609375
150,0,-6.420000076293945,0.06912636011838913,3.865804672241211
151,0,-6.420000076293945,0.11296417564153671,4.2226481437683105
152,0,-6.420000076293945,0.1393350511789322,4.25776481628418
153,1,7.190000057220459,0.5285851359367371,5.306509971618652
154,0,-7.190000057220459,0.36414650082588196,5.227588653564453
155,0,-7.190000057220459,0.500291109085083,5.386962890625
156,0,-7.190000057220459,0.29537466168403625,5.152965545654297
157,0,-7.190000057220459,0.3343718647956848,5.097796440124512
158,0,-7.190000057220459,0.36978352069854736,5.153911590576172
159,0,-7.190000057220459,0.18973255157470703,4.826836585998535
160,0,-7.190000057220459,0.4635329842567444,4.963707447052002
161,0,-7.190000057220459,0.3345643877983093,4.991304397583008
162,0,-7.190000057220459,0.11383610218763351,4.615782737731934
163,0,-7.190000057220459,0.09962935000658035,4.223934173583984
164,0,-7.190000057220459,0.1073533222079277,3.9835329055786133
165,0,-7.190000057220459,0.16850100457668304,4.20933723449707
166,0,-7.190000057220459,0.09090225398540497,4.074575901031494
167,0,-7.190000057220459,0.12949655950069427,4.011516094207764
168,0,-7.190000057220459,0.10241138935089111,3.9675920009613037
169,0,-7.190000057220459,0.0877559706568718,3.9288241863250732
170,0,-7.190000057220459,0.08442024141550064,3.867506265640259
171,0,-7.190000057220459,0.08078965544700623,3.7775046825408936
172,0,-7.190000057220459,0.06366123259067535,3.9220359325408936
173,0,-7.190000057220459,0.10281829535961151,3.6677956581115723
174,1,5.889999866485596,0.618550181388855,6.223905563354492
175,0,-5.889999866485596,0.5596715211868286,6.63776159286499
176,0,-5.889999866485596,0.5182822942733765,6.578671455383301
177,0,-5.889999866485596,0.5248354077339172,6.587045192718506
178,0,-5.889999866485596,0.5706400871276855,6.425676345825195
179,1,5.889999866485596,0.569445013999939,6.424638748168945
180,0,-5.889999866485596,0.5703384280204773,6.290609359741211
181,0,-5.889999866485596,0.533061146736145,6.240213394165039
182,0,-5.889999866485596,0.5045174360275269,5.965878963470459
183,0,-5.889999866485596,0.5624641180038452,6.129507541656494
184,0,-5.889999866485596,0.567327618598938,5.9574971199035645
185,0,-5.889999866485596,0.5356897115707397,5.909782886505127
186,0,-5.889999866485596,0.5104149580001831,5.908032417297363
187,0,-5.889999866485596,0.5356847643852234,5.775847434997559
188,0,-5.889999866485596,0.5048892498016357,5.802066326141357
189,0,-5.889999866485596,0.5437678098678589,5.870588302612305
190,0,-5.889999866485596,0.3684774339199066,5.770763397216797
191,0,-5.889999866485596,0.12724274396896362,5.2221150398254395
192,0,-5.889999866485596,0.5339373350143433,5.609684944152832
193,1,5.239999771118164,0.5451018810272217,5.845428943634033
194,0,-5.239999771118164,0.5717176198959351,6.538700580596924
195,0,-5.239999771118164,0.5341447591781616,6.446143627166748
196,0,-5.239999771118164,0.5498379468917847,6.495140552520752
197,0,-5.239999771118164,0.5153250694274902,6.48900842666626
198,0,-5.239999771118164,0.5272989273071289,6.382374286651611
199,1,5.239999771118164,0.5192302465438843,5.836766242980957
200,0,-5.239999771118164,0.5524274110794067,6.082658767700195
201,1,5.239999771118164,0.5676583051681519,5.846759796142578
202,0,-5.239999771118164,0.49408087134361267,6.0738372802734375
203,0,-5.239999771118164,0.4669235050678253,6.5547308921813965
204,1,5.239999771118164,0.5400174856185913,5.684354305267334
205,0,-5.239999771118164,0.5594291090965271,5.828671455383301
206,0,-5.239999771118164,0.4811824858188629,5.674304962158203
207,0,-5.239999771118164,0.49891382455825806,5.611198902130127
208,0,-5.239999771118164,0.5335961580276489,5.638016223907471
209,0,-5.239999771118164,0.4572070240974426,5.466273784637451
210,0,-5.239999771118164,0.4248737096786499,5.5441131591796875
211,0,-5.239999771118164,0.5072846412658691,5.6461358070373535
212,0,-5.239999771118164,0.46181410551071167,5.526189804077148
213,0,-5.239999771118164,0.4539860188961029,5.463101387023926
214,0,-6.920000076293945,0.5221850872039795,6.728513717651367
215,0,-6.920000076293945,0.4818271994590759,7.2071533203125
216,0,-6.920000076293945,0.5420536994934082,7.277282238006592
217,0,-6.920000076293945,0.5360850691795349,7.172372817993164
218,0,-6.920000076293945,0.5062284469604492,7.0583038330078125
219,0,-6.920000076293945,0.4692251980304718,6.608798027038574
220,0,-6.920000076293945,0.5150966644287109,6.737705707550049
221,0,-6.920000076293945,0.5801961421966553,6.8796586990356445
222,0,-6.920000076293945,0.4767606258392334,7.465831756591797
223,0,-6.920000076293945,0.5456913113594055,6.340439796447754
224,0,-6.920000076293945,0.5396624803543091,6.926992416381836
225,0,-6.920000076293945,0.498617023229599,7.3299479484558105
226,1,6.920000076293945,0.5795751810073853,6.521744728088379
227,0,-6.920000076293945,0.48111945390701294,6.467382431030273
228,0,-6.920000076293945,0.5401400327682495,7.403133392333984
229,0,-6.920000076293945,0.5087172985076904,6.325749397277832
230,0,-6.920000076293945,0.48309704661369324,6.499269008636475
231,0,-6.920000076293945,0.5287243723869324,6.243264198303223
232,0,-6.920000076293945,0.5217698216438293,6.276636600494385
233,0,-6.920000076293945,0.494930624961853,6.282628059387207
234,0,-6.920000076293945,0.49179181456565857,6.088740348815918
235,1,6.880000114440918,0.60993492603302,6.692219257354736
236,1,6.880000114440918,0.5725350975990295,6.774831295013428
237,0,-6.880000114440918,0.36697226762771606,6.497292995452881
238,0,-6.880000114440918,0.3120858669281006,6.720062732696533
239,0,-6.880000114440918,0.2468700408935547,6.657153129577637
240,0,-6.880000114440918,0.18101435899734497,6.2719316482543945
241,0,-6.880000114440918,0.19878262281417847,6.1248459815979
242,0,-6.880000114440918,0.19406534731388092,6.268118381500244
243,0,-6.880000114440918,0.047911386936903,6.404316425323486
244,0,-6.880000114440918,0.1801077276468277,5.879003047943115
245,0,-6.880000114440918,0.3038862645626068,6.001153469085693
246,0,-6.880000114440918,0.05118592083454132,6.118616104125977
247,0,-6.880000114440918,0.19363223016262054,6.251317024230957
248,0,-6.880000114440918,0.08504685759544373,6.382467269897461
249,0,-6.880000114440918,0.06092577055096626,5.889450550079346
250,1,6.789999961853027,0.11634878069162369,6.212146759033203
251,0,-6.789999961853027,0.2649037837982178,7.057153701782227
252,0,-6.789999961853027,0.23016726970672607,7.14517879486084
253,0,-6.789999961853027,0.2366306334733963,6.809148788452148
254,0,-6.789999961853027,0.10019473731517792,6.8258843421936035
255,0,-6.789999961853027,0.450162798166275,6.61562967300415
256,0,-6.789999961853027,0.04907878115773201,6.438827037811279
257,0,-6.789999961853027,0.1509048491716385,6.9062981605529785
258,0,-6.789999961853027,0.33112597465515137,6.9317708015441895
259,0,-6.789999961853027,0.3160173296928406,6.777688503265381
260,0,-6.789999961853027,0.04170375317335129,6.71549654006958
261,0,-6.789999961853027,0.17581360042095184,6.814574241638184
262,0,-6.789999961853027,0.24252040684223175,6.601888656616211
263,0,-6.789999961853027,0.04218986630439758,6.344059467315674
264,0,-6.789999961853027,0.03490978479385376,6.482373237609863
265,0,-6.789999961853027,0.016616228967905045,6.235060691833496
266,0,-6.789999961853027,0.02546761929988861,6.076713562011719
267,0,-6.789999961853027,0.14433178305625916,6.559313774108887
268,0,-6.789999961853027,0.11934677511453629,6.634920597076416
269,0,-6.789999961853027,0.02269236370921135,6.085677623748779
270,0,-6.789999961853027,0.038039471954107285,5.925914287567139
271,1,4.920000076293945,0.7269070744514465,4.342992305755615
272,0,-4.920000076293945,0.6847609281539917,4.330084323883057
273,0,-4.920000076293945,0.706167459487915,4.210842132568359
274,0,-4.920000076293945,0.5354586243629456,4.197139739990234
275,1,4.920000076293945,0.6486025452613831,4.326199531555176
276,0,-4.920000076293945,0.5421174764633179,4.23349142074585
277,0,-4.920000076293945,0.49222561717033386,4.256343364715576
278,0,-4.920000076293945,0.4047982394695282,4.383934020996094
279,0,-4.920000076293945,0.29878732562065125,4.159685134887695
280,0,-4.920000076293945,0.44808101654052734,4.138648986816406
281,0,-4.920000076293945,0.6442563533782959,4.034253120422363
282,0,-4.920000076293945,0.5096662044525146,4.232239246368408
283,0,-4.920000076293945,0.4991821050643921,4.052427291870117
284,0,-4.920000076293945,0.3468981385231018,4.417695999145508
285,0,-4.920000076293945,0.13330097496509552,4.205066680908203
286,0,-4.920000076293945,0.11414916813373566,4.047483921051025
287,0,-4.920000076293945,0.576457142829895,4.005177974700928
288,0,-4.920000076293945,0.136698916554451,4.098636627197266
289,0,-4.920000076293945,0.413197785615921,4.017812728881836
290,0,-4.920000076293945,0.048130638897418976,4.15225887298584
291,0,-4.920000076293945,0.076469287276268,4.151433944702148
292,1,6.630000114440918,0.5585542321205139,7.124821662902832
293,1,6.630000114440918,0.6115570664405823,7.167590141296387
294,0,-6.630000114440918,0.21280038356781006,7.0556416511535645
295,0,-6.630000114440918,0.03520407900214195,6.674308776855469
296,0,-6.630000114440918,0.26912662386894226,6.775912284851074
297,0,-6.630000114440918,0.45914697647094727,7.035189151763916
298,0,-6.630000114440918,0.06610028445720673,6.5729146003723145
299,0,-6.630000114440918,0.08102142065763474,6.900286674499512
300,0,-6.630000114440918,0.0660383552312851,6.810208320617676
301,0,-6.630000114440918,0.336199015378952,6.751642227172852
302,0,-6.630000114440918,0.2654893696308136,6.727043151855469
303,0,-6.630000114440918,0.12084086239337921,6.623514652252197
304,0,-6.630000114440918,0.05882000923156738,6.738065242767334
305,0,-6.630000114440918,0.2667374908924103,7.172268390655518
306,0,-6.630000114440918,0.026312008500099182,5.991812229156494
307,0,-6.630000114440918,0.06504938751459122,6.409523963928223
308,0,-6.630000114440918,0.30672135949134827,6.574371814727783
309,0,-6.630000114440918,0.21903395652770996,6.5395894050598145
310,0,-6.630000114440918,0.02291417494416237,6.5694355964660645
311,0,-6.630000114440918,0.11974600702524185,6.426128387451172
312,0,-6.630000114440918,0.13988950848579407,6.586092472076416
313,1,8.399999618530273,0.8546328544616699,6.70253849029541
314,1,8.399999618530273,0.8605682849884033,6.698482513427734
315,1,8.399999618530273,0.8445008993148804,6.42672872543335
316,0,-8.399999618530273,0.7905908226966858,6.6369428634643555
317,0,-8.399999618530273,0.5409742593765259,6.241413593292236
318,0,-8.399999618530273,0.2505826950073242,5.8773579597473145
319,0,-8.399999618530273,0.0804271399974823,5.89326286315918
320,0,-8.399999618530273,0.05379069223999977,5.610231876373291
321,0,-8.399999618530273,0.539247989654541,6.430404186248779
322,0,-8.399999618530273,0.19175826013088226,6.174269199371338
323,0,-8.399999618530273,0.04767441377043724,5.849945068359375
324,0,-8.399999618530273,0.05486312508583069,5.906538009643555
325,0,-8.399999618530273,0.04849407821893692,5.657850742340088
326,1,10.699999809265137,0.7464742064476013,7.2482194900512695
327,0,-10.699999809265137,0.2699965238571167,7.140847682952881
328,0,-10.699999809265137,0.7593849301338196,7.272099494934082
329,0,-10.699999809265137,0.29522955417633057,7.185700416564941
330,1,10.699999809265137,0.7911554574966431,7.256073474884033
331,0,-10.699999809265137,0.5277310609817505,7.276939868927002
332,0,-10.699999809265137,0.06550633907318115,6.69503116607666
333,1,10.699999809265137,0.7084217667579651,7.235324382781982
334,0,-10.699999809265137,0.17236649990081787,7.061595916748047
335,0,-10.699999809265137,0.15831996500492096,6.880830764770508
336,0,-10.699999809265137,0.15729393064975739,6.614717483520508
337,0,-10.699999809265137,0.3415215313434601,6.982326030731201
338,0,-10.699999809265137,0.027270657941699028,5.607080936431885
339,0,-10.699999809265137,0.08188210427761078,6.084636688232422
340,0,-10.699999809265137,0.32663729786872864,7.05633020401001
341,0,-10.699999809265137,0.3664237856864929,7.13594913482666
342,0,-10.699999809265137,0.13623188436031342,6.575577735900879
343,0,-10.699999809265137,0.305122047662735,6.310713291168213
344,0,-10.699999809265137,0.43483445048332214,7.08439826965332
345,0,-10.699999809265137,0.1840399205684662,6.591557502746582
346,0,-10.699999809265137,0.08428940922021866,6.32376766204834
347,1,11.300000190734863,0.8056240081787109,10.574323654174805
348,1,11.300000190734863,0.8027714490890503,10.568273544311523
349,0,-11.300000190734863,0.5588201880455017,10.328948974609375
350,0,-11.300000190734863,0.46289002895355225,8.382479667663574
351,0,-11.300000190734863,0.40800121426582336,8.407185554504395
352,0,-11.300000190734863,0.5858619213104248,8.479321479797363
353,0,-11.300000190734863,0.62579745054245,9.812362670898438
354,0,-11.300000190734863,0.5557706952095032,9.949901580810547
355,1,10.109999656677246,0.5890180468559265,9.766535758972168
356,1,10.109999656677246,0.5674155354499817,9.825433731079102
357,0,-10.109999656677246,0.5213668942451477,9.971287727355957
358,1,7.150000095367432,0.7616688013076782,7.568718433380127
359,1,7.150000095367432,0.7708660960197449,7.640626430511475
360,0,-7.150000095367432,0.6617394089698792,6.81046724319458
361,0,-7.150000095367432,0.6658338904380798,7.0237226486206055
362,0,-7.150000095367432,0.341706246137619,5.827368259429932
363,0,-7.150000095367432,0.22907210886478424,5.874894142150879
364,0,-7.150000095367432,0.26131147146224976,6.02411413192749
365,0,-7.150000095367432,0.3656159043312073,6.106692790985107
366,0,-7.150000095367432,0.13234560191631317,6.043179035186768
367,0,-7.150000095367432,0.22658927738666534,5.501070499420166
368,0,-7.150000095367432,0.16931748390197754,5.820491313934326
369,0,-7.150000095367432,0.37986940145492554,5.819054126739502
370,0,-7.150000095367432,0.3507286310195923,6.032314777374268
371,0,-7.150000095367432,0.07130182534456253,5.31354284286499
372,0,-7.150000095367432,0.1661480963230133,5.279504776000977
373,0,-7.150000095367432,0.3826640248298645,6.022919654846191
374,0,-7.150000095367432,0.0573132298886776,5.342278003692627
375,0,-7.150000095367432,0.08526511490345001,5.254038333892822
376,0,-7.150000095367432,0.3487739861011505,6.08284854888916
377,0,-7.150000095367432,0.076975017786026,5.212934494018555
378,0,-7.150000095367432,0.23706644773483276,5.493488788604736
379,1,7.239999771118164,0.7742457985877991,6.475491046905518
380,0,-7.239999771118164,0.5731498003005981,5.546356201171875
381,0,-7.239999771118164,0.24151650071144104,6.23529577255249
382,0,-7.239999771118164,0.31646841764450073,6.242006778717041
383,0,-7.239999771118164,0.3342055678367615,6.290775775909424
384,0,-7.239999771118164,0.1155349537730217,5.660171031951904
385,0,-7.239999771118164,0.4437645971775055,6.366578578948975
386,0,-7.239999771118164,0.49908143281936646,6.318350315093994
387,0,-7.239999771118164,0.45066943764686584,5.924122333526611
388,0,-7.239999771118164,0.06847545504570007,6.416154861450195
389,0,-7.239999771118164,0.18486200273036957,5.702545642852783
390,0,-7.239999771118164,0.06686604022979736,5.555558681488037
391,0,-7.239999771118164,0.25043362379074097,5.5513434410095215
392,0,-7.239999771118164,0.5028968453407288,6.52140474319458
393,0,-7.239999771118164,0.10201548039913177,5.826428413391113
394,0,-7.239999771118164,0.7323727011680603,6.4101667404174805
395,0,-7.239999771118164,0.4198777973651886,6.504973411560059
396,0,-7.239999771118164,0.1070547103881836,5.9094109535217285
397,0,-7.239999771118164,0.05777712166309357,5.773772239685059
398,0,-7.239999771118164,0.12744516134262085,6.137469291687012
399,0,-7.239999771118164,0.026327595114707947,5.475276947021484
400,1,10.050000190734863,0.6145162582397461,8.244965553283691
401,1,10.050000190734863,0.6114333271980286,8.22470760345459
402,0,-10.050000190734863,0.6312251091003418,8.224451065063477
403,0,-10.050000190734863,0.502483069896698,8.193690299987793
404,0,-10.050000190734863,0.4602509140968323,8.141755104064941
405,0,-10.050000190734863,0.4636562764644623,8.159730911254883
406,0,-10.050000190734863,0.4812423288822174,8.151021957397461
407,0,-10.050000190734863,0.3789243996143341,8.156989097595215
408,0,-10.770000457763672,0.01831209287047386,7.984467029571533
409,0,-10.770000457763672,0.04856260120868683,8.04965591430664
410,0,-10.770000457763672,0.03636963665485382,7.438995361328125
411,0,-10.770000457763672,0.03270077332854271,7.928456783294678
412,0,-10.770000457763672,0.025313550606369972,7.721473693847656
413,0,-10.770000457763672,0.01042897254228592,7.682990074157715
414,0,-10.770000457763672,0.01869555376470089,7.083057403564453
415,0,-10.770000457763672,0.04114222526550293,6.955781936645508
416,0,-10.770000457763672,0.009785599075257778,6.10480260848999
417,0,-10.770000457763672,0.02553418278694153,6.991004467010498
418,0,-10.770000457763672,0.10169517248868942,6.363466262817383
419,0,-10.770000457763672,0.012362485751509666,8.00864028930664
420,0,-10.770000457763672,0.01286737434566021,7.559884071350098
421,0,-10.770000457763672,0.01882636547088623,7.085951328277588
422,0,-10.770000457763672,0.016239691525697708,7.008420944213867
423,0,-10.770000457763672,0.06570879369974136,6.035270690917969
424,0,-10.770000457763672,0.05609249323606491,5.759255409240723
425,0,-10.770000457763672,0.011105295270681381,6.368285655975342
426,0,-10.770000457763672,0.02231333963572979,7.871007442474365
427,0,-10.770000457763672,0.01105283573269844,7.314520835876465
428,1,7.260000228881836,0.8074731230735779,6.253629684448242
429,1,7.260000228881836,0.8069193363189697,6.223420143127441
430,0,-7.260000228881836,0.17521655559539795,4.60014533996582
431,0,-7.260000228881836,0.654381275177002,5.541372299194336
432,0,-7.260000228881836,0.24916253983974457,5.100985527038574
433,0,-7.260000228881836,0.14527206122875214,4.67911434173584
434,0,-7.260000228881836,0.14469528198242188,4.59309196472168
435,0,-7.260000228881836,0.16471795737743378,4.685688495635986
436,0,-7.260000228881836,0.1882331371307373,4.965648651123047
437,0,-7.260000228881836,0.17262564599514008,5.0478010177612305
438,0,-7.260000228881836,0.15403783321380615,4.532070159912109
439,0,-7.260000228881836,0.07306212931871414,4.537564277648926
440,0,-7.260000228881836,0.19775688648223877,4.445017337799072
441,0,-7.260000228881836,0.0385516956448555,4.460575580596924
442,0,-7.260000228881836,0.053822726011276245,4.396190643310547
443,0,-7.260000228881836,0.05358590930700302,4.346233367919922
444,1,4.079999923706055,0.025571120902895927,6.1830902099609375
445,0,-4.079999923706055,0.01650073193013668,6.170263290405273
446,0,-4.079999923706055,0.023987630382180214,6.229063510894775
447,0,-4.079999923706055,0.01800065115094185,6.432448863983154
448,0,-4.079999923706055,0.009375755675137043,6.616511344909668
449,0,-4.079999923706055,0.023150112479925156,5.880383491516113
450,0,-4.079999923706055,0.017164673656225204,6.149067401885986
451,0,-4.079999923706055,0.03359311819076538,6.049190998077393
452,0,-4.079999923706055,0.06380048394203186,6.391058921813965
453,0,-4.079999923706055,0.021737709641456604,5.482993125915527
454,0,-4.079999923706055,0.016608593985438347,5.6467437744140625
455,0,-4.079999923706055,0.04773842543363571,5.2031097412109375
456,0,-4.079999923706055,0.027268117293715477,6.105945587158203
457,0,-4.079999923706055,0.09337012469768524,6.17131233215332
458,0,-4.079999923706055,0.022458571940660477,6.579648971557617
459,0,-4.079999923706055,0.020494136959314346,5.273563385009766
460,0,-4.079999923706055,0.05085904523730278,5.330774784088135
461,0,-4.079999923706055,0.021857691928744316,4.686850547790527
462,0,-4.079999923706055,0.03877335041761398,5.166642189025879
463,0,-4.079999923706055,0.02394324168562889,4.35045051574707
464,0,-4.079999923706055,0.014380257576704025,5.254354476928711
465,1,6.699999809265137,0.7048790454864502,6.507216453552246
466,1,6.699999809265137,0.6951491832733154,6.4594950675964355
467,1,6.699999809265137,0.7543542385101318,6.462759494781494
468,0,-6.699999809265137,0.7365965247154236,6.812567710876465
469,0,-6.699999809265137,0.6578554511070251,5.761364459991455
470,0,-6.699999809265137,0.4327678680419922,4.441176891326904
471,0,-6.699999809265137,0.5816105008125305,6.105566024780273
472,0,-6.699999809265137,0.5843795537948608,5.912128925323486
473,0,-6.699999809265137,0.06011126562952995,4.097485542297363
474,0,-6.699999809265137,0.11366470158100128,4.455572128295898
475,0,-6.699999809265137,0.15307945013046265,3.9979422092437744
476,0,-6.699999809265137,0.14268852770328522,4.958573818206787
477,0,-6.699999809265137,0.08423446863889694,3.994621992111206
478,0,-6.699999809265137,0.23555344343185425,5.471879482269287
479,0,-6.699999809265137,0.29943543672561646,4.1708784103393555
480,0,-6.699999809265137,0.07294005900621414,3.9461417198181152
481,0,-6.699999809265137,0.08421497046947479,3.691465139389038
482,0,-6.699999809265137,0.11380426585674286,4.240852355957031
483,0,-6.699999809265137,0.3925491273403168,4.010457992553711
484,0,-6.699999809265137,0.318752646446228,4.612456798553467
485,1,6.309999942779541,0.49518781900405884,6.409493923187256
486,0,-6.309999942779541,0.48648396134376526,6.632326126098633
487,0,-6.309999942779541,0.5357033014297485,6.601822376251221
488,0,-6.309999942779541,0.5384520292282104,6.569955348968506
489,0,-6.309999942779541,0.5097765922546387,6.971574306488037
490,0,-6.309999942779541,0.5006087422370911,6.466944694519043
491,0,-6.309999942779541,0.49755924940109253,7.054915428161621
492,0,-6.309999942779541,0.5226035714149475,6.913700580596924
493,0,-6.309999942779541,0.49168169498443604,7.298768043518066
494,0,-6.309999942779541,0.46097418665885925,6.386059284210205
495,0,-6.309999942779541,0.524540901184082,7.041325569152832
496,0,-6.309999942779541,0.4788964092731476,6.330822467803955
497,0,-6.309999942779541,0.4119940400123596,6.207490921020508
498,0,-6.309999942779541,0.5346607565879822,6.287138938903809
499,0,-6.309999942779541,0.5193095803260803,6.083324432373047
500,1,6.309999942779541,0.5563086271286011,6.319911003112793
501,0,-6.309999942779541,0.48572292923927307,7.489221572875977
502,0,-6.309999942779541,0.4712706208229065,7.428160190582275
503,0,-6.309999942779541,0.3152451515197754,5.726268768310547
504,0,-6.309999942779541,0.23719127476215363,5.663405418395996
505,0,-6.309999942779541,0.4918394386768341,6.121796131134033
506,1,6.119999885559082,0.7406679391860962,9.074304580688477
507,1,6.119999885559082,0.6809463500976562,9.22329330444336
508,1,6.119999885559082,0.5767729878425598,9.21496868133545
509,1,5.0,0.73093181848526,7.58309268951416
510,1,5.0,0.6814631223678589,7.400374412536621
511,0,-5.0,0.7493703961372375,7.741888046264648
512,0,-5.0,0.5387893319129944,7.253830909729004
513,0,-5.0,0.6573536396026611,7.308446884155273
514,1,7.300000190734863,0.7375701069831848,5.435216426849365
515,1,7.300000190734863,0.7409842014312744,5.451111316680908
516,0,-7.300000190734863,0.6106671094894409,5.0794782638549805
517,0,-7.300000190734863,0.40906837582588196,5.234097480773926
518,0,-7.300000190734863,0.5626611709594727,5.299975395202637
519,0,-7.300000190734863,0.4804558753967285,5.017855644226074
520,1,6.71999979019165,0.7979940176010132,6.053637981414795
521,1,6.71999979019165,0.78123539686203,6.023136615753174
522,1,6.71999979019165,0.6667625904083252,5.717870712280273
523,0,-6.71999979019165,0.5539758205413818,5.33085823059082
524,0,-6.71999979019165,0.5390914082527161,5.151540279388428
525,0,-6.71999979019165,0.4774995446205139,4.995578289031982
526,0,-6.71999979019165,0.7042284607887268,5.659405708312988
527,0,-6.71999979019165,0.28512346744537354,4.696909427642822
528,0,-6.71999979019165,0.49992913007736206,4.692481517791748
529,0,-6.71999979019165,0.3503473699092865,5.0300493240356445
530,0,-6.71999979019165,0.2585958242416382,4.963716506958008
531,0,-6.71999979019165,0.2682631313800812,4.47907018661499
532,0,-6.71999979019165,0.21373581886291504,4.679712772369385
533,0,-6.71999979019165,0.19599884748458862,5.102904796600342
534,0,-6.71999979019165,0.25460290908813477,4.791621208190918
535,0,-6.71999979019165,0.400603324174881,4.404248237609863
536,0,-6.71999979019165,0.20074065029621124,5.095401763916016
537,0,-6.71999979019165,0.21239811182022095,4.282326698303223
538,0,-6.71999979019165,0.10421688854694366,4.297194957733154
539,0,-6.71999979019165,0.13793189823627472,4.720816612243652
540,1,3.799999952316284,0.7006090879440308,4.446962356567383
541,1,3.799999952316284,0.7484968900680542,4.491432189941406
542,0,-3.799999952316284,0.6352534294128418,4.410097122192383
543,1,3.799999952316284,0.7340527772903442,4.43002986907959
544,0,-3.799999952316284,0.6362541913986206,4.400489330291748
545,0,-3.799999952316284,0.42667898535728455,4.3514814376831055
546,0,-3.799999952316284,0.33596691489219666,4.224707126617432
547,0,-3.799999952316284,0.2930677533149719,4.2721848487854
548,0,-3.799999952316284,0.5512153506278992,4.277499198913574
549,0,-3.799999952316284,0.3450480103492737,4.137953758239746
550,0,-3.799999952316284,0.49688398838043213,4.32149076461792
551,0,-3.799999952316284,0.8169981837272644,4.589705467224121
552,0,-3.799999952316284,0.4583550989627838,4.111475944519043
553,0,-3.799999952316284,0.2491413950920105,4.106126308441162
554,0,-3.799999952316284,0.0978916734457016,4.035679340362549
555,0,-3.799999952316284,0.23562994599342346,4.220226764678955
556,0,-3.799999952316284,0.4582724869251251,4.170253753662109
557,0,-3.799999952316284,0.4009142518043518,4.155667304992676
558,0,-3.799999952316284,0.4060515761375427,4.222872734069824
559,1,4.71999979019165,0.539213240146637,4.866608619689941
560,0,-4.71999979019165,0.35129016637802124,4.9285054206848145
561,1,4.71999979019165,0.5989640951156616,5.218400478363037
562,0,-4.71999979019165,0.05758005753159523,4.8179779052734375
563,0,-4.71999979019165,0.08261936157941818,4.6554765701293945
564,0,-4.71999979019165,0.05939334258437157,4.694331169128418
565,0,-4.71999979019165,0.08600260317325592,4.8189849853515625
566,0,-4.71999979019165,0.17590294778347015,4.913731575012207
567,0,-4.71999979019165,0.03370632603764534,4.582790851593018
568,0,-4.71999979019165,0.11861500889062881,4.8825178146362305
569,0,-4.71999979019165,0.22548732161521912,4.734438896179199
570,0,-4.71999979019165,0.05215659737586975,4.701353549957275
571,0,-4.71999979019165,0.16412611305713654,4.751801490783691
572,0,-4.71999979019165,0.03849302604794502,4.568909168243408
573,0,-4.71999979019165,0.15720996260643005,4.643476486206055
574,0,-4.71999979019165,0.09978874027729034,4.64192008972168
575,0,-4.71999979019165,0.09097222238779068,4.085284233093262
576,0,-4.71999979019165,0.13576018810272217,4.5702714920043945
577,0,-4.71999979019165,0.11758525669574738,4.582753658294678
578,0,-4.71999979019165,0.051143497228622437,4.5062150955200195
579,0,-4.71999979019165,0.1418737769126892,4.519595146179199
580,1,9.890000343322754,0.6403650045394897,7.074799537658691
581,1,9.890000343322754,0.6351635456085205,7.086887836456299
582,1,10.0,0.6915183067321777,7.710811614990234
583,1,10.0,0.5981886982917786,7.7493767738342285
584,0,-10.0,0.47307533025741577,7.750063419342041
585,0,-10.0,0.5101693868637085,6.829553604125977
586,0,-10.0,0.597838819026947,6.9991302490234375
587,1,10.0,0.5017468929290771,7.793703079223633
588,0,-10.0,0.3715822100639343,5.998013019561768
589,0,-10.0,0.3685394823551178,6.440988063812256
590,0,-10.0,0.37370219826698303,5.891612529754639
591,0,-10.0,0.39027759432792664,6.420427322387695
592,0,-10.0,0.5774039030075073,7.8447957038879395
593,0,-10.0,0.27162569761276245,5.863153457641602
594,0,-10.0,0.46962326765060425,6.399621963500977
595,0,-10.0,0.2201899290084839,4.8307719230651855
596,0,-10.0,0.14866001904010773,4.678271770477295
597,0,-10.0,0.21482965350151062,5.8375349044799805
598,0,-10.0,0.3002714216709137,5.259501934051514
599,1,5.699999809265137,0.6697880029678345,7.292233467102051
600,0,-5.699999809265137,0.5198389291763306,6.718298435211182
601,1,5.699999809265137,0.7426167726516724,7.373910903930664
602,0,-5.699999809265137,0.07782919704914093,5.659980773925781
603,1,5.699999809265137,0.6819559931755066,7.177602291107178
604,0,-5.699999809265137,0.15846309065818787,4.738069534301758
605,0,-5.699999809265137,0.1302526444196701,5.076229095458984
606,0,-5.699999809265137,0.142357736825943,6.380341529846191
607,0,-5.699999809265137,0.1463947594165802,6.3197102546691895
608,0,-5.699999809265137,0.1579933911561966,6.1322102546691895
609,0,-5.699999809265137,0.09281504899263382,6.338391304016113
610,0,-5.699999809265137,0.42195963859558105,6.733310222625732
611,0,-5.699999809265137,0.09574097394943237,4.260226249694824
612,0,-5.699999809265137,0.12920282781124115,5.197950839996338
613,0,-5.699999809265137,0.07153648138046265,5.121633052825928
614,0,-5.699999809265137,0.10217732936143875,6.09194278717041
615,0,-5.699999809265137,0.052319977432489395,5.728605270385742
616,0,-5.699999809265137,0.10259974002838135,4.117049217224121
617,0,-5.699999809265137,0.07988647371530533,5.4704909324646
618,0,-5.699999809265137,0.08064314723014832,5.63774299621582
619,0,-5.699999809265137,0.07653678953647614,4.635603904724121
620,1,6.300000190734863,0.6755689382553101,7.245022296905518
621,0,-6.300000190734863,0.12135264277458191,6.1744513511657715
622,1,6.300000190734863,0.5823666453361511,7.257009983062744
623,0,-6.300000190734863,0.4483800530433655,7.517893314361572
624,0,-6.300000190734863,0.11748157441616058,6.11611795425415
625,0,-6.300000190734863,0.18475648760795593,6.519382953643799
626,0,-6.300000190734863,0.24661961197853088,6.654478549957275
627,0,-6.300000190734863,0.10608994960784912,5.73494815826416
628,0,-6.300000190734863,0.14800074696540833,6.317994594573975
629,0,-6.300000190734863,0.03822895511984825,6.4746246337890625
630,0,-6.300000190734863,0.07664332538843155,5.981086730957031
631,0,-6.300000190734863,0.2245074212551117,5.582805633544922
632,0,-6.300000190734863,0.16420315206050873,6.495326995849609
633,0,-6.300000190734863,0.06111567094922066,6.452538013458252
634,0,-6.300000190734863,0.02594061568379402,5.604031562805176
635,0,-6.300000190734863,0.06713531911373138,6.125878810882568
636,0,-6.300000190734863,0.04388220235705376,5.8907928466796875
637,0,-6.300000190734863,0.028562607243657112,5.851552486419678
638,0,-6.300000190734863,0.055133312940597534,5.825963973999023
639,0,-6.300000190734863,0.06403031945228577,5.704965591430664
640,0,-6.300000190734863,0.11970529705286026,7.054886817932129
641,1,2.2699999809265137,0.6834641098976135,3.4349091053009033
642,1,2.2699999809265137,0.6556567549705505,3.420900821685791
643,1,2.2699999809265137,0.6516026258468628,3.4203929901123047
644,1,2.2699999809265137,0.7127237319946289,3.3928120136260986
645,0,-2.2699999809265137,0.5276293754577637,3.3576881885528564
646,0,-2.2699999809265137,0.5580564141273499,3.307140588760376
647,0,-2.2699999809265137,0.5984258055686951,3.13775634765625
648,0,-2.2699999809265137,0.556946337223053,3.229872941970825
649,1,2.2699999809265137,0.5238392353057861,3.3242011070251465
650,1,2.2699999809265137,0.42030444741249084,3.2908525466918945
651,0,-2.2699999809265137,0.5159960389137268,3.2117409706115723
652,0,-2.2699999809265137,0.3607821464538574,2.771075963973999
653,0,-2.2699999809265137,0.4008100926876068,3.2367873191833496
654,0,-2.2699999809265137,0.41973602771759033,3.1940085887908936
655,0,-2.2699999809265137,0.43141090869903564,2.94441294670105
656,0,-2.2699999809265137,0.4594449996948242,2.892515182495117
657,0,-2.2699999809265137,0.3874955177307129,3.0891056060791016
658,0,-2.2699999809265137,0.43705958127975464,2.955698013305664
659,0,-2.2699999809265137,0.4620019495487213,3.12503981590271
660,0,-2.2699999809265137,0.42132899165153503,3.0078983306884766
661,0,-2.2699999809265137,0.2892785966396332,3.116992235183716
662,1,5.619999885559082,0.5449845194816589,5.013149261474609
663,1,5.619999885559082,0.578205406665802,5.48616361618042
664,0,-5.619999885559082,0.5380418300628662,5.158652305603027
665,0,-5.619999885559082,0.5932185649871826,4.898055076599121
666,0,-5.619999885559082,0.547775149345398,5.872736930847168
667,0,-5.619999885559082,0.5583623051643372,4.555960178375244
668,0,-5.619999885559082,0.436043381690979,4.314411640167236
669,0,-5.619999885559082,0.4565228819847107,4.745168685913086
670,1,5.619999885559082,0.578911542892456,5.069872856140137
671,0,-5.619999885559082,0.3956568241119385,4.295963287353516
672,0,-5.619999885559082,0.4740985929965973,3.714567184448242
673,0,-5.619999885559082,0.3063773810863495,4.641196250915527
674,1,5.820000171661377,0.6426308751106262,7.311104774475098
675,0,-5.820000171661377,0.5788564085960388,7.412226676940918
676,1,5.820000171661377,0.6647184491157532,7.508931636810303
677,0,-5.820000171661377,0.45256561040878296,7.443687438964844
678,0,-5.820000171661377,0.047964442521333694,7.111895561218262
679,0,-5.820000171661377,0.567257285118103,7.189496994018555
680,0,-5.820000171661377,0.035778142511844635,7.11159086227417
681,0,-5.820000171661377,0.1268264353275299,7.288479804992676
682,0,-5.820000171661377,0.12916824221611023,7.261212348937988
683,0,-5.820000171661377,0.04260801896452904,6.949018478393555
684,0,-5.820000171661377,0.04447842761874199,7.1166229248046875
685,0,-5.820000171661377,0.11272752285003662,7.054679870605469
686,0,-5.820000171661377,0.5680280327796936,7.324526786804199
687,0,-5.820000171661377,0.05758388713002205,6.911651611328125
688,0,-5.820000171661377,0.06932100653648376,6.999861240386963
689,0,-5.820000171661377,0.04960102215409279,6.91523551940918
690,0,-5.820000171661377,0.06746706366539001,7.019615173339844
691,0,-5.820000171661377,0.06917587667703629,6.9946770668029785
692,0,-5.820000171661377,0.07264133542776108,6.953033447265625
693,0,-5.820000171661377,0.03202155604958534,6.905686378479004
694,0,-5.820000171661377,0.037267763167619705,6.971693992614746
695,1,4.130000114440918,0.5573253035545349,5.403465270996094
696,1,4.130000114440918,0.5509284138679504,5.597046375274658
697,0,-4.130000114440918,0.46656569838523865,5.315962314605713
698,0,-4.130000114440918,0.5685692429542542,6.356594562530518
699,0,-4.130000114440918,0.6763198971748352,5.92464542388916
700,0,-4.130000114440918,0.423936665058136,5.147149085998535
701,0,-4.130000114440918,0.48513516783714294,5.326443672180176
702,0,-4.130000114440918,0.5362327098846436,5.907566547393799
703,0,-4.130000114440918,0.3179200291633606,5.789172172546387
704,0,-4.130000114440918,0.26922664046287537,5.854065418243408
705,1,5.329999923706055,0.5901516079902649,6.721826076507568
706,1,5.329999923706055,0.5496196150779724,6.967071533203125
707,1,5.329999923706055,0.5741207599639893,6.5956711769104
708,0,-5.329999923706055,0.4080847501754761,5.974989414215088
709,0,-5.329999923706055,0.35527175664901733,6.26024055480957
710,0,-5.329999923706055,0.3438062369823456,6.1559624671936035
711,0,-5.329999923706055,0.5364893078804016,6.30406379699707
712,0,-5.329999923706055,0.27134087681770325,6.177439212799072
713,0,-5.329999923706055,0.3757181763648987,6.811614513397217
714,0,-5.329999923706055,0.24924153089523315,6.674053192138672
715,0,-5.329999923706055,0.049080196768045425,6.1683759689331055
716,0,-5.329999923706055,0.04748548939824104,5.4917778968811035
717,0,-5.329999923706055,0.1349577158689499,6.055961608886719
718,0,-5.329999923706055,0.027943287044763565,5.313661575317383
719,0,-5.329999923706055,0.15607920289039612,6.4594645500183105
720,0,-5.329999923706055,0.12154272943735123,5.85134744644165
721,0,-5.329999923706055,0.1774817705154419,6.745294570922852
722,0,-5.329999923706055,0.1351945847272873,6.048994541168213
723,0,-5.329999923706055,0.05926563963294029,5.765125751495361
724,1,8.100000381469727,0.831825315952301,7.484140872955322
725,1,8.100000381469727,0.613426148891449,7.283881187438965
726,0,-8.100000381469727,0.44096967577934265,6.8671979904174805
727,0,-8.100000381469727,0.43501967191696167,6.961055278778076
728,0,-8.100000381469727,0.5396853685379028,7.220616817474365
729,0,-8.100000381469727,0.7361185550689697,7.161923408508301
730,0,-8.100000381469727,0.3848980963230133,6.876803398132324
731,0,-8.100000381469727,0.0626491904258728,6.645227909088135
732,0,-8.100000381469727,0.05486934259533882,6.725503921508789
733,0,-8.100000381469727,0.3209068477153778,6.682545185089111
734,0,-8.100000381469727,0.5810365676879883,7.085761547088623
735,0,-8.100000381469727,0.04923253506422043,6.6215901374816895
736,0,-8.100000381469727,0.6073781847953796,7.174477577209473
737,0,-8.100000381469727,0.08379273116588593,6.344968318939209
738,0,-8.100000381469727,0.22382128238677979,6.395828723907471
739,0,-8.100000381469727,0.06070345267653465,6.829639911651611
740,0,-8.100000381469727,0.06977228075265884,6.317768096923828
741,0,-8.100000381469727,0.0700141042470932,6.9383544921875
742,0,-8.100000381469727,0.105327308177948,6.416683197021484
743,0,-8.100000381469727,0.05278819054365158,6.684639930725098
744,0,-8.100000381469727,0.06015608459711075,6.479154586791992
745,0,-2.359999895095825,0.5418136715888977,3.9124040603637695
746,0,-2.359999895095825,0.631472647190094,4.0063395500183105
747,0,-2.359999895095825,0.5657274127006531,3.5714709758758545
748,0,-2.359999895095825,0.5632158517837524,3.9438085556030273
749,0,-2.359999895095825,0.6787066459655762,4.182855606079102
750,0,-2.359999895095825,0.5656918883323669,3.8901607990264893
751,0,-2.359999895095825,0.50969398021698,3.8087196350097656
752,0,-2.359999895095825,0.6681583523750305,3.588561773300171
753,0,-2.359999895095825,0.5207300186157227,3.5525195598602295
754,0,-2.359999895095825,0.5302307605743408,3.86786150932312
755,0,-2.359999895095825,0.5519779324531555,3.625458002090454
756,0,-2.359999895095825,0.5558114051818848,3.9529995918273926
757,0,-2.359999895095825,0.4492782950401306,3.562371015548706
758,0,-2.359999895095825,0.5992831587791443,3.8524692058563232
759,0,-2.359999895095825,0.47879230976104736,3.3593978881835938
760,0,-2.359999895095825,0.49734944105148315,3.71671462059021
761,0,-2.359999895095825,0.5553064346313477,3.269353151321411
762,0,-2.359999895095825,0.4394903779029846,3.555424928665161
763,0,-2.359999895095825,0.606999397277832,3.4132168292999268
764,0,-2.359999895095825,0.5616893768310547,3.7998242378234863
765,0,-2.359999895095825,0.4548444449901581,3.2685344219207764
766,1,4.090000152587891,0.7530643343925476,4.379054069519043
767,1,4.090000152587891,0.593442440032959,4.185122489929199
768,0,-4.090000152587891,0.4297136962413788,3.8538641929626465
769,1,4.090000152587891,0.48055967688560486,3.9402854442596436
770,0,-4.090000152587891,0.17912502586841583,3.884946584701538
771,0,-4.090000152587891,0.07715044915676117,3.716928005218506
772,0,-4.090000152587891,0.4857596457004547,4.0856194496154785
773,0,-4.090000152587891,0.38049763441085815,3.835021495819092
774,0,-4.090000152587891,0.4577198922634125,3.746141195297241
775,0,-4.090000152587891,0.4305416941642761,3.8963656425476074
776,0,-4.090000152587891,0.14326445758342743,3.60878586769104
777,0,-4.090000152587891,0.31486424803733826,3.7686383724212646
778,0,-4.090000152587891,0.1890471875667572,3.639051914215088
779,0,-4.090000152587891,0.2710624039173126,3.8384413719177246
780,0,-4.090000152587891,0.19277743995189667,4.077303886413574
781,0,-4.090000152587891,0.26985180377960205,3.9942524433135986
782,0,-4.090000152587891,0.10216672718524933,3.7992501258850098
783,0,-4.090000152587891,0.21386611461639404,3.793797254562378
784,0,-4.090000152587891,0.10007739812135696,3.5527641773223877
785,1,6.460000038146973,0.8106458187103271,5.908384799957275
786,0,-6.460000038146973,0.7138224244117737,5.229978561401367
787,1,6.460000038146973,0.810495138168335,5.878121376037598
788,0,-6.460000038146973,0.5035751461982727,4.2902679443359375
789,0,-6.460000038146973,0.5806161165237427,4.428441047668457
790,0,-6.460000038146973,0.4991295635700226,4.097691535949707
791,0,-6.460000038146973,0.46134015917778015,4.376727104187012
792,0,-6.460000038146973,0.31474900245666504,4.317328453063965
793,0,-6.460000038146973,0.4278436005115509,4.066611289978027
794,0,-6.460000038146973,0.47659650444984436,4.034552574157715
795,0,-6.460000038146973,0.2381131798028946,4.097295761108398
796,0,-6.460000038146973,0.16557832062244415,3.7257606983184814
797,0,-6.460000038146973,0.20362384617328644,4.173671245574951
798,0,-6.460000038146973,0.29459571838378906,3.9198806285858154
799,0,-6.460000038146973,0.27575361728668213,4.1657514572143555
800,0,-6.460000038146973,0.1269875317811966,4.104005813598633
801,0,-6.460000038146973,0.30511781573295593,4.119896411895752
802,0,-6.460000038146973,0.3997024893760681,3.7322275638580322
803,0,-6.460000038146973,0.12898871302604675,3.7391655445098877
804,0,-6.460000038146973,0.3205408751964569,3.712578058242798
805,0,-6.460000038146973,0.21507877111434937,3.8093693256378174
806,1,9.0,0.7031922936439514,8.037307739257812
807,1,9.0,0.7452802658081055,8.127062797546387
808,0,-9.0,0.4359571635723114,7.8912835121154785
809,0,-9.0,0.11811106652021408,7.594618797302246
810,0,-9.0,0.17751295864582062,7.734644889831543
811,0,-9.0,0.021697912365198135,7.4331278800964355
812,0,-9.0,0.1453804075717926,7.523977279663086
813,0,-9.0,0.15103767812252045,7.772100448608398
814,0,-9.0,0.22793157398700714,7.647806644439697
815,0,-9.0,0.07919609546661377,7.564582824707031
816,0,-9.0,0.07464239746332169,7.417316436767578
817,1,8.229999542236328,0.6296170353889465,7.10614538192749
818,1,8.229999542236328,0.654983401298523,7.512482166290283
819,1,8.229999542236328,0.6525198221206665,7.4466705322265625
820,1,8.229999542236328,0.6368308067321777,7.3181047439575195
821,0,-8.229999542236328,0.036934059113264084,5.1124420166015625
822,0,-8.229999542236328,0.3050469160079956,5.7667341232299805
823,0,-8.229999542236328,0.05274068936705589,4.907504081726074
824,0,-8.229999542236328,0.10339069366455078,5.002313613891602
825,0,-8.229999542236328,0.15004588663578033,4.912230014801025
826,0,-8.229999542236328,0.06053125485777855,4.5501227378845215
827,0,-8.229999542236328,0.021005168557167053,4.407064437866211
828,0,-8.229999542236328,0.12738744914531708,5.986584186553955
829,0,-8.229999542236328,0.16052298247814178,5.1018595695495605
830,0,-8.229999542236328,0.05934638902544975,4.045344829559326
831,0,-8.229999542236328,0.020264847204089165,4.3938140869140625
832,0,-8.229999542236328,0.06043406203389168,4.546082019805908
833,0,-8.229999542236328,0.15247514843940735,4.837179183959961
834,0,-8.229999542236328,0.13915283977985382,4.608788967132568
835,0,-8.229999542236328,0.033514831215143204,4.290948867797852
836,0,-8.229999542236328,0.03909895941615105,4.230816841125488
837,0,-8.229999542236328,0.05371066927909851,4.583667278289795
838,1,5.119999885559082,0.5453412532806396,4.915014266967773
839,1,5.119999885559082,0.5815722942352295,4.826858043670654
840,0,-5.119999885559082,0.5713624358177185,4.722368240356445
841,0,-5.119999885559082,0.5699162483215332,4.989475250244141
842,0,-5.119999885559082,0.23994368314743042,5.071597099304199
843,0,-5.119999885559082,0.07484924793243408,4.569185256958008
844,0,-5.119999885559082,0.25206291675567627,4.681919097900391
845,0,-5.119999885559082,0.13806620240211487,5.001492500305176
846,0,-5.119999885559082,0.0929107591509819,4.828684329986572
847,0,-5.119999885559082,0.21716642379760742,4.834044456481934
848,0,-5.119999885559082,0.30159249901771545,5.011234760284424
849,0,-5.119999885559082,0.07979092001914978,4.465214729309082
850,0,-5.119999885559082,0.25408244132995605,5.002640724182129
851,0,-5.119999885559082,0.05876665934920311,5.4311699867248535
852,0,-5.119999885559082,0.6683291792869568,5.1048903465271
853,0,-5.119999885559082,0.303394079208374,4.931862831115723
854,0,-5.119999885559082,0.19025783240795135,4.9295854568481445
855,0,-5.119999885559082,0.18573683500289917,4.8170905113220215
856,0,-5.119999885559082,0.028156982734799385,4.663806915283203
857,0,-5.119999885559082,0.3680568337440491,4.7704267501831055
858,0,-5.119999885559082,0.24834343791007996,4.964109897613525
859,0,-4.739999771118164,0.3777769207954407,6.151195049285889
860,0,-4.739999771118164,0.29578620195388794,6.194499969482422
861,0,-4.739999771118164,0.37029483914375305,6.149641990661621
862,0,-4.739999771118164,0.3637928366661072,6.148791790008545
863,0,-4.739999771118164,0.3103335201740265,6.180211544036865
864,0,-4.739999771118164,0.3702073395252228,6.151853561401367
865,0,-4.739999771118164,0.30834144353866577,6.197527885437012
866,0,-4.739999771118164,0.3171059787273407,6.18555212020874
867,0,-4.739999771118164,0.32399868965148926,6.174641132354736
868,0,-4.739999771118164,0.4073159992694855,6.1440510749816895
869,0,-4.739999771118164,0.4124295115470886,6.1488566398620605
870,0,-4.739999771118164,0.39926886558532715,6.140542030334473
871,0,-4.739999771118164,0.36158064007759094,6.15084171295166
872,0,-4.739999771118164,0.37639009952545166,6.16035795211792
873,0,-4.739999771118164,0.4107585847377777,6.160431861877441
874,0,-4.739999771118164,0.3095259666442871,6.17669153213501
875,0,-4.739999771118164,0.40741652250289917,6.1496171951293945
876,0,-4.739999771118164,0.3538326323032379,6.165273666381836
877,0,-4.739999771118164,0.38347044587135315,6.189107418060303
878,0,-4.739999771118164,0.3230867385864258,6.169910430908203
879,1,5.610000133514404,0.6325070858001709,6.308544635772705
880,1,5.610000133514404,0.6336793303489685,6.195415019989014
881,0,-5.610000133514404,0.43031224608421326,6.004086494445801
882,1,5.610000133514404,0.6254265308380127,6.447201728820801
883,0,-5.610000133514404,0.5335279107093811,6.1719746589660645
884,0,-5.610000133514404,0.5506027936935425,5.868910312652588
885,0,-5.610000133514404,0.5236974954605103,5.3134565353393555
886,0,-5.610000133514404,0.5471519827842712,6.073946952819824
887,0,-5.610000133514404,0.2823605537414551,5.148932456970215
888,0,-5.610000133514404,0.443550705909729,5.371153831481934
889,0,-5.610000133514404,0.4272504150867462,5.598711967468262
890,0,-5.610000133514404,0.45417654514312744,5.41710901260376
891,0,-5.610000133514404,0.2636489272117615,5.508047580718994
892,0,-5.610000133514404,0.24116571247577667,4.995635032653809
893,0,-5.610000133514404,0.26567959785461426,5.988545894622803
894,0,-5.610000133514404,0.5107499361038208,6.202184677124023
895,0,-5.610000133514404,0.4878346025943756,5.297231674194336
896,0,-5.610000133514404,0.2301866114139557,5.237064361572266
897,0,-5.610000133514404,0.418291836977005,5.238251686096191
898,0,-5.610000133514404,0.2833521068096161,4.788901329040527
899,0,-5.610000133514404,0.05812318995594978,5.227869033813477
900,1,5.909999847412109,0.3158982992172241,5.288884162902832
901,1,5.909999847412109,0.30084967613220215,5.2626471519470215
902,0,-5.909999847412109,0.21913567185401917,5.396371364593506
903,0,-5.909999847412109,0.11764305084943771,5.256488800048828
904,0,-5.909999847412109,0.08433665335178375,5.175546646118164
905,0,-5.909999847412109,0.1312287598848343,4.977783679962158
906,0,-5.909999847412109,0.14579565823078156,5.023736476898193
907,0,-5.909999847412109,0.08553259074687958,4.555087089538574
908,0,-5.909999847412109,0.16200536489486694,5.017951011657715
909,0,-5.909999847412109,0.05400880426168442,4.718116760253906
910,0,-5.909999847412109,0.0758831650018692,4.979739189147949
911,0,-5.909999847412109,0.14335626363754272,4.650763988494873
912,1,8.739999771118164,0.47117674350738525,8.092708587646484
913,0,-8.739999771118164,0.4992489516735077,8.070189476013184
914,0,-8.739999771118164,0.38452857732772827,8.192158699035645
915,0,-8.739999771118164,0.277820348739624,8.074980735778809
916,0,-8.739999771118164,0.48068931698799133,8.16511058807373
917,0,-8.739999771118164,0.03931456059217453,7.459776878356934
918,0,-8.739999771118164,0.026483334600925446,7.454478740692139
919,0,-8.739999771118164,0.03860751911997795,7.513012409210205
920,0,-8.739999771118164,0.03463089093565941,7.356783390045166
921,0,-8.739999771118164,0.051727473735809326,7.5321855545043945
922,0,-8.739999771118164,0.017141371965408325,7.666628360748291
923,0,-8.739999771118164,0.020074093714356422,7.374598503112793
924,0,-8.739999771118164,0.08539772033691406,7.760891437530518
925,1,9.0,0.8073372840881348,7.530853271484375
926,1,9.0,0.8054689168930054,7.521407127380371
927,1,9.0,0.7981854677200317,7.598928451538086
928,0,-9.0,0.718752920627594,7.640279293060303
929,0,-9.0,0.08424121141433716,6.131474494934082
930,0,-9.0,0.5819870233535767,7.601546287536621
931,0,-9.0,0.4919948875904083,7.249350547790527
932,0,-9.0,0.1547045260667801,6.3941779136657715
933,0,-9.0,0.10116226971149445,5.1848649978637695
934,0,-9.0,0.31450945138931274,7.09033203125
935,0,-9.0,0.41752657294273376,6.636535167694092
936,0,-9.0,0.12415644526481628,6.804111003875732
937,0,-9.0,0.14839410781860352,5.217709064483643
938,0,-9.0,0.29415878653526306,6.583318710327148
939,0,-9.0,0.1602562665939331,5.327713966369629
940,0,-9.0,0.1243654191493988,6.520495891571045
941,0,-9.0,0.12074629217386246,5.838268280029297
942,0,-9.0,0.10215350240468979,5.099510669708252
943,0,-9.0,0.15564508736133575,4.793148040771484
944,0,-9.0,0.08302778005599976,5.623035907745361
945,0,-9.0,0.19508033990859985,4.883902072906494
946,1,6.099999904632568,0.6545971632003784,6.680310249328613
947,1,6.099999904632568,0.683182954788208,6.6187214851379395
948,0,-6.099999904632568,0.5596456527709961,6.066908359527588
949,0,-6.099999904632568,0.6157370209693909,6.658815860748291
950,0,-6.099999904632568,0.5649036765098572,6.382044315338135
951,0,-6.099999904632568,0.5440506339073181,6.248276710510254
952,1,3.569999933242798,0.5698854327201843,4.742374897003174
953,0,-3.569999933242798,0.2044864445924759,4.693609714508057
954,0,-3.569999933242798,0.08083971589803696,4.429198741912842
955,0,-3.569999933242798,0.2566482722759247,4.707067012786865
956,0,-3.569999933242798,0.24036751687526703,4.890160083770752
957,0,-3.569999933242798,0.064344622194767,4.760671615600586
958,0,-3.569999933242798,0.26719799637794495,4.931759834289551
959,0,-3.569999933242798,0.061872467398643494,4.9297990798950195
960,0,-3.569999933242798,0.07597580552101135,5.1438798904418945
961,0,-3.569999933242798,0.0319875031709671,3.7847859859466553
962,0,-3.569999933242798,0.09418521076440811,4.885398864746094
963,0,-3.569999933242798,0.2256859540939331,4.8931660652160645
964,0,-3.569999933242798,0.05186533182859421,4.1441330909729
965,0,-3.569999933242798,0.04933255910873413,3.7824645042419434
966,0,-3.569999933242798,0.07495635002851486,4.5670671463012695
967,0,-3.569999933242798,0.068815678358078,4.768911838531494
968,0,-3.569999933242798,0.04639453813433647,3.809455633163452
969,0,-3.569999933242798,0.08148002624511719,5.0247650146484375
970,0,-3.569999933242798,0.048631250858306885,4.319945335388184
971,0,-3.569999933242798,0.04485282674431801,4.240015983581543
972,1,6.5,0.7245517373085022,6.414069652557373
973,1,6.5,0.7232388854026794,6.4179463386535645
974,0,-6.5,0.6216059327125549,6.192381381988525
975,0,-6.5,0.6752783060073853,6.513405799865723
976,0,-6.5,0.6225435137748718,6.539559364318848
977,1,6.440000057220459,0.4472154378890991,6.916734218597412
978,0,-6.440000057220459,0.3934357166290283,6.9099578857421875
979,0,-6.440000057220459,0.4425847828388214,6.942285537719727
980,0,-6.440000057220459,0.4622386693954468,6.962053298950195
981,0,-6.440000057220459,0.33302682638168335,6.972142219543457
982,0,-6.440000057220459,0.31265637278556824,6.8605804443359375
983,0,-6.440000057220459,0.49032703042030334,7.047935485839844
984,0,-6.440000057220459,0.42070868611335754,6.9978485107421875
985,0,-6.440000057220459,0.1991020292043686,6.814850330352783
986,0,-6.440000057220459,0.044349756091833115,6.629363059997559
987,0,-6.440000057220459,0.3401833176612854,6.786786079406738
988,1,6.440000057220459,0.4250876009464264,6.94256591796875
989,0,-6.440000057220459,0.04945268854498863,6.650644779205322
990,0,-6.440000057220459,0.18186922371387482,6.610949993133545
991,0,-6.440000057220459,0.16147804260253906,6.749194145202637
992,0,-6.440000057220459,0.30728986859321594,6.973525047302246
993,0,-6.440000057220459,0.18198107182979584,6.517437934875488
994,0,-6.440000057220459,0.06447061896324158,6.562901973724365
995,0,-6.440000057220459,0.3256024122238159,6.899313449859619
996,0,-6.440000057220459,0.34238365292549133,6.945206642150879
997,0,-6.440000057220459,0.09428431838750839,6.601321697235107
998,1,8.520000457763672,0.650658130645752,7.952964782714844
999,0,-8.520000457763672,0.06087344139814377,6.636775016784668
1000,0,-8.520000457763672,0.09874336421489716,7.1290974617004395
1001,0,-8.520000457763672,0.2847100496292114,7.130061149597168
1002,0,-8.520000457763672,0.21290190517902374,6.935612678527832
1003,0,-8.520000457763672,0.0728786289691925,6.949288368225098
1004,0,-8.520000457763672,0.04997566342353821,7.161984443664551
1005,0,-8.520000457763672,0.08260587602853775,6.3105950355529785
1006,0,-8.520000457763672,0.06696081906557083,6.340329647064209
1007,0,-8.520000457763672,0.17335714399814606,6.53751277923584
1008,0,-8.520000457763672,0.07811971008777618,7.053426265716553
1009,0,-8.520000457763672,0.08504386246204376,6.3509321212768555
1010,0,-8.520000457763672,0.04018569737672806,6.88846492767334
1011,0,-8.520000457763672,0.029542716220021248,5.73777437210083
1012,0,-8.520000457763672,0.07758779078722,7.028789043426514
1013,0,-8.520000457763672,0.07082265615463257,6.7598724365234375
1014,0,-8.520000457763672,0.15490645170211792,7.076244831085205
1015,0,-8.520000457763672,0.08807409554719925,7.005435466766357
1016,0,-8.520000457763672,0.03197871893644333,6.367828845977783
1017,0,-8.520000457763672,0.08955027908086777,7.301506042480469
1018,0,-8.520000457763672,0.05369693413376808,6.3437581062316895
1019,1,8.699999809265137,0.795221745967865,7.090039253234863
1020,1,8.699999809265137,0.7888444066047668,7.0877814292907715
1021,0,-8.699999809265137,0.4208120107650757,6.020564079284668
1022,1,8.699999809265137,0.7629773020744324,6.750894069671631
1023,0,-8.699999809265137,0.10524708032608032,5.910006523132324
1024,0,-8.699999809265137,0.01963537372648716,5.085304260253906
1025,0,-8.699999809265137,0.32786548137664795,5.609971046447754
1026,0,-8.699999809265137,0.056656137108802795,5.275793552398682
1027,0,-8.699999809265137,0.03961816802620888,5.176753997802734
1028,0,-8.699999809265137,0.021417781710624695,5.390897750854492
1029,0,-8.699999809265137,0.011156970635056496,5.165712833404541
1030,0,-8.699999809265137,0.046079911291599274,5.2420501708984375
1031,1,7.920000076293945,0.5408589839935303,4.8846845626831055
1032,0,-7.920000076293945,0.5364819169044495,4.477418899536133
1033,0,-7.920000076293945,0.503266453742981,5.353103160858154
1034,0,-7.920000076293945,0.3718065619468689,4.40607213973999
1035,0,-7.920000076293945,0.5395227074623108,5.231061935424805
1036,0,-7.920000076293945,0.5797215700149536,4.448092937469482
1037,0,-7.920000076293945,0.20790432393550873,3.9853076934814453
1038,1,7.920000076293945,0.5858836770057678,4.574424743652344
1039,0,-7.920000076293945,0.19132161140441895,4.4510955810546875
1040,0,-7.920000076293945,0.4407503306865692,4.626304626464844
1041,0,-7.920000076293945,0.39930403232574463,4.798354148864746
1042,0,-7.920000076293945,0.4632331430912018,4.487279415130615
1043,0,-7.920000076293945,0.24874849617481232,4.648160457611084
1044,0,-7.920000076293945,0.4612058997154236,4.683167457580566
1045,0,-7.920000076293945,0.08331918716430664,4.005107879638672
1046,0,-7.920000076293945,0.15375517308712006,4.084394931793213
1047,0,-7.920000076293945,0.1673799753189087,4.167825222015381
1048,0,-7.920000076293945,0.3367672860622406,4.727084636688232
1049,0,-7.920000076293945,0.2953568696975708,4.470342636108398
1050,0,-7.920000076293945,0.04341016709804535,3.501499652862549
1051,0,-7.920000076293945,0.0859948918223381,3.6261422634124756
1052,0,-7.400000095367432,0.5880284905433655,5.146991729736328
1053,1,7.400000095367432,0.7044525742530823,5.078800201416016
1054,0,-7.400000095367432,0.6501724123954773,5.007180213928223
1055,1,7.400000095367432,0.6364302635192871,4.696455001831055
1056,0,-7.400000095367432,0.4684273600578308,4.8342366218566895
1057,0,-7.400000095367432,0.050883036106824875,4.004432678222656
1058,0,-7.400000095367432,0.16935910284519196,5.099102020263672
1059,1,7.400000095367432,0.5846510529518127,4.923791885375977
1060,0,-7.400000095367432,0.14112018048763275,4.392065048217773
1061,0,-7.400000095367432,0.1421939879655838,4.047563552856445
1062,0,-7.400000095367432,0.4869142770767212,4.595634460449219
1063,0,-7.400000095367432,0.12635275721549988,4.108565330505371
1064,0,-7.400000095367432,0.05269083008170128,3.595468521118164
1065,0,-7.400000095367432,0.20236614346504211,4.274423122406006
1066,0,-7.400000095367432,0.1842845231294632,5.369282245635986
1067,0,-7.400000095367432,0.03613649681210518,3.4873464107513428
1068,0,-7.400000095367432,0.08525131642818451,4.082976341247559
1069,0,-7.400000095367432,0.07947735488414764,4.008255958557129
1070,0,-7.400000095367432,0.08785731345415115,5.141944885253906
1071,1,6.519999980926514,0.7982593178749084,6.483173370361328
1072,0,-6.519999980926514,0.4602069556713104,5.867365837097168
1073,0,-6.519999980926514,0.27557697892189026,5.84330940246582
1074,0,-6.519999980926514,0.5039550065994263,5.948908805847168
1075,1,6.519999980926514,0.7020271420478821,6.278119087219238
1076,0,-6.519999980926514,0.7433289289474487,6.2490153312683105
1077,0,-6.519999980926514,0.40962278842926025,5.719533920288086
1078,0,-6.519999980926514,0.062299199402332306,4.932147979736328
1079,1,6.519999980926514,0.7891209721565247,5.923196792602539
1080,0,-6.519999980926514,0.4066677391529083,5.309232711791992
1081,0,-6.519999980926514,0.3175807297229767,4.916287422180176
1082,0,-6.519999980926514,0.18481753766536713,5.274675369262695
1083,0,-6.519999980926514,0.3243570923805237,5.223860740661621
1084,0,-6.519999980926514,0.050064533948898315,4.722506046295166
1085,0,-6.519999980926514,0.15851368010044098,5.227708339691162
1086,0,-6.519999980926514,0.0727836936712265,4.696353912353516
1087,0,-6.519999980926514,0.046452268958091736,4.389659881591797
1088,0,-6.519999980926514,0.05266711860895157,4.814897537231445
1089,0,-6.519999980926514,0.08249954879283905,4.802407741546631
1090,0,-6.519999980926514,0.11003042012453079,4.485981464385986
1091,0,-6.519999980926514,0.24167458713054657,4.705198764801025
1092,1,5.519999980926514,0.8400823473930359,5.252444744110107
1093,1,5.519999980926514,0.8383222818374634,5.259446144104004
1094,0,-5.519999980926514,0.5922777652740479,4.781630039215088
1095,0,-5.519999980926514,0.40607181191444397,4.73105525970459
1096,0,-5.519999980926514,0.6293657422065735,4.946998119354248
1097,0,-5.519999980926514,0.5584397912025452,4.686061859130859
1098,0,-5.519999980926514,0.7717539668083191,5.270628929138184
1099,0,-5.519999980926514,0.4639190137386322,4.440648078918457
1100,0,-5.519999980926514,0.6931558847427368,5.090431213378906
1101,0,-5.519999980926514,0.027921278029680252,3.9049460887908936
1102,0,-5.519999980926514,0.033904679119586945,3.941004514694214
1103,0,-5.519999980926514,0.541571855545044,4.455754280090332
1104,0,-5.519999980926514,0.03374599292874336,3.973176956176758
1105,0,-5.519999980926514,0.02791256457567215,4.26763916015625
1106,0,-5.519999980926514,0.10612350702285767,5.039414882659912
1107,0,-5.519999980926514,0.035462524741888046,4.251282691955566
1108,0,-5.519999980926514,0.05654534697532654,3.998295545578003
1109,0,-5.519999980926514,0.028709180653095245,4.080373287200928
1110,0,-5.519999980926514,0.025203099474310875,4.040719985961914
1111,0,-5.519999980926514,0.43290990591049194,4.420410633087158
1112,0,-5.519999980926514,0.03693436458706856,4.675721168518066
1113,1,7.320000171661377,0.6760005950927734,7.139246940612793
1114,0,-7.320000171661377,0.22960114479064941,7.043160438537598
1115,0,-7.320000171661377,0.17448937892913818,6.8762359619140625
1116,0,-7.320000171661377,0.14969711005687714,6.079245567321777
1117,0,-7.320000171661377,0.17273268103599548,6.705725193023682
1118,0,-7.320000171661377,0.14752747118473053,6.3818135261535645
1119,0,-7.320000171661377,0.2013435810804367,6.815232753753662
1120,0,-7.320000171661377,0.7033664584159851,6.895561695098877
1121,0,-7.320000171661377,0.1777050644159317,6.18828821182251
1122,0,-7.320000171661377,0.07505858689546585,6.414270401000977
1123,0,-7.320000171661377,0.09414172172546387,6.401982307434082
1124,0,-7.320000171661377,0.32078152894973755,6.624157905578613
1125,0,-7.320000171661377,0.04181382805109024,6.249205589294434
1126,0,-7.320000171661377,0.26949357986450195,6.584163188934326
1127,0,-7.320000171661377,0.08543869107961655,6.59338903427124
1128,0,-7.320000171661377,0.041604168713092804,6.025937557220459
1129,0,-7.320000171661377,0.12927377223968506,6.392563343048096
1130,0,-7.320000171661377,0.032322078943252563,5.973935127258301
1131,0,-7.320000171661377,0.0353538952767849,6.200141429901123
1132,0,-7.320000171661377,0.0793776735663414,6.026625633239746
1133,1,3.9200000762939453,0.5709319114685059,6.087923526763916
1134,0,-3.9200000762939453,0.5666749477386475,6.069277286529541
1135,0,-3.9200000762939453,0.5614819526672363,6.072167873382568
1136,0,-3.9200000762939453,0.5662807822227478,6.038119792938232
1137,0,-3.9200000762939453,0.5655202269554138,6.081550121307373
1138,0,-3.9200000762939453,0.5693654417991638,6.098632335662842
1139,0,-3.9200000762939453,0.5669692158699036,6.065459728240967
1140,0,-3.9200000762939453,0.5688779950141907,6.090218544006348
1141,0,-3.9200000762939453,0.5672487020492554,6.084834575653076
1142,0,-3.9200000762939453,0.5632176399230957,6.070651531219482
1143,0,-3.9200000762939453,0.5647134184837341,6.091818809509277
1144,0,-3.9200000762939453,0.5633925795555115,6.068539142608643
1145,0,-3.9200000762939453,0.5654733777046204,6.104994297027588
1146,0,-3.9200000762939453,0.5670024752616882,6.096213340759277
1147,0,-3.9200000762939453,0.568562388420105,6.060455322265625
1148,0,-3.9200000762939453,0.5615977644920349,6.089274883270264
1149,0,-3.9200000762939453,0.5626161098480225,6.095190525054932
1150,0,-3.9200000762939453,0.5652868747711182,6.114969253540039
1151,0,-3.9200000762939453,0.5697599649429321,6.086356163024902
1152,0,-3.9200000762939453,0.5628678202629089,6.044198513031006
1153,0,-3.9200000762939453,0.5685520172119141,6.069142818450928
1154,1,5.659999847412109,0.6061401963233948,4.784761428833008
1155,1,5.659999847412109,0.6283407211303711,4.81414794921875
1156,0,-5.659999847412109,0.6121607422828674,4.5011491775512695
1157,0,-5.659999847412109,0.607488214969635,4.446828842163086
1158,1,5.659999847412109,0.604785680770874,4.772699356079102
1159,0,-5.659999847412109,0.5981271266937256,4.426904201507568
1160,0,-5.659999847412109,0.5470162034034729,4.185205459594727
1161,0,-5.659999847412109,0.5742851495742798,4.4786176681518555
1162,0,-5.659999847412109,0.5554525256156921,4.07045841217041
1163,0,-5.659999847412109,0.5380343198776245,4.418441295623779
1164,0,-5.659999847412109,0.49911099672317505,3.9935755729675293
1165,0,-5.659999847412109,0.4862119257450104,4.021751403808594
1166,0,-5.659999847412109,0.522081196308136,4.281774520874023
1167,0,-5.659999847412109,0.6177241802215576,4.809512138366699
1168,0,-5.659999847412109,0.5802081227302551,4.412736415863037
1169,0,-5.659999847412109,0.504624605178833,3.858766794204712
1170,0,-5.659999847412109,0.5773066282272339,4.460675239562988
1171,0,-5.659999847412109,0.43925741314888,4.241824150085449
1172,0,-5.659999847412109,0.3836037814617157,4.078973770141602
1173,0,-5.659999847412109,0.3798442780971527,4.03271484375
1174,0,-5.659999847412109,0.5257450938224792,4.59949254989624
1175,0,-11.09000015258789,0.14425477385520935,6.224132537841797
1176,0,-11.09000015258789,0.2264561504125595,6.2676286697387695
1177,0,-11.09000015258789,0.22649680078029633,6.2999796867370605
1178,0,-11.09000015258789,0.18791037797927856,6.3252034187316895
1179,0,-11.09000015258789,0.16301977634429932,6.2961812019348145
1180,0,-11.09000015258789,0.2266606092453003,6.317242622375488
1181,0,-11.09000015258789,0.23911863565444946,6.264962196350098
1182,0,-11.09000015258789,0.18854212760925293,6.287996292114258
1183,0,-11.09000015258789,0.19212715327739716,6.312361717224121
1184,0,-11.09000015258789,0.1853303164243698,6.291497707366943
1185,0,-11.09000015258789,0.21891039609909058,6.266980171203613
1186,0,-11.09000015258789,0.21528492867946625,6.301350116729736
1187,0,-11.09000015258789,0.20321238040924072,6.328346252441406
1188,0,-11.09000015258789,0.20702067017555237,6.327942848205566
1189,0,-11.09000015258789,0.21701385080814362,6.306203842163086
1190,0,-11.09000015258789,0.17878122627735138,6.319308280944824
1191,0,-11.09000015258789,0.180567666888237,6.320284843444824
1192,0,-11.09000015258789,0.15460547804832458,6.331118106842041
1193,0,-11.09000015258789,0.1682172566652298,6.3343000411987305
1194,0,-11.09000015258789,0.14488932490348816,6.337149620056152
1195,0,-11.09000015258789,0.17252027988433838,6.325589179992676
1196,1,5.639999866485596,0.674157440662384,7.805387020111084
1197,1,5.639999866485596,0.6018833518028259,7.5053863525390625
1198,0,-5.639999866485596,0.5726004242897034,7.441282749176025
1199,1,5.639999866485596,0.6273771524429321,7.347278118133545
1200,0,-5.639999866485596,0.21227586269378662,5.08504056930542
1201,1,4.010000228881836,0.8327900171279907,4.051384925842285
1202,1,4.010000228881836,0.8107025623321533,4.051883697509766
1203,1,4.010000228881836,0.8105278611183167,4.049726486206055
1204,0,-4.010000228881836,0.46810877323150635,3.8484504222869873
1205,0,-4.010000228881836,0.5033590197563171,3.729815721511841
1206,1,4.010000228881836,0.5625149607658386,3.785740852355957
1207,0,-4.010000228881836,0.5119916200637817,3.7190732955932617
1208,0,-4.010000228881836,0.45636746287345886,3.5848946571350098
1209,0,-4.010000228881836,0.26423999667167664,3.608997106552124
1210,0,-4.010000228881836,0.5175985097885132,4.095709800720215
1211,0,-4.010000228881836,0.32372918725013733,3.5737099647521973
1212,0,-4.010000228881836,0.44172418117523193,3.5497934818267822
1213,0,-4.010000228881836,0.35070526599884033,3.4742910861968994
1214,0,-4.010000228881836,0.19254595041275024,3.403172731399536
1215,0,-4.010000228881836,0.3673364520072937,3.2367451190948486
1216,0,-4.010000228881836,0.20347023010253906,3.2544913291931152
1217,0,-4.010000228881836,0.16303090751171112,3.3239598274230957
1218,0,-4.010000228881836,0.21801882982254028,3.248126745223999
1219,0,-4.010000228881836,0.18637695908546448,3.0493202209472656
1220,1,6.260000228881836,0.6209848523139954,6.358003616333008
1221,0,-6.260000228881836,0.5245279669761658,6.2744951248168945
1222,1,6.260000228881836,0.6406858563423157,6.524628162384033
1223,1,6.260000228881836,0.6323506236076355,6.519646167755127
1224,0,-6.260000228881836,0.2659797668457031,5.9980316162109375
1225,0,-6.260000228881836,0.398457407951355,6.008900165557861
1226,0,-6.260000228881836,0.5292631387710571,6.861423969268799
1227,0,-6.260000228881836,0.45054563879966736,6.432988166809082
1228,0,-6.260000228881836,0.11656637489795685,6.347194671630859
1229,0,-6.260000228881836,0.5322860479354858,6.34073543548584
1230,0,-6.260000228881836,0.4484159052371979,6.402171611785889
1231,0,-6.260000228881836,0.47977331280708313,6.786898612976074
1232,0,-6.260000228881836,0.46978017687797546,6.710890293121338
1233,0,-6.260000228881836,0.10725520551204681,5.831940174102783
1234,0,-6.260000228881836,0.12028492242097855,5.877254962921143
1235,0,-6.260000228881836,0.4663220942020416,6.729934215545654
1236,0,-6.260000228881836,0.2746705412864685,6.124035358428955
1237,0,-6.260000228881836,0.41113629937171936,5.9578857421875
1238,0,-6.260000228881836,0.06118043139576912,5.839326858520508
1239,0,-6.260000228881836,0.06198890507221222,5.73614501953125
1240,0,-6.260000228881836,0.3147740662097931,6.0392069816589355
1241,1,6.260000228881836,0.6585873961448669,7.1218695640563965
1242,1,6.260000228881836,0.647386372089386,7.08737850189209
1243,0,-6.260000228881836,0.5046708583831787,6.3305983543396
1244,1,6.260000228881836,0.6179348826408386,7.087518215179443
1245,0,-6.260000228881836,0.5244451761245728,6.5835795402526855
1246,0,-6.260000228881836,0.5716681480407715,7.183189868927002
1247,0,-6.260000228881836,0.43483859300613403,7.096400260925293
1248,0,-6.260000228881836,0.5673288106918335,6.235071182250977
1249,0,-6.260000228881836,0.40021151304244995,6.937668323516846
1250,0,-6.260000228881836,0.08628477901220322,7.235433101654053
1251,0,-6.260000228881836,0.4350740909576416,6.274945259094238
1252,0,-6.260000228881836,0.3956851065158844,7.0085344314575195
1253,0,-6.260000228881836,0.444389283657074,6.67490816116333
1254,0,-6.260000228881836,0.5416452884674072,6.4698967933654785
1255,0,-6.260000228881836,0.4752568006515503,6.849918842315674
1256,0,-6.260000228881836,0.46079814434051514,6.932568073272705
1257,0,-6.260000228881836,0.5584521889686584,6.946072578430176
1258,1,5.21999979019165,0.5926240086555481,4.216900825500488
1259,1,5.21999979019165,0.5667190551757812,4.150064468383789
1260,0,-5.21999979019165,0.19238419830799103,3.792307138442993
1261,0,-5.21999979019165,0.34464147686958313,4.127135276794434
1262,0,-5.21999979019165,0.22217653691768646,4.013278961181641
1263,0,-5.21999979019165,0.056132975965738297,4.037897109985352
1264,0,-5.21999979019165,0.14138735830783844,4.051767349243164
1265,0,-5.21999979019165,0.3015182316303253,4.184624671936035
1266,1,5.21999979019165,0.48580971360206604,4.0638427734375
1267,0,-5.21999979019165,0.18197689950466156,4.106649398803711
1268,0,-5.21999979019165,0.07554524391889572,3.7388696670532227
1269,0,-5.21999979019165,0.1841033697128296,3.9063103199005127
1270,0,-5.21999979019165,0.2854286730289459,3.881524085998535
1271,0,-5.21999979019165,0.2658090591430664,4.15106201171875
1272,0,-5.21999979019165,0.1255331039428711,3.812570333480835
1273,0,-5.21999979019165,0.3333238661289215,4.088894367218018
1274,0,-5.21999979019165,0.14276812970638275,3.797440767288208
1275,0,-5.21999979019165,0.10757673531770706,4.031186103820801
1276,0,-5.21999979019165,0.08748329430818558,3.842963457107544
1277,0,-5.21999979019165,0.48331043124198914,4.221288681030273
1278,0,-5.21999979019165,0.08748992532491684,3.7839200496673584
1279,1,5.639999866485596,0.8188436627388,5.573090553283691
1280,0,-5.639999866485596,0.7424646019935608,5.4878458976745605
1281,1,5.639999866485596,0.6296666264533997,5.2539472579956055
1282,0,-5.639999866485596,0.5682482719421387,5.325472831726074
1283,1,5.639999866485596,0.661034882068634,5.225884437561035
1284,0,-5.639999866485596,0.5181498527526855,5.28143310546875
1285,0,-5.639999866485596,0.5536460876464844,5.123142242431641
1286,0,-5.639999866485596,0.5264853835105896,5.408743381500244
1287,0,-5.639999866485596,0.4164186418056488,4.963505268096924
1288,0,-5.639999866485596,0.7202027440071106,5.342260837554932
1289,0,-5.639999866485596,0.3056749403476715,5.078623294830322
1290,0,-5.639999866485596,0.43287020921707153,4.876400470733643
1291,0,-5.639999866485596,0.4952067732810974,4.73484992980957
1292,0,-5.639999866485596,0.49691134691238403,5.144207000732422
1293,0,-5.639999866485596,0.23047055304050446,4.582308769226074
1294,0,-5.639999866485596,0.3868142068386078,4.7666544914245605
1295,0,-5.639999866485596,0.22795076668262482,4.74057149887085
1296,0,-5.639999866485596,0.22399573028087616,4.818658828735352
1297,0,-5.639999866485596,0.478306382894516,5.193299293518066
1298,0,-5.639999866485596,0.3162274658679962,5.186439514160156
1299,0,-5.639999866485596,0.25398197770118713,4.605366230010986
1300,1,5.820000171661377,0.7506894469261169,7.0530219078063965
1301,0,-5.820000171661377,0.5192481279373169,6.131767749786377
1302,0,-5.820000171661377,0.357937216758728,6.27598762512207
1303,0,-5.820000171661377,0.21439193189144135,6.522353649139404
1304,0,-5.820000171661377,0.47202226519584656,6.247352600097656
1305,0,-5.820000171661377,0.47383350133895874,6.36028528213501
1306,0,-5.820000171661377,0.32220250368118286,6.435488700866699
1307,0,-5.820000171661377,0.5528993010520935,6.433413028717041
1308,0,-5.820000171661377,0.13002604246139526,6.1814961433410645
1309,0,-5.820000171661377,0.0787350982427597,5.882740020751953
1310,0,-5.820000171661377,0.27634096145629883,6.315018653869629
1311,0,-5.820000171661377,0.25823014974594116,5.464458465576172
1312,0,-5.820000171661377,0.18246887624263763,6.255574703216553
1313,0,-5.820000171661377,0.3333674371242523,5.849369525909424
1314,0,-5.820000171661377,0.029377466067671776,5.197354316711426
1315,0,-5.820000171661377,0.05848558619618416,5.682635307312012
1316,0,-5.820000171661377,0.5038338899612427,6.419541835784912
1317,0,-5.820000171661377,0.43632742762565613,6.275758743286133
1318,0,-5.820000171661377,0.1464850753545761,5.974920749664307
1319,0,-5.820000171661377,0.05332891643047333,5.647663116455078
1320,0,-5.820000171661377,0.022815560922026634,5.547820091247559
1321,1,9.0,0.6669893860816956,6.593739986419678
1322,1,9.0,0.6626744866371155,6.610073566436768
1323,0,-9.0,0.5093436241149902,5.670518398284912
1324,0,-9.0,0.6609376072883606,5.76615047454834
1325,0,-9.0,0.279135137796402,4.311278343200684
1326,0,-9.0,0.30553027987480164,5.458888053894043
1327,0,-9.0,0.5944346189498901,6.054015636444092
1328,0,-9.0,0.4414518475532532,4.875014305114746
1329,0,-9.0,0.46755537390708923,5.639916896820068
1330,0,-9.0,0.07701219618320465,3.951388120651245
1331,0,-9.0,0.033030908554792404,4.121942520141602
1332,0,-9.0,0.06849794089794159,3.962998390197754
1333,0,-9.0,0.07993968576192856,4.593055248260498
1334,0,-9.0,0.059775084257125854,4.214441299438477
1335,0,-9.0,0.0683944970369339,4.351868629455566
1336,0,-9.0,0.4271330237388611,5.4416279792785645
1337,0,-9.0,0.36002758145332336,4.9004621505737305
1338,0,-9.0,0.05045342817902565,4.00935697555542
1339,0,-9.0,0.24043025076389313,5.5311479568481445
1340,0,-9.0,0.054334238171577454,3.997154712677002
1341,0,-9.0,0.1463427096605301,4.740599155426025
1342,1,7.420000076293945,0.7416517734527588,7.6375250816345215
1343,1,7.420000076293945,0.736240565776825,7.61785888671875
1344,0,-7.420000076293945,0.5671131014823914,7.566589832305908
1345,1,7.420000076293945,0.6872720122337341,7.554766654968262
1346,0,-7.420000076293945,0.6417171955108643,7.550710201263428
1347,1,9.300000190734863,0.8027322888374329,7.300624370574951
1348,1,9.300000190734863,0.7927160263061523,7.321728706359863
1349,1,8.109999656677246,0.7743269205093384,6.729802131652832
1350,1,8.109999656677246,0.7942453026771545,6.859254837036133
1351,1,7.440000057220459,0.6195306181907654,6.642783164978027
1352,0,-7.440000057220459,0.6512163281440735,6.595709800720215
1353,0,-7.440000057220459,0.6603047847747803,6.697872638702393
1354,1,7.440000057220459,0.6980726718902588,6.628716468811035
1355,1,7.440000057220459,0.6791990995407104,6.708510875701904
1356,0,-7.440000057220459,0.3300244212150574,5.940910816192627
1357,0,-7.440000057220459,0.030542626976966858,5.6768598556518555
1358,0,-7.440000057220459,0.4143650233745575,5.350383758544922
1359,0,-7.440000057220459,0.036383043974637985,5.569808483123779
1360,0,-7.440000057220459,0.5364935398101807,6.166606426239014
1361,0,-7.440000057220459,0.03913572430610657,5.413153648376465
1362,0,-7.440000057220459,0.03200157731771469,5.2985148429870605
1363,0,-7.440000057220459,0.11076231300830841,5.180757999420166
1364,0,-7.440000057220459,0.03837229311466217,5.517967224121094
1365,0,-7.440000057220459,0.46549752354621887,5.840112209320068
1366,0,-7.440000057220459,0.54217129945755,5.653858661651611
1367,0,-7.440000057220459,0.04351172596216202,5.464879989624023
1368,0,-7.440000057220459,0.4348352253437042,5.596890926361084
1369,0,-7.440000057220459,0.6001970767974854,5.794464588165283
1370,0,-7.440000057220459,0.2662995755672455,5.692595958709717
1371,0,-7.440000057220459,0.038020599633455276,5.126603603363037
1372,0,-7.800000190734863,0.09782253950834274,7.212578296661377
1373,1,7.800000190734863,0.6852800846099854,8.110596656799316
1374,0,-7.800000190734863,0.6259258985519409,7.9141926765441895
1375,0,-7.800000190734863,0.1745118945837021,7.307120323181152
1376,0,-7.800000190734863,0.05067175626754761,7.2981767654418945
1377,0,-7.800000190734863,0.7062544226646423,8.0106782913208
1378,0,-7.800000190734863,0.15601664781570435,7.660439491271973
1379,0,-7.800000190734863,0.09868897497653961,7.308542251586914
1380,0,-7.800000190734863,0.13135741651058197,7.427065849304199
1381,0,-7.800000190734863,0.041929084807634354,7.093820095062256
1382,0,-7.800000190734863,0.07665662467479706,7.50047492980957
1383,0,-7.800000190734863,0.303964227437973,7.75931453704834
1384,0,-7.800000190734863,0.24895362555980682,7.657163143157959
1385,0,-7.800000190734863,0.03868590295314789,6.951306343078613
1386,0,-7.800000190734863,0.1473449170589447,7.804340362548828
1387,0,-7.800000190734863,0.06983421742916107,7.040938854217529
1388,0,-7.800000190734863,0.03963186591863632,7.280034065246582
1389,0,-7.800000190734863,0.054240670055150986,7.120143413543701
1390,0,-7.800000190734863,0.09295831620693207,7.600722789764404
1391,0,-7.800000190734863,0.07286854833364487,7.395748138427734
1392,1,8.300000190734863,0.5005670785903931,7.156559944152832
1393,1,8.300000190734863,0.5030200481414795,7.126137733459473
1394,0,-8.300000190734863,0.18387122452259064,6.780396461486816
1395,0,-8.300000190734863,0.045347727835178375,6.292943000793457
1396,0,-8.300000190734863,0.11338961869478226,6.443482875823975
1397,0,-8.300000190734863,0.21503609418869019,6.238343238830566
1398,0,-8.300000190734863,0.0237863902002573,6.28894567489624
1399,0,-8.300000190734863,0.153885617852211,5.161370277404785
1400,0,-8.300000190734863,0.08270769566297531,4.882800102233887
1401,0,-8.300000190734863,0.07714515179395676,5.8390913009643555
1402,0,-8.300000190734863,0.13172340393066406,6.1255950927734375
1403,0,-8.300000190734863,0.03167742118239403,6.1027116775512695
1404,0,-8.300000190734863,0.062315989285707474,6.341130256652832
1405,0,-8.300000190734863,0.046584662050008774,5.719600677490234
1406,0,-8.300000190734863,0.02856091782450676,5.803013801574707
1407,1,6.730000019073486,0.751460611820221,6.136418342590332
1408,1,6.730000019073486,0.6814433932304382,6.111688613891602
1409,1,6.730000019073486,0.7386293411254883,6.135799884796143
1410,0,-6.730000019073486,0.11559918522834778,5.750665664672852
1411,0,-6.730000019073486,0.0931638553738594,5.809368133544922
1412,0,-6.730000019073486,0.11666997522115707,5.944556713104248
1413,0,-6.730000019073486,0.06688129901885986,5.4654364585876465
1414,0,-6.730000019073486,0.19896617531776428,5.752939701080322
1415,0,-6.730000019073486,0.058149274438619614,5.548192024230957
1416,1,7.21999979019165,0.5418496131896973,5.779361724853516
1417,0,-7.21999979019165,0.512573778629303,5.887881755828857
1418,0,-7.21999979019165,0.5119375586509705,5.889217376708984
1419,0,-7.21999979019165,0.523385226726532,5.722455024719238
1420,0,-7.21999979019165,0.43567076325416565,5.358051776885986
1421,0,-7.21999979019165,0.41133561730384827,5.231327056884766
1422,0,-7.21999979019165,0.37869587540626526,5.250148296356201
1423,0,-7.21999979019165,0.3301466107368469,5.243478775024414
1424,0,-7.21999979019165,0.2316579818725586,5.247372150421143
1425,0,-7.21999979019165,0.28079506754875183,5.643991947174072
1426,0,-7.21999979019165,0.33379697799682617,5.4371209144592285
1427,1,7.21999979019165,0.4877261817455292,5.205108642578125
1428,0,-7.21999979019165,0.169258251786232,4.966159343719482
1429,0,-7.21999979019165,0.48437151312828064,5.280591011047363
1430,0,-7.21999979019165,0.3739800453186035,4.545581340789795
1431,0,-7.21999979019165,0.08782046288251877,4.692528247833252
1432,0,-7.21999979019165,0.270995557308197,5.045038223266602
1433,0,-7.21999979019165,0.04848146066069603,4.910799026489258
1434,0,-7.21999979019165,0.41921892762184143,5.055850982666016
1435,0,-7.21999979019165,0.2858702838420868,4.14459228515625
1436,1,5.920000076293945,0.6987481117248535,4.642467498779297
1437,0,-5.920000076293945,0.7269169092178345,4.7280049324035645
1438,0,-5.920000076293945,0.5657110810279846,4.364953517913818
1439,1,5.920000076293945,0.73936527967453,4.765475749969482
1440,0,-5.920000076293945,0.653406023979187,4.740416526794434
1441,0,-5.920000076293945,0.05011003091931343,4.127455711364746
1442,0,-5.920000076293945,0.1040390208363533,3.988415241241455
1443,0,-5.920000076293945,0.6034752726554871,4.704555988311768
1444,0,-5.920000076293945,0.04004580155014992,3.9474403858184814
1445,0,-5.920000076293945,0.03206271305680275,4.0044145584106445
1446,0,-5.920000076293945,0.5428446531295776,4.114697456359863
1447,0,-5.920000076293945,0.549673318862915,4.424917697906494
1448,0,-5.920000076293945,0.029089948162436485,3.9928672313690186
1449,0,-5.920000076293945,0.25003674626350403,4.699008464813232
1450,0,-5.920000076293945,0.03541086986660957,4.0304412841796875
1451,0,-5.920000076293945,0.22728323936462402,4.528318881988525
1452,0,-5.920000076293945,0.03932633996009827,4.048543930053711
1453,0,-5.920000076293945,0.4599625766277313,4.134457588195801
1454,0,-5.920000076293945,0.45555558800697327,4.215514183044434
1455,0,-5.920000076293945,0.05454820767045021,4.081216335296631
1456,0,-5.920000076293945,0.07548170536756516,4.1269941329956055
1457,1,5.849999904632568,0.7091076374053955,7.109410285949707
1458,0,-5.849999904632568,0.5537567138671875,5.936383247375488
1459,1,5.849999904632568,0.7063381671905518,6.965141296386719
1460,0,-5.849999904632568,0.5297344923019409,6.671875476837158
1461,1,5.849999904632568,0.7396560907363892,7.040679454803467
1462,0,-5.849999904632568,0.5798892974853516,6.626523017883301
1463,1,5.849999904632568,0.5934273600578308,6.949583530426025
1464,0,-5.849999904632568,0.535320520401001,6.56413459777832
1465,0,-5.849999904632568,0.3452101945877075,6.776035785675049
1466,0,-5.849999904632568,0.3983266353607178,6.783306121826172
1467,0,-5.849999904632568,0.34870511293411255,6.660587310791016
1468,0,-5.849999904632568,0.3348619341850281,6.612815856933594
1469,0,-5.849999904632568,0.17850111424922943,6.406049728393555
1470,0,-5.849999904632568,0.44144296646118164,6.347208023071289
1471,0,-5.849999904632568,0.3465445637702942,6.905575752258301
1472,0,-5.849999904632568,0.13060612976551056,5.819663047790527
1473,0,-5.849999904632568,0.12484715133905411,6.958502292633057
1474,0,-5.849999904632568,0.2347993105649948,6.610302448272705
1475,0,-5.849999904632568,0.11330273002386093,6.515438079833984
1476,0,-5.849999904632568,0.15598547458648682,6.279354095458984
1477,0,-5.849999904632568,0.1435883492231369,6.6724853515625
1478,1,2.5199999809265137,0.4520552456378937,3.2927608489990234
1479,0,-2.5199999809265137,0.4296673536300659,3.719597816467285
1480,0,-2.5199999809265137,0.6563377976417542,3.824986219406128
1481,0,-2.5199999809265137,0.5840911865234375,3.6365513801574707
1482,0,-2.5199999809265137,0.5186017751693726,3.6685028076171875
1483,0,-2.5199999809265137,0.5029385685920715,3.7576396465301514
1484,0,-2.5199999809265137,0.35788989067077637,3.4265244007110596
1485,0,-2.5199999809265137,0.5718538165092468,3.350343942642212
1486,0,-2.5199999809265137,0.5189161896705627,3.372386932373047
1487,0,-2.5199999809265137,0.24334903061389923,3.672645330429077
1488,1,2.5199999809265137,0.49376821517944336,3.1702163219451904
1489,0,-2.5199999809265137,0.43807703256607056,3.4742231369018555
1490,0,-2.5199999809265137,0.28908440470695496,3.829193115234375
1491,0,-2.5199999809265137,0.2519610822200775,3.6618714332580566
1492,0,-2.5199999809265137,0.5991799235343933,3.261225938796997
1493,0,-2.5199999809265137,0.2706610858440399,3.2732009887695312
1494,0,-2.5199999809265137,0.4553673565387726,3.228034019470215
1495,0,-2.5199999809265137,0.2705627679824829,3.3445239067077637
1496,0,-2.5199999809265137,0.28635287284851074,3.5076708793640137
1497,0,-2.5199999809265137,0.237171933054924,3.575521469116211
1498,0,-2.5199999809265137,0.5058731436729431,3.257291078567505
1499,1,3.299999952316284,0.557106077671051,3.3865480422973633
1500,1,3.299999952316284,0.33048415184020996,3.414372682571411
1501,0,-3.299999952316284,0.41719311475753784,3.3550586700439453
1502,0,-3.299999952316284,0.535710334777832,3.423163414001465
1503,0,-3.299999952316284,0.4642215073108673,3.411855459213257
1504,0,-3.299999952316284,0.343680202960968,3.717939615249634
1505,0,-3.299999952316284,0.4981854259967804,3.3975789546966553
1506,0,-3.299999952316284,0.44326233863830566,3.4761641025543213
1507,0,-3.299999952316284,0.39857789874076843,3.4295358657836914
1508,0,-3.299999952316284,0.5180912017822266,3.4164373874664307
1509,0,-3.299999952316284,0.5132853984832764,3.4186484813690186
1510,0,-3.299999952316284,0.20788820087909698,3.5285205841064453
1511,0,-3.299999952316284,0.18518519401550293,3.3614320755004883
1512,0,-3.299999952316284,0.1058419719338417,3.3227076530456543
1513,0,-3.299999952316284,0.11638670414686203,3.253546714782715
1514,0,-3.299999952316284,0.20268267393112183,3.300525665283203
1515,0,-3.299999952316284,0.13915406167507172,3.4073867797851562
1516,0,-3.299999952316284,0.08617408573627472,3.3717541694641113
1517,0,-3.299999952316284,0.43746885657310486,3.5582540035247803
1518,0,-3.299999952316284,0.2572658956050873,3.2761387825012207
1519,1,2.2899999618530273,0.6636969447135925,3.4389755725860596
1520,1,2.2899999618530273,0.7144430875778198,3.45086407661438
1521,0,-2.2899999618530273,0.37512150406837463,3.3977301120758057
1522,0,-2.2899999618530273,0.36920514702796936,3.359245538711548
1523,0,-2.2899999618530273,0.7398191094398499,3.4524271488189697
1524,0,-2.2899999618530273,0.46111419796943665,3.3558833599090576
1525,0,-2.2899999618530273,0.2213161140680313,3.293393850326538
1526,0,-2.2899999618530273,0.5332602262496948,3.404494285583496
1527,0,-2.2899999618530273,0.5027403831481934,3.3201346397399902
1528,0,-2.2899999618530273,0.5257863998413086,3.4334235191345215
1529,0,-2.2899999618530273,0.48035484552383423,3.3013346195220947
1530,0,-2.2899999618530273,0.4371263384819031,3.299839496612549
1531,0,-2.2899999618530273,0.5746780037879944,3.3883047103881836
1532,0,-2.2899999618530273,0.33200517296791077,3.548614978790283
1533,0,-2.2899999618530273,0.2493191808462143,3.259610652923584
1534,0,-2.2899999618530273,0.1476931869983673,3.280057907104492
1535,0,-2.2899999618530273,0.18612635135650635,3.326231002807617
1536,0,-2.2899999618530273,0.1627255380153656,3.3771438598632812
1537,0,-2.2899999618530273,0.30919957160949707,3.314051628112793
1538,0,-2.2899999618530273,0.21254435181617737,3.3634164333343506
1539,0,-2.2899999618530273,0.3399784564971924,3.301464319229126
1540,1,7.519999980926514,0.6932511925697327,7.876065254211426
1541,1,7.519999980926514,0.6926408410072327,7.866804599761963
1542,0,-7.519999980926514,0.6500779986381531,7.658013343811035
1543,0,-7.519999980926514,0.3656209707260132,7.001748085021973
1544,0,-7.519999980926514,0.24381768703460693,6.829305648803711
1545,0,-7.519999980926514,0.3774946928024292,7.002184867858887
1546,0,-7.519999980926514,0.42642083764076233,7.019442558288574
1547,0,-7.519999980926514,0.42906349897384644,6.891271114349365
1548,0,-7.519999980926514,0.26671168208122253,6.9511518478393555
1549,0,-7.519999980926514,0.5215135812759399,6.910519123077393
1550,0,-7.519999980926514,0.32822540402412415,7.0598320960998535
1551,0,-7.519999980926514,0.36698198318481445,6.667374610900879
1552,0,-7.519999980926514,0.4490164518356323,7.151926517486572
1553,0,-7.519999980926514,0.13907839357852936,6.483489036560059
1554,0,-7.519999980926514,0.5104586482048035,6.669436454772949
1555,0,-7.519999980926514,0.14229093492031097,6.6249895095825195
1556,1,5.769999980926514,0.653583824634552,4.590008735656738
1557,1,5.769999980926514,0.6361600756645203,4.5405755043029785
1558,0,-5.769999980926514,0.12768413126468658,3.9071054458618164
1559,0,-5.769999980926514,0.20714393258094788,3.967515230178833
1560,0,-5.769999980926514,0.056200042366981506,3.8135135173797607
1561,0,-5.769999980926514,0.4930349290370941,4.002423286437988
1562,0,-5.769999980926514,0.3552282154560089,3.7933366298675537
1563,0,-5.769999980926514,0.4482099413871765,3.9349539279937744
1564,0,-5.769999980926514,0.3508738875389099,4.179588317871094
1565,0,-5.769999980926514,0.04560993239283562,3.898407459259033
1566,0,-5.769999980926514,0.0765174925327301,3.770075798034668
1567,0,-5.769999980926514,0.09191295504570007,3.5664737224578857
1568,0,-5.769999980926514,0.0978114902973175,3.6551194190979004
1569,0,-5.769999980926514,0.2479357272386551,3.6337337493896484
1570,0,-5.769999980926514,0.09310583025217056,3.6757006645202637
1571,0,-5.769999980926514,0.06048361584544182,3.722266435623169
1572,0,-5.769999980926514,0.10327105224132538,3.611194610595703
1573,0,-5.769999980926514,0.13660398125648499,3.734837293624878
1574,0,-5.769999980926514,0.036307886242866516,3.549956798553467
1575,0,-5.769999980926514,0.05186038091778755,3.6242268085479736
1576,1,2.8399999141693115,0.6985862255096436,3.446992874145508
1577,1,2.8399999141693115,0.6989792585372925,3.418313503265381
1578,0,-2.8399999141693115,0.575931191444397,3.463859796524048
1579,0,-2.8399999141693115,0.6694936156272888,3.4072961807250977
1580,0,-2.8399999141693115,0.29085248708724976,3.596707582473755
1581,0,-2.8399999141693115,0.5175638198852539,3.328321695327759
1582,0,-2.8399999141693115,0.2599964141845703,3.4438271522521973
1583,0,-2.8399999141693115,0.5211493372917175,3.4469900131225586
1584,0,-2.8399999141693115,0.4290967583656311,3.3828630447387695
1585,0,-2.8399999141693115,0.26380130648612976,3.315244197845459
1586,0,-2.8399999141693115,0.25537779927253723,3.5848376750946045
1587,0,-2.8399999141693115,0.5082077980041504,3.359010934829712
1588,0,-2.8399999141693115,0.5137075781822205,3.411958932876587
1589,0,-2.8399999141693115,0.5256453156471252,3.279221296310425
1590,0,-2.8399999141693115,0.3855574429035187,3.2885396480560303
1591,0,-2.8399999141693115,0.39349573850631714,3.370176076889038
1592,0,-2.8399999141693115,0.3090078830718994,3.2187387943267822
1593,0,-2.8399999141693115,0.37540486454963684,3.4097702503204346
1594,0,-2.8399999141693115,0.31376174092292786,3.3019285202026367
1595,0,-2.8399999141693115,0.31835082173347473,3.4887442588806152
1596,0,-8.569999694824219,0.4760095775127411,6.564890384674072
1597,1,8.569999694824219,0.7512433528900146,6.805212497711182
1598,0,-8.569999694824219,0.6087304949760437,6.429355144500732
1599,0,-8.569999694824219,0.6123616099357605,6.408604145050049
1600,0,-8.569999694824219,0.616033673286438,6.554905891418457
1601,0,-8.569999694824219,0.1596553474664688,5.323072910308838
1602,0,-8.569999694824219,0.45468437671661377,6.4879302978515625
1603,0,-8.569999694824219,0.2799290120601654,6.32108211517334
1604,0,-8.569999694824219,0.027297701686620712,4.985671043395996
1605,0,-8.569999694824219,0.1754893809556961,5.464388847351074
1606,0,-8.569999694824219,0.026539862155914307,4.912449359893799
1607,0,-8.569999694824219,0.06543369591236115,4.861532211303711
1608,0,-8.569999694824219,0.36061790585517883,5.751523971557617
1609,0,-8.569999694824219,0.025394601747393608,5.509143352508545
1610,0,-8.569999694824219,0.047272998839616776,5.048293590545654
1611,0,-8.569999694824219,0.0796760618686676,4.672434329986572
1612,0,-8.569999694824219,0.040573276579380035,5.038573741912842
1613,0,-8.569999694824219,0.07499808073043823,4.882907390594482
1614,0,-8.569999694824219,0.053939394652843475,4.611261367797852
1615,0,-8.569999694824219,0.09865356981754303,4.879047870635986
1616,0,-8.569999694824219,0.03252383694052696,4.45662260055542
1617,1,7.320000171661377,0.8477625846862793,7.310576915740967
1618,1,7.320000171661377,0.842305064201355,7.150552272796631
1619,0,-7.320000171661377,0.5062662959098816,6.686870574951172
1620,0,-7.320000171661377,0.29179784655570984,7.109145164489746
1621,0,-7.320000171661377,0.511043131351471,7.074487686157227
1622,0,-7.320000171661377,0.39577576518058777,6.211767196655273
1623,0,-7.320000171661377,0.480211079120636,7.066375732421875
1624,0,-7.320000171661377,0.44814589619636536,6.535838603973389
1625,0,-7.320000171661377,0.5448222756385803,6.816621780395508
1626,0,-7.320000171661377,0.1750773787498474,6.811642646789551
1627,0,-7.320000171661377,0.4990127980709076,6.711564064025879
1628,0,-7.320000171661377,0.5935971140861511,7.063363552093506
1629,0,-7.320000171661377,0.21043169498443604,6.807794570922852
1630,1,7.320000171661377,0.692887544631958,6.947261810302734
1631,0,-7.320000171661377,0.243398055434227,6.075521945953369
1632,0,-7.320000171661377,0.15243716537952423,6.824921131134033
1633,0,-7.320000171661377,0.17295464873313904,6.510890007019043
1634,0,-7.320000171661377,0.07347675412893295,6.136338233947754
1635,0,-7.320000171661377,0.5262154936790466,6.730546951293945
1636,0,-7.320000171661377,0.528366208076477,6.423163890838623
1637,1,4.300000190734863,0.6746976375579834,5.594120025634766
1638,1,4.300000190734863,0.5815989971160889,5.694194316864014
1639,1,4.300000190734863,0.6454299092292786,5.504642486572266
1640,0,-4.300000190734863,0.5749721527099609,6.275875091552734
1641,0,-4.300000190734863,0.267415314912796,5.246621131896973
1642,0,-4.300000190734863,0.33326268196105957,4.843920707702637
1643,0,-4.300000190734863,0.07963331043720245,4.854318618774414
1644,0,-4.300000190734863,0.028381088748574257,4.080509662628174
1645,0,-4.300000190734863,0.2222021073102951,5.659782886505127
1646,0,-4.300000190734863,0.09054533392190933,4.105839729309082
1647,0,-4.300000190734863,0.07531804591417313,4.742550849914551
1648,0,-4.300000190734863,0.4879407286643982,5.08234977722168
1649,0,-4.300000190734863,0.24846668541431427,4.903111457824707
1650,0,-4.300000190734863,0.4591326117515564,5.363407135009766
1651,0,-4.300000190734863,0.140392005443573,4.519406318664551
1652,0,-4.300000190734863,0.03858653083443642,3.936291456222534
1653,0,-4.300000190734863,0.21211731433868408,4.945987701416016
1654,0,-4.300000190734863,0.04121126979589462,4.230165481567383
1655,0,-4.300000190734863,0.26852652430534363,5.184392929077148
1656,0,-4.300000190734863,0.11293374001979828,4.528944969177246
1657,0,-4.300000190734863,0.22759859263896942,4.461037635803223
1658,1,4.429999828338623,0.5950619578361511,4.266053199768066
1659,0,-4.429999828338623,0.5361922979354858,5.803831577301025
1660,0,-4.429999828338623,0.5341318249702454,5.100966453552246
1661,0,-4.429999828338623,0.6335681080818176,5.487706184387207
1662,0,-4.429999828338623,0.43951350450515747,6.1425299644470215
1663,0,-4.429999828338623,0.5832553505897522,5.499728202819824
1664,0,-4.429999828338623,0.3426840305328369,5.484552383422852
1665,0,-4.429999828338623,0.45737549662590027,5.178796768188477
1666,0,-4.429999828338623,0.5434950590133667,3.894859790802002
1667,0,-4.429999828338623,0.49357420206069946,5.481807231903076
1668,0,-4.429999828338623,0.519291341304779,4.512777328491211
1669,0,-4.429999828338623,0.6211541891098022,4.230381011962891
1670,0,-4.429999828338623,0.6348775625228882,4.240155220031738
1671,0,-4.429999828338623,0.44789281487464905,5.443917751312256
1672,1,4.429999828338623,0.6075230240821838,4.157224655151367
1673,0,-4.429999828338623,0.4611705541610718,4.4196271896362305
1674,0,-4.429999828338623,0.5989978313446045,4.277585983276367
1675,0,-4.429999828338623,0.5297110676765442,4.4139862060546875
1676,1,4.429999828338623,0.5391423106193542,4.087823390960693
1677,0,-4.429999828338623,0.3534466028213501,4.216031074523926
1678,1,7.960000038146973,0.4999713897705078,6.659310817718506
1679,1,7.960000038146973,0.5212141275405884,6.584867477416992
1680,0,-7.960000038146973,0.07372032850980759,3.9476211071014404
1681,0,-7.960000038146973,0.41207125782966614,5.235275745391846
1682,0,-7.960000038146973,0.29111436009407043,4.457831382751465
1683,0,-7.960000038146973,0.026397278532385826,3.8134918212890625
1684,0,-7.960000038146973,0.12184354662895203,4.015387535095215
1685,0,-7.960000038146973,0.4291035532951355,6.003593921661377
1686,0,-7.960000038146973,0.3819241225719452,5.1984758377075195
1687,0,-7.960000038146973,0.35802653431892395,5.111993312835693
1688,0,-7.960000038146973,0.39279210567474365,5.324536323547363
1689,0,-7.960000038146973,0.28739604353904724,5.05155086517334
1690,0,-7.960000038146973,0.07350636273622513,3.932248592376709
1691,0,-7.960000038146973,0.32839110493659973,6.753854751586914
1692,0,-7.960000038146973,0.1000206470489502,4.1056318283081055
1693,0,-7.960000038146973,0.047489363700151443,4.021345615386963
1694,0,-7.960000038146973,0.06570295244455338,3.9666082859039307
1695,0,-7.960000038146973,0.032068882137537,3.8762054443359375
1696,0,-7.960000038146973,0.07799063622951508,4.194864273071289
1697,0,-7.960000038146973,0.04095250368118286,3.7502756118774414
1698,1,7.46999979019165,0.7540340423583984,5.295913219451904
1699,0,-7.46999979019165,0.70139080286026,5.390485763549805
1700,0,-7.46999979019165,0.538522481918335,6.046984672546387
1701,1,7.46999979019165,0.6499102115631104,5.382981300354004
1702,0,-7.46999979019165,0.2775489091873169,5.4832329750061035
1703,0,-7.46999979019165,0.6982967853546143,5.200458526611328
1704,0,-7.46999979019165,0.49098771810531616,5.630590438842773
1705,0,-7.46999979019165,0.29855287075042725,5.516401290893555
1706,0,-7.46999979019165,0.06439247727394104,5.281172752380371
1707,0,-7.46999979019165,0.09543542563915253,5.068606853485107
1708,0,-7.46999979019165,0.17380008101463318,5.080784320831299
1709,0,-7.46999979019165,0.5610474944114685,5.190492630004883
1710,0,-7.46999979019165,0.3273986279964447,5.086954593658447
1711,0,-7.46999979019165,0.17438308894634247,5.345133304595947
1712,0,-7.46999979019165,0.09141334891319275,5.2142558097839355
1713,0,-7.46999979019165,0.36049169301986694,5.448572158813477
1714,0,-7.46999979019165,0.06750050187110901,4.823699951171875
1715,0,-7.46999979019165,0.034943096339702606,4.913245677947998
1716,0,-7.46999979019165,0.4189678132534027,5.4162678718566895
1717,0,-7.46999979019165,0.14330613613128662,5.343721866607666
1718,0,-7.46999979019165,0.3697107136249542,5.169473171234131
1719,1,8.520000457763672,0.40139535069465637,6.9482421875
1720,1,8.520000457763672,0.2251485139131546,6.879692077636719
1721,0,-8.520000457763672,0.020317809656262398,6.279484748840332
1722,0,-8.520000457763672,0.026682736352086067,6.2465434074401855
1723,1,2.119999885559082,0.5756612420082092,3.669471502304077
1724,0,-2.119999885559082,0.5415893793106079,3.9773969650268555
1725,0,-2.119999885559082,0.5316910147666931,3.7311532497406006
1726,0,-2.119999885559082,0.5308927893638611,3.7981467247009277
1727,1,2.119999885559082,0.5489038825035095,3.798483371734619
1728,0,-2.119999885559082,0.43492215871810913,3.4804625511169434
1729,0,-2.119999885559082,0.438716322183609,3.6582679748535156
1730,0,-2.119999885559082,0.46826767921447754,3.625027894973755
1731,0,-2.119999885559082,0.5264447331428528,3.655130624771118
1732,0,-2.119999885559082,0.24315094947814941,3.698901653289795
1733,0,-2.119999885559082,0.5200827717781067,3.546909809112549
1734,0,-2.119999885559082,0.5085732340812683,3.7140448093414307
1735,0,-2.119999885559082,0.3885273039340973,3.694899082183838
1736,0,-2.119999885559082,0.5350050330162048,3.6817517280578613
1737,0,-2.119999885559082,0.3697245121002197,3.6048781871795654
1738,0,-2.119999885559082,0.475349098443985,3.601933479309082
1739,0,-2.119999885559082,0.4152584671974182,3.6695761680603027
1740,0,-2.119999885559082,0.3632371425628662,3.7024261951446533
1741,0,-2.119999885559082,0.3961212635040283,3.6432244777679443
1742,0,-2.119999885559082,0.2443818300962448,3.500300168991089
1743,0,-2.119999885559082,0.47829413414001465,3.5228347778320312
1744,1,9.539999961853027,0.7214152216911316,7.790521621704102
1745,1,9.539999961853027,0.7222591042518616,7.783793926239014
1746,1,9.539999961853027,0.7287747263908386,7.802249908447266
1747,0,-9.539999961853027,0.6418349146842957,7.565053939819336
1748,0,-9.539999961853027,0.5768925547599792,7.627023696899414
1749,1,7.400000095367432,0.6228651404380798,6.83005428314209
1750,0,-7.400000095367432,0.6820921301841736,6.953239440917969
1751,0,-7.400000095367432,0.7046607732772827,6.949417591094971
1752,0,-7.400000095367432,0.7441741228103638,6.8761749267578125
1753,0,-7.400000095367432,0.7378473281860352,6.9079060554504395
1754,0,-7.400000095367432,0.27391141653060913,6.306899070739746
1755,0,-7.400000095367432,0.6215038895606995,7.064214706420898
1756,0,-7.400000095367432,0.6076256036758423,7.00259256362915
1757,0,-7.400000095367432,0.5328032970428467,6.424954414367676
1758,0,-7.400000095367432,0.11250383406877518,6.440049648284912
1759,0,-7.400000095367432,0.41237813234329224,6.475182056427002
1760,0,-7.400000095367432,0.19198085367679596,6.452920436859131
1761,0,-7.400000095367432,0.5460101366043091,6.4499711990356445
1762,0,-7.400000095367432,0.6335288286209106,6.84898567199707
1763,0,-7.400000095367432,0.11358584463596344,6.223982810974121
1764,0,-7.400000095367432,0.38484784960746765,6.12030553817749
1765,0,-7.400000095367432,0.49991312623023987,6.783450603485107
1766,0,-7.400000095367432,0.5108683109283447,6.160386562347412
1767,0,-7.400000095367432,0.14598491787910461,5.955092430114746
1768,0,-7.400000095367432,0.09562358260154724,5.901430606842041
1769,0,-7.400000095367432,0.1775437593460083,6.219263076782227
1770,1,7.119999885559082,0.6947190761566162,8.362866401672363
1771,1,7.119999885559082,0.6867821216583252,8.378680229187012
1772,0,-7.119999885559082,0.6632001996040344,8.159469604492188
1773,0,-7.119999885559082,0.7311952710151672,8.74512004852295
1774,0,-7.119999885559082,0.559663712978363,7.57535982131958
1775,1,2.569999933242798,0.7902407050132751,3.8523201942443848
1776,1,2.569999933242798,0.802727460861206,3.87335467338562
1777,1,2.569999933242798,0.7640724778175354,3.8009443283081055
1778,0,-2.569999933242798,0.4479104280471802,3.728668212890625
1779,0,-2.569999933242798,0.34897494316101074,3.6481854915618896
1780,1,2.569999933242798,0.7032106518745422,3.6656291484832764
1781,0,-2.569999933242798,0.45340847969055176,3.567652463912964
1782,1,2.569999933242798,0.6262370944023132,3.7873728275299072
1783,0,-2.569999933242798,0.5391485691070557,3.5085842609405518
1784,0,-2.569999933242798,0.34771180152893066,3.4815220832824707
1785,0,-2.569999933242798,0.24016173183918,3.4448821544647217
1786,0,-2.569999933242798,0.31868600845336914,3.450350284576416
1787,1,2.569999933242798,0.5555115938186646,3.4846253395080566
1788,1,2.569999933242798,0.5485163927078247,3.4700841903686523
1789,0,-2.569999933242798,0.49362412095069885,3.383735179901123
1790,0,-2.569999933242798,0.13708367943763733,3.3051917552948
1791,0,-2.569999933242798,0.39250072836875916,3.3862998485565186
1792,0,-2.569999933242798,0.5701290369033813,3.4243526458740234
1793,0,-2.569999933242798,0.28567934036254883,3.296910524368286
1794,0,-2.569999933242798,0.2287781536579132,3.3069417476654053
1795,1,5.019999980926514,0.6078674793243408,6.129487991333008
1796,1,5.019999980926514,0.5745988488197327,6.101725101470947
1797,0,-5.019999980926514,0.5639204978942871,6.088810443878174
1798,0,-5.019999980926514,0.1934237778186798,5.919999122619629
1799,0,-5.019999980926514,0.021240966394543648,5.922322750091553
1800,0,-5.019999980926514,0.32649457454681396,6.256180763244629
1801,0,-5.019999980926514,0.029924413189291954,5.997894763946533
1802,0,-5.019999980926514,0.12176095694303513,5.935252666473389
1803,0,-5.019999980926514,0.06717418879270554,5.751700401306152
1804,0,-5.019999980926514,0.16003364324569702,5.902523040771484
1805,0,-5.019999980926514,0.04735330492258072,6.071165561676025
1806,0,-5.019999980926514,0.027348166331648827,5.920742034912109
1807,0,-5.019999980926514,0.022339945659041405,5.9840989112854
1808,0,-5.019999980926514,0.045201681554317474,5.877782344818115
1809,0,-5.019999980926514,0.028941407799720764,5.892645835876465
1810,1,5.960000038146973,0.6679723262786865,5.922566890716553
1811,1,5.960000038146973,0.6620453000068665,5.925556182861328
1812,1,5.960000038146973,0.4465511739253998,5.898760795593262
1813,0,-5.960000038146973,0.5413773059844971,5.900003910064697
1814,0,-5.960000038146973,0.4132198989391327,5.743488311767578
1815,0,-5.960000038146973,0.13435469567775726,5.785460948944092
1816,0,-5.960000038146973,0.12174566090106964,5.511118412017822
1817,0,-5.960000038146973,0.1314237415790558,5.592299461364746
1818,0,-5.960000038146973,0.0526813305914402,5.679610252380371
1819,0,-5.960000038146973,0.11409156024456024,5.585656642913818
1820,0,-5.960000038146973,0.3692292869091034,5.776039123535156
1821,0,-5.960000038146973,0.1992674171924591,5.638174533843994
1822,0,-5.960000038146973,0.12907013297080994,5.797182083129883
1823,0,-5.960000038146973,0.06054454669356346,5.647656440734863
1824,0,-5.960000038146973,0.11754276603460312,5.712240219116211
1825,0,-5.960000038146973,0.13400548696517944,5.690074920654297
1826,1,4.650000095367432,0.7498360872268677,5.728438377380371
1827,1,4.650000095367432,0.7302857637405396,5.721189498901367
1828,0,-4.650000095367432,0.39001530408859253,5.32371711730957
1829,0,-4.650000095367432,0.5026984810829163,5.512417316436768
1830,0,-4.650000095367432,0.32623589038848877,5.442635536193848
1831,0,-4.650000095367432,0.07517162710428238,5.049239635467529
1832,0,-4.650000095367432,0.31231048703193665,5.473999977111816
1833,0,-4.650000095367432,0.296269029378891,5.428459167480469
1834,0,-4.650000095367432,0.1317896544933319,5.265507698059082
1835,0,-4.650000095367432,0.2568342983722687,5.387565612792969
1836,0,-4.650000095367432,0.27206355333328247,5.4825215339660645
1837,0,-4.650000095367432,0.18470843136310577,5.249995231628418
1838,0,-4.650000095367432,0.09578734636306763,5.186750411987305
1839,0,-4.650000095367432,0.16369520127773285,5.352904319763184
1840,0,-4.650000095367432,0.3413048982620239,5.493326187133789
1841,0,-4.650000095367432,0.430381178855896,5.073760986328125
1842,0,-4.650000095367432,0.286225825548172,5.493729591369629
1843,0,-4.650000095367432,0.2878001630306244,5.226691246032715
1844,0,-4.650000095367432,0.3954322636127472,5.306799411773682
1845,0,-4.650000095367432,0.2753576338291168,5.18979549407959
1846,1,8.850000381469727,0.7069044709205627,8.186556816101074
1847,1,8.850000381469727,0.7008677124977112,8.187691688537598
1848,0,-8.850000381469727,0.611039400100708,7.887388229370117
1849,0,-8.850000381469727,0.6834818124771118,8.04391860961914
1850,1,8.0,0.6504741311073303,7.689386367797852
1851,1,8.0,0.6615909337997437,7.687178611755371
1852,0,-8.0,0.49271219968795776,7.264861583709717
1853,0,-8.0,0.533572793006897,7.386016845703125
1854,1,4.380000114440918,0.5940142869949341,6.227891445159912
1855,1,4.380000114440918,0.4724327325820923,5.715918064117432
1856,0,-4.380000114440918,0.4366082549095154,6.051971912384033
1857,1,4.380000114440918,0.5928358435630798,6.058721542358398
1858,0,-4.380000114440918,0.43082064390182495,5.357857704162598
1859,0,-4.380000114440918,0.3899405002593994,5.769438743591309
1860,0,-4.380000114440918,0.6204702258110046,6.1160664558410645
1861,0,-4.380000114440918,0.455311119556427,5.5689215660095215
1862,0,-4.380000114440918,0.6193361282348633,5.755941390991211
1863,0,-4.380000114440918,0.36441493034362793,5.094621658325195
1864,0,-4.380000114440918,0.35322749614715576,5.385871410369873
1865,0,-4.380000114440918,0.5589346885681152,5.993160724639893
1866,0,-4.380000114440918,0.34081003069877625,5.3370585441589355
1867,0,-4.380000114440918,0.46852320432662964,5.5457000732421875
1868,0,-4.380000114440918,0.31392672657966614,5.364541530609131
1869,0,-4.380000114440918,0.3735157549381256,4.936469078063965
1870,0,-4.380000114440918,0.3370559513568878,5.3296427726745605
1871,0,-4.380000114440918,0.2916022837162018,5.369441986083984
1872,0,-4.380000114440918,0.4942237436771393,5.274806499481201
1873,0,-4.380000114440918,0.2473718225955963,5.298088550567627
1874,0,-4.380000114440918,0.26871025562286377,5.236865997314453
1875,1,4.800000190734863,0.6066092848777771,5.4841084480285645
1876,1,4.800000190734863,0.5676524043083191,5.476777076721191
1877,0,-4.800000190734863,0.6040088534355164,5.923745155334473
1878,0,-4.800000190734863,0.4652840793132782,5.536652088165283
1879,0,-4.800000190734863,0.42509716749191284,5.351252555847168
1880,0,-4.800000190734863,0.4183807373046875,5.098427772521973
1881,0,-4.800000190734863,0.5028715133666992,5.051441192626953
1882,0,-4.800000190734863,0.5416989922523499,5.1995744705200195
1883,0,-4.800000190734863,0.5474772453308105,6.138192176818848
1884,1,4.800000190734863,0.5376297235488892,5.901251316070557
1885,0,-4.800000190734863,0.5038009285926819,4.588566780090332
1886,0,-4.800000190734863,0.48347777128219604,5.100564002990723
1887,0,-4.800000190734863,0.4956408143043518,4.785845756530762
1888,0,-4.800000190734863,0.22211728990077972,4.646813869476318
1889,0,-4.800000190734863,0.5540727972984314,4.562394142150879
1890,0,-4.800000190734863,0.21469198167324066,4.415731430053711
1891,0,-4.800000190734863,0.45549339056015015,5.025296211242676
1892,0,-4.800000190734863,0.4490317106246948,4.680285930633545
1893,0,-4.800000190734863,0.18845407664775848,4.621923446655273
1894,0,-4.800000190734863,0.1685246080160141,4.299051284790039
1895,0,-4.800000190734863,0.2289867252111435,4.304080963134766
1896,1,8.819999694824219,0.6218613982200623,6.762403964996338
1897,0,-8.819999694824219,0.6327170133590698,6.795307159423828
1898,0,-8.819999694824219,0.6119536757469177,6.930692195892334
1899,0,-8.819999694824219,0.5944132208824158,6.701179504394531
1900,0,-8.819999694824219,0.627328634262085,6.888800144195557
1901,0,-8.819999694824219,0.6188045740127563,6.883978366851807
1902,0,-8.819999694824219,0.6190819144248962,6.636048793792725
1903,0,-8.819999694824219,0.5892525911331177,6.704537868499756
1904,0,-8.819999694824219,0.46442753076553345,6.625216007232666
1905,0,-8.819999694824219,0.3390749394893646,6.537802696228027
1906,0,-8.819999694824219,0.5560603141784668,6.664090156555176
1907,0,-8.819999694824219,0.6893928050994873,6.786319255828857
1908,0,-8.819999694824219,0.3601738214492798,6.661407947540283
1909,0,-8.819999694824219,0.6278029084205627,6.726922988891602
1910,0,-8.819999694824219,0.47167226672172546,6.826903820037842
1911,1,8.819999694824219,0.3099982738494873,6.574814796447754
1912,0,-8.819999694824219,0.6647109985351562,6.730538368225098
1913,0,-8.819999694824219,0.16684918105602264,6.635368824005127
1914,0,-8.819999694824219,0.5388142466545105,6.78693962097168
1915,1,8.819999694824219,0.6491540670394897,6.788994312286377
1916,0,-8.819999694824219,0.0565478578209877,6.339722633361816
1917,1,6.869999885559082,0.63033527135849,7.213375091552734
1918,0,-6.869999885559082,0.5754470229148865,7.568471908569336
1919,0,-6.869999885559082,0.5692353248596191,7.4871296882629395
1920,0,-6.869999885559082,0.5787451267242432,7.318735599517822
1921,1,6.869999885559082,0.6511476635932922,7.52182674407959
1922,1,6.869999885559082,0.6456558108329773,7.342410087585449
1923,1,6.869999885559082,0.6240243911743164,7.395712852478027
1924,1,6.869999885559082,0.566423237323761,7.057164192199707
1925,1,6.869999885559082,0.6226844787597656,7.288702487945557
1926,0,-6.869999885559082,0.5724267363548279,7.467355251312256
1927,0,-6.869999885559082,0.6145353317260742,7.434281349182129
1928,0,-6.869999885559082,0.11876831203699112,6.688229084014893
1929,0,-6.869999885559082,0.5544829368591309,7.524997711181641
1930,0,-6.869999885559082,0.5791844129562378,7.3783111572265625
1931,0,-6.869999885559082,0.36098822951316833,6.78154182434082
1932,0,-6.869999885559082,0.1166791021823883,6.580601692199707
1933,1,6.869999885559082,0.5421741008758545,7.108240127563477
1934,0,-6.869999885559082,0.5553022623062134,7.569558143615723
1935,0,-6.869999885559082,0.48526331782341003,7.039546966552734
1936,1,11.220000267028809,0.5934946537017822,7.759087085723877
1937,1,11.220000267028809,0.5590134859085083,7.739936828613281
1938,0,-11.220000267028809,0.49187135696411133,7.751626014709473
1939,0,-11.220000267028809,0.48961958289146423,7.733365058898926
1940,0,-11.220000267028809,0.49323365092277527,7.7846903800964355
1941,0,-11.220000267028809,0.17097733914852142,7.804413318634033
1942,0,-11.220000267028809,0.3776412904262543,7.700931549072266
1943,0,-11.220000267028809,0.38885241746902466,7.470852851867676
1944,0,-11.220000267028809,0.2653793394565582,7.623644828796387
1945,0,-11.220000267028809,0.1433892399072647,7.7654900550842285
1946,0,-11.220000267028809,0.3391472101211548,7.781711578369141
1947,0,-11.220000267028809,0.07704433053731918,7.606451034545898
1948,0,-11.220000267028809,0.10921881347894669,7.642911434173584
1949,0,-11.220000267028809,0.15182466804981232,7.774998188018799
1950,0,-11.220000267028809,0.2609848976135254,7.534559726715088
1951,0,-11.220000267028809,0.10964745283126831,7.626029014587402
1952,0,-11.220000267028809,0.2965758442878723,7.792666435241699
1953,0,-11.220000267028809,0.06371007859706879,7.596593856811523
1954,0,-11.220000267028809,0.06932418048381805,7.0650811195373535
1955,0,-11.220000267028809,0.2995520830154419,7.656622886657715
1956,0,-11.220000267028809,0.3502652049064636,7.639436721801758
1957,1,4.550000190734863,0.6307546496391296,5.326228141784668
1958,1,4.550000190734863,0.6390724778175354,5.338399410247803
1959,0,-4.550000190734863,0.46855804324150085,5.101546764373779
1960,0,-4.550000190734863,0.21669641137123108,5.159261703491211
1961,0,-4.550000190734863,0.17857840657234192,4.591037750244141
1962,0,-4.550000190734863,0.15651533007621765,4.5509443283081055
1963,0,-4.550000190734863,0.12324406206607819,4.431821823120117
1964,0,-4.550000190734863,0.1015627384185791,4.408417224884033
1965,0,-4.550000190734863,0.11130962520837784,4.1120147705078125
1966,0,-4.550000190734863,0.0661180391907692,4.385331153869629
1967,0,-4.550000190734863,0.1409803032875061,4.503262519836426
1968,0,-4.550000190734863,0.12274859845638275,4.229630470275879
1969,0,-4.550000190734863,0.15893380343914032,4.436652183532715
1970,0,-4.550000190734863,0.17070487141609192,4.360256195068359
1971,0,-4.550000190734863,0.15353615581989288,4.561300754547119
1972,0,-4.550000190734863,0.1355545073747635,4.402629375457764
1973,0,-4.550000190734863,0.3385924994945526,4.414578914642334
1974,0,-4.550000190734863,0.10862401872873306,4.358902931213379
1975,0,-4.550000190734863,0.10391172021627426,4.358578681945801
1976,0,-4.550000190734863,0.15495537221431732,4.572468280792236
1977,1,9.220000267028809,0.8381602764129639,6.111734390258789
1978,1,9.220000267028809,0.8276036977767944,6.068427562713623
1979,0,-9.220000267028809,0.3929564952850342,5.005284309387207
1980,0,-9.220000267028809,0.3154241740703583,4.644670486450195
1981,0,-9.220000267028809,0.4559321999549866,4.712444305419922
1982,0,-9.220000267028809,0.5339584946632385,4.695314407348633
1983,0,-9.220000267028809,0.15082880854606628,5.08301305770874
1984,0,-9.220000267028809,0.41345956921577454,4.994118690490723
1985,0,-9.220000267028809,0.10289014130830765,4.597995758056641
1986,0,-9.220000267028809,0.38881543278694153,4.41351842880249
1987,0,-9.220000267028809,0.19408147037029266,4.474595069885254
1988,0,-9.220000267028809,0.06649350374937057,4.164280891418457
1989,0,-9.220000267028809,0.31319525837898254,5.177681922912598
1990,0,-9.220000267028809,0.015243380330502987,3.907442331314087
1991,0,-9.220000267028809,0.4679061770439148,4.344942092895508
1992,0,-9.220000267028809,0.049520138651132584,4.04449462890625
1993,0,-9.220000267028809,0.12423668801784515,3.7714333534240723
1994,0,-9.220000267028809,0.10068263858556747,3.73370099067688
1995,0,-9.220000267028809,0.18872560560703278,4.199788570404053
1996,0,-9.220000267028809,0.055574800819158554,3.9461681842803955
1997,0,-9.220000267028809,0.03761604055762291,4.032170295715332
1998,1,7.659999847412109,0.6491303443908691,8.259040832519531
1999,1,7.659999847412109,0.648322343826294,8.227014541625977
2000,0,-7.659999847412109,0.5530241131782532,7.938992977142334
2001,0,-7.659999847412109,0.5942879915237427,7.618100166320801
2002,1,6.659999847412109,0.7798448204994202,5.953688144683838
2003,1,6.659999847412109,0.788774847984314,5.95170259475708
2004,0,-6.659999847412109,0.5230503678321838,5.198703289031982
2005,0,-6.659999847412109,0.5045616626739502,5.078583717346191
2006,0,-6.659999847412109,0.5640679597854614,5.080760955810547
2007,0,-6.659999847412109,0.3691754937171936,5.019357681274414
2008,0,-6.659999847412109,0.28688812255859375,4.378454208374023
2009,0,-6.659999847412109,0.388551265001297,4.801164150238037
2010,0,-6.659999847412109,0.39787304401397705,4.401335716247559
2011,0,-4.449999809265137,0.6717033982276917,6.5277485847473145
2012,0,-4.449999809265137,0.17552021145820618,5.8271026611328125
2013,0,-4.449999809265137,0.18980544805526733,5.338654041290283
2014,0,-4.449999809265137,0.4161287844181061,6.464517116546631
2015,0,-4.449999809265137,0.6459713578224182,7.020382404327393
2016,0,-4.449999809265137,0.14856992661952972,5.238341808319092
2017,0,-4.449999809265137,0.5266909599304199,7.143327236175537
2018,0,-4.449999809265137,0.0954425036907196,4.934336185455322
2019,0,-4.449999809265137,0.028019793331623077,5.235038757324219
2020,0,-4.449999809265137,0.1255323588848114,5.303306579589844
2021,0,-4.449999809265137,0.03334499150514603,4.408661842346191
2022,0,-4.449999809265137,0.11273378133773804,5.112039089202881
2023,0,-4.449999809265137,0.05491246283054352,5.768940448760986
2024,0,-4.449999809265137,0.035785574465990067,4.89442777633667
2025,0,-4.449999809265137,0.03901595249772072,4.734846591949463
2026,0,-4.449999809265137,0.23984664678573608,5.573099613189697
2027,0,-4.449999809265137,0.04018326476216316,4.743227005004883
2028,0,-4.449999809265137,0.08312416076660156,5.359226703643799
2029,0,-4.449999809265137,0.03856644034385681,4.838437080383301
2030,0,-4.449999809265137,0.03544079512357712,5.327868461608887
2031,0,-4.449999809265137,0.17705678939819336,5.093459606170654
2032,1,7.409999847412109,0.7267826795578003,6.927796363830566
2033,1,7.409999847412109,0.7264267802238464,6.930782318115234
2034,0,-7.409999847412109,0.5542498230934143,6.722132205963135
2035,0,-7.409999847412109,0.6371210813522339,6.922796726226807
2036,0,-7.409999847412109,0.6529636979103088,6.738259315490723
2037,1,4.820000171661377,0.6406599283218384,4.256888389587402
2038,1,4.820000171661377,0.6335798501968384,4.235836029052734
2039,0,-4.820000171661377,0.5069003701210022,4.289642333984375
2040,0,-4.820000171661377,0.4658217132091522,4.111121654510498
2041,0,-4.820000171661377,0.1588570475578308,3.5436408519744873
2042,0,-4.820000171661377,0.3876870572566986,3.520970582962036
2043,0,-4.820000171661377,0.3131536841392517,3.5817770957946777
2044,0,-4.820000171661377,0.3479105830192566,3.6532704830169678
2045,1,5.480000019073486,0.5355924367904663,5.670327186584473
2046,1,5.480000019073486,0.5368326902389526,5.672384738922119
2047,0,-5.480000019073486,0.5458192229270935,5.621004581451416
2048,0,-5.480000019073486,0.45845988392829895,5.42288064956665
2049,0,-5.480000019073486,0.5229617357254028,5.380505084991455
2050,0,-5.480000019073486,0.5435401201248169,5.414900302886963
2051,0,-5.480000019073486,0.4378574788570404,5.288016319274902
2052,0,-5.480000019073486,0.29558882117271423,4.744063377380371
2053,0,-5.480000019073486,0.12193029373884201,3.8922605514526367
2054,0,-5.480000019073486,0.12648388743400574,4.5676069259643555
2055,0,-5.480000019073486,0.09022175520658493,3.7734763622283936
2056,0,-5.480000019073486,0.18680866062641144,4.614854335784912
2057,0,-5.480000019073486,0.10768295079469681,3.9006638526916504
2058,0,-5.480000019073486,0.0823521614074707,3.8296375274658203
2059,0,-5.480000019073486,0.09984412789344788,3.8635425567626953
2060,0,-5.480000019073486,0.20465390384197235,4.6749467849731445
2061,0,-5.480000019073486,0.11245598644018173,3.711130380630493
2062,0,-5.480000019073486,0.10983646661043167,3.8925704956054688
2063,0,-5.480000019073486,0.24417199194431305,4.403995990753174
2064,1,6.579999923706055,0.6743149161338806,5.997925281524658
2065,0,-6.579999923706055,0.7334848046302795,5.8303375244140625
2066,0,-6.579999923706055,0.47741568088531494,5.735980033874512
2067,0,-6.579999923706055,0.016296792775392532,5.3115234375
2068,0,-6.579999923706055,0.01842050440609455,5.039430141448975
2069,0,-6.579999923706055,0.5588983297348022,5.584145545959473
2070,0,-6.579999923706055,0.018056461587548256,5.356603622436523
2071,0,-6.579999923706055,0.017921559512615204,4.934660911560059
2072,0,-6.579999923706055,0.02620997652411461,5.380962371826172
2073,0,-6.579999923706055,0.03652038797736168,5.672857284545898
2074,0,-6.579999923706055,0.0557771660387516,5.098337173461914
2075,0,-6.579999923706055,0.026270311325788498,5.022939682006836
2076,0,-6.579999923706055,0.023406442254781723,4.788175582885742
2077,0,-6.579999923706055,0.022565217688679695,4.935419082641602
2078,0,-6.579999923706055,0.031023764982819557,4.867768287658691
2079,0,-6.579999923706055,0.02977345697581768,4.815856456756592
2080,0,-6.579999923706055,0.028978362679481506,5.301257133483887
2081,0,-6.579999923706055,0.014393305405974388,4.2611308097839355
2082,0,-6.579999923706055,0.026167381554841995,5.288785934448242
2083,0,-6.579999923706055,0.013602417893707752,5.192348480224609
2084,0,-6.579999923706055,0.02863161265850067,5.03232479095459
2085,0,-7.820000171661377,0.5008505582809448,7.946187973022461
2086,0,-7.820000171661377,0.14025041460990906,7.854234218597412
2087,0,-7.820000171661377,0.023322565481066704,7.59400749206543
2088,0,-7.820000171661377,0.0883949026465416,7.972806930541992
2089,0,-7.820000171661377,0.04868204891681671,7.79677677154541
2090,0,-7.820000171661377,0.09003850817680359,7.817965507507324
2091,0,-7.820000171661377,0.0173870250582695,7.646920204162598
2092,0,-7.820000171661377,0.3357664942741394,8.12246322631836
2093,0,-7.820000171661377,0.01653226464986801,7.632319450378418
2094,0,-7.820000171661377,0.026220958679914474,7.94693660736084
2095,0,-7.820000171661377,0.11391086876392365,7.812150955200195
2096,0,-7.820000171661377,0.05842433497309685,7.7633771896362305
2097,0,-7.820000171661377,0.13714049756526947,7.953121185302734
2098,0,-7.820000171661377,0.06433270126581192,7.937711238861084
2099,0,-7.820000171661377,0.03049258142709732,7.520293235778809
2100,0,-7.820000171661377,0.09417223930358887,7.8715105056762695
2101,0,-7.820000171661377,0.1411399394273758,7.9750566482543945
2102,0,-7.820000171661377,0.025973131880164146,7.975240707397461
2103,0,-7.820000171661377,0.2124221920967102,8.005565643310547
2104,0,-7.820000171661377,0.02659791149199009,7.99638557434082
2105,0,-7.099999904632568,0.5754203796386719,5.976751804351807
2106,0,-7.099999904632568,0.5814380049705505,5.971434593200684
2107,0,-7.099999904632568,0.5774247646331787,5.979658603668213
2108,0,-7.099999904632568,0.5783820748329163,5.9878435134887695
2109,0,-7.099999904632568,0.5782131552696228,5.986560821533203
2110,0,-7.099999904632568,0.5822482705116272,5.987412452697754
2111,0,-7.099999904632568,0.5789749622344971,5.9808454513549805
2112,0,-7.099999904632568,0.5727300047874451,5.975561141967773
2113,0,-7.099999904632568,0.5795791745185852,5.977908611297607
2114,0,-7.099999904632568,0.5810931921005249,5.970335006713867
2115,0,-7.099999904632568,0.5808175206184387,5.981607913970947
2116,0,-7.099999904632568,0.5769935250282288,5.981122970581055
2117,0,-7.099999904632568,0.5824769139289856,5.987263202667236
2118,0,-7.099999904632568,0.5778053402900696,5.988962650299072
2119,0,-7.099999904632568,0.5827484726905823,5.985230445861816
2120,0,-7.099999904632568,0.5816270112991333,5.981462001800537
2121,0,-7.099999904632568,0.5805787444114685,5.984866142272949
2122,0,-7.099999904632568,0.5774969458580017,5.9902024269104
2123,0,-7.099999904632568,0.5811716914176941,5.978573799133301
2124,0,-7.099999904632568,0.5791532397270203,5.96462345123291
2125,0,-7.099999904632568,0.5806466341018677,5.982025146484375
2126,1,9.0,0.6998060941696167,7.158295631408691
2127,0,-9.0,0.6337721347808838,7.041442394256592
2128,0,-9.0,0.7251232266426086,7.078177452087402
2129,0,-9.0,0.42683833837509155,6.839357376098633
2130,0,-9.0,0.7060478329658508,6.9871344566345215
2131,0,-9.0,0.10368707031011581,6.543283462524414
2132,0,-9.0,0.18912532925605774,6.697164535522461
2133,0,-9.0,0.25777649879455566,6.617737770080566
2134,0,-9.0,0.723568856716156,6.8860602378845215
2135,0,-9.0,0.12220045179128647,6.383674621582031
2136,0,-9.0,0.11621609330177307,6.206854820251465
2137,0,-9.0,0.03541797399520874,6.253953456878662
2138,0,-9.0,0.07147300988435745,6.567444801330566
2139,0,-9.0,0.07334968447685242,6.48911714553833
2140,0,-9.0,0.059696197509765625,6.506933689117432
2141,0,-9.0,0.027071800082921982,6.241302490234375
2142,0,-9.0,0.2475498765707016,6.238019943237305
2143,0,-9.0,0.046399082988500595,6.07354211807251
2144,0,-9.0,0.08228686451911926,6.354434490203857
2145,0,-9.0,0.05547292158007622,6.264294624328613
2146,0,-9.0,0.035907573997974396,6.1508612632751465
2147,1,6.53000020980835,0.7877092957496643,7.7115559577941895
2148,1,6.53000020980835,0.7717616558074951,7.708240985870361
2149,0,-6.53000020980835,0.6407385468482971,7.438008785247803
2150,0,-6.53000020980835,0.6913386583328247,7.235557556152344
2151,0,-6.53000020980835,0.7090679407119751,7.655713081359863
2152,0,-6.53000020980835,0.7434567809104919,7.738250732421875
2153,1,3.2799999713897705,0.5942906737327576,3.635551691055298
2154,1,3.2799999713897705,0.5657236576080322,3.6700661182403564
2155,1,3.2799999713897705,0.5669109225273132,3.6692891120910645
2156,0,-3.2799999713897705,0.4585489332675934,3.703813076019287
2157,0,-3.2799999713897705,0.4097099006175995,3.6703546047210693
2158,0,-3.2799999713897705,0.12733642756938934,3.616950273513794
2159,0,-3.2799999713897705,0.0917065218091011,3.5441291332244873
2160,0,-3.2799999713897705,0.08578033000230789,3.5820629596710205
2161,0,-3.2799999713897705,0.09463207423686981,3.5687036514282227
2162,0,-3.2799999713897705,0.26602903008461,3.5392563343048096
2163,0,-3.2799999713897705,0.2748226821422577,3.476936101913452
2164,0,-3.2799999713897705,0.2502957284450531,3.4131662845611572
2165,0,-3.2799999713897705,0.11461395770311356,3.6674082279205322
2166,0,-3.2799999713897705,0.17592425644397736,3.4006547927856445
2167,0,-3.2799999713897705,0.17394350469112396,3.36274790763855
2168,0,-3.2799999713897705,0.10587480664253235,3.742093086242676
2169,0,-3.2799999713897705,0.1296643167734146,3.486180543899536
2170,1,3.2799999713897705,0.3512670695781708,3.4497792720794678
2171,0,-3.2799999713897705,0.16886471211910248,3.419311761856079
2172,0,-3.2799999713897705,0.09507378935813904,3.4167556762695312
2173,0,-3.2799999713897705,0.16288338601589203,3.506643056869507
2174,1,8.149999618530273,0.5765191912651062,5.572840213775635
2175,1,8.149999618530273,0.63102787733078,5.59608268737793
2176,1,8.149999618530273,0.5060344934463501,5.17078971862793
2177,0,-8.149999618530273,0.41378331184387207,4.710142612457275
2178,0,-8.149999618530273,0.24524050951004028,4.498596668243408
2179,0,-8.149999618530273,0.25242701172828674,4.259674549102783
2180,0,-8.149999618530273,0.27501925826072693,4.304018020629883
2181,0,-8.149999618530273,0.15519186854362488,4.38915491104126
2182,0,-8.149999618530273,0.1597437709569931,4.302268028259277
2183,0,-8.149999618530273,0.10901420563459396,4.369946479797363
2184,0,-8.149999618530273,0.5405593514442444,4.482146263122559
2185,0,-8.149999618530273,0.4771505296230316,4.792605876922607
2186,0,-8.149999618530273,0.3426414132118225,4.774135589599609
2187,0,-8.149999618530273,0.14206790924072266,4.289878845214844
2188,0,-8.149999618530273,0.07223697006702423,4.231300354003906
2189,0,-8.149999618530273,0.08737042546272278,4.358922958374023
2190,0,-8.149999618530273,0.38958853483200073,4.409296989440918
2191,0,-8.149999618530273,0.14272430539131165,4.214177131652832
2192,0,-8.149999618530273,0.05102706700563431,4.124277114868164
2193,1,6.829999923706055,0.7632926106452942,7.860037326812744
2194,1,6.829999923706055,0.763842761516571,7.841675758361816
2195,1,6.829999923706055,0.5440917015075684,7.875860691070557
2196,0,-6.829999923706055,0.757300853729248,7.760132312774658
2197,0,-6.829999923706055,0.024966834113001823,7.038663387298584
2198,0,-6.829999923706055,0.5125329494476318,7.630621910095215
2199,0,-6.829999923706055,0.46165400743484497,6.796392917633057
2200,0,-6.829999923706055,0.4541373550891876,7.197206497192383
2201,0,-6.829999923706055,0.6697790622711182,7.713440895080566
2202,0,-6.829999923706055,0.15352784097194672,6.367269039154053
2203,0,-6.829999923706055,0.5004278421401978,6.791589260101318
2204,0,-6.829999923706055,0.38026538491249084,7.044641494750977
2205,0,-6.829999923706055,0.1291292905807495,6.105385780334473
2206,1,3.1600000858306885,0.7132353782653809,6.552979946136475
2207,1,3.1600000858306885,0.704446017742157,6.54360818862915
2208,0,-3.1600000858306885,0.477277547121048,6.223595142364502
2209,0,-3.1600000858306885,0.598177969455719,6.512317657470703
2210,0,-3.1600000858306885,0.3690674901008606,6.051477432250977
2211,1,3.1600000858306885,0.5224699974060059,6.2269978523254395
2212,0,-3.1600000858306885,0.31724709272384644,6.000972270965576
2213,0,-3.1600000858306885,0.628291130065918,6.360649108886719
2214,0,-3.1600000858306885,0.3506179749965668,6.04808235168457
2215,0,-3.1600000858306885,0.48306578397750854,6.248004913330078
2216,1,2.7699999809265137,0.6976715326309204,4.667890548706055
2217,1,2.7699999809265137,0.7094874978065491,4.793056011199951
2218,0,-2.7699999809265137,0.6143055558204651,4.7365336418151855
2219,0,-2.7699999809265137,0.5588477253913879,4.17702054977417
2220,0,-2.7699999809265137,0.5946157574653625,4.507694721221924
2221,0,-2.7699999809265137,0.5970403552055359,4.050117492675781
2222,0,-2.7699999809265137,0.5010318160057068,4.182999610900879
2223,0,-2.7699999809265137,0.5560339689254761,4.358847141265869
2224,0,-2.7699999809265137,0.31623730063438416,3.822342872619629
2225,0,-2.7699999809265137,0.20589807629585266,3.730982542037964
2226,0,-2.7699999809265137,0.5730793476104736,4.232097625732422
2227,0,-2.7699999809265137,0.49552619457244873,4.010368347167969
2228,0,-2.7699999809265137,0.4194583594799042,3.777923583984375
2229,0,-2.7699999809265137,0.20741228759288788,3.642230272293091
2230,0,-2.7699999809265137,0.1289614588022232,3.727116346359253
2231,0,-2.7699999809265137,0.3177488446235657,3.9100494384765625
2232,0,-2.7699999809265137,0.18044140934944153,3.642688512802124
2233,0,-2.7699999809265137,0.23453062772750854,3.7961761951446533
2234,0,-2.7699999809265137,0.23182202875614166,3.6123673915863037
2235,0,-2.7699999809265137,0.1391601413488388,3.778502941131592
2236,0,-2.7699999809265137,0.20763365924358368,3.8752617835998535
2237,1,9.699999809265137,0.6573842167854309,9.258193969726562
2238,1,9.699999809265137,0.6183229088783264,9.291142463684082
2239,0,-9.699999809265137,0.4624916911125183,8.944758415222168
2240,0,-9.699999809265137,0.12109971791505814,8.326350212097168
2241,0,-9.699999809265137,0.062444932758808136,8.08512020111084
2242,0,-9.699999809265137,0.3908328115940094,8.82257080078125
2243,0,-9.699999809265137,0.029414458200335503,8.350728034973145
2244,0,-9.699999809265137,0.05571158230304718,8.270065307617188
2245,0,-9.699999809265137,0.054506439715623856,7.363730430603027
2246,0,-9.699999809265137,0.4662034511566162,8.785611152648926
2247,0,-9.699999809265137,0.21099287271499634,8.415779113769531
2248,0,-9.699999809265137,0.1017104759812355,8.11258602142334
2249,0,-9.699999809265137,0.08658827096223831,7.369531631469727
2250,1,4.03000020980835,0.47369202971458435,4.458148002624512
2251,0,-4.03000020980835,0.49208173155784607,4.520016670227051
2252,0,-4.03000020980835,0.25533998012542725,4.4445295333862305
2253,0,-4.03000020980835,0.2291230857372284,3.932293176651001
2254,0,-4.03000020980835,0.33754122257232666,4.608841896057129
2255,0,-4.03000020980835,0.5052142143249512,4.855149269104004
2256,0,-4.03000020980835,0.5165583491325378,4.693930625915527
2257,0,-4.03000020980835,0.4539613723754883,4.49776029586792
2258,0,-4.03000020980835,0.364837110042572,4.348907470703125
2259,0,-4.03000020980835,0.4097438156604767,4.640073776245117
2260,0,-4.03000020980835,0.3130849599838257,4.100419044494629
2261,0,-4.03000020980835,0.46942242980003357,5.028480052947998
2262,0,-4.03000020980835,0.4276328682899475,4.495100498199463
2263,0,-4.03000020980835,0.356329083442688,4.317653656005859
2264,0,-4.03000020980835,0.3950922191143036,4.2509002685546875
2265,0,-4.03000020980835,0.34464964270591736,4.387801170349121
2266,0,-4.03000020980835,0.35015949606895447,4.264200687408447
2267,0,-4.03000020980835,0.39562106132507324,4.313110828399658
2268,0,-4.03000020980835,0.4106103777885437,3.8515477180480957
2269,0,-4.03000020980835,0.46474018692970276,4.263446807861328
2270,0,-4.03000020980835,0.23137295246124268,3.9953017234802246
2271,1,9.100000381469727,0.6917764544487,7.7816243171691895
2272,1,9.100000381469727,0.6651002764701843,7.737213611602783
2273,1,9.100000381469727,0.1777975857257843,7.208110809326172
2274,0,-9.100000381469727,0.019358079880475998,6.300192356109619
2275,0,-9.100000381469727,0.013363221660256386,6.460174083709717
2276,0,-9.100000381469727,0.01875878870487213,6.311073303222656
2277,0,-9.100000381469727,0.015675147995352745,6.290550708770752
2278,0,-9.100000381469727,0.021613100543618202,6.011666297912598
2279,0,-9.100000381469727,0.028753822669386864,6.380374431610107
2280,0,-9.100000381469727,0.02209552191197872,6.089135646820068
2281,0,-9.100000381469727,0.027951901778578758,6.587512493133545
2282,1,5.820000171661377,0.7537211179733276,4.769232749938965
2283,0,-5.820000171661377,0.26869621872901917,4.177911758422852
2284,0,-5.820000171661377,0.26233601570129395,4.170925617218018
2285,1,5.820000171661377,0.7513648867607117,4.764005184173584
2286,0,-5.820000171661377,0.5346583127975464,4.395763397216797
2287,0,-5.820000171661377,0.5442838072776794,4.414228439331055
2288,1,5.820000171661377,0.7428159713745117,4.744722366333008
2289,0,-5.820000171661377,0.3779953420162201,4.412565231323242
2290,0,-5.820000171661377,0.5049154162406921,4.294458866119385
2291,0,-5.820000171661377,0.621427059173584,4.162212371826172
2292,0,-5.820000171661377,0.5454882383346558,4.729299068450928
2293,0,-5.820000171661377,0.2317160665988922,4.1244730949401855
2294,0,-5.820000171661377,0.27789586782455444,3.93505859375
2295,0,-5.820000171661377,0.11940523982048035,3.906290054321289
2296,0,-5.820000171661377,0.21479985117912292,4.041832447052002
2297,0,-5.820000171661377,0.15169019997119904,3.774681806564331
2298,0,-5.820000171661377,0.5005632042884827,4.050453186035156
2299,0,-5.820000171661377,0.40924763679504395,4.0593438148498535
2300,0,-5.820000171661377,0.4917176365852356,4.090804100036621
2301,0,-5.820000171661377,0.3300153613090515,4.223580360412598
2302,0,-5.820000171661377,0.5040404796600342,4.036135673522949
2303,0,-7.599999904632568,0.6696994304656982,7.170599460601807
2304,0,-7.599999904632568,0.6002460718154907,7.126956462860107
2305,0,-7.599999904632568,0.6925348043441772,7.34879207611084
2306,0,-7.599999904632568,0.5685555338859558,7.1875433921813965
2307,0,-7.599999904632568,0.609183669090271,7.410416126251221
2308,0,-7.599999904632568,0.6840492486953735,7.142731666564941
2309,1,7.599999904632568,0.6444398760795593,7.108872413635254
2310,0,-7.599999904632568,0.43953195214271545,7.22594690322876
2311,0,-7.599999904632568,0.48135313391685486,6.922667503356934
2312,0,-7.599999904632568,0.4048999547958374,7.161789894104004
2313,0,-7.599999904632568,0.429106742143631,7.179523468017578
2314,0,-7.599999904632568,0.690260648727417,7.194750785827637
2315,0,-7.599999904632568,0.41213610768318176,7.041659832000732
2316,1,7.599999904632568,0.7101249694824219,7.149427890777588
2317,0,-7.599999904632568,0.740947425365448,7.195432662963867
2318,0,-7.599999904632568,0.5202764868736267,7.195903301239014
2319,0,-7.599999904632568,0.322407990694046,6.788849830627441
2320,0,-7.599999904632568,0.49377065896987915,7.275301456451416
2321,0,-7.599999904632568,0.43958768248558044,6.978464603424072
2322,0,-7.599999904632568,0.47216057777404785,6.937395095825195
2323,0,-7.599999904632568,0.46230489015579224,6.945827484130859
2324,1,4.690000057220459,0.7689389586448669,8.891197204589844
2325,1,4.690000057220459,0.7598241567611694,8.861808776855469
2326,1,4.690000057220459,0.7633231282234192,8.878047943115234
2327,1,4.690000057220459,0.725063681602478,8.770793914794922
2328,1,4.690000057220459,0.726216197013855,8.770702362060547
2329,1,4.690000057220459,0.7173839807510376,8.685941696166992
2330,1,4.690000057220459,0.763786792755127,8.851640701293945
2331,0,-4.690000057220459,0.6497818231582642,8.387948989868164
2332,1,4.690000057220459,0.6730440258979797,8.699504852294922
2333,0,-4.690000057220459,0.6144171357154846,8.249847412109375
2334,0,-4.690000057220459,0.6833905577659607,8.579362869262695
2335,1,2.8499999046325684,0.824583888053894,4.8571553230285645
2336,1,2.8499999046325684,0.8219753503799438,4.858332633972168
2337,0,-2.8499999046325684,0.46149277687072754,4.031610488891602
2338,0,-2.8499999046325684,0.6322985887527466,4.261369705200195
2339,0,-2.8499999046325684,0.45912349224090576,3.973799467086792
2340,0,-2.8499999046325684,0.2939101457595825,3.8294031620025635
2341,0,-2.8499999046325684,0.6107465028762817,4.19133996963501
2342,0,-2.8499999046325684,0.528989851474762,4.183994293212891
2343,0,-2.8499999046325684,0.5184516310691833,4.093780517578125
2344,0,-2.8499999046325684,0.5761206150054932,3.8732149600982666
2345,0,-2.8499999046325684,0.2678559720516205,3.9119865894317627
2346,0,-2.8499999046325684,0.18105220794677734,3.573183059692383
2347,0,-2.8499999046325684,0.5744925141334534,4.0446577072143555
2348,0,-2.8499999046325684,0.5260519981384277,4.366952419281006
2349,0,-2.8499999046325684,0.4622200131416321,3.594435691833496
2350,0,-2.8499999046325684,0.32932209968566895,3.808088779449463
2351,0,-2.8499999046325684,0.5100736618041992,3.7425026893615723
2352,0,-2.8499999046325684,0.2647406756877899,3.4308390617370605
2353,0,-2.8499999046325684,0.5057858228683472,3.595918893814087
2354,0,-2.8499999046325684,0.19647297263145447,3.531404495239258
2355,0,-2.8499999046325684,0.5788211822509766,3.8303914070129395
2356,1,2.299999952316284,0.5322156548500061,4.436270236968994
2357,0,-2.299999952316284,0.6220040321350098,4.034801483154297
2358,0,-2.299999952316284,0.6211328506469727,4.029707908630371
2359,0,-2.299999952316284,0.6474777460098267,4.140903472900391
2360,1,2.299999952316284,0.575150728225708,4.678891181945801
2361,0,-2.299999952316284,0.5973009467124939,4.229384899139404
2362,1,2.299999952316284,0.532016932964325,4.393749237060547
2363,1,2.299999952316284,0.5056853890419006,4.3642354011535645
2364,0,-2.299999952316284,0.5403828024864197,4.06254243850708
2365,1,2.299999952316284,0.5425037145614624,4.6213765144348145
2366,0,-2.299999952316284,0.4327026307582855,4.347072601318359
2367,0,-2.299999952316284,0.4434906542301178,3.9409730434417725
2368,0,-2.299999952316284,0.5674886703491211,3.9055099487304688
2369,0,-2.299999952316284,0.40999850630760193,4.130322456359863
2370,0,-2.299999952316284,0.43080994486808777,4.187784671783447
2371,0,-2.299999952316284,0.4916413724422455,3.9206297397613525
2372,0,-2.299999952316284,0.5221695303916931,4.184076309204102
2373,1,2.299999952316284,0.23907437920570374,4.5962347984313965
2374,0,-2.299999952316284,0.2715493142604828,4.9834136962890625
2375,0,-2.299999952316284,0.29028570652008057,4.9727067947387695
2376,0,-2.299999952316284,0.215225487947464,4.8733978271484375
2377,1,9.520000457763672,0.5774765014648438,7.892730236053467
2378,1,9.520000457763672,0.6522788405418396,8.134037017822266
2379,0,-9.520000457763672,0.2941949665546417,7.054054260253906
2380,0,-9.520000457763672,0.2743884027004242,6.421616554260254
2381,0,-9.520000457763672,0.584717333316803,7.831760406494141
2382,0,-9.520000457763672,0.25997063517570496,5.8534040451049805
2383,0,-9.520000457763672,0.5657259225845337,7.197760105133057
2384,0,-9.520000457763672,0.5182564854621887,7.24870491027832
2385,0,-9.520000457763672,0.34484168887138367,6.753701686859131
2386,0,-9.520000457763672,0.22580455243587494,5.921035289764404
2387,0,-9.520000457763672,0.49701178073883057,7.463281631469727
2388,0,-9.520000457763672,0.08399909734725952,4.341318130493164
2389,0,-9.520000457763672,0.10312207788228989,5.086573600769043
2390,0,-9.520000457763672,0.06267380714416504,5.421722888946533
2391,0,-9.520000457763672,0.3266579806804657,6.096958160400391
2392,0,-9.520000457763672,0.08223151415586472,5.033626556396484
2393,0,-9.520000457763672,0.08701387792825699,6.005361080169678
2394,1,10.0,0.662712812423706,8.141974449157715
2395,1,10.0,0.685396671295166,8.162108421325684
2396,1,10.0,0.7918301820755005,8.1376953125
2397,0,-10.0,0.3109246790409088,7.056762218475342
2398,0,-10.0,0.27076059579849243,6.762277603149414
2399,0,-10.0,0.6102917194366455,7.720643043518066
2400,0,-10.0,0.3649581968784332,6.853880405426025
2401,0,-10.0,0.5359417796134949,7.053525924682617
2402,0,-10.0,0.17844200134277344,5.975032329559326
2403,0,-10.0,0.07611530274152756,5.291082859039307
2404,0,-10.0,0.5860777497291565,7.016204833984375
2405,0,-10.0,0.20129621028900146,5.939564228057861
2406,0,-10.0,0.3776877522468567,5.829534530639648
2407,0,-10.0,0.1702461838722229,5.254860877990723
2408,0,-10.0,0.3370504677295685,6.359258651733398
2409,0,-10.0,0.3107757866382599,6.10636043548584
2410,1,5.059999942779541,0.2829226851463318,7.778332710266113
2411,1,5.059999942779541,0.3434206545352936,7.710797309875488
2412,0,-5.059999942779541,0.13836945593357086,7.3581862449646
2413,0,-5.059999942779541,0.12198908627033234,7.486019134521484
2414,0,-5.059999942779541,0.08106113970279694,7.487433433532715
2415,0,-5.059999942779541,0.09386976808309555,7.186438083648682
2416,0,-5.059999942779541,0.12722420692443848,7.416468620300293
2417,0,-5.059999942779541,0.13829313218593597,7.132447242736816
2418,0,-5.059999942779541,0.02717195637524128,7.218385696411133
2419,0,-5.059999942779541,0.24862898886203766,6.933475971221924
2420,0,-5.059999942779541,0.056283965706825256,6.572938919067383
2421,0,-5.059999942779541,0.1389000415802002,6.327356338500977
2422,0,-5.059999942779541,0.08998523652553558,6.403461456298828
2423,0,-5.059999942779541,0.03509914129972458,6.674972057342529
2424,0,-5.059999942779541,0.05806213989853859,6.124808311462402
2425,0,-5.059999942779541,0.10358190536499023,6.265942096710205
2426,0,-5.059999942779541,0.047388408333063126,6.8179144859313965
2427,0,-5.059999942779541,0.07590261846780777,6.458154201507568
2428,0,-5.059999942779541,0.03506076708436012,6.969775676727295
2429,0,-5.059999942779541,0.06385593116283417,6.664336204528809
2430,1,6.170000076293945,0.5562352538108826,7.308323860168457
2431,1,6.170000076293945,0.5664396286010742,7.257436275482178
2432,0,-6.170000076293945,0.38703835010528564,6.607097148895264
2433,0,-6.170000076293945,0.1369916945695877,6.295683860778809
2434,0,-6.170000076293945,0.24502955377101898,6.389541149139404
2435,0,-6.170000076293945,0.08300331979990005,6.289845943450928
2436,0,-6.170000076293945,0.3778621256351471,5.892183780670166
2437,0,-6.170000076293945,0.08123954385519028,5.8372578620910645
2438,0,-6.170000076293945,0.1152799129486084,6.3244829177856445
2439,0,-6.170000076293945,0.06609384715557098,5.82612943649292
2440,0,-6.170000076293945,0.43600839376449585,5.9547624588012695
2441,0,-6.170000076293945,0.061380185186862946,5.857875823974609
2442,0,-6.170000076293945,0.06607627868652344,5.637507915496826
2443,0,-6.170000076293945,0.30338841676712036,5.98718786239624
2444,0,-6.170000076293945,0.049502916634082794,6.119340896606445
2445,0,-6.170000076293945,0.07842879742383957,6.138317584991455
2446,0,-6.170000076293945,0.08981220424175262,6.162735462188721
2447,0,-6.170000076293945,0.12615962326526642,6.1086835861206055
2448,1,5.159999847412109,0.7119540572166443,5.868358612060547
2449,1,5.159999847412109,0.7224898338317871,5.873981952667236
2450,1,5.159999847412109,0.5708682537078857,5.163286209106445
2451,0,-5.159999847412109,0.1463729441165924,4.32045841217041
2452,0,-5.159999847412109,0.4243815839290619,4.924708366394043
2453,0,-5.159999847412109,0.4751006066799164,4.828956604003906
2454,0,-5.159999847412109,0.5201514363288879,5.614703178405762
2455,0,-5.159999847412109,0.4159219264984131,5.620456695556641
2456,0,-5.159999847412109,0.18652208149433136,4.731853485107422
2457,0,-5.159999847412109,0.5115261673927307,5.611842632293701
2458,0,-5.159999847412109,0.5692602396011353,5.620242595672607
2459,0,-5.159999847412109,0.5304112434387207,5.404555320739746
2460,0,-5.159999847412109,0.30203965306282043,5.464972019195557
2461,0,-5.159999847412109,0.45115527510643005,4.930016040802002
2462,0,-5.159999847412109,0.19439686834812164,5.408355236053467
2463,0,-5.159999847412109,0.41862165927886963,4.7469353675842285
2464,0,-5.159999847412109,0.3376084864139557,5.360927581787109
2465,0,-5.159999847412109,0.578763484954834,5.437624931335449
2466,0,-5.159999847412109,0.4728260338306427,5.588306903839111
2467,0,-5.159999847412109,0.15727651119232178,4.449921131134033
2468,1,6.0,0.33204931020736694,4.147767066955566
2469,0,-6.0,0.4232560098171234,5.232454776763916
2470,0,-6.0,0.22705383598804474,4.324522018432617
2471,0,-6.0,0.24730753898620605,4.294332981109619
2472,0,-6.0,0.31816160678863525,4.683964729309082
2473,0,-6.0,0.33360692858695984,4.115826606750488
2474,0,-6.0,0.3517632782459259,4.232674598693848
2475,0,-6.0,0.42833229899406433,4.338406562805176
2476,0,-6.0,0.35214605927467346,4.145234107971191
2477,0,-6.0,0.4336189329624176,4.2470598220825195
2478,0,-6.0,0.17647558450698853,4.304422378540039
2479,0,-6.0,0.40168848633766174,5.074589729309082
2480,0,-6.0,0.2648790776729584,4.2318878173828125
2481,0,-6.0,0.32259342074394226,4.190018177032471
2482,0,-6.0,0.3230143189430237,4.233798027038574
2483,0,-6.0,0.24457138776779175,4.056483745574951
2484,0,-6.0,0.26626110076904297,4.144721984863281
2485,0,-6.0,0.2949681878089905,4.147958755493164
2486,0,-6.0,0.6511833071708679,5.643423080444336
2487,0,-6.0,0.14808781445026398,4.2121429443359375
2488,1,6.0,0.2668411135673523,4.222601890563965
2489,0,-7.150000095367432,0.29893457889556885,7.311456203460693
2490,0,-7.150000095367432,0.15251436829566956,7.5754594802856445
2491,0,-7.150000095367432,0.20967867970466614,7.6383771896362305
2492,0,-7.150000095367432,0.25279805064201355,7.393387794494629
2493,0,-7.150000095367432,0.1589985191822052,7.578483581542969
2494,0,-7.150000095367432,0.1678968369960785,7.590530872344971
2495,0,-7.150000095367432,0.25650399923324585,7.522576332092285
2496,0,-7.150000095367432,0.12428098171949387,7.532835006713867
2497,0,-7.150000095367432,0.08958886563777924,7.489331245422363
2498,0,-7.150000095367432,0.12370000034570694,7.53636360168457
2499,0,-7.150000095367432,0.12861204147338867,7.434552192687988
2500,0,-7.150000095367432,0.2739410400390625,7.387248992919922
2501,0,-7.150000095367432,0.08135119080543518,7.38271427154541
2502,0,-7.150000095367432,0.09491556137800217,7.29511022567749
2503,0,-7.150000095367432,0.07895452529191971,7.339221954345703
2504,0,-7.150000095367432,0.07048099488019943,7.352971076965332
2505,0,-7.150000095367432,0.13496460020542145,7.354533672332764
2506,0,-7.150000095367432,0.058293748646974564,7.40269660949707
2507,0,-7.150000095367432,0.34550684690475464,7.432426929473877
2508,0,-7.150000095367432,0.10246042907238007,7.387352466583252
2509,0,-7.150000095367432,0.08023472875356674,7.239464282989502
2510,0,-6.400000095367432,0.13494066894054413,6.012921333312988
2511,0,-6.400000095367432,0.3787616491317749,6.568259239196777
2512,0,-6.400000095367432,0.043798573315143585,6.39862585067749
2513,0,-6.400000095367432,0.35315588116645813,6.832661151885986
2514,0,-6.400000095367432,0.0504298210144043,6.336336135864258
2515,0,-6.400000095367432,0.15678656101226807,6.189840793609619
2516,0,-6.400000095367432,0.06371249258518219,6.267961025238037
2517,1,6.400000095367432,0.051836684346199036,5.58059024810791
2518,1,6.400000095367432,0.24475817382335663,5.664247512817383
2519,0,-6.400000095367432,0.06011778488755226,5.311878681182861
2520,0,-6.400000095367432,0.15715724229812622,5.96827507019043
2521,0,-6.400000095367432,0.06912388652563095,5.868762493133545
2522,0,-6.400000095367432,0.051768410950899124,5.149825096130371
2523,0,-5.639999866485596,0.2612924575805664,4.514707565307617
2524,0,-5.639999866485596,0.4445255696773529,6.166839122772217
2525,0,-5.639999866485596,0.5067895650863647,6.175237655639648
2526,0,-5.639999866485596,0.42823198437690735,6.080097675323486
2527,0,-5.639999866485596,0.2890090048313141,5.661026954650879
2528,0,-5.639999866485596,0.37476110458374023,6.150611400604248
2529,0,-5.639999866485596,0.2453240156173706,5.537795066833496
2530,0,-5.639999866485596,0.1784067302942276,5.873546600341797
2531,0,-5.639999866485596,0.21711497008800507,5.967080593109131
2532,1,5.639999866485596,0.35314223170280457,5.353086948394775
2533,0,-5.639999866485596,0.33363765478134155,5.958602428436279
2534,0,-5.639999866485596,0.3768478333950043,5.302809715270996
2535,0,-5.639999866485596,0.28974053263664246,5.644402980804443
2536,1,5.639999866485596,0.28509417176246643,5.378671646118164
2537,0,-5.639999866485596,0.23205091059207916,5.809470176696777
2538,0,-5.639999866485596,0.38048142194747925,5.918987274169922
2539,0,-5.639999866485596,0.1381310075521469,5.571396827697754
2540,0,-5.639999866485596,0.4188837707042694,5.850677967071533
2541,0,-5.639999866485596,0.11899205297231674,5.591987609863281
2542,0,-5.639999866485596,0.12706215679645538,5.546669006347656
2543,1,3.2200000286102295,0.6932851672172546,4.018895149230957
2544,0,-3.2200000286102295,0.48862600326538086,4.304234027862549
2545,0,-3.2200000286102295,0.6411319971084595,4.264097690582275
2546,1,3.2200000286102295,0.6996759176254272,4.244168281555176
2547,0,-3.2200000286102295,0.4611804187297821,4.332451820373535
2548,0,-3.2200000286102295,0.4173162877559662,4.197543144226074
2549,0,-3.2200000286102295,0.4027233421802521,3.9025073051452637
2550,0,-3.2200000286102295,0.3270304501056671,3.9011266231536865
2551,0,-3.2200000286102295,0.5416642427444458,4.208662509918213
2552,0,-3.2200000286102295,0.23925648629665375,4.056362628936768
2553,0,-3.2200000286102295,0.30042633414268494,4.350283622741699
2554,0,-3.2200000286102295,0.15012913942337036,4.198404312133789
2555,0,-3.2200000286102295,0.08583765476942062,3.926588535308838
2556,0,-3.2200000286102295,0.6762979626655579,3.961376667022705
2557,0,-3.2200000286102295,0.25482386350631714,4.19074010848999
2558,0,-3.2200000286102295,0.3241713345050812,4.142016887664795
2559,0,-3.2200000286102295,0.21797491610050201,3.899653911590576
2560,0,-3.2200000286102295,0.2571294605731964,4.0411696434021
2561,0,-3.2200000286102295,0.13828125596046448,3.7558960914611816
2562,0,-3.2200000286102295,0.37006187438964844,3.858034610748291
2563,0,-3.2200000286102295,0.303847998380661,3.9133689403533936
2564,1,11.329999923706055,0.5265674591064453,7.289052486419678
2565,1,11.329999923706055,0.5196776986122131,7.273509979248047
2566,0,-11.329999923706055,0.3620568513870239,7.0209856033325195
2567,0,-11.329999923706055,0.44387131929397583,7.438728332519531
2568,0,-11.329999923706055,0.12109339237213135,6.717685699462891
2569,0,-11.329999923706055,0.2158224880695343,6.819240093231201
2570,1,3.6700000762939453,0.5366394519805908,5.17473030090332
2571,0,-3.6700000762939453,0.5381357669830322,5.266829490661621
2572,1,3.6700000762939453,0.668459951877594,5.092144966125488
2573,0,-3.6700000762939453,0.5355137586593628,5.228494167327881
2574,0,-3.6700000762939453,0.18839097023010254,5.221532821655273
2575,0,-3.6700000762939453,0.374631404876709,5.360422134399414
2576,0,-3.6700000762939453,0.3019753098487854,5.2241058349609375
2577,0,-3.6700000762939453,0.37968677282333374,5.134411334991455
2578,0,-3.6700000762939453,0.45215854048728943,5.178025722503662
2579,0,-3.6700000762939453,0.26233017444610596,5.2045769691467285
2580,0,-3.6700000762939453,0.13538949191570282,4.572866916656494
2581,0,-3.6700000762939453,0.26437684893608093,4.905278205871582
2582,0,-3.6700000762939453,0.36663588881492615,5.2453389167785645
2583,0,-3.6700000762939453,0.4129517674446106,5.25171422958374
2584,0,-3.6700000762939453,0.51668381690979,5.266271114349365
2585,0,-3.6700000762939453,0.2565445601940155,5.127567291259766
2586,0,-3.6700000762939453,0.1121559888124466,4.930313587188721
2587,0,-3.6700000762939453,0.1871156543493271,5.265726566314697
2588,0,-3.6700000762939453,0.08912624418735504,5.131426811218262
2589,0,-3.6700000762939453,0.5566415190696716,5.423425197601318
2590,0,-3.6700000762939453,0.2110644280910492,5.243785858154297
2591,1,7.800000190734863,0.7167596817016602,7.28560209274292
2592,1,7.800000190734863,0.7528520822525024,7.2798614501953125
2593,1,7.800000190734863,0.7520380020141602,7.272274971008301
2594,0,-7.800000190734863,0.667364239692688,7.3815741539001465
2595,0,-7.800000190734863,0.08191972970962524,5.2303466796875
2596,0,-7.800000190734863,0.4368472099304199,6.3037309646606445
2597,0,-7.800000190734863,0.5000755190849304,6.052067756652832
2598,0,-7.800000190734863,0.07854973524808884,5.431022644042969
2599,0,-7.800000190734863,0.48937544226646423,6.9345855712890625
2600,0,-7.800000190734863,0.5639647245407104,7.148289680480957
2601,0,-7.800000190734863,0.14648351073265076,5.816670894622803
2602,0,-7.800000190734863,0.39364930987358093,6.177051067352295
2603,0,-7.800000190734863,0.3419983386993408,5.890583038330078
2604,1,7.800000190734863,0.45601245760917664,6.7082905769348145
2605,0,-7.800000190734863,0.11097042262554169,5.56291389465332
2606,0,-7.800000190734863,0.10590490698814392,5.057597637176514
2607,0,-7.800000190734863,0.061237066984176636,5.172179222106934
2608,0,-7.800000190734863,0.2907686233520508,5.832442760467529
2609,0,-7.800000190734863,0.26313626766204834,5.759739398956299
2610,0,-7.800000190734863,0.294483482837677,4.916451454162598
2611,0,-7.800000190734863,0.056615766137838364,4.192882537841797
2612,1,7.849999904632568,0.802968442440033,7.193906784057617
2613,1,7.849999904632568,0.7951916456222534,7.193817615509033
2614,0,-7.849999904632568,0.08540556579828262,5.718982696533203
2615,0,-7.849999904632568,0.06179244816303253,5.2118024826049805
2616,0,-7.849999904632568,0.11820323765277863,6.379003047943115
2617,0,-7.849999904632568,0.07522842288017273,6.233957767486572
2618,0,-7.849999904632568,0.05193137750029564,4.837372779846191
2619,0,-7.849999904632568,0.034328021109104156,4.616868495941162
2620,0,-7.849999904632568,0.04197005182504654,5.047974586486816
2621,0,-7.849999904632568,0.04925818741321564,4.843647003173828
2622,0,-7.849999904632568,0.029094526544213295,4.732915878295898
2623,0,-7.849999904632568,0.2067718654870987,4.997666358947754
2624,0,-7.849999904632568,0.15481658279895782,4.586824417114258
2625,0,-7.849999904632568,0.06266222894191742,4.890323638916016
2626,0,-7.849999904632568,0.03981390222907066,5.066812515258789
2627,0,-7.849999904632568,0.06789877265691757,4.6877593994140625
2628,0,-7.849999904632568,0.10488761216402054,4.851239204406738
2629,0,-7.849999904632568,0.03460731729865074,4.2794294357299805
2630,0,-7.849999904632568,0.036756161600351334,5.287827491760254
2631,0,-7.849999904632568,0.06512024998664856,4.521823406219482
2632,1,8.430000305175781,0.7232428193092346,7.131159782409668
2633,1,8.430000305175781,0.7108517289161682,7.123817443847656
2634,1,8.430000305175781,0.6391698718070984,6.727466583251953
2635,0,-8.430000305175781,0.642747700214386,6.786518573760986
2636,0,-8.430000305175781,0.05461443215608597,6.239941596984863
2637,0,-8.430000305175781,0.048568226397037506,5.825221538543701
2638,0,-8.430000305175781,0.02502860315144062,5.685503959655762
2639,0,-8.430000305175781,0.03789791837334633,5.916721343994141
2640,0,-8.430000305175781,0.03006071411073208,5.441223621368408
2641,0,-8.430000305175781,0.07122252881526947,4.639533519744873
2642,1,7.590000152587891,0.7477289438247681,5.649866104125977
2643,1,7.590000152587891,0.7356433868408203,5.411378383636475
2644,0,-7.590000152587891,0.4785217046737671,4.278713226318359
2645,0,-7.590000152587891,0.4286985993385315,3.860288619995117
2646,0,-7.590000152587891,0.5323100686073303,4.273158073425293
2647,0,-7.590000152587891,0.17488816380500793,3.938382387161255
2648,0,-7.590000152587891,0.10783473402261734,3.8524205684661865
2649,1,9.399999618530273,0.7750993371009827,7.907430171966553
2650,1,9.399999618530273,0.7674472332000732,7.893784523010254
2651,0,-9.399999618530273,0.5233481526374817,7.166768550872803
2652,0,-9.399999618530273,0.612918496131897,7.139760494232178
2653,0,-9.399999618530273,0.6458956599235535,7.150771141052246
2654,0,-9.399999618530273,0.7394998073577881,7.5945024490356445
2655,0,-9.399999618530273,0.6470412015914917,7.305527210235596
2656,0,-9.399999618530273,0.5674121975898743,7.125869274139404
2657,0,-9.399999618530273,0.4957921802997589,7.096475601196289
2658,0,-9.399999618530273,0.23701512813568115,6.569518089294434
2659,1,6.800000190734863,0.79671311378479,6.813040733337402
2660,1,6.800000190734863,0.7806050181388855,6.854312419891357
2661,0,-6.800000190734863,0.4286454916000366,6.288000106811523
2662,0,-6.800000190734863,0.2335469275712967,6.2839674949646
2663,0,-6.800000190734863,0.23119261860847473,6.231582164764404
2664,0,-6.800000190734863,0.4171897768974304,6.042645454406738
2665,0,-6.800000190734863,0.2833256125450134,6.162890911102295
2666,0,-6.800000190734863,0.2804878354072571,5.643197536468506
2667,0,-6.800000190734863,0.5154885649681091,6.525227069854736
2668,0,-6.800000190734863,0.1627011001110077,5.355559825897217
2669,0,-6.800000190734863,0.14049971103668213,5.926843643188477
2670,0,-6.800000190734863,0.33428898453712463,5.856910705566406
2671,1,4.889999866485596,0.7872731685638428,6.845437049865723
2672,1,4.889999866485596,0.6768674254417419,6.697908878326416
2673,0,-4.889999866485596,0.4793204069137573,6.666204929351807
2674,0,-4.889999866485596,0.5286583304405212,6.61067533493042
2675,0,-4.889999866485596,0.7630942463874817,6.889477252960205
2676,1,4.889999866485596,0.34081077575683594,6.680066108703613
2677,0,-4.889999866485596,0.4488489329814911,6.813800811767578
2678,0,-4.889999866485596,0.3343951404094696,6.4589080810546875
2679,0,-4.889999866485596,0.4538068175315857,6.893280506134033
2680,0,-4.889999866485596,0.4140312075614929,6.811105728149414
2681,0,-4.889999866485596,0.27488234639167786,6.321564674377441
2682,0,-4.889999866485596,0.18536271154880524,6.091592788696289
2683,0,-4.889999866485596,0.23456045985221863,6.521317481994629
2684,0,-4.889999866485596,0.191409170627594,6.2822489738464355
2685,0,-4.889999866485596,0.08711318671703339,6.230954170227051
2686,0,-4.889999866485596,0.32992789149284363,6.365611553192139
2687,0,-4.889999866485596,0.2435256838798523,6.276461124420166
2688,0,-9.210000038146973,0.5659108757972717,6.1086039543151855
2689,1,9.210000038146973,0.7204181551933289,6.2282490730285645
2690,0,-9.210000038146973,0.39920493960380554,6.060413360595703
2691,1,9.210000038146973,0.583949625492096,6.03388786315918
2692,0,-9.210000038146973,0.3608449101448059,5.637362957000732
2693,0,-9.210000038146973,0.37925636768341064,5.293848037719727
2694,0,-9.210000038146973,0.07368685305118561,5.376733779907227
2695,0,-9.210000038146973,0.4053571820259094,5.1576247215271
2696,0,-9.210000038146973,0.14092285931110382,5.344275951385498
2697,0,-9.210000038146973,0.03689076751470566,4.950132369995117
2698,0,-9.210000038146973,0.42021048069000244,5.097455978393555
2699,0,-9.210000038146973,0.036601245403289795,4.676593780517578
2700,0,-9.210000038146973,0.022209711372852325,4.775798797607422
2701,0,-9.210000038146973,0.05410509184002876,5.183342933654785
2702,0,-9.210000038146973,0.08484166115522385,4.844781398773193
2703,0,-9.210000038146973,0.03774501010775566,4.369069576263428
2704,0,-9.210000038146973,0.06625517457723618,4.554232597351074
2705,0,-9.210000038146973,0.04594213888049126,5.076152324676514
2706,0,-7.699999809265137,0.491700142621994,5.950003147125244
2707,0,-7.699999809265137,0.4338423013687134,5.476607799530029
2708,0,-7.699999809265137,0.42650988698005676,5.826517581939697
2709,0,-7.699999809265137,0.48582446575164795,5.48454475402832
2710,0,-7.699999809265137,0.4782889187335968,5.396022319793701
2711,0,-7.699999809265137,0.43588799238204956,5.659358501434326
2712,1,6.900000095367432,0.7962712049484253,7.317419528961182
2713,1,6.900000095367432,0.7822839617729187,7.308573246002197
2714,1,6.900000095367432,0.5394728779792786,7.020751953125
2715,0,-6.900000095367432,0.08224008232355118,6.0725789070129395
2716,0,-6.900000095367432,0.3328045904636383,6.609007358551025
2717,0,-6.900000095367432,0.13000072538852692,6.3197832107543945
2718,1,11.819999694824219,0.8062033653259277,10.391683578491211
2719,1,11.819999694824219,0.7907872200012207,10.466283798217773
2720,0,-11.819999694824219,0.5225577354431152,8.78203010559082
2721,0,-11.819999694824219,0.5488690733909607,10.29595947265625
2722,0,-11.819999694824219,0.26818183064460754,8.326661109924316
2723,0,-11.819999694824219,0.24776487052440643,8.174782752990723
2724,0,-11.819999694824219,0.5284886360168457,9.707157135009766
2725,0,-11.819999694824219,0.3545842468738556,8.19213581085205
2726,0,-9.100000381469727,0.5178660154342651,7.863838195800781
2727,0,-9.100000381469727,0.43672260642051697,7.800023078918457
2728,0,-9.100000381469727,0.443576455116272,7.694192409515381
2729,0,-9.100000381469727,0.42079126834869385,7.590824604034424
2730,0,-9.100000381469727,0.566299557685852,7.839454174041748
2731,0,-9.100000381469727,0.469348669052124,7.786290645599365
2732,0,-9.100000381469727,0.40292420983314514,7.579493522644043
2733,1,9.100000381469727,0.5509641170501709,7.742484092712402
2734,0,-9.100000381469727,0.4329885244369507,7.7095489501953125
2735,0,-9.100000381469727,0.5296335816383362,7.832973480224609
2736,0,-9.100000381469727,0.4374433159828186,7.631259918212891
2737,0,-9.100000381469727,0.3942638039588928,7.722292900085449
2738,0,-9.100000381469727,0.3569886386394501,7.7056884765625
2739,0,-9.100000381469727,0.36219629645347595,7.768298149108887
2740,0,-9.100000381469727,0.357009619474411,7.740841388702393
2741,0,-9.100000381469727,0.562471866607666,7.789217948913574
2742,0,-9.100000381469727,0.13942661881446838,7.475870132446289
2743,0,-9.100000381469727,0.5455097556114197,7.75602912902832
2744,0,-9.100000381469727,0.14883723855018616,7.525937557220459
2745,0,-9.100000381469727,0.25017407536506653,7.533132076263428
2746,1,8.399999618530273,0.80820631980896,8.9197359085083
2747,1,8.399999618530273,0.7812414765357971,8.870526313781738
2748,0,-8.399999618530273,0.7825076580047607,9.070113182067871
2749,1,6.460000038146973,0.6089412569999695,6.598697185516357
2750,0,-6.460000038146973,0.49582651257514954,6.60649299621582
2751,0,-6.460000038146973,0.5042036175727844,6.631568431854248
2752,0,-6.460000038146973,0.675546407699585,6.621280193328857
2753,0,-6.460000038146973,0.29799243807792664,6.293528079986572
2754,0,-6.460000038146973,0.5364747643470764,6.633416175842285
2755,0,-6.460000038146973,0.4076404273509979,6.37118673324585
2756,0,-6.460000038146973,0.36654210090637207,6.63947868347168
2757,0,-6.460000038146973,0.620326578617096,6.64802360534668
2758,0,-6.460000038146973,0.5418198108673096,6.507175922393799
2759,0,-6.460000038146973,0.5422648191452026,6.151791572570801
2760,0,-6.460000038146973,0.44349512457847595,6.545435905456543
2761,0,-6.460000038146973,0.5718908309936523,6.777548789978027
2762,0,-6.460000038146973,0.4053134620189667,6.146056175231934
2763,0,-6.460000038146973,0.35990169644355774,6.435696125030518
2764,0,-6.460000038146973,0.49554741382598877,6.142453193664551
2765,0,-6.460000038146973,0.45720964670181274,6.683667182922363
2766,0,-6.460000038146973,0.2696092128753662,6.652263641357422
2767,0,-6.460000038146973,0.5206784009933472,6.2128705978393555
2768,0,-6.460000038146973,0.32228386402130127,5.505561351776123
2769,0,-6.460000038146973,0.4606820046901703,6.50537633895874
2770,1,5.190000057220459,0.604190468788147,7.499975204467773
2771,1,5.190000057220459,0.5937644839286804,7.482439994812012
2772,0,-5.190000057220459,0.5065250396728516,7.485140323638916
2773,0,-5.190000057220459,0.547386646270752,7.144116401672363
2774,0,-5.190000057220459,0.5035853385925293,7.145776271820068
2775,1,3.700000047683716,0.6759581565856934,4.2439446449279785
2776,1,3.700000047683716,0.6792961955070496,4.256910800933838
2777,1,3.700000047683716,0.5722754001617432,4.295249938964844
2778,0,-3.700000047683716,0.5332184433937073,4.28554105758667
2779,0,-3.700000047683716,0.4873504042625427,4.072309970855713
2780,0,-3.700000047683716,0.3596037030220032,3.6839869022369385
2781,0,-3.700000047683716,0.4229220747947693,3.7755532264709473
2782,0,-3.700000047683716,0.5418484210968018,4.202723503112793
2783,0,-3.700000047683716,0.24926801025867462,3.834531784057617
2784,0,-3.700000047683716,0.4843042194843292,3.864769220352173
2785,0,-3.700000047683716,0.21221429109573364,3.6216530799865723
2786,0,-3.700000047683716,0.4067830443382263,3.8239479064941406
2787,0,-3.700000047683716,0.17130164802074432,3.7056243419647217
2788,1,6.849999904632568,0.6737640500068665,5.7951860427856445
2789,1,6.849999904632568,0.7735267281532288,5.801161289215088
2790,1,6.849999904632568,0.7787472605705261,5.734574317932129
2791,0,-6.849999904632568,0.6377175450325012,5.986332416534424
2792,0,-6.849999904632568,0.15480466187000275,4.557495594024658
2793,0,-6.849999904632568,0.5739378929138184,4.985124588012695
2794,0,-6.849999904632568,0.428301602602005,4.582395076751709
2795,0,-6.849999904632568,0.21092043817043304,4.201852798461914
2796,0,-6.849999904632568,0.45901477336883545,5.163080215454102
2797,1,3.619999885559082,0.6185353994369507,4.58428430557251
2798,1,3.619999885559082,0.5474502444267273,4.647070407867432
2799,0,-3.619999885559082,0.5268691182136536,4.394426345825195
2800,0,-3.619999885559082,0.4667092263698578,4.164589881896973
2801,0,-3.619999885559082,0.43047958612442017,5.096826076507568
2802,0,-3.619999885559082,0.24921250343322754,4.600890159606934
2803,0,-3.619999885559082,0.4496000111103058,4.766644477844238
2804,0,-3.619999885559082,0.3176509737968445,3.8727915287017822
2805,0,-3.619999885559082,0.36765167117118835,4.6791815757751465
2806,0,-3.619999885559082,0.4870172441005707,4.714316368103027
2807,0,-3.619999885559082,0.20598623156547546,4.011209011077881
2808,0,-3.619999885559082,0.24277108907699585,4.923915386199951
2809,0,-3.619999885559082,0.2290012687444687,3.9802157878875732
2810,0,-3.619999885559082,0.4044339060783386,4.883176803588867
2811,0,-3.619999885559082,0.239602193236351,4.552093982696533
2812,0,-3.619999885559082,0.2391691654920578,4.092465400695801
2813,0,-3.619999885559082,0.3865087926387787,4.343252182006836
2814,0,-3.619999885559082,0.09453657269477844,4.243271350860596
2815,0,-3.619999885559082,0.141052708029747,3.940504789352417
2816,0,-3.619999885559082,0.3387102484703064,4.321980953216553
2817,1,8.25,0.7050246596336365,8.036970138549805
2818,1,8.25,0.7103750109672546,8.033108711242676
2819,0,-8.25,0.5676433444023132,7.680537700653076
2820,1,3.569999933242798,0.8184891939163208,3.3599331378936768
2821,0,-3.569999933242798,0.4017139971256256,3.5506198406219482
2822,1,3.569999933242798,0.8191226720809937,3.3383195400238037
2823,0,-3.569999933242798,0.5073491930961609,3.41369366645813
2824,0,-3.569999933242798,0.45591413974761963,3.2648773193359375
2825,0,-3.569999933242798,0.5486884713172913,3.4951014518737793
2826,0,-3.569999933242798,0.5212299823760986,3.339888095855713
2827,0,-3.569999933242798,0.3970950245857239,3.1316795349121094
2828,0,-3.569999933242798,0.5261837840080261,3.2193076610565186
2829,0,-3.569999933242798,0.5155859589576721,3.3269340991973877
2830,1,3.569999933242798,0.5617474317550659,3.1488351821899414
2831,0,-3.569999933242798,0.3432588279247284,2.925916910171509
2832,0,-3.569999933242798,0.5096019506454468,3.030623197555542
2833,0,-3.569999933242798,0.2877056300640106,3.088470697402954
2834,0,-3.569999933242798,0.2829935848712921,3.3629558086395264
2835,0,-3.569999933242798,0.47106489539146423,3.3428046703338623
2836,0,-3.569999933242798,0.3854791820049286,3.1175568103790283
2837,0,-3.569999933242798,0.5155515074729919,3.1888718605041504
2838,0,-3.569999933242798,0.4330928325653076,3.2688820362091064
2839,0,-3.569999933242798,0.403473436832428,2.8957083225250244
2840,0,-3.569999933242798,0.3359622061252594,3.2658157348632812
2841,1,7.960000038146973,0.6911148428916931,9.13986587524414
2842,1,7.960000038146973,0.5900202393531799,9.094179153442383
2843,1,7.960000038146973,0.4295165240764618,9.025117874145508
2844,0,-7.960000038146973,0.6682807803153992,9.004413604736328
2845,0,-7.960000038146973,0.11856734752655029,6.902206897735596
2846,0,-7.960000038146973,0.18374578654766083,7.049375534057617
2847,0,-7.960000038146973,0.05968441441655159,5.862874984741211
2848,1,9.270000457763672,0.7623043060302734,8.334574699401855
2849,1,9.270000457763672,0.7924053072929382,8.468462944030762
2850,1,9.270000457763672,0.7694351673126221,8.156063079833984
2851,1,2.4000000953674316,0.7406999468803406,3.642646551132202
2852,1,2.4000000953674316,0.7406901717185974,3.641500234603882
2853,1,2.4000000953674316,0.612726628780365,3.3768646717071533
2854,0,-2.4000000953674316,0.35104480385780334,3.5020594596862793
2855,0,-2.4000000953674316,0.3996795415878296,3.4704127311706543
2856,0,-2.4000000953674316,0.1156555563211441,3.345888614654541
2857,0,-2.4000000953674316,0.3004257082939148,3.287525177001953
2858,0,-2.4000000953674316,0.5281121730804443,3.445119857788086
2859,0,-2.4000000953674316,0.21343964338302612,3.4290990829467773
2860,0,-2.4000000953674316,0.14046715199947357,3.2359893321990967
2861,0,-2.4000000953674316,0.06321161240339279,3.3310980796813965
2862,0,-2.4000000953674316,0.03488549217581749,3.1729040145874023
2863,0,-2.4000000953674316,0.5319114923477173,3.313068389892578
2864,0,-2.4000000953674316,0.157872274518013,3.250666856765747
2865,1,9.039999961853027,0.5888532996177673,7.64483118057251
2866,1,9.039999961853027,0.556140124797821,7.6198930740356445
2867,0,-9.039999961853027,0.5142903327941895,7.409229278564453
2868,1,9.039999961853027,0.5549020171165466,7.454011917114258
2869,0,-9.039999961853027,0.5249980092048645,7.53389835357666
2870,0,-9.039999961853027,0.4894936978816986,7.428364276885986
2871,0,-9.039999961853027,0.5248757004737854,7.507084369659424
2872,0,-9.039999961853027,0.3719075918197632,7.276569366455078
2873,0,-9.039999961853027,0.4925018846988678,7.52097749710083
2874,0,-9.039999961853027,0.4093412756919861,7.140063762664795
2875,0,-9.039999961853027,0.497843861579895,7.125375747680664
2876,0,-9.039999961853027,0.4603308439254761,7.30130672454834
2877,1,6.320000171661377,0.6580072045326233,7.073073863983154
2878,0,-6.320000171661377,0.6513214111328125,7.149287223815918
2879,0,-6.320000171661377,0.6770468950271606,7.314899921417236
2880,0,-6.320000171661377,0.5879113674163818,7.186177730560303
2881,1,6.320000171661377,0.6590893268585205,7.070123672485352
2882,0,-6.320000171661377,0.6184009313583374,6.931283950805664
2883,0,-6.320000171661377,0.6252723932266235,7.18479585647583
2884,1,6.320000171661377,0.6837903261184692,7.193267345428467
2885,0,-6.320000171661377,0.6739925742149353,7.039619445800781
2886,0,-6.320000171661377,0.5452268719673157,7.130769729614258
2887,0,-6.320000171661377,0.5764832496643066,7.314765453338623
2888,0,-6.320000171661377,0.47001633048057556,6.177038669586182
2889,0,-6.320000171661377,0.4376993775367737,6.982375144958496
2890,0,-6.320000171661377,0.3609314560890198,5.789767265319824
2891,0,-6.320000171661377,0.5608176589012146,7.247550964355469
2892,0,-6.320000171661377,0.4166003465652466,5.994818687438965
2893,0,-6.320000171661377,0.18931898474693298,4.571813106536865
2894,0,-6.320000171661377,0.19449877738952637,4.546548366546631
2895,0,-6.320000171661377,0.3775961399078369,4.263891220092773
2896,0,-6.320000171661377,0.131783127784729,4.394674777984619
2897,0,-6.320000171661377,0.32792428135871887,4.085606098175049
2898,1,8.520000457763672,0.5955482125282288,6.697882652282715
2899,0,-8.520000457763672,0.5283574461936951,6.7022318840026855
2900,0,-8.520000457763672,0.6187571287155151,6.69459867477417
2901,0,-8.520000457763672,0.2684287428855896,6.612853050231934
2902,0,-8.520000457763672,0.32033291459083557,6.581592559814453
2903,0,-8.520000457763672,0.4524587392807007,6.473476409912109
2904,0,-8.520000457763672,0.28519460558891296,6.717970371246338
2905,0,-8.520000457763672,0.5200285315513611,6.541026592254639
2906,0,-8.520000457763672,0.5237389802932739,6.6002302169799805
2907,0,-8.520000457763672,0.2663988173007965,6.627083778381348
2908,0,-8.520000457763672,0.21496163308620453,6.420257568359375
2909,0,-8.520000457763672,0.37065136432647705,6.7735795974731445
2910,0,-8.520000457763672,0.3162994384765625,6.613458633422852
2911,0,-8.520000457763672,0.18854880332946777,6.183041095733643
2912,0,-8.520000457763672,0.19477084279060364,6.367434978485107
2913,0,-8.520000457763672,0.11711440980434418,6.334346771240234
2914,0,-8.520000457763672,0.4287680685520172,6.818649768829346
2915,0,-8.520000457763672,0.1624080240726471,6.287372589111328
2916,0,-8.520000457763672,0.18645597994327545,6.147405624389648
2917,0,-8.520000457763672,0.18704529106616974,6.531498908996582
2918,0,-8.520000457763672,0.1134038195014,6.295449256896973
2919,1,3.6600000858306885,0.6701861619949341,4.933713912963867
2920,1,3.6600000858306885,0.6672586798667908,4.96112585067749
2921,1,3.6600000858306885,0.4077046513557434,4.644315719604492
2922,0,-3.6600000858306885,0.5124997496604919,4.556503772735596
2923,1,3.6600000858306885,0.47997212409973145,4.675304889678955
2924,0,-3.6600000858306885,0.6232264041900635,4.452232837677002
2925,0,-3.6600000858306885,0.24265210330486298,4.25669527053833
2926,0,-3.6600000858306885,0.4211888909339905,4.234644889831543
2927,0,-3.6600000858306885,0.37059590220451355,4.536862850189209
2928,0,-3.6600000858306885,0.42564770579338074,4.66163444519043
2929,0,-3.6600000858306885,0.35755807161331177,4.335175514221191
2930,0,-3.6600000858306885,0.19275453686714172,4.466749668121338
2931,0,-3.6600000858306885,0.5846722722053528,5.033786773681641
2932,1,3.6600000858306885,0.5668716430664062,4.7326483726501465
2933,0,-3.6600000858306885,0.24698296189308167,4.071779251098633
2934,0,-3.6600000858306885,0.32707786560058594,4.256036758422852
2935,0,-3.6600000858306885,0.2783249020576477,4.095987319946289
2936,0,-3.6600000858306885,0.3936474621295929,4.279720783233643
2937,0,-3.6600000858306885,0.4247473180294037,4.033024311065674
2938,0,-3.6600000858306885,0.17863328754901886,4.367306709289551
2939,0,-3.6600000858306885,0.4003612995147705,4.768093109130859
2940,1,4.820000171661377,0.5639796853065491,3.6347763538360596
2941,0,-4.820000171661377,0.18184466660022736,3.5908472537994385
2942,0,-4.820000171661377,0.19064554572105408,3.3804802894592285
2943,0,-4.820000171661377,0.14433827996253967,3.4198391437530518
2944,0,-4.820000171661377,0.28441187739372253,3.5527215003967285
2945,1,4.820000171661377,0.5243510007858276,3.6110751628875732
2946,0,-4.820000171661377,0.26706600189208984,3.5567564964294434
2947,0,-4.820000171661377,0.47054821252822876,3.7169101238250732
2948,0,-4.820000171661377,0.28474244475364685,3.4362668991088867
2949,0,-4.820000171661377,0.2258526235818863,3.787898302078247
2950,0,-4.820000171661377,0.10780943930149078,3.322575569152832
2951,0,-4.820000171661377,0.5094892382621765,3.70817494392395
2952,0,-4.820000171661377,0.11875247955322266,3.328465700149536
2953,0,-4.820000171661377,0.22178490459918976,3.6439878940582275
2954,0,-4.820000171661377,0.5192968249320984,3.547093629837036
2955,0,-4.820000171661377,0.2163054645061493,3.445713758468628
2956,0,-4.820000171661377,0.2517226040363312,3.6406686305999756
2957,0,-4.820000171661377,0.12047316133975983,3.4020135402679443
2958,0,-4.820000171661377,0.142414852976799,3.4800586700439453
2959,1,4.820000171661377,0.38621801137924194,3.4446728229522705
2960,0,-4.820000171661377,0.1602843999862671,3.3872156143188477
2961,1,8.65999984741211,0.8145687580108643,7.3315205574035645
2962,1,8.65999984741211,0.7265613675117493,7.05484676361084
2963,0,-8.65999984741211,0.7706301808357239,7.3952107429504395
2964,0,-8.65999984741211,0.11074481159448624,4.921263694763184
2965,0,-8.65999984741211,0.17782537639141083,5.228160858154297
2966,0,-8.65999984741211,0.13461457192897797,4.532326698303223
2967,0,-8.65999984741211,0.16827915608882904,4.324079990386963
2968,0,-8.65999984741211,0.5083571672439575,5.98098087310791
2969,0,-8.65999984741211,0.5029463171958923,5.343644618988037
2970,0,-8.65999984741211,0.5469674468040466,6.321591854095459
2971,0,-8.65999984741211,0.2991061508655548,4.5449538230896
2972,0,-8.65999984741211,0.5354504585266113,5.961344242095947
2973,0,-8.65999984741211,0.1220313310623169,4.061256408691406
2974,1,10.170000076293945,0.7994593381881714,7.7683515548706055
2975,1,10.170000076293945,0.8082295656204224,7.780609607696533
2976,0,-10.170000076293945,0.8162326216697693,7.461738586425781
2977,0,-10.170000076293945,0.160222128033638,4.85741662979126
2978,0,-10.170000076293945,0.0633447989821434,4.7576446533203125
2979,1,8.100000381469727,0.6643605828285217,7.499986171722412
2980,1,8.100000381469727,0.6643999814987183,7.505671501159668
2981,0,-8.100000381469727,0.5600420236587524,7.3385210037231445
2982,1,8.100000381469727,0.642624020576477,7.364743709564209
2983,0,-8.100000381469727,0.5783704519271851,7.426877975463867
2984,0,-8.100000381469727,0.4963965117931366,6.733950614929199
2985,0,-7.170000076293945,0.060115996748209,8.134026527404785
2986,0,-7.170000076293945,0.34759393334388733,8.055925369262695
2987,0,-7.170000076293945,0.34974831342697144,7.838263511657715
2988,0,-7.170000076293945,0.35978150367736816,7.784203052520752
2989,1,7.170000076293945,0.3888437747955322,7.782894611358643
2990,0,-7.170000076293945,0.28755515813827515,7.999048709869385
2991,0,-7.170000076293945,0.12367493659257889,7.929581642150879
2992,0,-7.170000076293945,0.2411051243543625,7.605551242828369
2993,0,-7.170000076293945,0.32692909240722656,7.66377067565918
2994,0,-7.170000076293945,0.27719393372535706,7.644420623779297
2995,0,-7.170000076293945,0.3717295229434967,7.795474052429199
2996,0,-7.170000076293945,0.18598279356956482,7.611606597900391
2997,0,-7.170000076293945,0.36325523257255554,7.6141486167907715
2998,0,-7.170000076293945,0.24224360287189484,7.775397300720215
2999,0,-7.170000076293945,0.022452281787991524,7.67633581161499
3000,0,-7.170000076293945,0.0561189129948616,8.027042388916016
3001,0,-7.170000076293945,0.26631638407707214,7.648602485656738
3002,0,-7.170000076293945,0.08584821969270706,6.989448547363281
3003,0,-7.170000076293945,0.023371048271656036,7.348470211029053
3004,0,-7.170000076293945,0.012292264960706234,6.586778163909912
3005,1,5.789999961853027,0.6459820866584778,6.689368724822998
3006,0,-5.789999961853027,0.6809741854667664,7.083728313446045
3007,1,5.789999961853027,0.6447213888168335,6.675140380859375
3008,0,-5.789999961853027,0.3595617711544037,6.146315097808838
3009,0,-5.789999961853027,0.05425167828798294,6.550079822540283
3010,0,-5.789999961853027,0.1423853039741516,6.451014995574951
3011,0,-5.789999961853027,0.07354792952537537,6.173610210418701
3012,0,-5.789999961853027,0.06280707567930222,6.512439250946045
3013,0,-5.789999961853027,0.06929411739110947,5.477358818054199
3014,0,-5.789999961853027,0.1984066665172577,6.304574966430664
3015,0,-5.789999961853027,0.046762872487306595,4.99281120300293
3016,0,-5.789999961853027,0.1665957123041153,5.298370838165283
3017,0,-5.789999961853027,0.20454968512058258,6.265575408935547
3018,0,-5.789999961853027,0.07860878854990005,6.061972618103027
3019,0,-5.789999961853027,0.1503274291753769,5.136937141418457
3020,0,-5.789999961853027,0.01719394326210022,5.359594345092773
3021,0,-5.789999961853027,0.014564205892384052,5.613429546356201
3022,0,-5.789999961853027,0.04937455430626869,4.9799017906188965
3023,0,-5.789999961853027,0.17810912430286407,5.2862677574157715
3024,0,-5.789999961853027,0.0199497789144516,4.810697078704834
3025,0,-5.789999961853027,0.0580243319272995,5.835065841674805
3026,1,7.800000190734863,0.6957517266273499,7.666663646697998
3027,1,7.800000190734863,0.7012423872947693,7.699556827545166
3028,1,7.800000190734863,0.6324159502983093,7.601700782775879
3029,0,-7.800000190734863,0.5667628049850464,7.5361328125
3030,0,-7.800000190734863,0.4654782712459564,7.488781452178955
3031,0,-7.800000190734863,0.4796239733695984,7.316158771514893
3032,0,-7.800000190734863,0.5024515390396118,7.254466533660889
3033,0,-7.800000190734863,0.5145347118377686,7.146488666534424
3034,1,9.520000457763672,0.7560881972312927,8.96581745147705
3035,1,9.520000457763672,0.7567293047904968,8.976486206054688
3036,0,-9.520000457763672,0.5928493142127991,8.19417667388916
3037,1,3.0999999046325684,0.6631863713264465,5.966785907745361
3038,1,3.0999999046325684,0.6524091362953186,5.964166164398193
3039,0,-3.0999999046325684,0.6577021479606628,5.865429878234863
3040,0,-3.0999999046325684,0.5721296072006226,5.7999773025512695
3041,0,-3.0999999046325684,0.6506707668304443,5.85336446762085
3042,0,-3.0999999046325684,0.5437557101249695,5.636167049407959
3043,0,-3.0999999046325684,0.6113263368606567,5.783382892608643
3044,0,-3.0999999046325684,0.5842243432998657,5.953965663909912
3045,0,-3.0999999046325684,0.5473982691764832,5.755291938781738
3046,0,-3.0999999046325684,0.6066429615020752,5.640686988830566
3047,0,-3.0999999046325684,0.5408519506454468,5.731996059417725
3048,0,-3.0999999046325684,0.5632889866828918,4.989534378051758
3049,0,-3.0999999046325684,0.6121864318847656,5.173482894897461
3050,0,-3.0999999046325684,0.47210994362831116,5.31280517578125
3051,0,-3.0999999046325684,0.5731817483901978,5.854145526885986
3052,0,-3.0999999046325684,0.6045452356338501,5.3086652755737305
3053,0,-3.0999999046325684,0.363566130399704,4.363969326019287
3054,0,-3.0999999046325684,0.5135760307312012,4.171515464782715
3055,0,-3.0999999046325684,0.5590243339538574,4.415098667144775
3056,0,-3.0999999046325684,0.6053580641746521,5.272261619567871
3057,0,-3.0999999046325684,0.537469208240509,5.661532402038574
3058,1,8.770000457763672,0.7727941274642944,8.60490608215332
3059,1,8.770000457763672,0.7303800582885742,8.78296184539795
3060,1,8.770000457763672,0.7335399985313416,8.809021949768066
3061,0,-8.770000457763672,0.6957979202270508,8.567363739013672
3062,0,-8.770000457763672,0.6348045468330383,8.055299758911133
3063,1,2.890000104904175,0.6254908442497253,4.898990154266357
3064,0,-2.890000104904175,0.4512588083744049,4.035331726074219
3065,0,-2.890000104904175,0.4602750539779663,4.557644844055176
3066,0,-2.890000104904175,0.4739980399608612,3.9167606830596924
3067,0,-2.890000104904175,0.5022535920143127,4.398113250732422
3068,0,-2.890000104904175,0.4626096487045288,4.260611534118652
3069,0,-2.890000104904175,0.4862244725227356,4.138567924499512
3070,0,-2.890000104904175,0.46440690755844116,4.5403523445129395
3071,0,-2.890000104904175,0.4772442579269409,4.286338806152344
3072,1,2.890000104904175,0.5732839703559875,4.910565376281738
3073,0,-2.890000104904175,0.497516006231308,4.38107967376709
3074,0,-2.890000104904175,0.4744073152542114,4.43792200088501
3075,0,-2.890000104904175,0.4893689751625061,4.502348899841309
3076,0,-2.890000104904175,0.5124833583831787,4.405623912811279
3077,0,-2.890000104904175,0.4904712736606598,4.102497100830078
3078,0,-2.890000104904175,0.48776349425315857,4.390076637268066
3079,0,-2.890000104904175,0.47086527943611145,4.49657678604126
3080,0,-2.890000104904175,0.4075106680393219,4.3987016677856445
3081,0,-2.890000104904175,0.5335830450057983,4.21605110168457
3082,0,-2.890000104904175,0.48947298526763916,4.15479850769043
3083,0,-2.890000104904175,0.26455745100975037,3.9928722381591797
3084,1,2.9200000762939453,0.5966326594352722,4.144855499267578
3085,0,-2.9200000762939453,0.4092998206615448,3.7662222385406494
3086,0,-2.9200000762939453,0.5133563876152039,3.8042185306549072
3087,0,-2.9200000762939453,0.40698444843292236,4.042963027954102
3088,1,2.9200000762939453,0.6968725919723511,3.9306840896606445
3089,0,-2.9200000762939453,0.3202061355113983,3.668390989303589
3090,0,-2.9200000762939453,0.6128111481666565,3.995487928390503
3091,0,-2.9200000762939453,0.24780875444412231,3.8117566108703613
3092,0,-2.9200000762939453,0.47940197587013245,3.8518548011779785
3093,0,-2.9200000762939453,0.2624884247779846,3.902515411376953
3094,0,-2.9200000762939453,0.5316799879074097,3.902022123336792
3095,0,-2.9200000762939453,0.4726060926914215,3.765470266342163
3096,0,-2.9200000762939453,0.23444266617298126,3.7473580837249756
3097,0,-2.9200000762939453,0.5204308032989502,3.744586706161499
3098,0,-2.9200000762939453,0.21875403821468353,3.8080525398254395
3099,0,-2.9200000762939453,0.29024723172187805,3.7312846183776855
3100,1,6.5,0.7637991905212402,6.733901023864746
3101,1,6.5,0.7615552544593811,6.731368064880371
3102,0,-6.5,0.2646150290966034,6.2079057693481445
3103,0,-6.5,0.38633662462234497,6.234957695007324
3104,0,-6.5,0.21793895959854126,5.850042819976807
3105,0,-6.5,0.3354910612106323,5.976920127868652
3106,0,-6.5,0.18892990052700043,6.047664165496826
3107,0,-6.5,0.4428226947784424,6.311079978942871
3108,0,-6.5,0.5333778262138367,5.992570877075195
3109,1,5.369999885559082,0.5575913190841675,6.278860092163086
3110,0,-5.369999885559082,0.6336230039596558,6.138895511627197
3111,1,5.369999885559082,0.5655749440193176,6.307620525360107
3112,0,-5.369999885559082,0.5281268358230591,6.253965377807617
3113,0,-5.369999885559082,0.6283488869667053,6.467801570892334
3114,0,-5.369999885559082,0.4823027551174164,6.1618499755859375
3115,0,-5.369999885559082,0.5476052165031433,6.167974472045898
3116,0,-5.369999885559082,0.3712489902973175,5.82688045501709
3117,1,6.480000019073486,0.5576322078704834,6.344366073608398
3118,0,-6.480000019073486,0.5815665125846863,6.54517126083374
3119,0,-6.480000019073486,0.4632781147956848,6.273484230041504
3120,0,-6.480000019073486,0.5487657785415649,6.266873836517334
3121,1,6.480000019073486,0.5593666434288025,6.368168830871582
3122,1,6.480000019073486,0.37708351016044617,5.877139568328857
3123,0,-6.480000019073486,0.5134685635566711,6.54617166519165
3124,0,-6.480000019073486,0.5366145372390747,6.717495441436768
3125,0,-6.480000019073486,0.4405307173728943,6.260117530822754
3126,0,-6.480000019073486,0.3508628308773041,6.706688404083252
3127,1,5.099999904632568,0.8228211998939514,3.567167282104492
3128,1,5.099999904632568,0.8238151669502258,3.5672261714935303
3129,0,-5.099999904632568,0.7300935387611389,3.386198043823242
3130,0,-5.099999904632568,0.7219828367233276,3.386514186859131
3131,1,5.099999904632568,0.5868500471115112,3.603602170944214
3132,1,5.099999904632568,0.6312105655670166,3.3354134559631348
3133,0,-5.099999904632568,0.5260313749313354,3.3437366485595703
3134,0,-5.099999904632568,0.5098102688789368,3.1714606285095215
3135,0,-5.099999904632568,0.39730292558670044,3.2131502628326416
3136,0,-5.099999904632568,0.42895829677581787,3.248955249786377
3137,0,-5.099999904632568,0.32692450284957886,3.1986615657806396
3138,0,-5.099999904632568,0.3744833171367645,3.1983518600463867
3139,0,-5.099999904632568,0.42594170570373535,3.166231870651245
3140,0,-5.099999904632568,0.30553439259529114,3.172257423400879
3141,0,-5.099999904632568,0.33842793107032776,3.2329652309417725
3142,0,-5.099999904632568,0.2860719561576843,3.171769857406616
3143,0,-5.099999904632568,0.31171971559524536,3.1648120880126953
3144,0,-5.099999904632568,0.24474237859249115,3.161001682281494
3145,0,-5.099999904632568,0.16273106634616852,3.1434175968170166
3146,0,-5.099999904632568,0.32298532128334045,3.0328474044799805
3147,1,4.659999847412109,0.7421737909317017,3.565652370452881
3148,0,-4.659999847412109,0.7286591529846191,3.693929433822632
3149,0,-4.659999847412109,0.7409347295761108,3.6372859477996826
3150,0,-4.659999847412109,0.7768977880477905,3.609419345855713
3151,0,-4.659999847412109,0.7211589217185974,3.7494723796844482
3152,0,-4.659999847412109,0.5930923223495483,3.607787609100342
3153,1,4.659999847412109,0.7584712505340576,3.541386365890503
3154,0,-4.659999847412109,0.33381587266921997,3.892725706100464
3155,0,-4.659999847412109,0.3583931624889374,4.061745643615723
3156,0,-4.659999847412109,0.5739014744758606,3.4918429851531982
3157,0,-4.659999847412109,0.5141934752464294,3.9511044025421143
3158,0,-4.659999847412109,0.21880267560482025,3.8616695404052734
3159,0,-4.659999847412109,0.2675033211708069,3.736732006072998
3160,0,-4.659999847412109,0.3341946005821228,3.8012871742248535
3161,0,-4.659999847412109,0.597025990486145,3.2799203395843506
3162,0,-4.659999847412109,0.21084900200366974,3.6446733474731445
3163,0,-4.659999847412109,0.5697109699249268,3.2722628116607666
3164,0,-4.659999847412109,0.5963152647018433,3.5550577640533447
3165,0,-4.659999847412109,0.5297902822494507,3.7400758266448975
3166,1,2.069999933242798,0.8036555647850037,3.568164825439453
3167,1,2.069999933242798,0.7955194115638733,3.5385429859161377
3168,1,2.069999933242798,0.8040958642959595,3.5739645957946777
3169,1,2.069999933242798,0.6646315455436707,3.4047229290008545
3170,0,-2.069999933242798,0.5654141902923584,3.360056161880493
3171,0,-2.069999933242798,0.7078635096549988,3.4843945503234863
3172,0,-2.069999933242798,0.5863484144210815,3.382258892059326
3173,0,-2.069999933242798,0.5698927044868469,3.2533349990844727
3174,0,-2.069999933242798,0.5362626910209656,3.2226357460021973
3175,0,-2.069999933242798,0.573442280292511,3.2387917041778564
3176,0,-2.069999933242798,0.5789969563484192,3.272038221359253
3177,0,-2.069999933242798,0.6232714056968689,3.350827932357788
3178,0,-2.069999933242798,0.453110933303833,3.115603446960449
3179,0,-2.069999933242798,0.4159545600414276,3.152573585510254
3180,0,-2.069999933242798,0.49687865376472473,3.118854522705078
3181,0,-2.069999933242798,0.4956291615962982,3.1701254844665527
3182,0,-2.069999933242798,0.417827844619751,3.1291465759277344
3183,0,-2.069999933242798,0.3171834349632263,3.0574936866760254
3184,0,-2.069999933242798,0.5183977484703064,3.1042635440826416
3185,0,-2.069999933242798,0.31916019320487976,3.059206247329712
3186,1,10.920000076293945,0.7109496593475342,8.020105361938477
3187,1,10.920000076293945,0.6909728050231934,8.026095390319824
3188,0,-10.920000076293945,0.6767435669898987,7.856876373291016
3189,0,-10.920000076293945,0.6553699374198914,8.04480266571045
3190,0,-10.920000076293945,0.2140805870294571,7.404340744018555
3191,0,-10.920000076293945,0.028138911351561546,7.313845634460449
3192,0,-10.920000076293945,0.28568899631500244,7.849836349487305
3193,0,-10.920000076293945,0.44599100947380066,7.703486442565918
3194,0,-10.920000076293945,0.04272732511162758,7.33701229095459
3195,0,-10.920000076293945,0.21270161867141724,7.82063627243042
3196,0,-10.920000076293945,0.10841017961502075,7.859152793884277
3197,0,-10.920000076293945,0.2449577897787094,7.6311187744140625
3198,0,-10.920000076293945,0.008690552785992622,6.731872081756592
3199,0,-10.920000076293945,0.11193414032459259,7.53432559967041
3200,0,-10.920000076293945,0.387844055891037,7.876855373382568
3201,0,-10.920000076293945,0.05175385996699333,7.138330459594727
3202,0,-10.920000076293945,0.07362345606088638,7.421998023986816
3203,0,-10.920000076293945,0.3413795232772827,7.621121406555176
3204,0,-10.920000076293945,0.02890341356396675,6.150392532348633
3205,0,-10.920000076293945,0.31523561477661133,6.93961763381958
3206,1,8.0,0.6298537850379944,7.98591947555542
3207,1,8.0,0.629442572593689,7.969961166381836
3208,1,8.0,0.6280657649040222,7.839046478271484
3209,0,-8.0,0.6380204558372498,7.952238082885742
3210,1,2.819999933242798,0.6064066886901855,5.478916168212891
3211,0,-2.819999933242798,0.600334644317627,5.492186546325684
3212,0,-2.819999933242798,0.5626676082611084,5.641636371612549
3213,0,-2.819999933242798,0.593734860420227,5.596063613891602
3214,1,2.819999933242798,0.5499706864356995,5.6931610107421875
3215,0,-2.819999933242798,0.45737624168395996,5.316898822784424
3216,1,2.819999933242798,0.5842418074607849,5.466108322143555
3217,0,-2.819999933242798,0.556522786617279,5.057714939117432
3218,0,-2.819999933242798,0.6138445138931274,5.279947280883789
3219,0,-2.819999933242798,0.5638377666473389,5.971685409545898
3220,0,-2.819999933242798,0.25916215777397156,5.78618860244751
3221,0,-2.819999933242798,0.2575533390045166,5.801692485809326
3222,0,-2.819999933242798,0.2590619623661041,5.824672698974609
3223,0,-2.819999933242798,0.11232702434062958,5.646224021911621
3224,0,-2.819999933242798,0.21252141892910004,6.419526100158691
3225,0,-2.819999933242798,0.13757404685020447,5.917532444000244
3226,0,-2.819999933242798,0.3187018036842346,5.815121650695801
3227,0,-2.819999933242798,0.229071244597435,5.686918258666992
3228,0,-2.819999933242798,0.19229072332382202,5.924887180328369
3229,0,-2.819999933242798,0.16235677897930145,4.99644660949707
3230,0,-2.819999933242798,0.13530121743679047,5.366300582885742
3231,1,3.0999999046325684,0.5390098094940186,6.016091346740723
3232,0,-3.0999999046325684,0.542357861995697,5.997713565826416
3233,0,-3.0999999046325684,0.5392165184020996,6.006182670593262
3234,0,-3.0999999046325684,0.541191041469574,6.004377841949463
3235,0,-3.0999999046325684,0.5420414209365845,6.004622459411621
3236,0,-3.0999999046325684,0.5442622303962708,6.005845546722412
3237,0,-3.0999999046325684,0.5432735681533813,6.004648208618164
3238,0,-3.0999999046325684,0.543108344078064,6.003742218017578
3239,0,-3.0999999046325684,0.5418069362640381,5.990241050720215
3240,0,-3.0999999046325684,0.5433576107025146,5.998684883117676
3241,0,-3.0999999046325684,0.540751039981842,6.009875297546387
3242,0,-3.0999999046325684,0.5421911478042603,5.998966693878174
3243,0,-3.0999999046325684,0.538049042224884,6.0035624504089355
3244,0,-3.0999999046325684,0.5437882542610168,6.017497539520264
3245,0,-3.0999999046325684,0.5397559404373169,5.995832920074463
3246,0,-3.0999999046325684,0.5406994223594666,6.010558128356934
3247,0,-3.0999999046325684,0.5429392457008362,5.984021186828613
3248,0,-3.0999999046325684,0.542832612991333,6.002598762512207
3249,0,-3.0999999046325684,0.5409421920776367,6.004445552825928
3250,0,-3.0999999046325684,0.5427839756011963,6.005284786224365
3251,0,-3.0999999046325684,0.5399768948554993,6.016223907470703
3252,1,2.890000104904175,0.6812683939933777,4.123888969421387
3253,1,2.890000104904175,0.7446033954620361,4.229709625244141
3254,1,2.890000104904175,0.7441529035568237,4.2272186279296875
3255,1,2.890000104904175,0.676832914352417,4.110752105712891
3256,0,-2.890000104904175,0.5654929280281067,3.7870125770568848
3257,0,-2.890000104904175,0.5649868845939636,3.7907369136810303
3258,0,-2.890000104904175,0.5393685698509216,3.6765823364257812
3259,0,-2.890000104904175,0.5492671132087708,3.647190809249878
3260,1,2.890000104904175,0.6304408311843872,3.9288856983184814
3261,0,-2.890000104904175,0.5093629956245422,3.628943681716919
3262,0,-2.890000104904175,0.6562354564666748,3.9795546531677246
3263,0,-2.890000104904175,0.5786831974983215,3.655104398727417
3264,0,-2.890000104904175,0.6032213568687439,3.7626113891601562
3265,0,-2.890000104904175,0.5840950608253479,3.723390817642212
3266,0,-2.890000104904175,0.5699743032455444,3.663248062133789
3267,0,-2.890000104904175,0.5864933729171753,3.706695318222046
3268,0,-2.890000104904175,0.47763702273368835,3.5148749351501465
3269,0,-2.890000104904175,0.3377818465232849,3.458444356918335
3270,0,-2.890000104904175,0.5141368508338928,3.505776882171631
3271,0,-2.890000104904175,0.4855647087097168,3.6245017051696777
3272,0,-2.890000104904175,0.5477774143218994,3.6128087043762207
3273,1,9.460000038146973,0.600464403629303,8.122709274291992
3274,1,9.460000038146973,0.5991699695587158,8.126508712768555
3275,0,-9.460000038146973,0.605313241481781,8.03840160369873
3276,1,2.2799999713897705,0.5672357082366943,5.100629806518555
3277,0,-2.2799999713897705,0.07121875882148743,4.113137245178223
3278,0,-2.2799999713897705,0.0832827016711235,4.716856002807617
3279,0,-2.2799999713897705,0.09625893086194992,4.1657867431640625
3280,0,-2.2799999713897705,0.055665865540504456,3.7310967445373535
3281,0,-2.2799999713897705,0.06654433906078339,4.0398712158203125
3282,0,-2.2799999713897705,0.06108905375003815,3.7444958686828613
3283,0,-2.2799999713897705,0.0949220210313797,4.315329074859619
3284,0,-2.2799999713897705,0.04751967266201973,3.7467072010040283
3285,0,-2.2799999713897705,0.07527164369821548,4.136763572692871
3286,0,-2.2799999713897705,0.09963692724704742,3.9122931957244873
3287,0,-2.2799999713897705,0.06577282398939133,3.8892316818237305
3288,0,-2.2799999713897705,0.07459216564893723,3.8945281505584717
3289,0,-2.2799999713897705,0.1623009741306305,4.139400005340576
3290,0,-2.2799999713897705,0.1226794570684433,3.9772024154663086
3291,0,-2.2799999713897705,0.04706001281738281,3.7435989379882812
3292,0,-2.2799999713897705,0.05769353732466698,4.017498016357422
3293,0,-2.2799999713897705,0.0745772272348404,3.809138298034668
3294,0,-2.2799999713897705,0.06471499800682068,3.96616530418396
3295,0,-2.2799999713897705,0.06819909811019897,3.865208864212036
3296,0,-2.2799999713897705,0.11396508663892746,4.228883743286133
3297,1,6.510000228881836,0.675680935382843,3.968470811843872
3298,0,-6.510000228881836,0.5380851626396179,4.007953643798828
3299,0,-6.510000228881836,0.17423869669437408,4.074247360229492
3300,1,6.510000228881836,0.524549126625061,3.8151071071624756
3301,0,-6.510000228881836,0.48599109053611755,4.198092460632324
3302,0,-6.510000228881836,0.4073915481567383,4.087196350097656
3303,0,-6.510000228881836,0.16356314718723297,4.087395668029785
3304,0,-6.510000228881836,0.47580063343048096,4.191987991333008
3305,0,-6.510000228881836,0.4730198383331299,4.006446361541748
3306,0,-6.510000228881836,0.5699108839035034,3.967895269393921
3307,0,-6.510000228881836,0.18803678452968597,4.100226402282715
3308,0,-6.510000228881836,0.29381656646728516,3.959001064300537
3309,0,-6.510000228881836,0.2662823796272278,4.125085830688477
3310,0,-6.510000228881836,0.5976051092147827,3.84285831451416
3311,0,-6.510000228881836,0.37833717465400696,3.917128801345825
3312,0,-6.510000228881836,0.4077690541744232,3.8611397743225098
3313,0,-6.510000228881836,0.33291879296302795,3.8639962673187256
3314,0,-6.510000228881836,0.13798873126506805,3.94710111618042
3315,0,-6.510000228881836,0.5281621813774109,4.056567192077637
3316,0,-6.510000228881836,0.10281400382518768,4.068282127380371
3317,0,-6.510000228881836,0.13383108377456665,3.936645269393921
3318,1,5.139999866485596,0.6902710199356079,6.8067498207092285
3319,0,-5.139999866485596,0.5418322682380676,6.764664649963379
3320,0,-5.139999866485596,0.4984018802642822,6.767923831939697
3321,0,-5.139999866485596,0.40198683738708496,6.770481586456299
3322,1,5.139999866485596,0.5868210196495056,6.65930700302124
3323,0,-5.139999866485596,0.5339658856391907,5.999814987182617
3324,1,5.139999866485596,0.5969451069831848,7.004577159881592
3325,0,-5.139999866485596,0.5131146907806396,7.001582145690918
3326,0,-5.139999866485596,0.09112858772277832,6.528378009796143
3327,0,-5.139999866485596,0.06008230894804001,5.851865768432617
3328,0,-5.139999866485596,0.09133182466030121,5.755699157714844
3329,0,-5.139999866485596,0.4903135895729065,6.77575159072876
3330,0,-5.139999866485596,0.5852606296539307,6.871567726135254
3331,0,-5.139999866485596,0.13258089125156403,6.51237154006958
3332,0,-5.139999866485596,0.3978578746318817,5.63724422454834
3333,0,-5.139999866485596,0.49911442399024963,6.81474494934082
3334,0,-5.139999866485596,0.11755425482988358,4.850942134857178
3335,0,-5.139999866485596,0.18749304115772247,5.238977432250977
3336,0,-5.139999866485596,0.14262114465236664,5.151458263397217
3337,0,-5.139999866485596,0.15400362014770508,6.075167655944824
3338,0,-5.139999866485596,0.05097631365060806,5.630749702453613
3339,1,4.860000133514404,0.6894406080245972,6.465363025665283
3340,0,-4.860000133514404,0.2558023929595947,6.110446929931641
3341,1,4.860000133514404,0.6708441972732544,6.547511100769043
3342,0,-4.860000133514404,0.6109477281570435,6.045456886291504
3343,0,-4.860000133514404,0.5725428462028503,5.9015984535217285
3344,1,4.860000133514404,0.620599627494812,6.283878803253174
3345,0,-4.860000133514404,0.12934328615665436,5.633943557739258
3346,0,-4.860000133514404,0.35939571261405945,6.449164390563965
3347,0,-4.860000133514404,0.5041524171829224,6.622763633728027
3348,0,-4.860000133514404,0.17865842580795288,5.788402557373047
3349,0,-4.860000133514404,0.4716624319553375,6.174665927886963
3350,0,-4.860000133514404,0.0443568117916584,5.31621789932251
3351,0,-4.860000133514404,0.1132863387465477,6.300593376159668
3352,0,-4.860000133514404,0.2167937308549881,5.350192070007324
3353,0,-4.860000133514404,0.5851675271987915,6.525894641876221
3354,0,-4.860000133514404,0.6188680529594421,6.288195610046387
3355,0,-4.860000133514404,0.4994141757488251,5.9005961418151855
3356,0,-4.860000133514404,0.2339627593755722,5.797033309936523
3357,0,-4.860000133514404,0.03843902796506882,5.501960277557373
3358,0,-4.860000133514404,0.05338359251618385,5.4478888511657715
3359,0,-4.860000133514404,0.03717634826898575,5.527074813842773
3360,1,7.960000038146973,0.6724700927734375,7.905893325805664
3361,1,7.960000038146973,0.6914029121398926,7.911378383636475
3362,0,-7.960000038146973,0.7309019565582275,7.9327898025512695
3363,0,-7.960000038146973,0.668219804763794,7.908019065856934
3364,0,-7.960000038146973,0.4275550842285156,7.404946327209473
3365,1,6.539999961853027,0.48131653666496277,5.569500923156738
3366,0,-6.539999961853027,0.4625536799430847,5.522066116333008
3367,0,-6.539999961853027,0.45996108651161194,5.219566822052002
3368,0,-6.539999961853027,0.4708397388458252,5.538926124572754
3369,0,-6.539999961853027,0.4561483561992645,5.596324920654297
3370,0,-6.539999961853027,0.4045412540435791,5.175429344177246
3371,0,-6.539999961853027,0.34505996108055115,5.248688220977783
3372,1,6.539999961853027,0.4518361985683441,5.600462436676025
3373,0,-6.539999961853027,0.34295910596847534,5.273036003112793
3374,0,-6.539999961853027,0.4199729561805725,5.243559837341309
3375,0,-6.539999961853027,0.40113648772239685,5.24029541015625
3376,0,-6.539999961853027,0.15671733021736145,5.389891624450684
3377,0,-6.539999961853027,0.2621725797653198,5.231257915496826
3378,0,-6.539999961853027,0.14200052618980408,5.604642868041992
3379,0,-6.539999961853027,0.1260329931974411,5.720910549163818
3380,0,-6.539999961853027,0.2044036090373993,5.446982383728027
3381,0,-6.539999961853027,0.15100891888141632,5.64205265045166
3382,0,-6.539999961853027,0.30952662229537964,5.767391204833984
3383,0,-6.539999961853027,0.19381006062030792,5.447404384613037
3384,0,-6.539999961853027,0.19984805583953857,5.501181602478027
3385,0,-6.539999961853027,0.06275797635316849,5.731472969055176
3386,1,5.71999979019165,0.6681041717529297,6.591533184051514
3387,1,5.71999979019165,0.6744505763053894,6.655849456787109
3388,1,5.71999979019165,0.6185973286628723,6.231836318969727
3389,0,-5.71999979019165,0.5892290472984314,6.336275577545166
3390,0,-5.71999979019165,0.5181500315666199,6.224390506744385
3391,0,-5.71999979019165,0.591008722782135,6.228970050811768
3392,0,-5.71999979019165,0.3786342144012451,5.496857166290283
3393,0,-5.71999979019165,0.2767542004585266,5.406844615936279
3394,0,-5.71999979019165,0.4461783766746521,6.122550964355469
3395,0,-5.71999979019165,0.3807757496833801,5.719859600067139
3396,0,-5.71999979019165,0.3119603395462036,5.350387096405029
3397,0,-5.71999979019165,0.5034611821174622,5.345190525054932
3398,0,-5.71999979019165,0.4159017503261566,6.022609233856201
3399,0,-5.71999979019165,0.09852856397628784,5.4450483322143555
3400,0,-5.71999979019165,0.3236006200313568,6.254473686218262
3401,0,-5.71999979019165,0.4458335340023041,6.214243412017822
3402,0,-5.71999979019165,0.4061167240142822,5.414905548095703
3403,0,-5.71999979019165,0.25956490635871887,5.911883354187012
3404,0,-5.71999979019165,0.27073776721954346,5.677117824554443
3405,0,-5.71999979019165,0.4276534616947174,6.109755039215088
3406,0,-5.71999979019165,0.22076313197612762,5.146746635437012
3407,1,2.9600000381469727,0.5591182112693787,3.705961227416992
3408,0,-2.9600000381469727,0.30223819613456726,3.786571741104126
3409,0,-2.9600000381469727,0.3267110586166382,3.7467024326324463
3410,0,-2.9600000381469727,0.5556552410125732,3.7499539852142334
3411,0,-2.9600000381469727,0.5547361969947815,3.7160117626190186
3412,0,-2.9600000381469727,0.5049249529838562,3.726736068725586
3413,0,-2.9600000381469727,0.5226580500602722,3.7676968574523926
3414,1,2.9600000381469727,0.5515457987785339,3.6998226642608643
3415,0,-2.9600000381469727,0.5699198246002197,3.9678757190704346
3416,0,-2.9600000381469727,0.4169178903102875,3.773422956466675
3417,0,-2.9600000381469727,0.20098057389259338,3.750688076019287
3418,0,-2.9600000381469727,0.574748158454895,4.097360610961914
3419,0,-2.9600000381469727,0.43514564633369446,3.889647960662842
3420,0,-2.9600000381469727,0.47107231616973877,4.08132266998291
3421,0,-2.9600000381469727,0.5297983884811401,3.8796942234039307
3422,0,-2.9600000381469727,0.2647112011909485,3.6161868572235107
3423,0,-2.9600000381469727,0.5213739275932312,3.872318744659424
3424,0,-2.9600000381469727,0.4212886095046997,3.834874391555786
3425,0,-2.9600000381469727,0.26960450410842896,3.588158369064331
3426,0,-2.9600000381469727,0.3838235139846802,3.792710065841675
3427,0,-2.9600000381469727,0.2025446742773056,3.7676877975463867
3428,1,6.940000057220459,0.8585751056671143,7.1625752449035645
3429,1,6.940000057220459,0.8610340356826782,7.095914840698242
3430,0,-6.940000057220459,0.641549289226532,6.397637367248535
3431,0,-6.940000057220459,0.6020677089691162,6.124663352966309
3432,0,-6.940000057220459,0.2673019766807556,5.032364368438721
3433,0,-6.940000057220459,0.14481288194656372,4.668078422546387
3434,0,-6.940000057220459,0.383619099855423,5.081435203552246
3435,0,-6.940000057220459,0.3947579264640808,4.756075382232666
3436,1,7.199999809265137,0.6632900238037109,7.513659477233887
3437,0,-7.199999809265137,0.6512323617935181,7.396967887878418
3438,0,-7.199999809265137,0.6593959927558899,7.177313804626465
3439,0,-7.199999809265137,0.0723690539598465,6.379026412963867
3440,0,-7.199999809265137,0.08653949946165085,6.5742878913879395
3441,0,-7.199999809265137,0.01875777170062065,4.840053081512451
3442,0,-7.199999809265137,0.03527964651584625,6.422133445739746
3443,0,-7.199999809265137,0.11797305196523666,5.257330894470215
3444,0,-7.199999809265137,0.022883569821715355,6.505377769470215
3445,0,-7.199999809265137,0.14812852442264557,5.987815856933594
3446,0,-7.199999809265137,0.1276823878288269,6.804999351501465
3447,0,-7.199999809265137,0.061591554433107376,5.855279445648193
3448,0,-7.199999809265137,0.036995530128479004,6.285615921020508
3449,0,-7.199999809265137,0.05101597681641579,6.351866722106934
3450,0,-7.199999809265137,0.0817452147603035,5.1619367599487305
3451,0,-7.199999809265137,0.039458077400922775,5.545863628387451
3452,1,4.760000228881836,0.6676651835441589,6.788956165313721
3453,1,4.760000228881836,0.691978394985199,6.7805609703063965
3454,0,-4.760000228881836,0.6608870625495911,6.4502854347229
3455,0,-4.760000228881836,0.6452044248580933,6.448352336883545
3456,1,4.760000228881836,0.6999614834785461,6.4554219245910645
3457,0,-4.760000228881836,0.500095784664154,6.809871673583984
3458,1,6.119999885559082,0.6749234199523926,5.348433971405029
3459,1,6.119999885559082,0.611062228679657,5.309879302978516
3460,0,-6.119999885559082,0.3119852542877197,4.694666862487793
3461,0,-6.119999885559082,0.2546864151954651,4.172056198120117
3462,0,-6.119999885559082,0.12090117484331131,4.543491363525391
3463,0,-6.119999885559082,0.2801361680030823,4.6355414390563965
3464,0,-6.119999885559082,0.1676395684480667,4.227448463439941
3465,0,-6.119999885559082,0.2710281014442444,4.302179336547852
3466,0,-6.119999885559082,0.15029488503932953,4.03159236907959
3467,0,-6.119999885559082,0.23437444865703583,4.690115928649902
3468,0,-6.119999885559082,0.1631310135126114,4.304268836975098
3469,0,-6.119999885559082,0.08002859354019165,3.901554822921753
3470,0,-6.119999885559082,0.08960705250501633,4.4040679931640625
3471,0,-6.119999885559082,0.06697948276996613,4.011699199676514
3472,0,-6.119999885559082,0.13900971412658691,3.856191873550415
3473,0,-6.119999885559082,0.2592545747756958,4.680532455444336
3474,0,-6.119999885559082,0.0794224962592125,3.664578437805176
3475,0,-6.119999885559082,0.11563371866941452,3.5756797790527344
3476,0,-6.119999885559082,0.11049918830394745,3.6552512645721436
3477,0,-6.119999885559082,0.07253514230251312,3.7338716983795166
3478,0,-6.119999885559082,0.052879299968481064,3.610947847366333
3479,1,4.110000133514404,0.49082234501838684,3.9694833755493164
3480,1,4.110000133514404,0.479942262172699,3.9771409034729004
3481,1,4.110000133514404,0.5008155703544617,4.185186386108398
3482,0,-4.110000133514404,0.6477892994880676,4.811378479003906
3483,0,-4.110000133514404,0.6735522150993347,4.397070407867432
3484,0,-4.110000133514404,0.486091285943985,4.038738250732422
3485,0,-4.110000133514404,0.3620535731315613,3.798391580581665
3486,0,-4.110000133514404,0.21777772903442383,3.5754384994506836
3487,0,-4.110000133514404,0.20973588526248932,3.609389066696167
3488,0,-4.110000133514404,0.4062238335609436,4.013569355010986
3489,0,-4.110000133514404,0.2717207074165344,3.658998727798462
3490,0,-4.110000133514404,0.19259634613990784,3.552891254425049
3491,0,-4.110000133514404,0.22268056869506836,3.885857343673706
3492,0,-4.110000133514404,0.21808964014053345,4.078681945800781
3493,0,-4.110000133514404,0.14376617968082428,3.6576266288757324
3494,0,-4.110000133514404,0.23268339037895203,3.5806140899658203
3495,0,-4.110000133514404,0.13690142333507538,3.959859848022461
3496,0,-4.110000133514404,0.19523292779922485,3.5144670009613037
3497,0,-4.110000133514404,0.3802255392074585,4.080367088317871
3498,0,-4.110000133514404,0.10162318497896194,3.682656764984131
3499,0,-4.110000133514404,0.2733103036880493,3.666083812713623
3500,1,5.239999771118164,0.5455946922302246,5.2355055809021
3501,1,5.239999771118164,0.545628547668457,5.233735084533691
3502,0,-5.239999771118164,0.37204283475875854,4.9549336433410645
3503,0,-5.239999771118164,0.4277840852737427,4.843630790710449
3504,0,-5.239999771118164,0.446615070104599,5.160305023193359
3505,0,-5.239999771118164,0.1578853577375412,4.839059829711914
3506,0,-5.239999771118164,0.0735265463590622,4.637383937835693
3507,0,-5.239999771118164,0.2376718372106552,4.507611274719238
3508,0,-5.239999771118164,0.3859948515892029,4.685769081115723
3509,0,-5.239999771118164,0.21054942905902863,4.883664608001709
3510,0,-5.239999771118164,0.1387786567211151,4.617868423461914
3511,0,-5.239999771118164,0.41371843218803406,4.904725074768066
3512,0,-5.239999771118164,0.26535677909851074,4.7509355545043945
3513,0,-5.239999771118164,0.06414300948381424,3.9834682941436768
3514,0,-5.239999771118164,0.15424485504627228,4.163060188293457
3515,0,-5.239999771118164,0.11697451025247574,4.683895111083984
3516,0,-5.239999771118164,0.16629227995872498,4.467128276824951
3517,0,-5.239999771118164,0.1036631166934967,3.9373326301574707
3518,0,-5.239999771118164,0.07665399461984634,4.286647319793701
3519,0,-5.239999771118164,0.04940209910273552,3.833568811416626
3520,0,-5.239999771118164,0.1404125690460205,4.118796348571777
3521,1,5.269999980926514,0.7252609729766846,6.977008819580078
3522,0,-5.269999980926514,0.41993463039398193,6.414363384246826
3523,0,-5.269999980926514,0.4493955373764038,4.813530445098877
3524,0,-5.269999980926514,0.470752090215683,5.214686870574951
3525,0,-5.269999980926514,0.21769499778747559,4.691551208496094
3526,0,-5.269999980926514,0.0682612732052803,4.298739433288574
3527,0,-5.269999980926514,0.11004894226789474,4.659982681274414
3528,0,-5.269999980926514,0.0991087555885315,4.059699535369873
3529,0,-5.269999980926514,0.10686074942350388,4.715068340301514
3530,0,-5.269999980926514,0.0722738578915596,4.475857734680176
3531,0,-5.269999980926514,0.11891210079193115,5.181540489196777
3532,0,-5.269999980926514,0.06012647598981857,4.736384391784668
3533,0,-5.269999980926514,0.07577002048492432,4.373386383056641
3534,0,-5.269999980926514,0.09089647233486176,4.193892955780029
3535,0,-5.269999980926514,0.08402405679225922,4.3410820960998535
3536,0,-5.269999980926514,0.08033549040555954,4.523565769195557
3537,0,-5.269999980926514,0.0687650665640831,3.8689370155334473
3538,0,-5.269999980926514,0.10786173492670059,5.025745391845703
3539,0,-5.269999980926514,0.08341488987207413,4.2503862380981445
3540,0,-5.269999980926514,0.08705347776412964,4.326297760009766
3541,0,-5.269999980926514,0.07154997438192368,4.573543071746826
3542,1,5.519999980926514,0.7472872138023376,4.28209114074707
3543,1,5.519999980926514,0.6786134243011475,4.250936508178711
3544,1,5.519999980926514,0.5955456495285034,4.070650100708008
3545,0,-5.519999980926514,0.38894400000572205,3.8397459983825684
3546,0,-5.519999980926514,0.5549321174621582,3.812161922454834
3547,0,-5.519999980926514,0.5352951884269714,3.9505810737609863
3548,0,-5.519999980926514,0.46715205907821655,3.7388739585876465
3549,0,-5.519999980926514,0.4640994668006897,3.7108185291290283
3550,0,-5.519999980926514,0.49545565247535706,3.7577929496765137
3551,0,-5.519999980926514,0.6569129228591919,3.767577648162842
3552,0,-5.519999980926514,0.37437883019447327,3.7437069416046143
3553,0,-5.519999980926514,0.3980771601200104,3.5666606426239014
3554,0,-5.519999980926514,0.3865030109882355,3.5329086780548096
3555,0,-5.519999980926514,0.49033322930336,3.4327638149261475
3556,0,-5.519999980926514,0.35838863253593445,3.6618807315826416
3557,0,-5.519999980926514,0.46236979961395264,3.5555992126464844
3558,0,-5.519999980926514,0.302035391330719,3.604872703552246
3559,0,-5.519999980926514,0.5643630623817444,3.235626459121704
3560,0,-5.519999980926514,0.441182941198349,3.284162759780884
3561,0,-5.519999980926514,0.3630715310573578,3.4548864364624023
3562,0,-5.519999980926514,0.36825788021087646,4.170653343200684
3563,1,4.119999885559082,0.6375839114189148,4.129388332366943
3564,1,4.119999885559082,0.583408772945404,4.114148139953613
3565,0,-4.119999885559082,0.6578290462493896,4.1401448249816895
3566,0,-4.119999885559082,0.5461381673812866,3.9688825607299805
3567,1,4.119999885559082,0.5573387145996094,4.090904712677002
3568,0,-4.119999885559082,0.5396071672439575,4.104789733886719
3569,0,-4.119999885559082,0.4399125874042511,3.853440046310425
3570,0,-4.119999885559082,0.5489451289176941,3.919952392578125
3571,0,-4.119999885559082,0.49752572178840637,4.127221584320068
3572,0,-4.119999885559082,0.29732969403266907,3.5143396854400635
3573,0,-4.119999885559082,0.6676191091537476,3.965402364730835
3574,0,-4.119999885559082,0.2974650263786316,3.7832515239715576
3575,0,-4.119999885559082,0.3100331425666809,3.7501442432403564
3576,0,-4.119999885559082,0.3924283981323242,3.915762186050415
3577,0,-4.119999885559082,0.5864810943603516,3.7985570430755615
3578,0,-4.119999885559082,0.4168136715888977,3.9386141300201416
3579,0,-4.119999885559082,0.5006372332572937,3.54959774017334
3580,0,-4.119999885559082,0.440388023853302,3.7790749073028564
3581,0,-4.119999885559082,0.4379277527332306,3.4145710468292236
3582,0,-4.119999885559082,0.3221721947193146,3.72184157371521
3583,0,-4.119999885559082,0.42469969391822815,3.8455047607421875
3584,1,5.960000038146973,0.7044181823730469,4.088809490203857
3585,1,5.960000038146973,0.5932401418685913,4.021158218383789
3586,1,5.960000038146973,0.4991684556007385,3.796229839324951
3587,1,5.960000038146973,0.5549046993255615,3.873610734939575
3588,0,-5.960000038146973,0.4099791347980499,3.728044033050537
3589,0,-5.960000038146973,0.5230183005332947,3.961174964904785
3590,0,-5.960000038146973,0.42776286602020264,3.54966139793396
3591,0,-5.960000038146973,0.5521318316459656,3.614976406097412
3592,0,-5.960000038146973,0.37269940972328186,3.607743501663208
3593,0,-5.960000038146973,0.31822311878204346,3.525780439376831
3594,0,-5.960000038146973,0.5690081715583801,3.9951910972595215
3595,0,-5.960000038146973,0.34383222460746765,3.801668405532837
3596,0,-5.960000038146973,0.45537760853767395,3.433976411819458
3597,0,-5.960000038146973,0.49348965287208557,3.2766366004943848
3598,0,-5.960000038146973,0.520945131778717,3.3209428787231445
3599,0,-5.960000038146973,0.2616223096847534,3.321295976638794
3600,0,-5.960000038146973,0.5690164566040039,3.128091335296631
3601,0,-5.960000038146973,0.1931442767381668,3.2527904510498047
3602,0,-5.960000038146973,0.19568826258182526,3.5351641178131104
3603,0,-5.960000038146973,0.5151012539863586,3.077009439468384
3604,0,-5.960000038146973,0.2485099583864212,3.347315788269043
3605,1,6.679999828338623,0.5349757075309753,6.744182586669922
3606,1,6.679999828338623,0.5363772511482239,6.734610557556152
3607,0,-6.679999828338623,0.3748025596141815,6.562639236450195
3608,0,-6.679999828338623,0.43415412306785583,6.452763080596924
3609,0,-6.679999828338623,0.34951528906822205,5.9631853103637695
3610,0,-6.679999828338623,0.11408234387636185,5.767122268676758
3611,0,-6.679999828338623,0.2787421941757202,5.904860973358154
3612,0,-6.679999828338623,0.3961942791938782,6.232843399047852
3613,0,-6.679999828338623,0.34053874015808105,6.038431644439697
3614,0,-6.679999828338623,0.17500793933868408,5.707709789276123
3615,0,-6.679999828338623,0.11503706872463226,5.588510990142822
3616,0,-6.679999828338623,0.049868348985910416,5.451488494873047
3617,0,-6.679999828338623,0.16725966334342957,6.00562858581543
3618,0,-6.679999828338623,0.3692667782306671,5.904184341430664
3619,0,-6.679999828338623,0.17040064930915833,5.679623603820801
3620,0,-6.679999828338623,0.09217601269483566,5.586615085601807
3621,0,-6.679999828338623,0.06466150283813477,5.696900844573975
3622,0,-6.679999828338623,0.13665366172790527,5.675905704498291
3623,0,-6.679999828338623,0.06340209394693375,5.525287628173828
3624,0,-6.679999828338623,0.041032712906599045,5.368565082550049
3625,0,-6.679999828338623,0.12489862740039825,5.481619358062744
3626,1,6.860000133514404,0.7457798719406128,4.806848049163818
3627,1,6.860000133514404,0.7417329549789429,4.797370433807373
3628,1,6.860000133514404,0.740430474281311,4.721502780914307
3629,0,-6.860000133514404,0.7430945038795471,4.3386616706848145
3630,0,-6.860000133514404,0.32323160767555237,3.3350934982299805
3631,0,-6.860000133514404,0.37034133076667786,3.3302958011627197
3632,0,-6.860000133514404,0.1702059656381607,3.422412395477295
3633,0,-6.860000133514404,0.6323897242546082,3.8049604892730713
3634,0,-6.860000133514404,0.47048550844192505,3.4938695430755615
3635,0,-6.860000133514404,0.29117560386657715,3.4407455921173096
3636,0,-6.860000133514404,0.4015757441520691,3.356264352798462
3637,0,-6.860000133514404,0.19164283573627472,3.3850600719451904
3638,0,-6.860000133514404,0.5175684094429016,3.681476593017578
3639,0,-6.860000133514404,0.31642377376556396,3.3900043964385986
3640,0,-6.860000133514404,0.35996362566947937,3.350189208984375
3641,0,-6.860000133514404,0.3339031934738159,3.5907223224639893
3642,0,-6.860000133514404,0.47362402081489563,4.469743728637695
3643,0,-6.860000133514404,0.4925253391265869,4.283285140991211
3644,0,-6.860000133514404,0.15515165030956268,3.899712562561035
3645,0,-6.860000133514404,0.41321882605552673,3.277095079421997
3646,1,5.099999904632568,0.7636716365814209,4.771899223327637
3647,1,5.099999904632568,0.7070930600166321,4.718142986297607
3648,0,-5.099999904632568,0.3042387068271637,4.305118560791016
3649,0,-5.099999904632568,0.06268453598022461,3.5212669372558594
3650,0,-5.099999904632568,0.08708509057760239,3.6510555744171143
3651,0,-5.099999904632568,0.3240880072116852,4.499148368835449
3652,0,-5.099999904632568,0.4718315899372101,4.520751953125
3653,0,-5.099999904632568,0.1686825156211853,4.091166019439697
3654,1,5.170000076293945,0.7612532377243042,4.83621883392334
3655,0,-5.170000076293945,0.5380921959877014,4.779970169067383
3656,0,-5.170000076293945,0.5441659092903137,4.80648946762085
3657,0,-5.170000076293945,0.26330193877220154,4.420750617980957
3658,1,5.170000076293945,0.7043700218200684,4.858379364013672
3659,0,-5.170000076293945,0.6763798594474792,4.847758769989014
3660,0,-5.170000076293945,0.464895099401474,4.35236120223999
3661,0,-5.170000076293945,0.7070662379264832,4.655362606048584
3662,0,-5.170000076293945,0.2343370020389557,4.292952060699463
3663,0,-5.170000076293945,0.1519990861415863,4.341110706329346
3664,0,-5.170000076293945,0.6518195271492004,4.330268859863281
3665,0,-5.170000076293945,0.1670261174440384,4.174233436584473
3666,0,-5.170000076293945,0.5957853198051453,4.322291851043701
3667,0,-5.170000076293945,0.1445237100124359,3.959904670715332
3668,0,-5.170000076293945,0.5557869076728821,4.226262092590332
3669,0,-5.170000076293945,0.6460564136505127,4.224099636077881
3670,0,-5.170000076293945,0.16101565957069397,3.8646790981292725
3671,0,-5.170000076293945,0.5566182136535645,4.1449384689331055
3672,0,-5.170000076293945,0.46333393454551697,4.272126197814941
3673,0,-5.170000076293945,0.14112748205661774,4.088357925415039
3674,0,-5.170000076293945,0.09731271117925644,3.907377004623413
3675,1,11.819999694824219,0.701190173625946,10.745969772338867
3676,0,-11.819999694824219,0.4037201404571533,10.08240795135498
3677,1,11.819999694824219,0.36069491505622864,10.089807510375977
3678,0,-11.819999694824219,0.24674244225025177,9.913214683532715
3679,0,-11.819999694824219,0.3287053108215332,10.277064323425293
3680,0,-11.819999694824219,0.1712414026260376,9.844429016113281
3681,0,-11.819999694824219,0.27797725796699524,10.179913520812988
3682,0,-11.819999694824219,0.09309551864862442,9.944780349731445
3683,0,-11.819999694824219,0.014391192235052586,9.709897994995117
3684,0,-11.819999694824219,0.09054844826459885,9.592693328857422
3685,0,-11.819999694824219,0.12738820910453796,7.680056571960449
3686,0,-11.819999694824219,0.2422458678483963,9.816544532775879
3687,0,-11.819999694824219,0.01724167726933956,9.715656280517578
3688,0,-11.819999694824219,0.024929367005825043,9.915687561035156
3689,0,-11.819999694824219,0.014531365595757961,9.355222702026367
3690,0,-11.819999694824219,0.3044160306453705,6.911840915679932
3691,0,-11.819999694824219,0.05361369252204895,8.131656646728516
3692,0,-11.819999694824219,0.02746260166168213,10.135066032409668
3693,0,-11.819999694824219,0.19497159123420715,9.694701194763184
3694,0,-11.819999694824219,0.05718088895082474,9.899836540222168
3695,0,-8.350000381469727,0.5275827646255493,7.800595760345459
3696,0,-8.350000381469727,0.4563778042793274,7.756109237670898
3697,0,-8.350000381469727,0.5262402296066284,7.767775535583496
3698,0,-8.350000381469727,0.49462559819221497,7.6034417152404785
3699,0,-8.350000381469727,0.29207661747932434,7.696748733520508
3700,0,-8.350000381469727,0.23437607288360596,7.626415252685547
3701,0,-8.350000381469727,0.49092021584510803,7.670231819152832
3702,0,-8.350000381469727,0.4049423038959503,7.8017377853393555
3703,0,-8.350000381469727,0.13904020190238953,7.623953819274902
3704,1,8.350000381469727,0.5558133721351624,7.7716264724731445
3705,0,-8.350000381469727,0.3551895022392273,7.644495964050293
3706,0,-8.350000381469727,0.06631647795438766,7.578362464904785
3707,0,-8.350000381469727,0.44515958428382874,7.678304672241211
3708,0,-8.350000381469727,0.29122358560562134,7.718011856079102
3709,0,-8.350000381469727,0.45596733689308167,7.705331802368164
3710,0,-8.350000381469727,0.1456150859594345,7.638835430145264
3711,0,-8.350000381469727,0.35912370681762695,7.701371669769287
3712,1,8.350000381469727,0.5439231395721436,7.751785755157471
3713,0,-8.350000381469727,0.12686872482299805,7.391995906829834
3714,0,-8.350000381469727,0.06479111313819885,7.37375545501709
3715,1,6.630000114440918,0.5952978134155273,5.906248569488525
3716,0,-6.630000114440918,0.6050470471382141,4.864534378051758
3717,0,-6.630000114440918,0.5952997207641602,5.332258224487305
3718,0,-6.630000114440918,0.09074905514717102,3.9550673961639404
3719,0,-6.630000114440918,0.0652482807636261,4.453207492828369
3720,1,6.630000114440918,0.6203311085700989,5.862338542938232
3721,0,-6.630000114440918,0.39384061098098755,3.894268751144409
3722,0,-6.630000114440918,0.5359978675842285,5.149910926818848
3723,0,-6.630000114440918,0.06362167745828629,3.9243381023406982
3724,0,-6.630000114440918,0.16146667301654816,3.9865126609802246
3725,0,-6.630000114440918,0.3562885522842407,4.672492027282715
3726,0,-6.630000114440918,0.044135987758636475,3.6905953884124756
3727,0,-6.630000114440918,0.06780058145523071,3.9837913513183594
3728,0,-6.630000114440918,0.10312377661466599,4.958540439605713
3729,0,-6.630000114440918,0.41513264179229736,4.544122219085693
3730,0,-6.630000114440918,0.35556644201278687,4.457247734069824
3731,0,-6.630000114440918,0.3486005663871765,4.3823628425598145
3732,0,-6.630000114440918,0.35641786456108093,3.5683178901672363
3733,0,-6.630000114440918,0.17480410635471344,3.982172966003418
3734,0,-6.630000114440918,0.05149070918560028,3.7791748046875
3735,1,4.099999904632568,0.7509272694587708,3.9068427085876465
3736,0,-4.099999904632568,0.7916592359542847,3.9172427654266357
3737,1,4.099999904632568,0.7972103357315063,3.9248878955841064
3738,0,-4.099999904632568,0.7228068113327026,3.813279151916504
3739,0,-4.099999904632568,0.5387511849403381,3.704935073852539
3740,0,-4.099999904632568,0.5215398669242859,3.7503421306610107
3741,0,-4.099999904632568,0.3589942157268524,3.6711506843566895
3742,0,-4.099999904632568,0.3876127004623413,3.7153632640838623
3743,0,-4.099999904632568,0.4289277195930481,3.597120523452759
3744,0,-4.099999904632568,0.40166792273521423,3.5907256603240967
3745,0,-4.099999904632568,0.2835531532764435,3.6390655040740967
3746,0,-4.099999904632568,0.561874270439148,3.559765100479126
3747,0,-4.099999904632568,0.46834591031074524,3.4420905113220215
3748,0,-4.099999904632568,0.13509449362754822,3.5278868675231934
3749,0,-4.099999904632568,0.20427213609218597,3.494459390640259
3750,0,-4.099999904632568,0.1345873922109604,3.4856996536254883
3751,0,-4.099999904632568,0.2899257242679596,3.526350259780884
3752,0,-4.099999904632568,0.21492020785808563,3.387525796890259
3753,0,-4.099999904632568,0.29740390181541443,3.5437235832214355
3754,0,-4.099999904632568,0.20038388669490814,3.3738648891448975
3755,0,-7.21999979019165,0.34422898292541504,7.08447790145874
3756,0,-7.21999979019165,0.2373058795928955,7.203524589538574
3757,1,7.21999979019165,0.6021175384521484,7.337379455566406
3758,0,-7.21999979019165,0.21634861826896667,7.066981315612793
3759,0,-7.21999979019165,0.21712100505828857,6.618807792663574
3760,1,7.21999979019165,0.3265516757965088,7.142475128173828
3761,0,-7.21999979019165,0.06078391522169113,6.399884223937988
3762,0,-7.21999979019165,0.21823877096176147,6.983363628387451
3763,0,-7.21999979019165,0.03404517099261284,7.118682861328125
3764,0,-7.21999979019165,0.027404755353927612,6.806560516357422
3765,0,-7.21999979019165,0.08065124601125717,6.95714807510376
3766,0,-7.21999979019165,0.022536061704158783,6.9041948318481445
3767,0,-7.21999979019165,0.04554838314652443,7.103600978851318
3768,0,-7.21999979019165,0.03277969732880592,6.841960430145264
3769,0,-7.21999979019165,0.16682520508766174,6.907465934753418
3770,0,-7.21999979019165,0.03214236721396446,6.8083176612854
3771,0,-7.21999979019165,0.2992692291736603,6.99628210067749
3772,0,-7.21999979019165,0.022338155657052994,7.127575874328613
3773,0,-7.21999979019165,0.1759236603975296,6.3971381187438965
3774,0,-7.21999979019165,0.264199823141098,6.697415828704834
3775,1,8.720000267028809,0.6838642358779907,7.205422401428223
3776,0,-8.720000267028809,0.6336452960968018,7.129604816436768
3777,0,-8.720000267028809,0.5790208578109741,6.763544082641602
3778,1,8.720000267028809,0.5311736464500427,7.044320583343506
3779,0,-8.720000267028809,0.3247007429599762,6.930398464202881
3780,1,8.720000267028809,0.5574649572372437,7.054551601409912
3781,0,-8.720000267028809,0.21888287365436554,7.09925651550293
3782,0,-8.720000267028809,0.34172898530960083,6.940999984741211
3783,0,-8.720000267028809,0.44523292779922485,6.97613000869751
3784,0,-8.720000267028809,0.5099456310272217,7.0295891761779785
3785,0,-8.720000267028809,0.38280078768730164,7.310604095458984
3786,0,-8.720000267028809,0.11331789195537567,6.774072647094727
3787,0,-8.720000267028809,0.04312068969011307,6.905468940734863
3788,0,-8.720000267028809,0.08708847314119339,6.968753337860107
3789,0,-8.720000267028809,0.022289324551820755,6.982621192932129
3790,0,-8.720000267028809,0.10851789265871048,6.939192295074463
3791,0,-8.720000267028809,0.32603853940963745,6.936325550079346
3792,0,-8.720000267028809,0.13306745886802673,6.716151714324951
3793,0,-8.720000267028809,0.035255223512649536,5.990074157714844
3794,0,-8.720000267028809,0.0722573846578598,6.877604007720947
3795,0,-8.720000267028809,0.08064597845077515,6.7306809425354
3796,1,3.759999990463257,0.4658159017562866,4.004141807556152
3797,0,-3.759999990463257,0.24608294665813446,3.816654682159424
3798,0,-3.759999990463257,0.41485530138015747,3.992947816848755
3799,0,-3.759999990463257,0.5113237500190735,3.944969415664673
3800,0,-3.759999990463257,0.3113636374473572,3.7130160331726074
3801,0,-3.759999990463257,0.1380956768989563,3.797403335571289
3802,0,-3.759999990463257,0.09489214420318604,3.6720707416534424
3803,0,-3.759999990463257,0.04894748330116272,3.807917594909668
3804,0,-3.759999990463257,0.39410385489463806,3.995983839035034
3805,0,-3.759999990463257,0.40849220752716064,3.9184470176696777
3806,0,-3.759999990463257,0.5574972629547119,4.257501125335693
3807,0,-3.759999990463257,0.09739205241203308,3.654456377029419
3808,0,-3.759999990463257,0.08680219948291779,3.475494146347046
3809,0,-3.759999990463257,0.12069816142320633,3.697448492050171
3810,0,-3.759999990463257,0.12329687923192978,3.535278797149658
3811,0,-3.759999990463257,0.07087092846632004,3.501115560531616
3812,0,-3.759999990463257,0.04291580989956856,3.5833401679992676
3813,0,-3.759999990463257,0.07645725458860397,3.413924217224121
3814,0,-3.759999990463257,0.05434057489037514,3.362248182296753
3815,0,-3.759999990463257,0.0477769672870636,3.6275289058685303
3816,0,-3.759999990463257,0.1653524488210678,3.6181657314300537
3817,1,8.739999771118164,0.6712111830711365,7.532281875610352
3818,1,8.739999771118164,0.7061142921447754,7.747241973876953
3819,0,-8.739999771118164,0.12195137143135071,7.741579055786133
3820,0,-8.739999771118164,0.09844100475311279,6.928072452545166
3821,1,8.739999771118164,0.5361520051956177,7.347103595733643
3822,0,-8.739999771118164,0.1726982742547989,6.990142345428467
3823,0,-8.739999771118164,0.07507956027984619,6.939671039581299
3824,0,-8.739999771118164,0.2242598831653595,7.159601211547852
3825,0,-8.739999771118164,0.436252236366272,6.577972412109375
3826,1,7.400000095367432,0.7206302285194397,5.5386128425598145
3827,0,-7.400000095367432,0.725590169429779,5.816051959991455
3828,1,7.400000095367432,0.6983262896537781,5.579349040985107
3829,0,-7.400000095367432,0.48384737968444824,5.914451599121094
3830,0,-7.400000095367432,0.6750132441520691,5.612403392791748
3831,0,-7.400000095367432,0.685102105140686,5.674304962158203
3832,0,-7.400000095367432,0.37287625670433044,5.586738586425781
3833,0,-7.400000095367432,0.2906125485897064,5.135712623596191
3834,0,-7.400000095367432,0.12488751113414764,4.741893768310547
3835,0,-7.400000095367432,0.40288445353507996,5.160609722137451
3836,0,-7.400000095367432,0.09903205931186676,4.805881500244141
3837,0,-7.400000095367432,0.49520233273506165,5.445341110229492
3838,0,-7.400000095367432,0.06856105476617813,4.835245132446289
3839,0,-7.400000095367432,0.12328653782606125,4.580826282501221
3840,0,-7.400000095367432,0.2882128655910492,4.718613624572754
3841,0,-7.400000095367432,0.38929569721221924,4.732831954956055
3842,0,-7.400000095367432,0.41591185331344604,4.8506855964660645
3843,0,-7.400000095367432,0.08000468462705612,4.830698490142822
3844,0,-7.400000095367432,0.15815287828445435,4.991428852081299
3845,0,-7.400000095367432,0.43727758526802063,4.780123233795166
3846,0,-7.400000095367432,0.5183230638504028,5.0447587966918945
3847,1,8.399999618530273,0.8404038548469543,6.159636497497559
3848,1,8.399999618530273,0.8438573479652405,6.194948673248291
3849,0,-8.399999618530273,0.657085657119751,5.922881126403809
3850,0,-8.399999618530273,0.3416427671909332,5.854074478149414
3851,0,-8.399999618530273,0.5261778235435486,5.963876724243164
3852,0,-8.399999618530273,0.37254559993743896,5.795915603637695
3853,0,-8.399999618530273,0.4512823224067688,6.018089294433594
3854,1,11.149999618530273,0.6770243644714355,8.840805053710938
3855,1,11.149999618530273,0.6702054738998413,8.699148178100586
3856,1,11.149999618530273,0.6591815948486328,8.680927276611328
3857,0,-11.149999618530273,0.6013327836990356,7.890589237213135
3858,0,-11.149999618530273,0.10469143092632294,7.547896385192871
3859,0,-11.149999618530273,0.1704164296388626,7.4940505027771
3860,0,-11.149999618530273,0.02741587720811367,7.491147041320801
3861,0,-11.149999618530273,0.030450234189629555,7.436773300170898
3862,0,-11.149999618530273,0.4781692624092102,7.809842586517334
3863,0,-11.149999618530273,0.1476711630821228,7.549886703491211
3864,0,-11.149999618530273,0.012049293145537376,6.898567199707031
3865,0,-11.149999618530273,0.04445290192961693,7.273673057556152
3866,0,-11.149999618530273,0.027521466836333275,7.078291893005371
3867,0,-11.149999618530273,0.048099298030138016,7.477750301361084
3868,0,-11.149999618530273,0.029275404289364815,7.051974296569824
3869,0,-11.149999618530273,0.04450741037726402,6.5811991691589355
3870,0,-11.149999618530273,0.015549106523394585,6.4166975021362305
3871,0,-11.149999618530273,0.023459751158952713,6.908285140991211
3872,0,-11.149999618530273,0.04330362379550934,6.929208278656006
3873,0,-11.149999618530273,0.038461651653051376,6.35784912109375
3874,0,-11.149999618530273,0.07381017506122589,6.831021785736084
3875,1,8.960000038146973,0.7339626550674438,8.019815444946289
3876,1,8.960000038146973,0.7327657341957092,8.018392562866211
3877,0,-8.960000038146973,0.6463996767997742,7.743261814117432
3878,0,-8.960000038146973,0.5412105917930603,7.682211399078369
3879,0,-8.960000038146973,0.6704484224319458,7.743838310241699
3880,0,-8.960000038146973,0.46460142731666565,7.591113567352295
3881,0,-8.960000038146973,0.611332356929779,7.636446475982666
3882,0,-8.960000038146973,0.4773753583431244,7.620340824127197
3883,0,-8.960000038146973,0.45675888657569885,7.347693920135498
3884,0,-8.960000038146973,0.32953616976737976,7.330519676208496
3885,0,-8.960000038146973,0.1704099476337433,7.026727676391602
3886,0,-8.960000038146973,0.05437440797686577,7.164373874664307
3887,0,-8.960000038146973,0.07055162638425827,7.25002384185791
3888,0,-8.960000038146973,0.3880458176136017,6.441503524780273
3889,0,-8.960000038146973,0.49732261896133423,7.0983476638793945
3890,0,-8.960000038146973,0.4704791009426117,6.639482498168945
3891,0,-8.960000038146973,0.0819038599729538,6.151906967163086
3892,0,-8.960000038146973,0.15880922973155975,7.117093086242676
3893,0,-8.960000038146973,0.054666608572006226,6.922295570373535
3894,1,9.520000457763672,0.4593623876571655,7.248263359069824
3895,0,-9.520000457763672,0.03802494332194328,7.129732131958008
3896,0,-9.520000457763672,0.3848271667957306,7.218118190765381
3897,0,-9.520000457763672,0.024960055947303772,7.094409942626953
3898,0,-9.520000457763672,0.03568805009126663,6.573923110961914
3899,0,-9.520000457763672,0.15922032296657562,7.047067642211914
3900,0,-9.520000457763672,0.02871592342853546,6.917792320251465
3901,0,-9.520000457763672,0.14427652955055237,7.408245086669922
3902,0,-9.520000457763672,0.09485767036676407,6.920720100402832
3903,0,-9.520000457763672,0.20329222083091736,6.916459560394287
3904,0,-9.520000457763672,0.03572779893875122,6.753824234008789
3905,0,-9.520000457763672,0.12485098838806152,7.09751558303833
3906,0,-9.520000457763672,0.11737574636936188,7.201086044311523
3907,0,-9.520000457763672,0.029894854873418808,6.868620872497559
3908,0,-9.520000457763672,0.254243403673172,6.804814338684082
3909,0,-9.520000457763672,0.152372345328331,6.85154390335083
3910,0,-9.520000457763672,0.3283037543296814,6.693117618560791
3911,0,-9.520000457763672,0.20720992982387543,7.13523006439209
3912,0,-9.520000457763672,0.19586646556854248,7.3959150314331055
3913,0,-9.520000457763672,0.043736912310123444,6.8704447746276855
3914,0,-9.520000457763672,0.041469722986221313,6.678043842315674
3915,1,8.399999618530273,0.5928748250007629,7.371819019317627
3916,1,8.399999618530273,0.5788034796714783,7.561914443969727
3917,0,-8.399999618530273,0.5271899700164795,7.26602840423584
3918,0,-8.399999618530273,0.022975020110607147,5.933012962341309
3919,0,-8.399999618530273,0.02071833610534668,5.975706577301025
3920,1,8.399999618530273,0.47142159938812256,6.926074981689453
3921,0,-8.399999618530273,0.024848267436027527,6.049192428588867
3922,0,-8.399999618530273,0.02130453661084175,5.747541904449463
3923,0,-8.399999618530273,0.03171497955918312,5.880681037902832
3924,0,-8.399999618530273,0.018478047102689743,5.9227094650268555
3925,0,-8.399999618530273,0.020001519471406937,5.603570938110352
3926,0,-8.399999618530273,0.023476624861359596,5.476579666137695
3927,0,-8.399999618530273,0.0668298751115799,5.623823165893555
3928,0,-8.399999618530273,0.01208096370100975,5.826066493988037
3929,0,-8.399999618530273,0.026449285447597504,5.773957252502441
3930,0,-8.399999618530273,0.02424083836376667,5.287888526916504
3931,0,-8.399999618530273,0.04180768132209778,5.4463419914245605
3932,0,-8.399999618530273,0.02180403098464012,5.204658508300781
3933,0,-8.399999618530273,0.029830491170287132,5.3636698722839355
3934,0,-8.399999618530273,0.03532029688358307,5.360958099365234
3935,0,-8.399999618530273,0.013434710912406445,5.161907196044922
3936,1,6.329999923706055,0.7787242531776428,6.923186302185059
3937,0,-6.329999923706055,0.750989556312561,6.935014247894287
3938,0,-6.329999923706055,0.7811453938484192,6.258309364318848
3939,0,-6.329999923706055,0.7582144141197205,6.081437587738037
3940,0,-6.329999923706055,0.14169852435588837,5.115166664123535
3941,0,-6.329999923706055,0.2751755714416504,5.275269031524658
3942,0,-6.329999923706055,0.09447348117828369,4.981218338012695
3943,0,-6.329999923706055,0.4657178521156311,5.72475528717041
3944,0,-6.329999923706055,0.02526092529296875,5.060696601867676
3945,0,-6.329999923706055,0.03439924493432045,6.077481746673584
3946,0,-6.329999923706055,0.6295289397239685,6.080361366271973
3947,0,-6.329999923706055,0.366623193025589,5.660276412963867
3948,0,-6.329999923706055,0.04317215830087662,4.59219217300415
3949,0,-6.329999923706055,0.06415999680757523,5.055344104766846
3950,0,-6.329999923706055,0.5371444225311279,5.519531726837158
3951,0,-6.329999923706055,0.06690473109483719,4.625131130218506
3952,0,-6.329999923706055,0.05125550553202629,5.529083728790283
3953,0,-6.329999923706055,0.04264935478568077,4.7032928466796875
3954,0,-6.329999923706055,0.14791123569011688,4.773473739624023
3955,0,-6.329999923706055,0.4150172770023346,4.600577354431152
3956,0,-6.329999923706055,0.3406546115875244,5.08765172958374
3957,1,7.260000228881836,0.6426056027412415,6.649113655090332
3958,1,7.260000228881836,0.5385169386863708,6.53330135345459
3959,0,-7.260000228881836,0.48355311155319214,6.691651821136475
3960,1,7.260000228881836,0.5749116539955139,6.304471492767334
3961,0,-7.260000228881836,0.428903192281723,6.814183712005615
3962,0,-7.260000228881836,0.13699497282505035,5.791441440582275
3963,0,-7.260000228881836,0.263202041387558,5.963389873504639
3964,0,-7.260000228881836,0.46519362926483154,6.0264129638671875
3965,0,-7.260000228881836,0.2509741187095642,5.778463363647461
3966,0,-7.260000228881836,0.08656135946512222,5.164644718170166
3967,0,-7.260000228881836,0.2812286615371704,5.815656661987305
3968,0,-7.260000228881836,0.4682179391384125,6.403871536254883
3969,0,-7.260000228881836,0.20626667141914368,5.301819801330566
3970,0,-7.260000228881836,0.14349409937858582,5.583144187927246
3971,0,-7.260000228881836,0.33705130219459534,5.915388107299805
3972,0,-8.050000190734863,0.009456547908484936,6.01279354095459
3973,0,-8.050000190734863,0.010653723962605,5.966339111328125
3974,0,-8.050000190734863,0.009550223127007484,5.9408159255981445
3975,0,-8.050000190734863,0.01022904273122549,6.0972185134887695
3976,0,-8.050000190734863,0.010644284076988697,6.091885089874268
3977,0,-8.050000190734863,0.00990082137286663,6.017425060272217
3978,0,-8.050000190734863,0.009268252179026604,6.181378364562988
3979,0,-8.050000190734863,0.010125327855348587,6.008076190948486
3980,0,-8.050000190734863,0.010945563204586506,6.027676582336426
3981,0,-8.050000190734863,0.008985989727079868,5.9392924308776855
3982,0,-8.050000190734863,0.009701144881546497,6.022956848144531
3983,0,-8.050000190734863,0.010246455669403076,6.056702136993408
3984,0,-8.050000190734863,0.010499176569283009,5.988283157348633
3985,0,-8.050000190734863,0.010141669772565365,5.961544036865234
3986,0,-8.050000190734863,0.010004015639424324,5.967733860015869
3987,0,-8.050000190734863,0.009602311067283154,5.975143909454346
3988,0,-8.050000190734863,0.010590184479951859,6.016643524169922
3989,0,-8.050000190734863,0.010145568288862705,6.007112979888916
3990,0,-8.050000190734863,0.009493681602180004,6.100988864898682
3991,0,-8.050000190734863,0.010890134610235691,5.917373180389404
3992,1,4.409999847412109,0.7458256483078003,4.195831298828125
3993,1,4.409999847412109,0.6965148448944092,4.135085105895996
3994,0,-4.409999847412109,0.5934126973152161,4.181715965270996
3995,0,-4.409999847412109,0.5223507285118103,3.930755853652954
3996,0,-4.409999847412109,0.6345816850662231,3.9462552070617676
3997,0,-4.409999847412109,0.5969448685646057,3.974611759185791
3998,0,-4.409999847412109,0.5315783023834229,4.148488521575928
3999,0,-4.409999847412109,0.20007306337356567,3.8436667919158936
4000,0,-4.409999847412109,0.5686458349227905,3.8871467113494873
4001,0,-4.409999847412109,0.5971784591674805,3.905580997467041
4002,0,-4.409999847412109,0.424136757850647,4.018759727478027
4003,0,-4.409999847412109,0.41103336215019226,3.891408920288086
4004,0,-4.409999847412109,0.17283247411251068,3.7641220092773438
4005,0,-4.409999847412109,0.5883534550666809,4.197545051574707
4006,0,-4.409999847412109,0.13625642657279968,3.8094372749328613
4007,0,-4.409999847412109,0.282025545835495,4.107443809509277
4008,0,-4.409999847412109,0.16759248077869415,3.7410271167755127
4009,0,-4.409999847412109,0.16228295862674713,3.7649319171905518
4010,0,-4.409999847412109,0.23609580099582672,4.025272369384766
4011,0,-4.409999847412109,0.2264072597026825,3.9957807064056396
4012,0,-4.409999847412109,0.1471947878599167,3.7288200855255127
4013,1,4.889999866485596,0.49640142917633057,5.7277021408081055
4014,1,4.889999866485596,0.5805532932281494,5.789030075073242
4015,0,-4.889999866485596,0.5211833715438843,5.648092746734619
4016,0,-4.889999866485596,0.5842075943946838,5.6992034912109375
4017,0,-4.889999866485596,0.09431887418031693,4.6317009925842285
4018,0,-4.889999866485596,0.11096081882715225,5.017520427703857
4019,0,-4.889999866485596,0.0625767856836319,4.250571250915527
4020,0,-4.889999866485596,0.045626357197761536,4.1648268699646
4021,0,-4.889999866485596,0.10049222409725189,4.309770584106445
4022,0,-4.889999866485596,0.09144007414579391,4.350296974182129
4023,0,-4.889999866485596,0.09057661890983582,4.179061412811279
4024,0,-4.889999866485596,0.05378006026148796,4.302508354187012
4025,0,-4.889999866485596,0.4048628807067871,5.426890850067139
4026,0,-4.889999866485596,0.08722767978906631,4.429007053375244
4027,0,-4.889999866485596,0.0797855332493782,4.1069865226745605
4028,0,-4.889999866485596,0.09269127249717712,4.022757530212402
4029,0,-4.889999866485596,0.09291554987430573,3.8064417839050293
4030,0,-4.889999866485596,0.08826888352632523,3.8990135192871094
4031,0,-4.889999866485596,0.08615697920322418,3.8766930103302
4032,0,-4.889999866485596,0.08135353773832321,3.8211300373077393
4033,0,-4.889999866485596,0.08703288435935974,3.8507070541381836
4034,1,6.889999866485596,0.5719373822212219,7.440207004547119
4035,0,-6.889999866485596,0.5837613344192505,7.386445999145508
4036,1,6.889999866485596,0.580618679523468,7.4399614334106445
4037,0,-6.889999866485596,0.5450189113616943,7.323907852172852
4038,0,-6.889999866485596,0.6459010243415833,7.293422222137451
4039,0,-6.889999866485596,0.5878076553344727,7.268549919128418
4040,0,-6.889999866485596,0.5829130411148071,7.1491851806640625
4041,0,-6.889999866485596,0.6334263682365417,7.052061557769775
4042,0,-6.889999866485596,0.5436322689056396,6.642919063568115
4043,0,-6.889999866485596,0.5847498774528503,7.204931259155273
4044,0,-6.889999866485596,0.5731562972068787,6.963374137878418
4045,0,-6.889999866485596,0.6599056720733643,7.127089500427246
4046,0,-6.889999866485596,0.6162660717964172,7.1471991539001465
4047,0,-6.889999866485596,0.614174485206604,7.154510498046875
4048,0,-6.889999866485596,0.6069889068603516,6.740140914916992
4049,0,-6.889999866485596,0.568940281867981,6.6623921394348145
4050,0,-6.889999866485596,0.5479907989501953,6.915739059448242
4051,0,-6.889999866485596,0.5574891567230225,6.770523548126221
4052,0,-6.889999866485596,0.5523474216461182,7.1231794357299805
4053,0,-6.889999866485596,0.6629047393798828,6.86130428314209
4054,0,-6.889999866485596,0.5180264711380005,6.095825672149658
4055,1,8.359999656677246,0.6382293105125427,7.171780109405518
4056,0,-8.359999656677246,0.5812463760375977,7.212690353393555
4057,1,8.359999656677246,0.6301278471946716,7.110625743865967
4058,0,-8.359999656677246,0.09653909504413605,4.212339878082275
4059,0,-8.359999656677246,0.1589859575033188,4.348223686218262
4060,0,-8.359999656677246,0.6402923464775085,7.04755163192749
4061,0,-8.359999656677246,0.2200475037097931,4.0962066650390625
4062,0,-8.359999656677246,0.337846040725708,5.0414958000183105
4063,0,-8.359999656677246,0.5802626609802246,7.6530632972717285
4064,0,-8.359999656677246,0.09053486585617065,4.198347568511963
4065,1,8.359999656677246,0.5920963883399963,6.431516170501709
4066,0,-8.359999656677246,0.5360060334205627,7.19073486328125
4067,0,-8.359999656677246,0.15656258165836334,3.927199363708496
4068,0,-8.359999656677246,0.08914673328399658,3.961639404296875
4069,0,-8.359999656677246,0.05548709258437157,4.398473262786865
4070,0,-8.359999656677246,0.1476268172264099,4.299674987792969
4071,0,-8.359999656677246,0.25078442692756653,4.192099571228027
4072,0,-8.359999656677246,0.26719731092453003,5.281064987182617
4073,0,-8.359999656677246,0.181435689330101,3.7648282051086426
4074,0,-8.359999656677246,0.14263424277305603,3.9362967014312744
4075,1,4.050000190734863,0.6715043187141418,5.100917816162109
4076,0,-4.050000190734863,0.6861249208450317,5.142177581787109
4077,0,-4.050000190734863,0.08536684513092041,4.773364067077637
4078,0,-4.050000190734863,0.5534153580665588,4.968382835388184
4079,0,-4.050000190734863,0.22174836695194244,4.819368362426758
4080,0,-4.050000190734863,0.1327892243862152,4.630086898803711
4081,0,-4.050000190734863,0.14827536046504974,4.431838035583496
4082,0,-4.050000190734863,0.501763641834259,4.698723793029785
4083,0,-4.050000190734863,0.3962230980396271,4.948062419891357
4084,0,-4.050000190734863,0.08701404184103012,4.618758678436279
4085,0,-4.050000190734863,0.4634549915790558,5.029264450073242
4086,0,-4.050000190734863,0.17042167484760284,4.82445764541626
4087,0,-4.050000190734863,0.16646508872509003,4.6193437576293945
4088,0,-4.050000190734863,0.06959038227796555,4.412879943847656
4089,0,-4.050000190734863,0.12359815090894699,4.733323574066162
4090,1,6.059999942779541,0.4895861744880676,6.280520439147949
4091,0,-6.059999942779541,0.2984160780906677,5.9236907958984375
4092,0,-6.059999942779541,0.5207580327987671,6.315448760986328
4093,0,-6.059999942779541,0.5303001999855042,6.509399890899658
4094,0,-6.059999942779541,0.23949337005615234,5.915999889373779
4095,0,-6.059999942779541,0.5168688297271729,6.065332412719727
4096,0,-6.059999942779541,0.24809333682060242,5.851215362548828
4097,0,-6.059999942779541,0.10446424782276154,5.1981024742126465
4098,0,-6.059999942779541,0.31313031911849976,6.167812347412109
4099,0,-6.059999942779541,0.23760131001472473,6.020586967468262
4100,0,-6.059999942779541,0.45713868737220764,6.0301384925842285
4101,0,-6.059999942779541,0.19929547607898712,5.838626861572266
4102,0,-6.059999942779541,0.1967102736234665,5.628917217254639
4103,0,-6.059999942779541,0.31568843126296997,6.281444549560547
4104,0,-6.059999942779541,0.4254447817802429,6.1079607009887695
4105,0,-6.059999942779541,0.07147791981697083,5.342545509338379
4106,0,-6.059999942779541,0.306985080242157,6.0485358238220215
4107,0,-6.059999942779541,0.10215776413679123,5.348146915435791
4108,0,-6.059999942779541,0.04520250856876373,5.396844863891602
4109,0,-6.059999942779541,0.3719865679740906,5.965590476989746
4110,0,-6.059999942779541,0.19112712144851685,5.734864234924316
4111,1,5.599999904632568,0.6673430800437927,6.125306606292725
4112,0,-5.599999904632568,0.5567578077316284,6.0957183837890625
4113,0,-5.599999904632568,0.40602242946624756,5.667969226837158
4114,0,-5.599999904632568,0.4129039943218231,5.823842525482178
4115,0,-5.599999904632568,0.2449440062046051,5.472558975219727
4116,0,-5.599999904632568,0.3585396707057953,5.804337978363037
4117,0,-5.599999904632568,0.6003356575965881,5.646097183227539
4118,0,-5.599999904632568,0.04952634871006012,5.467191696166992
4119,0,-5.599999904632568,0.338259756565094,5.7470173835754395
4120,0,-5.599999904632568,0.1420826017856598,5.79796838760376
4121,0,-5.599999904632568,0.19040977954864502,5.324404239654541
4122,0,-5.599999904632568,0.08853749930858612,5.226652145385742
4123,0,-5.599999904632568,0.06883236765861511,5.6318206787109375
4124,0,-5.599999904632568,0.0660136416554451,5.524528980255127
4125,0,-5.599999904632568,0.05513664707541466,5.301425457000732
4126,0,-5.599999904632568,0.16810517013072968,5.4312944412231445
4127,0,-5.599999904632568,0.2657146751880646,5.267852783203125
4128,0,-5.599999904632568,0.05817071348428726,5.32600212097168
4129,0,-5.599999904632568,0.09508518874645233,5.307126045227051
4130,0,-5.599999904632568,0.2028559446334839,5.093867778778076
4131,0,-5.599999904632568,0.11708473414182663,5.213008880615234
4132,1,5.440000057220459,0.8763303160667419,5.9169745445251465
4133,1,5.440000057220459,0.876469075679779,5.923786163330078
4134,0,-5.440000057220459,0.5476667881011963,5.4803571701049805
4135,1,5.440000057220459,0.4899851977825165,5.584266185760498
4136,0,-5.440000057220459,0.38208943605422974,5.649315357208252
4137,1,9.550000190734863,0.6238526105880737,8.096046447753906
4138,0,-9.550000190734863,0.16678455471992493,8.080428123474121
4139,0,-9.550000190734863,0.35679593682289124,8.072386741638184
4140,0,-9.550000190734863,0.34589365124702454,7.960580825805664
4141,0,-9.550000190734863,0.08186358213424683,8.010333061218262
4142,0,-9.550000190734863,0.11946138739585876,8.036798477172852
4143,0,-9.550000190734863,0.2241116464138031,8.01415729522705
4144,0,-9.550000190734863,0.09500603377819061,8.029196739196777
4145,0,-9.550000190734863,0.2138741910457611,7.909607410430908
4146,0,-9.550000190734863,0.11893569678068161,8.020557403564453
4147,0,-9.550000190734863,0.12550009787082672,7.99368143081665
4148,0,-9.550000190734863,0.06328994035720825,7.950047492980957
4149,0,-9.550000190734863,0.22849243879318237,8.039258003234863
4150,0,-9.550000190734863,0.06321538239717484,7.885014533996582
4151,0,-9.550000190734863,0.05720788612961769,7.896749973297119
4152,0,-9.550000190734863,0.0493263341486454,8.046771049499512
4153,0,-9.550000190734863,0.009307775646448135,7.85183572769165
4154,0,-9.550000190734863,0.03803129121661186,7.786749839782715
4155,1,8.720000267028809,0.7234481573104858,7.799478054046631
4156,1,8.720000267028809,0.7238465547561646,7.788105010986328
4157,1,8.720000267028809,0.7949815988540649,7.7003326416015625
4158,0,-8.720000267028809,0.619087278842926,6.933044910430908
4159,0,-8.720000267028809,0.5498263835906982,6.373678684234619
4160,0,-8.720000267028809,0.36431238055229187,6.82535982131958
4161,0,-8.720000267028809,0.22183065116405487,5.226338863372803
4162,0,-8.720000267028809,0.3869610130786896,6.035008430480957
4163,0,-8.720000267028809,0.12123318016529083,4.828068256378174
4164,0,-8.720000267028809,0.2235058695077896,6.063174247741699
4165,0,-8.720000267028809,0.3790096938610077,6.002370357513428
4166,0,-8.720000267028809,0.1734236627817154,5.895810604095459
4167,0,-8.720000267028809,0.18245302140712738,4.948696136474609
4168,0,-8.720000267028809,0.048564303666353226,4.2330427169799805
4169,0,-8.720000267028809,0.17914903163909912,5.624138355255127
4170,1,9.720000267028809,0.8140435218811035,7.362941265106201
4171,1,9.720000267028809,0.7752776741981506,7.267741680145264
4172,0,-9.720000267028809,0.560122013092041,7.049948692321777
4173,0,-9.720000267028809,0.5150349140167236,6.486932277679443
4174,0,-9.720000267028809,0.017921874299645424,5.264859199523926
4175,0,-9.720000267028809,0.06374230235815048,5.359424591064453
4176,0,-9.720000267028809,0.3972013592720032,6.255042552947998
4177,0,-9.720000267028809,0.3192157745361328,6.32431697845459
4178,1,5.150000095367432,0.7625102400779724,5.466379165649414
4179,1,5.150000095367432,0.7613067030906677,5.465146064758301
4180,0,-5.150000095367432,0.5938392281532288,4.680180549621582
4181,0,-5.150000095367432,0.48144781589508057,4.2873921394348145
4182,0,-5.150000095367432,0.4481281340122223,3.791813611984253
4183,0,-5.150000095367432,0.4324606657028198,3.7680277824401855
4184,0,-5.150000095367432,0.324073851108551,3.8664658069610596
4185,0,-5.150000095367432,0.3910522162914276,3.694118022918701
4186,0,-5.150000095367432,0.27220749855041504,3.7676424980163574
4187,0,-5.150000095367432,0.4313865005970001,3.8884449005126953
4188,0,-5.150000095367432,0.3950853645801544,3.8179543018341064
4189,0,-5.150000095367432,0.20843854546546936,3.985612630844116
4190,0,-5.150000095367432,0.46651914715766907,3.9363996982574463
4191,0,-5.150000095367432,0.3308458626270294,3.546144962310791
4192,0,-5.150000095367432,0.3974115252494812,3.5482823848724365
4193,0,-5.150000095367432,0.5468133687973022,4.2597761154174805
4194,0,-5.150000095367432,0.2997525632381439,3.593562126159668
4195,0,-5.150000095367432,0.31084364652633667,3.5341084003448486
4196,0,-5.150000095367432,0.4790513217449188,3.698638916015625
4197,0,-5.150000095367432,0.20221056044101715,3.737447500228882
4198,0,-7.159999847412109,0.4730032682418823,6.263965606689453
4199,0,-7.159999847412109,0.4823150932788849,6.328744411468506
4200,0,-7.159999847412109,0.5332624316215515,6.307026386260986
4201,1,6.019999980926514,0.8596433401107788,6.88460111618042
4202,1,6.019999980926514,0.8602137565612793,7.022348880767822
4203,1,6.019999980926514,0.8599448204040527,7.019272804260254
4204,1,6.019999980926514,0.8572153449058533,6.892848491668701
4205,1,6.019999980926514,0.7367371320724487,7.0234055519104
4206,1,6.019999980926514,0.5740035772323608,6.446868419647217
4207,0,-6.019999980926514,0.8028545379638672,6.781935691833496
4208,0,-4.190000057220459,0.6644048094749451,6.444933891296387
4209,0,-4.190000057220459,0.6161080598831177,6.557659149169922
4210,0,-4.190000057220459,0.6004406213760376,6.550172328948975
4211,0,-4.190000057220459,0.4782160818576813,6.3408589363098145
4212,1,6.320000171661377,0.6248610019683838,7.270964622497559
4213,1,6.320000171661377,0.6254915595054626,7.2843337059021
4214,1,6.320000171661377,0.6116746068000793,7.433993816375732
4215,0,-6.320000171661377,0.5396696925163269,6.839842796325684
4216,0,-6.320000171661377,0.5221033692359924,7.185459136962891
4217,0,-6.320000171661377,0.4509890079498291,6.721038341522217
4218,0,-6.320000171661377,0.5788316130638123,6.609582424163818
4219,0,-6.320000171661377,0.3242999017238617,6.494902610778809
4220,0,-6.320000171661377,0.5923084020614624,6.881518840789795
4221,1,5.099999904632568,0.5410050749778748,4.274989128112793
4222,0,-5.099999904632568,0.20135527849197388,5.340060234069824
4223,0,-5.099999904632568,0.20237483084201813,4.7954559326171875
4224,0,-5.099999904632568,0.18231426179409027,5.258395195007324
4225,0,-5.099999904632568,0.12964576482772827,5.256881237030029
4226,0,-5.099999904632568,0.2251143753528595,4.1010637283325195
4227,0,-5.099999904632568,0.14995211362838745,4.622602462768555
4228,0,-5.099999904632568,0.17082354426383972,4.843475341796875
4229,0,-5.099999904632568,0.21493621170520782,4.877416610717773
4230,0,-5.099999904632568,0.227768212556839,4.178467750549316
4231,0,-5.099999904632568,0.18917059898376465,3.9039158821105957
4232,0,-5.099999904632568,0.1703236699104309,4.972115516662598
4233,0,-5.099999904632568,0.5375432372093201,4.208354473114014
4234,0,-5.099999904632568,0.18198245763778687,4.451499938964844
4235,0,-5.099999904632568,0.15783825516700745,4.280666351318359
4236,0,-5.099999904632568,0.20125961303710938,4.762821197509766
4237,0,-5.099999904632568,0.16864843666553497,3.9949939250946045
4238,0,-5.099999904632568,0.2028719037771225,3.8883745670318604
4239,0,-5.099999904632568,0.22804494202136993,3.9573986530303955
4240,0,-5.099999904632568,0.17393866181373596,4.1165361404418945
4241,0,-5.099999904632568,0.25130704045295715,3.9552953243255615
4242,1,7.960000038146973,0.7440177202224731,5.6897077560424805
4243,1,7.960000038146973,0.7152097225189209,5.612151145935059
4244,1,7.960000038146973,0.7264982461929321,5.7140092849731445
4245,1,7.960000038146973,0.7340170741081238,5.583277225494385
4246,0,-7.960000038146973,0.5758484601974487,5.5494384765625
4247,0,-7.960000038146973,0.3713379502296448,4.7766828536987305
4248,0,-7.960000038146973,0.7945650815963745,5.079536437988281
4249,0,-7.960000038146973,0.13032764196395874,5.492422580718994
4250,0,-7.960000038146973,0.1857815384864807,4.912046432495117
4251,0,-7.960000038146973,0.3207490146160126,4.78662109375
4252,0,-7.960000038146973,0.6553966999053955,5.075368881225586
4253,0,-7.960000038146973,0.5511676669120789,5.325587749481201
4254,0,-7.960000038146973,0.051205169409513474,5.056502819061279
4255,0,-7.960000038146973,0.07168947905302048,5.167174816131592
4256,0,-7.960000038146973,0.26808083057403564,4.4836883544921875
4257,1,4.849999904632568,0.7244234681129456,5.597597599029541
4258,1,4.849999904632568,0.6657980680465698,5.593532085418701
4259,0,-4.849999904632568,0.644463837146759,5.336450576782227
4260,0,-4.849999904632568,0.613627552986145,5.096742630004883
4261,0,-4.849999904632568,0.21611903607845306,5.006138801574707
4262,0,-4.849999904632568,0.4595058560371399,4.935192108154297
4263,0,-4.849999904632568,0.16247189044952393,4.5202107429504395
4264,0,-4.849999904632568,0.30896368622779846,4.625328063964844
4265,0,-4.849999904632568,0.1950826793909073,4.430545330047607
4266,0,-4.849999904632568,0.1504942774772644,4.568137168884277
4267,0,-4.849999904632568,0.3233243525028229,4.811338424682617
4268,0,-4.849999904632568,0.14538919925689697,4.399979591369629
4269,0,-4.849999904632568,0.6446616649627686,5.563852787017822
4270,0,-4.849999904632568,0.15740570425987244,4.425393104553223
4271,0,-4.849999904632568,0.20792806148529053,4.85746955871582
4272,0,-4.849999904632568,0.44665929675102234,4.870424270629883
4273,0,-4.849999904632568,0.4862155020236969,4.589855194091797
4274,0,-4.849999904632568,0.16328632831573486,4.319248676300049
4275,0,-4.849999904632568,0.1332717388868332,4.488216400146484
4276,0,-4.849999904632568,0.08449729532003403,4.875791072845459
4277,0,-4.849999904632568,0.1392742395401001,4.348823547363281
4278,1,6.110000133514404,0.5196106433868408,7.5229692459106445
4279,1,6.110000133514404,0.563973069190979,7.584774494171143
4280,1,6.110000133514404,0.5705126523971558,7.572645664215088
4281,0,-6.110000133514404,0.059989701956510544,8.20755672454834
4282,0,-6.110000133514404,0.059047989547252655,8.211634635925293
4283,0,-6.110000133514404,0.02349187806248665,7.891960620880127
4284,0,-6.110000133514404,0.588115394115448,7.525935173034668
4285,0,-6.110000133514404,0.586526095867157,7.585849285125732
4286,0,-6.110000133514404,0.02354520931839943,7.86945915222168
4287,1,6.110000133514404,0.4812929332256317,7.002864360809326
4288,0,-6.110000133514404,0.33773407340049744,6.900196075439453
4289,0,-6.110000133514404,0.012359042651951313,7.5513105392456055
4290,0,-6.110000133514404,0.365898996591568,7.5550127029418945
4291,0,-6.110000133514404,0.013736075721681118,7.507471084594727
4292,0,-6.110000133514404,0.01406164187937975,7.448554992675781
4293,0,-6.110000133514404,0.011615716852247715,7.298572540283203
4294,0,-6.110000133514404,0.4780541956424713,7.564542770385742
4295,0,-6.110000133514404,0.03878401964902878,8.198957443237305
4296,1,5.570000171661377,0.49319228529930115,4.9808831214904785
4297,1,5.570000171661377,0.4874548316001892,4.896512031555176
4298,0,-5.570000171661377,0.3094851076602936,4.817007541656494
4299,0,-5.570000171661377,0.39997419714927673,4.599564075469971
4300,0,-5.570000171661377,0.035981472581624985,4.329994201660156
4301,0,-5.570000171661377,0.26381728053092957,4.086259841918945
4302,0,-5.570000171661377,0.04744347184896469,4.386868000030518
4303,0,-5.570000171661377,0.02083437144756317,4.275938987731934
4304,0,-5.570000171661377,0.27236130833625793,4.497337341308594
4305,0,-5.570000171661377,0.04324282705783844,4.110454559326172
4306,0,-5.570000171661377,0.03756307438015938,4.442692279815674
4307,0,-5.570000171661377,0.11135787516832352,4.453764915466309
4308,0,-5.570000171661377,0.10456551611423492,4.423062324523926
4309,0,-5.570000171661377,0.054693933576345444,4.104784965515137
4310,0,-5.570000171661377,0.017640531063079834,4.3393964767456055
4311,0,-5.570000171661377,0.03084603324532509,4.365063667297363
4312,0,-5.570000171661377,0.037126291543245316,4.168255805969238
4313,0,-5.570000171661377,0.030521685257554054,4.131261348724365
4314,0,-5.570000171661377,0.011895906180143356,4.049989223480225
4315,0,-5.570000171661377,0.15740461647510529,3.976757049560547
4316,0,-5.570000171661377,0.03141828626394272,4.146588325500488
4317,1,6.019999980926514,0.5549367070198059,5.444812297821045
4318,1,6.019999980926514,0.56135094165802,5.422707557678223
4319,0,-6.019999980926514,0.03257418051362038,4.44905424118042
4320,0,-6.019999980926514,0.029727302491664886,4.4321818351745605
4321,0,-6.019999980926514,0.025294866412878036,4.180495738983154
4322,0,-6.019999980926514,0.5400170683860779,4.796893119812012
4323,0,-6.019999980926514,0.24865637719631195,4.2778472900390625
4324,0,-6.019999980926514,0.20290863513946533,4.46242618560791
4325,0,-6.019999980926514,0.034479014575481415,4.62727689743042
4326,0,-6.019999980926514,0.24545106291770935,4.8262529373168945
4327,0,-6.019999980926514,0.01440507359802723,4.019687175750732
4328,0,-6.019999980926514,0.03941842541098595,4.536639213562012
4329,0,-6.019999980926514,0.012370911426842213,4.439887046813965
4330,0,-6.019999980926514,0.04485715925693512,4.41898250579834
4331,0,-6.019999980926514,0.07956297695636749,4.338453769683838
4332,0,-6.019999980926514,0.010865175165235996,4.066789150238037
4333,0,-7.800000190734863,0.09583079069852829,4.995120525360107
4334,0,-7.800000190734863,0.09566909819841385,5.326038837432861
4335,0,-7.800000190734863,0.15189944207668304,5.044934272766113
4336,0,-7.800000190734863,0.3627789616584778,5.20257043838501
4337,0,-7.800000190734863,0.02664247713983059,5.326904773712158
4338,0,-7.800000190734863,0.02129887044429779,5.4727630615234375
4339,0,-7.800000190734863,0.0163995660841465,5.383040428161621
4340,0,-7.800000190734863,0.2002633810043335,5.205970287322998
4341,0,-7.800000190734863,0.015354380942881107,4.918164253234863
4342,0,-7.800000190734863,0.0320582389831543,4.906351089477539
4343,0,-7.800000190734863,0.42881688475608826,5.3710856437683105
4344,0,-7.800000190734863,0.08156250417232513,5.069314002990723
4345,0,-7.800000190734863,0.5454782843589783,5.305530071258545
4346,0,-7.800000190734863,0.013098188675940037,4.939579963684082
4347,0,-7.800000190734863,0.060176555067300797,5.229205131530762
4348,0,-7.800000190734863,0.008775372989475727,4.773650169372559
4349,0,-7.800000190734863,0.09966099262237549,5.03770637512207
4350,0,-7.800000190734863,0.01924959197640419,4.883520126342773
4351,0,-7.800000190734863,0.5515585541725159,5.319249629974365
4352,0,-7.800000190734863,0.06508518755435944,5.2320709228515625
4353,1,2.4000000953674316,0.49535900354385376,3.9486966133117676
4354,0,-2.4000000953674316,0.3752105236053467,3.895859718322754
4355,0,-2.4000000953674316,0.2720039188861847,4.067411422729492
4356,0,-2.4000000953674316,0.11670158058404922,3.8169281482696533
4357,0,-2.4000000953674316,0.5329922437667847,4.1030683517456055
4358,0,-2.4000000953674316,0.2990931272506714,4.203726291656494
4359,0,-2.4000000953674316,0.4278336465358734,4.020605087280273
4360,0,-2.4000000953674316,0.4892227351665497,4.11257791519165
4361,0,-2.4000000953674316,0.23984499275684357,3.887148857116699
4362,0,-2.4000000953674316,0.23651432991027832,4.085123062133789
4363,0,-2.4000000953674316,0.38453924655914307,3.9277212619781494
4364,0,-2.4000000953674316,0.07725720852613449,3.8161046504974365
4365,0,-2.4000000953674316,0.07802414149045944,3.857858896255493
4366,0,-2.4000000953674316,0.05861726775765419,3.8791730403900146
4367,0,-2.4000000953674316,0.1676424890756607,3.9415805339813232
4368,0,-2.4000000953674316,0.10390773415565491,3.9566612243652344
4369,0,-2.4000000953674316,0.48830705881118774,4.025056838989258
4370,0,-2.4000000953674316,0.10151823610067368,3.8386919498443604
4371,0,-2.4000000953674316,0.5118283033370972,3.9965550899505615
4372,0,-2.4000000953674316,0.14791947603225708,3.6620075702667236
4373,0,-2.4000000953674316,0.33441442251205444,3.9120397567749023
4374,1,3.5799999237060547,0.524995744228363,5.156777381896973
4375,0,-3.5799999237060547,0.5146117210388184,5.167970657348633
4376,0,-3.5799999237060547,0.5565105676651001,5.172879695892334
4377,0,-3.5799999237060547,0.3885228931903839,4.936012268066406
4378,0,-3.5799999237060547,0.2331954836845398,4.817291736602783
4379,0,-3.5799999237060547,0.2891041040420532,4.729802131652832
4380,0,-3.5799999237060547,0.14185795187950134,4.211131572723389
4381,0,-3.5799999237060547,0.27323001623153687,4.564815521240234
4382,0,-3.5799999237060547,0.231452077627182,4.431745529174805
4383,0,-3.5799999237060547,0.15194132924079895,4.020181655883789
4384,0,-3.5799999237060547,0.06503380089998245,3.9450414180755615
4385,0,-3.5799999237060547,0.09428954869508743,4.116704940795898
4386,0,-3.5799999237060547,0.06807399541139603,3.9104223251342773
4387,0,-3.5799999237060547,0.09481263160705566,3.987309694290161
4388,0,-3.5799999237060547,0.15139780938625336,3.987380266189575
4389,0,-3.5799999237060547,0.12825050950050354,3.9307358264923096
4390,0,-3.5799999237060547,0.09162397682666779,3.8832879066467285
4391,0,-3.5799999237060547,0.11277785152196884,3.9083516597747803
4392,1,6.820000171661377,0.5814629793167114,5.499686241149902
4393,0,-6.820000171661377,0.5381730794906616,5.2877092361450195
4394,0,-6.820000171661377,0.06244711950421333,4.233598232269287
4395,0,-6.820000171661377,0.14369496703147888,4.391653060913086
4396,0,-6.820000171661377,0.09525600075721741,4.1843976974487305
4397,0,-6.820000171661377,0.11492675542831421,4.285700798034668
4398,0,-6.820000171661377,0.07953661680221558,4.185880661010742
4399,0,-6.820000171661377,0.09735479205846786,3.93868088722229
4400,0,-6.820000171661377,0.11443287879228592,4.384095191955566
4401,0,-6.820000171661377,0.19866296648979187,4.649103164672852
4402,0,-6.820000171661377,0.07368660718202591,4.409700393676758
4403,0,-6.820000171661377,0.08647368848323822,4.029475212097168
4404,0,-6.820000171661377,0.05791042372584343,4.01457405090332
4405,0,-6.820000171661377,0.05946808680891991,4.089476585388184
4406,0,-6.820000171661377,0.06767980754375458,4.1668853759765625
4407,0,-6.820000171661377,0.06290405243635178,4.04443359375
4408,0,-6.820000171661377,0.12589190900325775,4.218872547149658
4409,0,-6.820000171661377,0.06596510857343674,4.0257158279418945
4410,0,-6.820000171661377,0.10671503096818924,4.3978166580200195
4411,0,-6.820000171661377,0.07142306864261627,4.236944198608398
4412,0,-6.820000171661377,0.1486324816942215,4.399024963378906
4413,1,7.090000152587891,0.7775123119354248,6.8998517990112305
4414,0,-7.090000152587891,0.4878489077091217,6.583510875701904
4415,0,-7.090000152587891,0.06342268735170364,6.3481879234313965
4416,0,-7.090000152587891,0.10334315150976181,6.344526767730713
4417,0,-7.090000152587891,0.2993622124195099,5.683109760284424
4418,0,-7.090000152587891,0.14632007479667664,5.896389007568359
4419,0,-7.090000152587891,0.048348043113946915,5.78900671005249
4420,0,-7.090000152587891,0.03173300251364708,5.993441581726074
4421,0,-7.090000152587891,0.3121734857559204,6.227143287658691
4422,0,-7.090000152587891,0.22648245096206665,6.547338008880615
4423,0,-7.090000152587891,0.03817090392112732,6.37748908996582
4424,0,-7.090000152587891,0.07963691651821136,6.160879611968994
4425,0,-7.090000152587891,0.02653813362121582,5.776919364929199
4426,0,-7.090000152587891,0.029152289032936096,6.190735340118408
4427,0,-7.090000152587891,0.31650564074516296,6.28732967376709
4428,0,-7.090000152587891,0.031246252357959747,5.496870040893555
4429,0,-7.090000152587891,0.5249384045600891,6.589616298675537
4430,0,-7.090000152587891,0.017664123326539993,5.624501705169678
4431,0,-7.090000152587891,0.043103113770484924,5.970901966094971
4432,0,-7.090000152587891,0.029769744724035263,5.891802787780762
4433,0,-7.090000152587891,0.08620156347751617,6.031187057495117
4434,1,8.479999542236328,0.6353422403335571,7.968448162078857
4435,1,8.479999542236328,0.588520348072052,7.9509687423706055
4436,0,-8.479999542236328,0.382408082485199,7.63667106628418
4437,0,-8.479999542236328,0.36334851384162903,7.617114067077637
4438,0,-8.479999542236328,0.5012128353118896,7.9147868156433105
4439,0,-8.479999542236328,0.017437664791941643,6.855962753295898
4440,0,-8.479999542236328,0.03461488336324692,7.056504249572754
4441,0,-8.479999542236328,0.4769991934299469,7.811534881591797
4442,0,-8.479999542236328,0.15414351224899292,7.727590084075928
4443,0,-8.479999542236328,0.12097951769828796,7.680327415466309
4444,0,-8.479999542236328,0.02714884653687477,7.216667175292969
4445,0,-8.479999542236328,0.1267404705286026,7.136658191680908
4446,0,-8.479999542236328,0.08883394300937653,7.130860805511475
4447,0,-8.479999542236328,0.0823429524898529,7.256614685058594
4448,1,8.300000190734863,0.5402976870536804,7.267935752868652
4449,0,-8.300000190734863,0.20989848673343658,7.350244998931885
4450,0,-8.300000190734863,0.3189374506473541,7.299413681030273
4451,0,-8.300000190734863,0.21059243381023407,7.070976257324219
4452,0,-8.300000190734863,0.17196379601955414,7.256028175354004
4453,0,-8.300000190734863,0.03300996124744415,6.70548152923584
4454,0,-8.300000190734863,0.1424267739057541,7.197066783905029
4455,0,-8.300000190734863,0.08100376278162003,7.468785762786865
4456,0,-8.300000190734863,0.03584689274430275,6.534793853759766
4457,0,-8.300000190734863,0.09866313636302948,7.362834930419922
4458,0,-8.300000190734863,0.14651019871234894,7.1701788902282715
4459,0,-8.300000190734863,0.21951358020305634,7.370613098144531
4460,0,-8.300000190734863,0.032842617481946945,6.86353063583374
4461,0,-8.300000190734863,0.1939430981874466,7.106453895568848
4462,0,-8.300000190734863,0.1448763608932495,7.162595272064209
4463,0,-8.300000190734863,0.08766736835241318,7.1908793449401855
4464,0,-8.300000190734863,0.24939259886741638,7.2880682945251465
4465,0,-8.300000190734863,0.03014051727950573,6.667809009552002
4466,0,-8.300000190734863,0.13474269211292267,7.343848705291748
4467,0,-8.300000190734863,0.03464276343584061,6.981550216674805
4468,0,-8.300000190734863,0.036027614027261734,6.768678665161133
4469,1,10.300000190734863,0.6207597851753235,7.940730571746826
4470,1,10.300000190734863,0.6135134100914001,7.932478427886963
4471,0,-10.300000190734863,0.4871470630168915,7.796055793762207
4472,0,-10.300000190734863,0.5429642796516418,7.906881809234619
4473,1,4.760000228881836,0.7250426411628723,5.396700859069824
4474,0,-4.760000228881836,0.4115739166736603,5.960949420928955
4475,0,-4.760000228881836,0.40463533997535706,5.986486911773682
4476,0,-4.760000228881836,0.4126574993133545,5.992822647094727
4477,0,-4.760000228881836,0.33207106590270996,5.5845208168029785
4478,0,-4.760000228881836,0.3701629042625427,5.835050106048584
4479,0,-4.760000228881836,0.38386496901512146,4.972579002380371
4480,1,4.760000228881836,0.6898803114891052,5.550390243530273
4481,0,-4.760000228881836,0.3337991237640381,4.236428737640381
4482,0,-4.760000228881836,0.3393678069114685,5.148401260375977
4483,0,-4.760000228881836,0.13872763514518738,4.688826560974121
4484,0,-4.760000228881836,0.14283651113510132,4.090183258056641
4485,0,-4.760000228881836,0.10247999429702759,4.294527530670166
4486,0,-4.760000228881836,0.10337508469820023,4.1733551025390625
4487,0,-4.760000228881836,0.21825337409973145,4.249587059020996
4488,0,-4.760000228881836,0.08490940928459167,4.063930511474609
4489,0,-4.760000228881836,0.05398388206958771,3.9476470947265625
4490,0,-4.760000228881836,0.3147521913051605,4.272176742553711
4491,0,-4.760000228881836,0.07377465814352036,4.379917144775391
4492,0,-4.760000228881836,0.18613360822200775,3.820800542831421
4493,1,5.960000038146973,0.8345745801925659,6.273202896118164
4494,1,5.960000038146973,0.8316184282302856,6.270791530609131
4495,0,-5.960000038146973,0.6401940584182739,6.001120567321777
4496,0,-5.960000038146973,0.8329212069511414,6.51791524887085
4497,0,-5.960000038146973,0.25692465901374817,4.682304382324219
4498,0,-5.960000038146973,0.37097808718681335,5.282666206359863
4499,0,-5.960000038146973,0.45506250858306885,5.4820122718811035
4500,0,-5.960000038146973,0.5895272493362427,5.457255840301514
4501,0,-5.960000038146973,0.499026358127594,5.368915557861328
4502,0,-5.960000038146973,0.06907618790864944,4.608570098876953
4503,0,-5.960000038146973,0.041072696447372437,4.437699794769287
4504,0,-5.960000038146973,0.016995759680867195,4.4355645179748535
4505,0,-5.960000038146973,0.7399380207061768,6.030904293060303
4506,0,-5.960000038146973,0.03796078637242317,4.140974521636963
4507,0,-5.960000038146973,0.545261800289154,5.674322128295898
4508,0,-5.960000038146973,0.045465804636478424,4.410220623016357
4509,0,-5.960000038146973,0.0668884739279747,4.518076419830322
4510,0,-5.960000038146973,0.026307541877031326,4.689134120941162
4511,0,-5.960000038146973,0.711091935634613,6.25315523147583
4512,0,-5.960000038146973,0.7373639345169067,6.161270618438721
4513,0,-5.960000038146973,0.03329887241125107,4.203248023986816
4514,0,-7.320000171661377,0.02163250371813774,7.442929744720459
4515,1,7.320000171661377,0.17179790139198303,7.642398834228516
4516,0,-7.320000171661377,0.013381056487560272,7.350502967834473
4517,0,-7.320000171661377,0.28122782707214355,7.583744049072266
4518,0,-7.320000171661377,0.021295463666319847,7.434843063354492
4519,0,-7.320000171661377,0.14134518802165985,7.474715232849121
4520,0,-7.320000171661377,0.03671475127339363,7.368646621704102
4521,0,-7.320000171661377,0.020898209884762764,7.371175289154053
4522,0,-7.320000171661377,0.45092564821243286,7.520096778869629
4523,0,-7.320000171661377,0.05634482949972153,7.221273422241211
4524,0,-7.320000171661377,0.0669470801949501,7.40941047668457
4525,0,-7.320000171661377,0.02206556312739849,7.350729465484619
4526,0,-7.320000171661377,0.11976282298564911,7.317085266113281
4527,0,-7.320000171661377,0.05115906521677971,7.286931991577148
4528,0,-7.320000171661377,0.020091578364372253,7.362276077270508
4529,0,-7.320000171661377,0.04419678449630737,7.325164794921875
4530,0,-7.320000171661377,0.011910328641533852,7.273541450500488
4531,0,-7.320000171661377,0.025541042909026146,7.430584907531738
4532,0,-7.320000171661377,0.04322633147239685,7.189972877502441
4533,0,-7.320000171661377,0.032894566655159,7.410869598388672
4534,1,6.300000190734863,0.8328847289085388,5.128894805908203
4535,0,-6.300000190734863,0.830751895904541,5.71548318862915
4536,0,-6.300000190734863,0.7734995484352112,5.727535724639893
4537,0,-6.300000190734863,0.766120433807373,5.470707893371582
4538,0,-6.300000190734863,0.7620218992233276,5.564579963684082
4539,0,-6.300000190734863,0.788841962814331,5.182565212249756
4540,1,6.300000190734863,0.8146604299545288,4.7970805168151855
4541,0,-6.300000190734863,0.7629791498184204,4.818603515625
4542,0,-6.300000190734863,0.6357953548431396,4.268044471740723
4543,1,6.300000190734863,0.7750452756881714,5.176709175109863
4544,0,-6.300000190734863,0.8380244970321655,4.977165222167969
4545,0,-6.300000190734863,0.597011148929596,4.2619242668151855
4546,0,-6.300000190734863,0.42471227049827576,3.964472532272339
4547,0,-6.300000190734863,0.6219857931137085,4.1598896980285645
4548,0,-6.300000190734863,0.6829709410667419,4.349802017211914
4549,0,-6.300000190734863,0.6009769439697266,5.144710063934326
4550,0,-6.300000190734863,0.6125004291534424,4.65440559387207
4551,0,-6.300000190734863,0.7281705737113953,4.6642560958862305
4552,0,-6.300000190734863,0.46284812688827515,3.918379545211792
4553,0,-6.300000190734863,0.1956496238708496,3.582961320877075
4554,0,-6.300000190734863,0.6215174198150635,3.96781325340271
4555,0,-4.690000057220459,0.5480222702026367,5.290570259094238
4556,0,-4.690000057220459,0.5956115126609802,5.0122575759887695
4557,0,-4.690000057220459,0.5148430466651917,4.810366153717041
4558,0,-4.690000057220459,0.6144379377365112,4.9806318283081055
4559,0,-4.690000057220459,0.17524826526641846,5.189642429351807
4560,0,-4.690000057220459,0.04086192697286606,4.904365062713623
4561,0,-4.690000057220459,0.18486863374710083,5.205203533172607
4562,0,-4.690000057220459,0.02105623111128807,4.345251560211182
4563,0,-4.690000057220459,0.20519889891147614,5.049901008605957
4564,0,-4.690000057220459,0.45153918862342834,4.99126672744751
4565,0,-4.690000057220459,0.03882284462451935,4.388827323913574
4566,0,-4.690000057220459,0.03300005570054054,5.144753932952881
4567,0,-4.690000057220459,0.040325433015823364,5.059028148651123
4568,0,-4.690000057220459,0.15854032337665558,4.82537841796875
4569,0,-4.690000057220459,0.0383443646132946,5.098574638366699
4570,0,-4.690000057220459,0.16415466368198395,4.39659309387207
4571,0,-4.690000057220459,0.2475023865699768,4.845620632171631
4572,0,-4.690000057220459,0.08076701313257217,5.253873348236084
4573,0,-4.690000057220459,0.16290433704853058,5.159701347351074
4574,0,-4.690000057220459,0.40241101384162903,5.2039947509765625
4575,0,-4.690000057220459,0.035081297159194946,5.021665573120117
4576,0,-5.010000228881836,0.5369550585746765,5.160561561584473
4577,0,-5.010000228881836,0.4883315861225128,4.828852653503418
4578,0,-5.010000228881836,0.5311517715454102,5.034144878387451
4579,0,-5.010000228881836,0.04714510217308998,4.990926265716553
4580,0,-5.010000228881836,0.10067669302225113,5.241296291351318
4581,0,-5.010000228881836,0.4557760953903198,5.1418843269348145
4582,0,-5.010000228881836,0.13593550026416779,4.903547286987305
4583,0,-5.010000228881836,0.08148808032274246,5.164648056030273
4584,0,-5.010000228881836,0.17294719815254211,5.147465229034424
4585,0,-5.010000228881836,0.1174602285027504,5.096100330352783
4586,0,-5.010000228881836,0.018392687663435936,4.4920454025268555
4587,0,-5.010000228881836,0.026629719883203506,5.184455871582031
4588,0,-5.010000228881836,0.051391538232564926,4.551715850830078
4589,0,-5.010000228881836,0.03188047185540199,5.161981582641602
4590,0,-5.010000228881836,0.030789721757173538,5.103237152099609
4591,0,-5.010000228881836,0.08029872924089432,5.014077186584473
4592,0,-5.010000228881836,0.04563123732805252,5.131649017333984
4593,0,-5.010000228881836,0.05937632545828819,4.845717906951904
4594,0,-5.010000228881836,0.040709950029850006,4.769242763519287
4595,0,-5.010000228881836,0.03502025082707405,4.800652027130127
4596,0,-5.010000228881836,0.07877405732870102,5.164525032043457
4597,1,3.9700000286102295,0.5060322284698486,4.532782554626465
4598,1,3.9700000286102295,0.44918814301490784,4.558839321136475
4599,0,-3.9700000286102295,0.4339550733566284,4.647627353668213
4600,0,-3.9700000286102295,0.42061495780944824,4.4917893409729
4601,0,-3.9700000286102295,0.04558471962809563,4.264407157897949
4602,0,-3.9700000286102295,0.09334966540336609,4.50857400894165
4603,0,-3.9700000286102295,0.048997990787029266,4.383346080780029
4604,0,-3.9700000286102295,0.07275386899709702,4.377737998962402
4605,0,-3.9700000286102295,0.051618270576000214,4.50593900680542
4606,0,-3.9700000286102295,0.03902556374669075,4.364691257476807
4607,0,-3.9700000286102295,0.04341897368431091,4.400058746337891
4608,0,-3.9700000286102295,0.5251203179359436,4.517589092254639
4609,0,-3.9700000286102295,0.051587022840976715,4.240747451782227
4610,0,-3.9700000286102295,0.059543609619140625,4.483246326446533
4611,0,-3.9700000286102295,0.055428504943847656,4.296845436096191
4612,0,-3.9700000286102295,0.06802590936422348,4.564990043640137
4613,0,-3.9700000286102295,0.16399097442626953,4.4219207763671875
4614,0,-3.9700000286102295,0.06049228459596634,4.337359428405762
4615,0,-3.9700000286102295,0.05527428537607193,4.316835403442383
4616,0,-3.9700000286102295,0.06680585443973541,4.2431840896606445
4617,0,-3.9700000286102295,0.09251444786787033,4.580415725708008
