index,label,affinity_true,p_good,affinity_pred
0,1,3.2799999713897705,0.6174461245536804,5.204598426818848
1,0,-3.2799999713897705,0.652711808681488,5.6993794441223145
2,0,-3.2799999713897705,0.3696232736110687,4.165995121002197
3,0,-3.2799999713897705,0.40984809398651123,6.177292823791504
4,0,-3.2799999713897705,0.36373746395111084,5.56494140625
5,0,-3.2799999713897705,0.3767690658569336,5.93583345413208
6,0,-3.2799999713897705,0.4063517153263092,5.575292110443115
7,0,-3.2799999713897705,0.3851114511489868,5.603951454162598
8,0,-3.2799999713897705,0.41811972856521606,5.163496017456055
9,0,-3.2799999713897705,0.47973114252090454,5.886185646057129
10,0,-3.2799999713897705,0.4726444482803345,4.731768608093262
11,0,-3.2799999713897705,0.3607569634914398,5.344171524047852
12,0,-3.2799999713897705,0.4636147916316986,6.574863910675049
13,0,-3.2799999713897705,0.4072299003601074,5.309253692626953
14,0,-3.2799999713897705,0.5252766013145447,5.502544403076172
15,1,3.2799999713897705,0.33261555433273315,4.231304168701172
16,0,-3.2799999713897705,0.35833293199539185,4.77756404876709
17,0,-3.2799999713897705,0.3777470290660858,6.178471088409424
18,0,-3.2799999713897705,0.4492538571357727,6.223167419433594
19,0,-3.2799999713897705,0.5783933401107788,6.213196754455566
20,0,-3.2799999713897705,0.4322662651538849,6.241547584533691
21,1,3.5199999809265137,0.679165244102478,4.873279571533203
22,1,3.5199999809265137,0.6718676090240479,4.889559268951416
23,1,3.5199999809265137,0.6757042407989502,4.988852500915527
24,0,-3.5199999809265137,0.6654613018035889,4.988306522369385
25,0,-3.5199999809265137,0.6010507345199585,4.59272575378418
26,0,-3.5199999809265137,0.5515849590301514,4.471540927886963
27,1,7.050000190734863,0.7070103287696838,6.892973899841309
28,1,7.050000190734863,0.6978159546852112,6.816488265991211
29,0,-7.050000190734863,0.6488864421844482,7.348504543304443
30,0,-7.050000190734863,0.5753859877586365,6.16762638092041
31,0,-7.050000190734863,0.37601083517074585,5.462087154388428
32,0,-7.050000190734863,0.4254780411720276,5.709674835205078
33,0,-7.050000190734863,0.4133175015449524,6.850012302398682
34,0,-7.050000190734863,0.5014427304267883,5.311698913574219
35,0,-7.050000190734863,0.3634480834007263,6.400960445404053
36,0,-7.050000190734863,0.7068242430686951,6.530836582183838
37,0,-7.050000190734863,0.4158775806427002,5.722822666168213
38,0,-7.050000190734863,0.3055150508880615,6.215372562408447
39,0,-7.050000190734863,0.4601404368877411,5.697788715362549
40,0,-7.050000190734863,0.3328619599342346,5.606712818145752
41,0,-7.050000190734863,0.39017459750175476,5.12190580368042
42,0,-7.050000190734863,0.4094470143318176,6.218972682952881
43,0,-7.050000190734863,0.41605570912361145,5.8518242835998535
44,0,-7.050000190734863,0.3504997789859772,5.629260063171387
45,0,-7.050000190734863,0.4360485076904297,5.550992012023926
46,0,-7.050000190734863,0.36865246295928955,5.4971418380737305
47,0,-7.050000190734863,0.45343267917633057,5.5885844230651855
48,1,6.5,0.8019418716430664,6.975790977478027
49,1,6.5,0.8000600934028625,6.973602294921875
50,0,-6.5,0.7681146860122681,7.073818206787109
51,0,-6.5,0.8077219724655151,7.255774021148682
52,0,-6.5,0.6187040209770203,6.621445178985596
53,0,-6.5,0.4562436640262604,6.157655715942383
54,0,-6.5,0.5499260425567627,6.9514946937561035
55,0,-6.5,0.4864785671234131,6.33595085144043
56,0,-6.5,0.41034895181655884,6.4335737228393555
57,0,-6.5,0.3494827449321747,6.817691326141357
58,0,-6.5,0.60866379737854,7.091640949249268
59,0,-6.5,0.27566754817962646,6.783095836639404
60,0,-6.5,0.3977302014827728,6.687332630157471
61,0,-6.5,0.3140610456466675,6.375539779663086
62,0,-6.5,0.28728947043418884,5.8299970626831055
63,0,-6.5,0.32104313373565674,6.3209381103515625
64,0,-6.5,0.3038361370563507,6.327617168426514
65,0,-6.5,0.43667346239089966,6.725838661193848
66,0,-6.5,0.27654629945755005,6.165311813354492
67,0,-6.5,0.24686354398727417,6.002513408660889
68,0,-6.5,0.22966037690639496,6.378726005554199
69,1,8.020000457763672,0.7772018909454346,8.23304271697998
70,0,-8.020000457763672,0.43586990237236023,6.946178436279297
71,0,-8.020000457763672,0.5791341662406921,7.320094108581543
72,0,-8.020000457763672,0.3569245934486389,6.706935882568359
73,0,-8.020000457763672,0.30509817600250244,6.821926593780518
74,0,-8.020000457763672,0.2634919285774231,6.683415412902832
75,0,-8.020000457763672,0.4334419369697571,6.3328118324279785
76,0,-8.020000457763672,0.38796085119247437,6.912441253662109
77,0,-8.020000457763672,0.49275678396224976,6.537095546722412
78,0,-8.020000457763672,0.27416834235191345,6.967139720916748
79,0,-8.020000457763672,0.264100581407547,7.115697860717773
80,0,-8.020000457763672,0.45693281292915344,7.358119487762451
81,0,-8.020000457763672,0.4148128032684326,7.58470344543457
82,0,-8.020000457763672,0.4175523817539215,6.980940818786621
83,0,-8.020000457763672,0.4070107042789459,6.622158050537109
84,0,-8.020000457763672,0.3554973900318146,6.103760242462158
85,0,-8.020000457763672,0.5326207876205444,6.369837284088135
86,0,-8.020000457763672,0.5134137868881226,7.30186128616333
87,0,-8.020000457763672,0.21932215988636017,7.290542125701904
88,0,-8.020000457763672,0.3107351064682007,7.07148551940918
89,0,-8.020000457763672,0.20903824269771576,7.0055012702941895
90,1,2.9800000190734863,0.5154609680175781,5.457667350769043
91,0,-2.9800000190734863,0.5345516800880432,5.550470352172852
92,1,2.9800000190734863,0.5123894214630127,5.45517110824585
93,0,-2.9800000190734863,0.289700448513031,5.700230598449707
94,0,-2.9800000190734863,0.2787278890609741,6.126297950744629
95,0,-2.9800000190734863,0.25913146138191223,5.982349395751953
96,0,-2.9800000190734863,0.3680199086666107,5.084339618682861
97,0,-2.9800000190734863,0.5488924980163574,5.21491003036499
98,0,-2.9800000190734863,0.49837860465049744,5.356272220611572
99,0,-2.9800000190734863,0.34750446677207947,5.307506084442139
100,0,-2.9800000190734863,0.3513904809951782,6.340478420257568
101,0,-2.9800000190734863,0.3777315318584442,5.98107385635376
102,0,-2.9800000190734863,0.2970368564128876,6.119114398956299
103,0,-2.9800000190734863,0.32893267273902893,5.285059928894043
104,0,-2.9800000190734863,0.3378749489784241,6.177956581115723
105,0,-2.9800000190734863,0.38302648067474365,5.810640335083008
106,0,-2.9800000190734863,0.3573450446128845,5.398664951324463
107,0,-2.9800000190734863,0.31815093755722046,6.473978042602539
108,0,-2.9800000190734863,0.3882378339767456,5.971482276916504
109,0,-2.9800000190734863,0.3081173896789551,5.645201683044434
110,0,-2.9800000190734863,0.33781710267066956,5.674549579620361
111,1,8.640000343322754,0.5113085508346558,7.375850677490234
112,0,-8.640000343322754,0.4784087538719177,7.1615376472473145
113,1,8.640000343322754,0.4929182529449463,7.3248443603515625
114,0,-8.640000343322754,0.46035298705101013,6.697763442993164
115,0,-8.640000343322754,0.4635298550128937,6.939694881439209
116,0,-8.640000343322754,0.48227977752685547,6.502500057220459
117,0,-8.640000343322754,0.46408942341804504,6.8661322593688965
118,0,-8.640000343322754,0.49063917994499207,6.896318435668945
119,0,-8.640000343322754,0.4162628650665283,7.087462425231934
120,0,-8.640000343322754,0.46503034234046936,6.993052959442139
121,0,-8.640000343322754,0.4956660866737366,7.273359775543213
122,0,-8.640000343322754,0.41779711842536926,7.306653022766113
123,0,-8.640000343322754,0.499692440032959,6.742429733276367
124,0,-8.640000343322754,0.41484543681144714,6.6503472328186035
125,0,-8.640000343322754,0.28992176055908203,8.213882446289062
126,0,-8.640000343322754,0.3616235852241516,7.378553867340088
127,0,-8.640000343322754,0.3729623258113861,8.108804702758789
128,0,-8.640000343322754,0.2657361924648285,7.044875144958496
129,0,-8.640000343322754,0.2862221300601959,6.6582932472229
130,0,-8.640000343322754,0.23081724345684052,7.516018867492676
131,0,-8.640000343322754,0.268828809261322,6.9122467041015625
132,1,6.420000076293945,0.8340938687324524,5.194063663482666
133,1,6.420000076293945,0.8337226510047913,5.18335485458374
134,0,-6.420000076293945,0.3929148018360138,5.178941249847412
135,0,-6.420000076293945,0.4400162994861603,4.306807518005371
136,0,-6.420000076293945,0.4629547595977783,4.994410514831543
137,0,-6.420000076293945,0.44435226917266846,4.7792558670043945
138,0,-6.420000076293945,0.3851987421512604,4.854745864868164
139,0,-6.420000076293945,0.32598838210105896,3.9918324947357178
140,0,-6.420000076293945,0.41115209460258484,4.171286106109619
141,0,-6.420000076293945,0.3885381519794464,4.319892883300781
142,0,-6.420000076293945,0.22037892043590546,5.0182037353515625
143,0,-6.420000076293945,0.5382261872291565,4.571996688842773
144,0,-6.420000076293945,0.3250884711742401,5.291289806365967
145,0,-6.420000076293945,0.3918752670288086,4.422121047973633
146,0,-6.420000076293945,0.3507383465766907,4.12436056137085
147,0,-6.420000076293945,0.24014076590538025,4.5633697509765625
148,0,-6.420000076293945,0.3719017207622528,4.392940998077393
149,0,-6.420000076293945,0.30999755859375,4.6538238525390625
150,0,-6.420000076293945,0.3087414503097534,4.5145263671875
151,0,-6.420000076293945,0.2109750211238861,4.777423858642578
152,0,-6.420000076293945,0.1917005479335785,4.543608665466309
153,1,7.190000057220459,0.7802862524986267,6.299089431762695
154,0,-7.190000057220459,0.5648683905601501,5.046666145324707
155,0,-7.190000057220459,0.7247704863548279,5.759829044342041
156,0,-7.190000057220459,0.7224202752113342,5.879107475280762
157,0,-7.190000057220459,0.47573840618133545,5.197566986083984
158,0,-7.190000057220459,0.4790077805519104,5.612363338470459
159,0,-7.190000057220459,0.49781882762908936,5.1243486404418945
160,0,-7.190000057220459,0.649010419845581,5.820491790771484
161,0,-7.190000057220459,0.4423956871032715,5.26574182510376
162,0,-7.190000057220459,0.2881680727005005,4.753842353820801
163,0,-7.190000057220459,0.2990141212940216,4.868254661560059
164,0,-7.190000057220459,0.37051719427108765,5.335291862487793
165,0,-7.190000057220459,0.4493703544139862,5.192629814147949
166,0,-7.190000057220459,0.31478041410446167,5.112462520599365
167,0,-7.190000057220459,0.37737801671028137,5.164100646972656
168,0,-7.190000057220459,0.1870633065700531,4.383559703826904
169,0,-7.190000057220459,0.22984808683395386,4.519665718078613
170,0,-7.190000057220459,0.264280766248703,4.457759857177734
171,0,-7.190000057220459,0.2705945670604706,4.936740398406982
172,0,-7.190000057220459,0.19959837198257446,4.285627365112305
173,0,-7.190000057220459,0.3183014690876007,4.995926856994629
174,1,5.889999866485596,0.6052501797676086,5.4999260902404785
175,0,-5.889999866485596,0.6195456981658936,5.833430290222168
176,0,-5.889999866485596,0.6023821830749512,5.907995223999023
177,0,-5.889999866485596,0.6321577429771423,5.337646484375
178,0,-5.889999866485596,0.5762462615966797,5.712519645690918
179,1,5.889999866485596,0.5871500372886658,5.9462666511535645
180,0,-5.889999866485596,0.5844281315803528,5.611878871917725
181,0,-5.889999866485596,0.525387167930603,5.839136600494385
182,0,-5.889999866485596,0.539360761642456,5.824878215789795
183,0,-5.889999866485596,0.5105151534080505,5.8178863525390625
184,0,-5.889999866485596,0.5397780537605286,5.562804222106934
185,0,-5.889999866485596,0.5183804631233215,5.692884922027588
186,0,-5.889999866485596,0.41267964243888855,5.759855270385742
187,0,-5.889999866485596,0.5475549697875977,5.488212585449219
188,0,-5.889999866485596,0.48864027857780457,5.807277202606201
189,0,-5.889999866485596,0.5477201342582703,6.020437717437744
190,0,-5.889999866485596,0.39023494720458984,6.235500335693359
191,0,-5.889999866485596,0.4165404438972473,5.695000648498535
192,0,-5.889999866485596,0.48486214876174927,5.503994941711426
193,1,5.239999771118164,0.5641947388648987,5.509003162384033
194,0,-5.239999771118164,0.6106089949607849,5.584265232086182
195,0,-5.239999771118164,0.6278828382492065,5.421363353729248
196,0,-5.239999771118164,0.6008340716362,5.640442371368408
197,0,-5.239999771118164,0.6350164413452148,5.566832542419434
198,0,-5.239999771118164,0.6504014134407043,5.3011884689331055
199,1,5.239999771118164,0.5402535796165466,5.580768585205078
200,0,-5.239999771118164,0.5630148649215698,5.342217445373535
201,1,5.239999771118164,0.5451852679252625,5.626410961151123
202,0,-5.239999771118164,0.512273907661438,5.886436462402344
203,0,-5.239999771118164,0.6934525370597839,5.019020080566406
204,1,5.239999771118164,0.5326816439628601,5.619879245758057
205,0,-5.239999771118164,0.5126962661743164,5.826439380645752
206,0,-5.239999771118164,0.473928302526474,6.3319525718688965
207,0,-5.239999771118164,0.501875102519989,5.603914260864258
208,0,-5.239999771118164,0.45866090059280396,6.025774002075195
209,0,-5.239999771118164,0.49168211221694946,5.722193717956543
210,0,-5.239999771118164,0.4474191665649414,5.86113166809082
211,0,-5.239999771118164,0.43072137236595154,6.048663139343262
212,0,-5.239999771118164,0.43036994338035583,5.627743244171143
213,0,-5.239999771118164,0.46882253885269165,5.4906768798828125
214,0,-6.920000076293945,0.6040188074111938,5.919114112854004
215,0,-6.920000076293945,0.5963044762611389,6.55198860168457
216,0,-6.920000076293945,0.5974470973014832,6.5641093254089355
217,0,-6.920000076293945,0.5214471817016602,6.559967041015625
218,0,-6.920000076293945,0.56545090675354,6.463711261749268
219,0,-6.920000076293945,0.5683290958404541,6.270267486572266
220,0,-6.920000076293945,0.5721468329429626,6.193697452545166
221,0,-6.920000076293945,0.5405954718589783,6.298988342285156
222,0,-6.920000076293945,0.6171160340309143,6.9973859786987305
223,0,-6.920000076293945,0.4870346486568451,5.9786200523376465
224,0,-6.920000076293945,0.5005304217338562,6.37227201461792
225,0,-6.920000076293945,0.6021015048027039,6.443920135498047
226,1,6.920000076293945,0.5566721558570862,6.449696063995361
227,0,-6.920000076293945,0.45005616545677185,6.589122295379639
228,0,-6.920000076293945,0.5652130246162415,6.446968078613281
229,0,-6.920000076293945,0.5160725712776184,6.094948768615723
230,0,-6.920000076293945,0.5746340155601501,6.249459266662598
231,0,-6.920000076293945,0.5656076073646545,6.023535251617432
232,0,-6.920000076293945,0.5310131311416626,6.081253528594971
233,0,-6.920000076293945,0.4524904787540436,5.928494453430176
234,0,-6.920000076293945,0.5078354477882385,5.850101470947266
235,1,6.880000114440918,0.7982292175292969,7.855345249176025
236,1,6.880000114440918,0.6909622550010681,6.825777053833008
237,0,-6.880000114440918,0.5412448048591614,6.857557773590088
238,0,-6.880000114440918,0.5093359351158142,5.706329345703125
239,0,-6.880000114440918,0.5952842235565186,5.938025951385498
240,0,-6.880000114440918,0.5609197616577148,6.236398220062256
241,0,-6.880000114440918,0.45855841040611267,5.945167541503906
242,0,-6.880000114440918,0.5806032419204712,6.180291175842285
243,0,-6.880000114440918,0.4592088460922241,6.0393548011779785
244,0,-6.880000114440918,0.43769484758377075,6.666803359985352
245,0,-6.880000114440918,0.5208311676979065,5.806178092956543
246,0,-6.880000114440918,0.5446531176567078,5.384393215179443
247,0,-6.880000114440918,0.4322032034397125,5.456784248352051
248,0,-6.880000114440918,0.3607880473136902,6.250826358795166
249,0,-6.880000114440918,0.3294556140899658,4.710052490234375
250,1,6.789999961853027,0.5444414019584656,7.086282730102539
251,0,-6.789999961853027,0.634357213973999,8.12511920928955
252,0,-6.789999961853027,0.5758479237556458,7.296331882476807
253,0,-6.789999961853027,0.5417207479476929,7.131889820098877
254,0,-6.789999961853027,0.5625767707824707,7.158462047576904
255,0,-6.789999961853027,0.6499948501586914,7.878935813903809
256,0,-6.789999961853027,0.5407932996749878,6.739712238311768
257,0,-6.789999961853027,0.49154332280158997,7.443145275115967
258,0,-6.789999961853027,0.595224142074585,7.844936847686768
259,0,-6.789999961853027,0.5507317185401917,7.462392807006836
260,0,-6.789999961853027,0.3717392683029175,6.584537506103516
261,0,-6.789999961853027,0.5154935717582703,7.920819282531738
262,0,-6.789999961853027,0.5179553627967834,7.5756330490112305
263,0,-6.789999961853027,0.4748736321926117,6.911611557006836
264,0,-6.789999961853027,0.36821624636650085,6.856982231140137
265,0,-6.789999961853027,0.3982919156551361,6.374728679656982
266,0,-6.789999961853027,0.40369388461112976,6.777440547943115
267,0,-6.789999961853027,0.5168051719665527,7.1786651611328125
268,0,-6.789999961853027,0.38699871301651,7.47869348526001
269,0,-6.789999961853027,0.3682991862297058,6.290095806121826
270,0,-6.789999961853027,0.39471104741096497,6.619052410125732
271,1,4.920000076293945,0.6807067394256592,5.696868419647217
272,0,-4.920000076293945,0.5954268574714661,5.727058410644531
273,0,-4.920000076293945,0.6905001997947693,5.33487606048584
274,0,-4.920000076293945,0.5316598415374756,5.4668731689453125
275,1,4.920000076293945,0.654180109500885,5.4848952293396
276,0,-4.920000076293945,0.5756738185882568,5.800774574279785
277,0,-4.920000076293945,0.6166131496429443,5.869753837585449
278,0,-4.920000076293945,0.6867935061454773,5.515813827514648
279,0,-4.920000076293945,0.5504113435745239,5.872470378875732
280,0,-4.920000076293945,0.5899367928504944,5.473644256591797
281,0,-4.920000076293945,0.6186078190803528,5.422590255737305
282,0,-4.920000076293945,0.5519601106643677,5.236250877380371
283,0,-4.920000076293945,0.5884889960289001,4.961390018463135
284,0,-4.920000076293945,0.5039408206939697,6.234349727630615
285,0,-4.920000076293945,0.570065438747406,5.627415180206299
286,0,-4.920000076293945,0.6023346185684204,5.2788238525390625
287,0,-4.920000076293945,0.6021870970726013,5.3660664558410645
288,0,-4.920000076293945,0.3814891576766968,5.920312881469727
289,0,-4.920000076293945,0.5885409712791443,5.392232894897461
290,0,-4.920000076293945,0.4757860600948334,5.486915111541748
291,0,-4.920000076293945,0.5037481188774109,5.785574913024902
292,1,6.630000114440918,0.6998257040977478,5.896953582763672
293,1,6.630000114440918,0.7262282371520996,5.724551200866699
294,0,-6.630000114440918,0.5956290364265442,6.118147850036621
295,0,-6.630000114440918,0.5380363464355469,4.930290222167969
296,0,-6.630000114440918,0.6572383642196655,5.871994972229004
297,0,-6.630000114440918,0.6662843227386475,5.786500453948975
298,0,-6.630000114440918,0.5139895081520081,4.397047519683838
299,0,-6.630000114440918,0.5173473954200745,4.425717353820801
300,0,-6.630000114440918,0.5036667585372925,5.259971618652344
301,0,-6.630000114440918,0.6887190341949463,5.312801837921143
302,0,-6.630000114440918,0.6399741172790527,5.403054714202881
303,0,-6.630000114440918,0.5975610017776489,4.813419342041016
304,0,-6.630000114440918,0.42901378870010376,4.678469657897949
305,0,-6.630000114440918,0.5915599465370178,5.563222885131836
306,0,-6.630000114440918,0.4627949893474579,4.3968048095703125
307,0,-6.630000114440918,0.5275709629058838,4.587229251861572
308,0,-6.630000114440918,0.5930331945419312,4.830341339111328
309,0,-6.630000114440918,0.5535669922828674,4.5476179122924805
310,0,-6.630000114440918,0.48417237401008606,4.876382350921631
311,0,-6.630000114440918,0.5100991129875183,4.5855607986450195
312,0,-6.630000114440918,0.5395666360855103,5.166144371032715
313,1,8.399999618530273,0.8519271016120911,7.136067867279053
314,1,8.399999618530273,0.8618496060371399,7.089254379272461
315,1,8.399999618530273,0.8406869769096375,7.012768745422363
316,0,-8.399999618530273,0.8638295531272888,7.373313903808594
317,0,-8.399999618530273,0.43529701232910156,7.251122951507568
318,0,-8.399999618530273,0.3652811348438263,7.243363857269287
319,0,-8.399999618530273,0.20878127217292786,8.127907752990723
320,0,-8.399999618530273,0.27542203664779663,7.700884819030762
321,0,-8.399999618530273,0.6505417227745056,7.747828006744385
322,0,-8.399999618530273,0.491975873708725,7.415280818939209
323,0,-8.399999618530273,0.27792906761169434,7.460127830505371
324,0,-8.399999618530273,0.41935497522354126,7.538199424743652
325,0,-8.399999618530273,0.2799209654331207,7.158819198608398
326,1,10.699999809265137,0.7445091605186462,7.601432800292969
327,0,-10.699999809265137,0.3521679639816284,6.701132774353027
328,0,-10.699999809265137,0.7216756939888,7.630681991577148
329,0,-10.699999809265137,0.37128061056137085,6.955745697021484
330,1,10.699999809265137,0.7547005414962769,7.2539215087890625
331,0,-10.699999809265137,0.45197197794914246,7.432939052581787
332,0,-10.699999809265137,0.2494317889213562,6.443460941314697
333,1,10.699999809265137,0.7387536764144897,7.676589012145996
334,0,-10.699999809265137,0.4268702268600464,7.0349884033203125
335,0,-10.699999809265137,0.21986086666584015,6.656179904937744
336,0,-10.699999809265137,0.29001542925834656,7.296584606170654
337,0,-10.699999809265137,0.5322223901748657,6.851905822753906
338,0,-10.699999809265137,0.12142989039421082,7.165757656097412
339,0,-10.699999809265137,0.36172690987586975,7.043819427490234
340,0,-10.699999809265137,0.31893253326416016,6.71563720703125
341,0,-10.699999809265137,0.5133695006370544,7.373404502868652
342,0,-10.699999809265137,0.22079762816429138,6.651734352111816
343,0,-10.699999809265137,0.3337607681751251,6.4071807861328125
344,0,-10.699999809265137,0.398922324180603,7.089953422546387
345,0,-10.699999809265137,0.3456549346446991,7.243017196655273
346,0,-10.699999809265137,0.23960240185260773,6.631396293640137
347,1,11.300000190734863,0.7873924374580383,9.98257064819336
348,1,11.300000190734863,0.7880508303642273,9.97747802734375
349,0,-11.300000190734863,0.8188197612762451,8.74258804321289
350,0,-11.300000190734863,0.5273463726043701,6.561198711395264
351,0,-11.300000190734863,0.5373885631561279,6.663395404815674
352,0,-11.300000190734863,0.5791049003601074,6.606771469116211
353,0,-11.300000190734863,0.7119720578193665,9.290047645568848
354,0,-11.300000190734863,0.700767457485199,8.29193115234375
355,1,10.109999656677246,0.8022015690803528,10.457876205444336
356,1,10.109999656677246,0.8030273914337158,10.574397087097168
357,0,-10.109999656677246,0.8873894810676575,10.298341751098633
358,1,7.150000095367432,0.8036864399909973,6.810591220855713
359,1,7.150000095367432,0.815217912197113,6.928727626800537
360,0,-7.150000095367432,0.7327131032943726,6.407597541809082
361,0,-7.150000095367432,0.6618223190307617,5.880700588226318
362,0,-7.150000095367432,0.6339800953865051,5.943404674530029
363,0,-7.150000095367432,0.5551837682723999,5.304007053375244
364,0,-7.150000095367432,0.6919817924499512,6.052031517028809
365,0,-7.150000095367432,0.6789582371711731,5.521449089050293
366,0,-7.150000095367432,0.6502082347869873,5.662169933319092
367,0,-7.150000095367432,0.5364518761634827,4.9878411293029785
368,0,-7.150000095367432,0.5804254412651062,5.00089693069458
369,0,-7.150000095367432,0.6736724972724915,6.302042484283447
370,0,-7.150000095367432,0.6505323648452759,5.794425964355469
371,0,-7.150000095367432,0.5280563235282898,4.72487211227417
372,0,-7.150000095367432,0.5987154245376587,5.4740777015686035
373,0,-7.150000095367432,0.6676701307296753,6.23798131942749
374,0,-7.150000095367432,0.5569721460342407,4.763263702392578
375,0,-7.150000095367432,0.5602999329566956,5.749224662780762
376,0,-7.150000095367432,0.6579269766807556,5.52731990814209
377,0,-7.150000095367432,0.5021198987960815,5.451628684997559
378,0,-7.150000095367432,0.5475217700004578,5.096352577209473
379,1,7.239999771118164,0.7282294034957886,7.328901290893555
380,0,-7.239999771118164,0.4706421196460724,6.90048360824585
381,0,-7.239999771118164,0.2997260093688965,6.658824920654297
382,0,-7.239999771118164,0.5354360342025757,6.835281848907471
383,0,-7.239999771118164,0.4178546071052551,7.19264030456543
384,0,-7.239999771118164,0.34932249784469604,7.0064191818237305
385,0,-7.239999771118164,0.41778135299682617,7.6824750900268555
386,0,-7.239999771118164,0.636764407157898,7.241696357727051
387,0,-7.239999771118164,0.5278412103652954,6.982575416564941
388,0,-7.239999771118164,0.23856420814990997,8.237677574157715
389,0,-7.239999771118164,0.348751038312912,6.367630958557129
390,0,-7.239999771118164,0.32901525497436523,6.867475986480713
391,0,-7.239999771118164,0.3633285462856293,7.531703948974609
392,0,-7.239999771118164,0.6056779026985168,7.207736492156982
393,0,-7.239999771118164,0.2595328986644745,7.0206451416015625
394,0,-7.239999771118164,0.4754181206226349,7.679986953735352
395,0,-7.239999771118164,0.5439047813415527,7.184762954711914
396,0,-7.239999771118164,0.4030732214450836,7.143030643463135
397,0,-7.239999771118164,0.34520667791366577,6.9599995613098145
398,0,-7.239999771118164,0.3541845381259918,6.519915580749512
399,0,-7.239999771118164,0.15650330483913422,6.14190673828125
400,1,10.050000190734863,0.741588830947876,8.923053741455078
401,1,10.050000190734863,0.7348865270614624,8.873982429504395
402,0,-10.050000190734863,0.7158551812171936,9.096259117126465
403,0,-10.050000190734863,0.7764055728912354,8.532065391540527
404,0,-10.050000190734863,0.6912733912467957,8.923419952392578
405,0,-10.050000190734863,0.7358585000038147,8.424671173095703
406,0,-10.050000190734863,0.7226560115814209,8.707239151000977
407,0,-10.050000190734863,0.6881756782531738,8.953757286071777
408,0,-10.770000457763672,0.46617069840431213,6.78046178817749
409,0,-10.770000457763672,0.6015569567680359,7.372128963470459
410,0,-10.770000457763672,0.4401928782463074,7.270397186279297
411,0,-10.770000457763672,0.44669511914253235,6.972992420196533
412,0,-10.770000457763672,0.25671160221099854,7.675429821014404
413,0,-10.770000457763672,0.29709964990615845,6.207005023956299
414,0,-10.770000457763672,0.3082391619682312,7.2247138023376465
415,0,-10.770000457763672,0.386613667011261,6.322714328765869
416,0,-10.770000457763672,0.4271065890789032,5.317995548248291
417,0,-10.770000457763672,0.2641233205795288,6.752666473388672
418,0,-10.770000457763672,0.39608797430992126,6.32084321975708
419,0,-10.770000457763672,0.4133099317550659,9.200155258178711
420,0,-10.770000457763672,0.26950931549072266,5.842069149017334
421,0,-10.770000457763672,0.15787404775619507,7.231416702270508
422,0,-10.770000457763672,0.25823676586151123,6.571915626525879
423,0,-10.770000457763672,0.33423012495040894,5.8984856605529785
424,0,-10.770000457763672,0.4269322454929352,6.634528160095215
425,0,-10.770000457763672,0.296404629945755,6.107461929321289
426,0,-10.770000457763672,0.696577787399292,7.5683698654174805
427,0,-10.770000457763672,0.1748761534690857,7.50570821762085
428,1,7.260000228881836,0.8880288600921631,7.268496990203857
429,1,7.260000228881836,0.8864746689796448,7.262670040130615
430,0,-7.260000228881836,0.5344478487968445,7.68046760559082
431,0,-7.260000228881836,0.7528736591339111,7.229221343994141
432,0,-7.260000228881836,0.6503304243087769,7.393596649169922
433,0,-7.260000228881836,0.48860371112823486,7.496437072753906
434,0,-7.260000228881836,0.3721862733364105,8.502118110656738
435,0,-7.260000228881836,0.5306293964385986,7.97892951965332
436,0,-7.260000228881836,0.4826146364212036,7.625340938568115
437,0,-7.260000228881836,0.6109920740127563,6.985349655151367
438,0,-7.260000228881836,0.5068351030349731,8.151187896728516
439,0,-7.260000228881836,0.46178537607192993,7.803574085235596
440,0,-7.260000228881836,0.4047865867614746,7.901704788208008
441,0,-7.260000228881836,0.24272692203521729,7.510655403137207
442,0,-7.260000228881836,0.4061652421951294,8.158477783203125
443,0,-7.260000228881836,0.3106180727481842,10.109073638916016
444,1,4.079999923706055,0.26366037130355835,7.788010120391846
445,0,-4.079999923706055,0.2267368882894516,7.955488204956055
446,0,-4.079999923706055,0.23527033627033234,7.624209880828857
447,0,-4.079999923706055,0.15860089659690857,8.489030838012695
448,0,-4.079999923706055,0.21923930943012238,8.009194374084473
449,0,-4.079999923706055,0.2420685738325119,7.386406898498535
450,0,-4.079999923706055,0.22993819415569305,8.111096382141113
451,0,-4.079999923706055,0.2878563702106476,7.305264949798584
452,0,-4.079999923706055,0.34700340032577515,6.326958656311035
453,0,-4.079999923706055,0.2691880464553833,7.098640441894531
454,0,-4.079999923706055,0.20210367441177368,7.336356163024902
455,0,-4.079999923706055,0.15640057623386383,7.488337516784668
456,0,-4.079999923706055,0.305558979511261,7.001020431518555
457,0,-4.079999923706055,0.3969569504261017,6.2424163818359375
458,0,-4.079999923706055,0.23481227457523346,7.704082489013672
459,0,-4.079999923706055,0.24254396557807922,7.2301554679870605
460,0,-4.079999923706055,0.2982037365436554,6.831062316894531
461,0,-4.079999923706055,0.22307926416397095,6.979485988616943
462,0,-4.079999923706055,0.2306022197008133,6.629763603210449
463,0,-4.079999923706055,0.16974221169948578,6.942936420440674
464,0,-4.079999923706055,0.2328842282295227,7.8779096603393555
465,1,6.699999809265137,0.7127726674079895,8.135059356689453
466,1,6.699999809265137,0.711743950843811,8.133349418640137
467,1,6.699999809265137,0.7292732000350952,7.825005054473877
468,0,-6.699999809265137,0.7178772687911987,7.566486358642578
469,0,-6.699999809265137,0.6690520644187927,7.166890621185303
470,0,-6.699999809265137,0.46454113721847534,6.363187789916992
471,0,-6.699999809265137,0.63322913646698,7.145487308502197
472,0,-6.699999809265137,0.6958048939704895,7.466821670532227
473,0,-6.699999809265137,0.11386506259441376,7.191103935241699
474,0,-6.699999809265137,0.1714223027229309,7.057974815368652
475,0,-6.699999809265137,0.2786983549594879,6.69193172454834
476,0,-6.699999809265137,0.2880052328109741,6.257132530212402
477,0,-6.699999809265137,0.16425582766532898,6.822588920593262
478,0,-6.699999809265137,0.28717854619026184,6.425652503967285
479,0,-6.699999809265137,0.4638502597808838,6.846117973327637
480,0,-6.699999809265137,0.29586610198020935,7.334179878234863
481,0,-6.699999809265137,0.1926715224981308,7.230539321899414
482,0,-6.699999809265137,0.14792563021183014,7.0339555740356445
483,0,-6.699999809265137,0.4568844437599182,7.169955253601074
484,0,-6.699999809265137,0.25129374861717224,6.4180216789245605
485,1,6.309999942779541,0.6128004193305969,5.818022727966309
486,0,-6.309999942779541,0.6306689977645874,5.795183181762695
487,0,-6.309999942779541,0.6149561405181885,5.985489368438721
488,0,-6.309999942779541,0.5551467537879944,6.026430130004883
489,0,-6.309999942779541,0.5931565165519714,6.1083879470825195
490,0,-6.309999942779541,0.5564985871315002,6.071660995483398
491,0,-6.309999942779541,0.6724703907966614,5.9468674659729
492,0,-6.309999942779541,0.5888829231262207,5.967456340789795
493,0,-6.309999942779541,0.6415379643440247,5.998461723327637
494,0,-6.309999942779541,0.61868816614151,6.101274490356445
495,0,-6.309999942779541,0.6387333869934082,5.866408824920654
496,0,-6.309999942779541,0.5140069127082825,6.208886623382568
497,0,-6.309999942779541,0.39860066771507263,6.393371105194092
498,0,-6.309999942779541,0.5497422218322754,5.976424694061279
499,0,-6.309999942779541,0.4890402853488922,5.632540225982666
500,1,6.309999942779541,0.5145879983901978,5.983525276184082
501,0,-6.309999942779541,0.6765801906585693,6.320767879486084
502,0,-6.309999942779541,0.628708004951477,6.038153171539307
503,0,-6.309999942779541,0.5003253221511841,6.050492286682129
504,0,-6.309999942779541,0.4841858446598053,6.017359256744385
505,0,-6.309999942779541,0.5215799808502197,5.881918430328369
506,1,6.119999885559082,0.8841346502304077,6.589440822601318
507,1,6.119999885559082,0.8772616982460022,6.48276948928833
508,1,6.119999885559082,0.8712633848190308,6.644559860229492
509,1,5.0,0.8388375043869019,6.440840244293213
510,1,5.0,0.8066175580024719,6.592647075653076
511,0,-5.0,0.7746264338493347,6.149632930755615
512,0,-5.0,0.7939255237579346,6.952650547027588
513,0,-5.0,0.7842546701431274,5.922868728637695
514,1,7.300000190734863,0.8192967176437378,6.153165340423584
515,1,7.300000190734863,0.8212718367576599,6.19376802444458
516,0,-7.300000190734863,0.7243899703025818,5.655045032501221
517,0,-7.300000190734863,0.6813108921051025,5.577054500579834
518,0,-7.300000190734863,0.6667677760124207,4.811873435974121
519,0,-7.300000190734863,0.5719071626663208,4.7125983238220215
520,1,6.71999979019165,0.774552047252655,6.965388298034668
521,1,6.71999979019165,0.7800730466842651,6.966022491455078
522,1,6.71999979019165,0.6831382513046265,6.856430530548096
523,0,-6.71999979019165,0.6640213131904602,6.38615083694458
524,0,-6.71999979019165,0.5685459971427917,5.826251983642578
525,0,-6.71999979019165,0.549762487411499,6.372214317321777
526,0,-6.71999979019165,0.6991397738456726,7.00390625
527,0,-6.71999979019165,0.43559080362319946,6.29926872253418
528,0,-6.71999979019165,0.3390769064426422,5.264665126800537
529,0,-6.71999979019165,0.47269901633262634,6.303325653076172
530,0,-6.71999979019165,0.3863619565963745,6.03285026550293
531,0,-6.71999979019165,0.3282924294471741,5.252948760986328
532,0,-6.71999979019165,0.45286327600479126,5.97178840637207
533,0,-6.71999979019165,0.36862659454345703,5.685727596282959
534,0,-6.71999979019165,0.2747473120689392,5.462213039398193
535,0,-6.71999979019165,0.45841509103775024,5.78399133682251
536,0,-6.71999979019165,0.39102694392204285,5.799751281738281
537,0,-6.71999979019165,0.3444744646549225,5.900074481964111
538,0,-6.71999979019165,0.30613452196121216,4.942025184631348
539,0,-6.71999979019165,0.25359439849853516,4.820486545562744
540,1,3.799999952316284,0.6810016632080078,3.951667308807373
541,1,3.799999952316284,0.6925147771835327,3.7998719215393066
542,0,-3.799999952316284,0.6812772154808044,4.567283630371094
543,1,3.799999952316284,0.6527342200279236,4.123997688293457
544,0,-3.799999952316284,0.6015384197235107,4.072956085205078
545,0,-3.799999952316284,0.6732407212257385,4.473141670227051
546,0,-3.799999952316284,0.5416274666786194,4.3799004554748535
547,0,-3.799999952316284,0.608970046043396,3.943876028060913
548,0,-3.799999952316284,0.6645966172218323,4.672901153564453
549,0,-3.799999952316284,0.5292006731033325,4.044519424438477
550,0,-3.799999952316284,0.6031529307365417,4.872420310974121
551,0,-3.799999952316284,0.7278483510017395,4.545841693878174
552,0,-3.799999952316284,0.5337883830070496,4.376491546630859
553,0,-3.799999952316284,0.5406547784805298,4.483852863311768
554,0,-3.799999952316284,0.4549018144607544,4.422072410583496
555,0,-3.799999952316284,0.5520588755607605,5.327567100524902
556,0,-3.799999952316284,0.490487664937973,4.853145599365234
557,0,-3.799999952316284,0.5159167051315308,4.651895523071289
558,0,-3.799999952316284,0.561759889125824,5.009828567504883
559,1,4.71999979019165,0.6213124394416809,3.828399419784546
560,0,-4.71999979019165,0.5741707682609558,5.01470947265625
561,1,4.71999979019165,0.6606806516647339,4.433312892913818
562,0,-4.71999979019165,0.4071516990661621,4.580795764923096
563,0,-4.71999979019165,0.5366765856742859,4.256557941436768
564,0,-4.71999979019165,0.591209352016449,5.3638153076171875
565,0,-4.71999979019165,0.5204390287399292,5.067185878753662
566,0,-4.71999979019165,0.4909195899963379,4.57247257232666
567,0,-4.71999979019165,0.4210481643676758,4.409339904785156
568,0,-4.71999979019165,0.48066267371177673,4.5088090896606445
569,0,-4.71999979019165,0.5235661268234253,4.819685935974121
570,0,-4.71999979019165,0.4296945035457611,4.706738471984863
571,0,-4.71999979019165,0.4869410991668701,4.624672889709473
572,0,-4.71999979019165,0.4650859832763672,5.215860366821289
573,0,-4.71999979019165,0.5080074667930603,4.24862003326416
574,0,-4.71999979019165,0.517561674118042,4.370589733123779
575,0,-4.71999979019165,0.5250999331474304,5.049118995666504
576,0,-4.71999979019165,0.4498503506183624,3.5216941833496094
577,0,-4.71999979019165,0.445292592048645,4.688197612762451
578,0,-4.71999979019165,0.4379996657371521,3.557231903076172
579,0,-4.71999979019165,0.3689369857311249,4.436870098114014
580,1,9.890000343322754,0.749329686164856,6.222326278686523
581,1,9.890000343322754,0.7433711886405945,6.201076030731201
582,1,10.0,0.8189306855201721,8.134834289550781
583,1,10.0,0.7969310283660889,7.874845504760742
584,0,-10.0,0.8296660780906677,8.343416213989258
585,0,-10.0,0.5787674784660339,6.452049255371094
586,0,-10.0,0.669829249382019,7.673667907714844
587,1,10.0,0.7515027523040771,8.031576156616211
588,0,-10.0,0.3411599397659302,6.069700717926025
589,0,-10.0,0.4159323573112488,6.260554790496826
590,0,-10.0,0.4113389253616333,6.295660018920898
591,0,-10.0,0.42164212465286255,6.1385498046875
592,0,-10.0,0.7495599985122681,8.040029525756836
593,0,-10.0,0.359612375497818,6.545465469360352
594,0,-10.0,0.45592647790908813,6.150121212005615
595,0,-10.0,0.27019956707954407,6.102292060852051
596,0,-10.0,0.27070632576942444,5.814060688018799
597,0,-10.0,0.4012656509876251,6.001264572143555
598,0,-10.0,0.2931196689605713,6.288436412811279
599,1,5.699999809265137,0.6815338134765625,6.921502590179443
600,0,-5.699999809265137,0.6443691253662109,6.691298961639404
601,1,5.699999809265137,0.6882597804069519,6.83650016784668
602,0,-5.699999809265137,0.3948240578174591,7.3080830574035645
603,1,5.699999809265137,0.6939763426780701,6.9203691482543945
604,0,-5.699999809265137,0.367359459400177,7.446699142456055
605,0,-5.699999809265137,0.30696189403533936,8.157878875732422
606,0,-5.699999809265137,0.5516404509544373,7.278040885925293
607,0,-5.699999809265137,0.4518519639968872,7.336206436157227
608,0,-5.699999809265137,0.3279939293861389,8.216482162475586
609,0,-5.699999809265137,0.33875712752342224,7.816229820251465
610,0,-5.699999809265137,0.47443127632141113,7.596889972686768
611,0,-5.699999809265137,0.24821683764457703,7.260950088500977
612,0,-5.699999809265137,0.3889510929584503,7.406867980957031
613,0,-5.699999809265137,0.3316786587238312,7.751120567321777
614,0,-5.699999809265137,0.2965068519115448,7.566868305206299
615,0,-5.699999809265137,0.2983783185482025,7.080831050872803
616,0,-5.699999809265137,0.1978057473897934,7.192178249359131
617,0,-5.699999809265137,0.32482123374938965,7.333798885345459
618,0,-5.699999809265137,0.2501756548881531,7.8678083419799805
619,0,-5.699999809265137,0.30305221676826477,7.832090377807617
620,1,6.300000190734863,0.7696834206581116,7.603518486022949
621,0,-6.300000190734863,0.3595535159111023,7.483296871185303
622,1,6.300000190734863,0.8073067665100098,8.013836860656738
623,0,-6.300000190734863,0.806998610496521,8.64631462097168
624,0,-6.300000190734863,0.25683850049972534,6.768723011016846
625,0,-6.300000190734863,0.4529372453689575,7.994039535522461
626,0,-6.300000190734863,0.3973691165447235,6.869109153747559
627,0,-6.300000190734863,0.28926485776901245,7.32168436050415
628,0,-6.300000190734863,0.23529040813446045,6.702579021453857
629,0,-6.300000190734863,0.4008161723613739,7.393526554107666
630,0,-6.300000190734863,0.3026980757713318,6.930931568145752
631,0,-6.300000190734863,0.31108203530311584,5.981384754180908
632,0,-6.300000190734863,0.4252660274505615,7.785833358764648
633,0,-6.300000190734863,0.5431496500968933,8.401485443115234
634,0,-6.300000190734863,0.20723555982112885,7.186066627502441
635,0,-6.300000190734863,0.28210872411727905,7.393710136413574
636,0,-6.300000190734863,0.31498634815216064,6.658117771148682
637,0,-6.300000190734863,0.4459339380264282,7.76739501953125
638,0,-6.300000190734863,0.36813879013061523,7.597689628601074
639,0,-6.300000190734863,0.3487747013568878,7.2452802658081055
640,0,-6.300000190734863,0.551567554473877,8.023207664489746
641,1,2.2699999809265137,0.6007790565490723,2.6396872997283936
642,1,2.2699999809265137,0.5888497829437256,2.7221457958221436
643,1,2.2699999809265137,0.5871363282203674,2.721964120864868
644,1,2.2699999809265137,0.6036865711212158,2.639467716217041
645,0,-2.2699999809265137,0.4757721722126007,2.723025321960449
646,0,-2.2699999809265137,0.4830072820186615,2.7117323875427246
647,0,-2.2699999809265137,0.5220246315002441,2.566721200942993
648,0,-2.2699999809265137,0.5084179639816284,2.7830286026000977
649,1,2.2699999809265137,0.42962226271629333,2.4582486152648926
650,1,2.2699999809265137,0.36992281675338745,2.4573960304260254
651,0,-2.2699999809265137,0.3970869183540344,2.748058557510376
652,0,-2.2699999809265137,0.5095412135124207,2.4345035552978516
653,0,-2.2699999809265137,0.355234831571579,2.4942049980163574
654,0,-2.2699999809265137,0.4160040616989136,2.52793025970459
655,0,-2.2699999809265137,0.49264010787010193,2.1033949851989746
656,0,-2.2699999809265137,0.4713430404663086,2.349761962890625
657,0,-2.2699999809265137,0.4117506146430969,2.711390733718872
658,0,-2.2699999809265137,0.4773375689983368,2.3571033477783203
659,0,-2.2699999809265137,0.3937559723854065,2.633599042892456
660,0,-2.2699999809265137,0.4746021330356598,2.530768632888794
661,0,-2.2699999809265137,0.392651230096817,2.3997132778167725
662,1,5.619999885559082,0.7417105436325073,5.546365261077881
663,1,5.619999885559082,0.7672781944274902,5.5976362228393555
664,0,-5.619999885559082,0.7003471255302429,6.553051471710205
665,0,-5.619999885559082,0.7172555327415466,6.278687477111816
666,0,-5.619999885559082,0.7221770882606506,6.520334720611572
667,0,-5.619999885559082,0.6741010546684265,6.323373794555664
668,0,-5.619999885559082,0.7674016356468201,5.55211067199707
669,0,-5.619999885559082,0.7254698872566223,6.1505126953125
670,1,5.619999885559082,0.6754659414291382,6.061122417449951
671,0,-5.619999885559082,0.7126545906066895,6.03469705581665
672,0,-5.619999885559082,0.7021348476409912,5.232940673828125
673,0,-5.619999885559082,0.6817353963851929,6.0516486167907715
674,1,5.820000171661377,0.6987289786338806,6.765774726867676
675,0,-5.820000171661377,0.7524319887161255,6.608211994171143
676,1,5.820000171661377,0.6965817213058472,6.638796806335449
677,0,-5.820000171661377,0.5990782380104065,6.0071210861206055
678,0,-5.820000171661377,0.5253443717956543,5.942485332489014
679,0,-5.820000171661377,0.7090520858764648,6.555252552032471
680,0,-5.820000171661377,0.441451758146286,6.2790846824646
681,0,-5.820000171661377,0.46617069840431213,5.169755458831787
682,0,-5.820000171661377,0.5471117496490479,5.2682318687438965
683,0,-5.820000171661377,0.5318927764892578,6.188660621643066
684,0,-5.820000171661377,0.360809326171875,5.738409519195557
685,0,-5.820000171661377,0.457353413105011,5.857623100280762
686,0,-5.820000171661377,0.6420654654502869,6.719871997833252
687,0,-5.820000171661377,0.36362460255622864,5.519838809967041
688,0,-5.820000171661377,0.27374303340911865,5.456408500671387
689,0,-5.820000171661377,0.2383842021226883,5.283664703369141
690,0,-5.820000171661377,0.3854452967643738,5.672741413116455
691,0,-5.820000171661377,0.24703629314899445,5.4316534996032715
692,0,-5.820000171661377,0.21177460253238678,5.62185525894165
693,0,-5.820000171661377,0.20938780903816223,5.636521339416504
694,0,-5.820000171661377,0.2706497013568878,6.016171932220459
695,1,4.130000114440918,0.7414680123329163,6.558581352233887
696,1,4.130000114440918,0.7634413242340088,6.753979206085205
697,0,-4.130000114440918,0.667046070098877,6.432853698730469
698,0,-4.130000114440918,0.7766014933586121,7.571730136871338
699,0,-4.130000114440918,0.8216765522956848,7.836310863494873
700,0,-4.130000114440918,0.6015703678131104,6.148172855377197
701,0,-4.130000114440918,0.6539713740348816,5.940576553344727
702,0,-4.130000114440918,0.7868461608886719,8.084335327148438
703,0,-4.130000114440918,0.5172905325889587,5.898730278015137
704,0,-4.130000114440918,0.5533666610717773,5.42642068862915
705,1,5.329999923706055,0.768856942653656,5.822876453399658
706,1,5.329999923706055,0.7765100002288818,5.9155449867248535
707,1,5.329999923706055,0.7639089822769165,5.769274711608887
708,0,-5.329999923706055,0.6477707624435425,5.328058242797852
709,0,-5.329999923706055,0.6834639310836792,5.405291557312012
710,0,-5.329999923706055,0.665364146232605,5.348942279815674
711,0,-5.329999923706055,0.701285719871521,5.402065753936768
712,0,-5.329999923706055,0.7129812240600586,7.2261199951171875
713,0,-5.329999923706055,0.7228476405143738,5.854701519012451
714,0,-5.329999923706055,0.756328821182251,5.69782829284668
715,0,-5.329999923706055,0.563057541847229,5.619945049285889
716,0,-5.329999923706055,0.49970483779907227,5.247820854187012
717,0,-5.329999923706055,0.537527859210968,4.583763599395752
718,0,-5.329999923706055,0.4294549524784088,5.372771263122559
719,0,-5.329999923706055,0.5972896814346313,6.614931583404541
720,0,-5.329999923706055,0.4937581717967987,5.126437187194824
721,0,-5.329999923706055,0.6574264764785767,6.879199504852295
722,0,-5.329999923706055,0.5509058833122253,7.18839168548584
723,0,-5.329999923706055,0.4466123878955841,5.095170021057129
724,1,8.100000381469727,0.7503170967102051,7.341531753540039
725,1,8.100000381469727,0.719956636428833,7.492684364318848
726,0,-8.100000381469727,0.5138055086135864,6.019393444061279
727,0,-8.100000381469727,0.5691903829574585,5.989896774291992
728,0,-8.100000381469727,0.6245934367179871,7.792429447174072
729,0,-8.100000381469727,0.5678650140762329,6.76939582824707
730,0,-8.100000381469727,0.5187960267066956,6.8459882736206055
731,0,-8.100000381469727,0.43320152163505554,7.6925859451293945
732,0,-8.100000381469727,0.41962921619415283,7.150335788726807
733,0,-8.100000381469727,0.5113146305084229,7.322049617767334
734,0,-8.100000381469727,0.47478216886520386,7.473584175109863
735,0,-8.100000381469727,0.566034734249115,6.484738826751709
736,0,-8.100000381469727,0.5500339269638062,7.396274566650391
737,0,-8.100000381469727,0.44554299116134644,6.868740081787109
738,0,-8.100000381469727,0.3314065635204315,6.451910018920898
739,0,-8.100000381469727,0.5018391609191895,7.132613658905029
740,0,-8.100000381469727,0.5513668656349182,7.067925930023193
741,0,-8.100000381469727,0.45396342873573303,7.980075359344482
742,0,-8.100000381469727,0.5146795511245728,7.03548002243042
743,0,-8.100000381469727,0.41741645336151123,7.2475199699401855
744,0,-8.100000381469727,0.47636255621910095,7.100903511047363
745,0,-2.359999895095825,0.7142835855484009,3.3699021339416504
746,0,-2.359999895095825,0.7203832864761353,3.8200178146362305
747,0,-2.359999895095825,0.6928568482398987,3.8991079330444336
748,0,-2.359999895095825,0.6919863820075989,2.9645676612854004
749,0,-2.359999895095825,0.7742969989776611,3.888392686843872
750,0,-2.359999895095825,0.6881567239761353,3.5964651107788086
751,0,-2.359999895095825,0.674294650554657,3.2937395572662354
752,0,-2.359999895095825,0.6468424201011658,3.0722005367279053
753,0,-2.359999895095825,0.6107640266418457,3.0821032524108887
754,0,-2.359999895095825,0.6724809408187866,2.7172417640686035
755,0,-2.359999895095825,0.6141117811203003,2.6298303604125977
756,0,-2.359999895095825,0.7127255201339722,3.5022242069244385
757,0,-2.359999895095825,0.5722149014472961,3.3268961906433105
758,0,-2.359999895095825,0.7078592777252197,3.906177520751953
759,0,-2.359999895095825,0.5678554177284241,2.370129108428955
760,0,-2.359999895095825,0.5844950675964355,3.37351655960083
761,0,-2.359999895095825,0.5871596932411194,3.2608675956726074
762,0,-2.359999895095825,0.6324029564857483,3.3686907291412354
763,0,-2.359999895095825,0.5878618955612183,2.5884811878204346
764,0,-2.359999895095825,0.6721851229667664,3.875309705734253
765,0,-2.359999895095825,0.5880514979362488,3.1331539154052734
766,1,4.090000152587891,0.617108941078186,3.841826915740967
767,1,4.090000152587891,0.592616856098175,3.769659996032715
768,0,-4.090000152587891,0.5577729344367981,4.397651195526123
769,1,4.090000152587891,0.5847762227058411,3.8337759971618652
770,0,-4.090000152587891,0.45986753702163696,3.750523090362549
771,0,-4.090000152587891,0.5205722451210022,4.268369197845459
772,0,-4.090000152587891,0.4930022656917572,3.9204092025756836
773,0,-4.090000152587891,0.528630256652832,4.029041290283203
774,0,-4.090000152587891,0.5757067799568176,4.024158477783203
775,0,-4.090000152587891,0.5105735659599304,4.18105411529541
776,0,-4.090000152587891,0.4069870412349701,3.968871593475342
777,0,-4.090000152587891,0.5189999938011169,4.112698554992676
778,0,-4.090000152587891,0.459322988986969,4.190553665161133
779,0,-4.090000152587891,0.5807420611381531,4.455063819885254
780,0,-4.090000152587891,0.5939837098121643,4.781968116760254
781,0,-4.090000152587891,0.5852746367454529,4.112919807434082
782,0,-4.090000152587891,0.5196669697761536,4.240818977355957
783,0,-4.090000152587891,0.5739912986755371,4.612015247344971
784,0,-4.090000152587891,0.5408465266227722,4.054609775543213
785,1,6.460000038146973,0.8200995326042175,5.352250099182129
786,0,-6.460000038146973,0.7944767475128174,4.613318920135498
787,1,6.460000038146973,0.8204181790351868,5.334142684936523
788,0,-6.460000038146973,0.6601219177246094,4.83415412902832
789,0,-6.460000038146973,0.6352929472923279,4.058211326599121
790,0,-6.460000038146973,0.5635330080986023,3.7848293781280518
791,0,-6.460000038146973,0.6036883592605591,4.242661476135254
792,0,-6.460000038146973,0.5519001483917236,4.434373378753662
793,0,-6.460000038146973,0.5477830767631531,4.800540447235107
794,0,-6.460000038146973,0.636756420135498,3.776595115661621
795,0,-6.460000038146973,0.510566771030426,5.040185451507568
796,0,-6.460000038146973,0.49454426765441895,4.527005672454834
797,0,-6.460000038146973,0.5232058167457581,5.181914329528809
798,0,-6.460000038146973,0.5006298422813416,4.257951736450195
799,0,-6.460000038146973,0.5695913434028625,4.958230972290039
800,0,-6.460000038146973,0.4964042603969574,5.160099506378174
801,0,-6.460000038146973,0.5626015663146973,4.929727077484131
802,0,-6.460000038146973,0.542768120765686,4.23685359954834
803,0,-6.460000038146973,0.470347136259079,4.750887393951416
804,0,-6.460000038146973,0.5336576104164124,4.313555717468262
805,0,-6.460000038146973,0.4539346396923065,4.802981376647949
806,1,9.0,0.6942108869552612,8.829010009765625
807,1,9.0,0.6926316022872925,8.72471809387207
808,0,-9.0,0.728837788105011,9.62363052368164
809,0,-9.0,0.6713345050811768,8.66153621673584
810,0,-9.0,0.6543555855751038,8.402329444885254
811,0,-9.0,0.5248709321022034,8.22408676147461
812,0,-9.0,0.6030228734016418,9.103485107421875
813,0,-9.0,0.6988281011581421,9.466300010681152
814,0,-9.0,0.7864851355552673,8.460243225097656
815,0,-9.0,0.776946485042572,9.24146842956543
816,0,-9.0,0.7127501964569092,9.037181854248047
817,1,8.229999542236328,0.6649841070175171,8.523605346679688
818,1,8.229999542236328,0.7234074473381042,8.287691116333008
819,1,8.229999542236328,0.7061070203781128,8.365623474121094
820,1,8.229999542236328,0.6969084739685059,8.414463996887207
821,0,-8.229999542236328,0.19677327573299408,7.080005645751953
822,0,-8.229999542236328,0.4188167154788971,9.117107391357422
823,0,-8.229999542236328,0.18576575815677643,7.491262912750244
824,0,-8.229999542236328,0.4151586890220642,7.255746364593506
825,0,-8.229999542236328,0.32773950695991516,6.542381286621094
826,0,-8.229999542236328,0.23281194269657135,6.308914661407471
827,0,-8.229999542236328,0.25787439942359924,6.249995231628418
828,0,-8.229999542236328,0.4503297507762909,6.882122993469238
829,0,-8.229999542236328,0.398685485124588,7.001763820648193
830,0,-8.229999542236328,0.17693354189395905,6.081360816955566
831,0,-8.229999542236328,0.21245677769184113,6.268818378448486
832,0,-8.229999542236328,0.1488226354122162,8.41247844696045
833,0,-8.229999542236328,0.3352186679840088,8.720353126525879
834,0,-8.229999542236328,0.2971300780773163,8.010727882385254
835,0,-8.229999542236328,0.296420156955719,6.811368942260742
836,0,-8.229999542236328,0.2624163031578064,6.374673366546631
837,0,-8.229999542236328,0.21051032841205597,8.766185760498047
838,1,5.119999885559082,0.5962702035903931,6.2065110206604
839,1,5.119999885559082,0.5863243341445923,6.217649936676025
840,0,-5.119999885559082,0.5870025753974915,5.191340446472168
841,0,-5.119999885559082,0.6001304984092712,7.668126106262207
842,0,-5.119999885559082,0.4453180730342865,6.848765850067139
843,0,-5.119999885559082,0.43764978647232056,7.138407230377197
844,0,-5.119999885559082,0.5595428347587585,7.197837829589844
845,0,-5.119999885559082,0.2836819291114807,6.194075107574463
846,0,-5.119999885559082,0.4485434889793396,6.553225517272949
847,0,-5.119999885559082,0.4203759431838989,4.970880508422852
848,0,-5.119999885559082,0.38177981972694397,6.893360137939453
849,0,-5.119999885559082,0.3985133171081543,6.246657848358154
850,0,-5.119999885559082,0.5139049291610718,7.332287788391113
851,0,-5.119999885559082,0.26717254519462585,6.503795623779297
852,0,-5.119999885559082,0.6110537648200989,6.534498691558838
853,0,-5.119999885559082,0.5442017912864685,6.888710021972656
854,0,-5.119999885559082,0.5143077373504639,6.703549385070801
855,0,-5.119999885559082,0.3897464871406555,7.240304946899414
856,0,-5.119999885559082,0.3676522970199585,5.858274936676025
857,0,-5.119999885559082,0.5386860966682434,7.264443397521973
858,0,-5.119999885559082,0.5146176815032959,6.674136161804199
859,0,-4.739999771118164,0.4438643455505371,4.675843238830566
860,0,-4.739999771118164,0.439592570066452,5.289942741394043
861,0,-4.739999771118164,0.4774882197380066,4.750769138336182
862,0,-4.739999771118164,0.41831526160240173,4.574351787567139
863,0,-4.739999771118164,0.4269285202026367,5.081150531768799
864,0,-4.739999771118164,0.4059862792491913,4.922492504119873
865,0,-4.739999771118164,0.4807435870170593,5.128746032714844
866,0,-4.739999771118164,0.45412173867225647,4.716290473937988
867,0,-4.739999771118164,0.4258851408958435,5.429179668426514
868,0,-4.739999771118164,0.4068329632282257,4.961654186248779
869,0,-4.739999771118164,0.4884452223777771,4.926433563232422
870,0,-4.739999771118164,0.4748307168483734,4.824919700622559
871,0,-4.739999771118164,0.3896222412586212,4.603339672088623
872,0,-4.739999771118164,0.45926204323768616,4.791088104248047
873,0,-4.739999771118164,0.4404202401638031,4.725931167602539
874,0,-4.739999771118164,0.4398052394390106,4.784732818603516
875,0,-4.739999771118164,0.4462873637676239,4.8653411865234375
876,0,-4.739999771118164,0.42607104778289795,4.883448600769043
877,0,-4.739999771118164,0.43980008363723755,4.743096351623535
878,0,-4.739999771118164,0.4858415424823761,4.89003324508667
879,1,5.610000133514404,0.645335853099823,6.193339824676514
880,1,5.610000133514404,0.6364855766296387,6.206978797912598
881,0,-5.610000133514404,0.6078383922576904,6.440385341644287
882,1,5.610000133514404,0.6752462387084961,6.153666019439697
883,0,-5.610000133514404,0.6277623176574707,6.698215007781982
884,0,-5.610000133514404,0.6206635236740112,6.279424667358398
885,0,-5.610000133514404,0.5021788477897644,5.1843180656433105
886,0,-5.610000133514404,0.612054705619812,6.428874969482422
887,0,-5.610000133514404,0.4447629153728485,5.380774021148682
888,0,-5.610000133514404,0.4803202450275421,6.20470666885376
889,0,-5.610000133514404,0.5396378636360168,6.143127918243408
890,0,-5.610000133514404,0.5257691144943237,5.5126423835754395
891,0,-5.610000133514404,0.4499265253543854,6.368834972381592
892,0,-5.610000133514404,0.32411596179008484,5.887950420379639
893,0,-5.610000133514404,0.5056843161582947,5.634363651275635
894,0,-5.610000133514404,0.6329257488250732,6.582113742828369
895,0,-5.610000133514404,0.4700191617012024,5.162309646606445
896,0,-5.610000133514404,0.33786776661872864,5.7724175453186035
897,0,-5.610000133514404,0.4972754418849945,6.032833576202393
898,0,-5.610000133514404,0.4556201696395874,6.0310797691345215
899,0,-5.610000133514404,0.39664554595947266,5.604033470153809
900,1,5.909999847412109,0.5373413562774658,6.3692522048950195
901,1,5.909999847412109,0.5304985046386719,6.385448455810547
902,0,-5.909999847412109,0.3704405128955841,6.410264492034912
903,0,-5.909999847412109,0.38555821776390076,6.197047233581543
904,0,-5.909999847412109,0.49411892890930176,6.535763263702393
905,0,-5.909999847412109,0.3370262384414673,6.426257610321045
906,0,-5.909999847412109,0.5133488774299622,5.756310939788818
907,0,-5.909999847412109,0.45670005679130554,6.858049392700195
908,0,-5.909999847412109,0.37529030442237854,7.072795867919922
909,0,-5.909999847412109,0.31460946798324585,6.739008903503418
910,0,-5.909999847412109,0.39542022347450256,6.118564605712891
911,0,-5.909999847412109,0.42162662744522095,7.558577537536621
912,1,8.739999771118164,0.9101348519325256,8.307652473449707
913,0,-8.739999771118164,0.888974130153656,8.3125581741333
914,0,-8.739999771118164,0.8569667935371399,7.512996673583984
915,0,-8.739999771118164,0.7040037512779236,8.13406753540039
916,0,-8.739999771118164,0.7840512990951538,8.316996574401855
917,0,-8.739999771118164,0.44109874963760376,6.711610794067383
918,0,-8.739999771118164,0.5376667380332947,6.868931770324707
919,0,-8.739999771118164,0.5983902812004089,7.391722679138184
920,0,-8.739999771118164,0.30370891094207764,7.130181312561035
921,0,-8.739999771118164,0.3407972753047943,8.0368070602417
922,0,-8.739999771118164,0.26328542828559875,7.2928056716918945
923,0,-8.739999771118164,0.4520335793495178,6.894076824188232
924,0,-8.739999771118164,0.6953480839729309,7.984239101409912
925,1,9.0,0.8684074878692627,8.110748291015625
926,1,9.0,0.867628812789917,8.116341590881348
927,1,9.0,0.8129775524139404,7.876864910125732
928,0,-9.0,0.8267754912376404,8.596528053283691
929,0,-9.0,0.276448130607605,6.676208019256592
930,0,-9.0,0.7424531579017639,8.265846252441406
931,0,-9.0,0.584247350692749,8.299847602844238
932,0,-9.0,0.29247069358825684,6.67169189453125
933,0,-9.0,0.16633272171020508,6.357559680938721
934,0,-9.0,0.4328245520591736,7.821582794189453
935,0,-9.0,0.5471991896629333,7.729450225830078
936,0,-9.0,0.3525274991989136,7.889725208282471
937,0,-9.0,0.2367366999387741,5.871230602264404
938,0,-9.0,0.5030984878540039,7.974856376647949
939,0,-9.0,0.2274434119462967,5.926146030426025
940,0,-9.0,0.13157698512077332,6.762380599975586
941,0,-9.0,0.3451087772846222,7.755889415740967
942,0,-9.0,0.1946498602628708,6.033156871795654
943,0,-9.0,0.14731422066688538,5.656712532043457
944,0,-9.0,0.16435205936431885,5.501317501068115
945,0,-9.0,0.20876820385456085,6.065778732299805
946,1,6.099999904632568,0.7459983825683594,5.325820446014404
947,1,6.099999904632568,0.7323387861251831,5.346198558807373
948,0,-6.099999904632568,0.7308635115623474,4.858084678649902
949,0,-6.099999904632568,0.7442826628684998,5.278443813323975
950,0,-6.099999904632568,0.7706764340400696,5.064970970153809
951,0,-6.099999904632568,0.6797194480895996,5.24374532699585
952,1,3.569999933242798,0.49363842606544495,6.0839362144470215
953,0,-3.569999933242798,0.5331277847290039,4.9472198486328125
954,0,-3.569999933242798,0.36426040530204773,5.1621294021606445
955,0,-3.569999933242798,0.4802379310131073,5.36436653137207
956,0,-3.569999933242798,0.49799737334251404,5.3324785232543945
957,0,-3.569999933242798,0.32773923873901367,5.101791858673096
958,0,-3.569999933242798,0.40250125527381897,5.637006759643555
959,0,-3.569999933242798,0.42153939604759216,5.75211238861084
960,0,-3.569999933242798,0.49177825450897217,5.204245567321777
961,0,-3.569999933242798,0.33930549025535583,4.296592712402344
962,0,-3.569999933242798,0.303501695394516,5.66297721862793
963,0,-3.569999933242798,0.44029000401496887,4.462427616119385
964,0,-3.569999933242798,0.2686581611633301,4.38198184967041
965,0,-3.569999933242798,0.3066805601119995,4.362337589263916
966,0,-3.569999933242798,0.30707570910453796,5.247557163238525
967,0,-3.569999933242798,0.31025758385658264,5.266058444976807
968,0,-3.569999933242798,0.36352694034576416,4.222421646118164
969,0,-3.569999933242798,0.3580720126628876,5.634456157684326
970,0,-3.569999933242798,0.32173845171928406,4.665711879730225
971,0,-3.569999933242798,0.18248549103736877,4.849970817565918
972,1,6.5,0.7364489436149597,5.968475341796875
973,1,6.5,0.7343617677688599,5.975001335144043
974,0,-6.5,0.7106147408485413,5.719715595245361
975,0,-6.5,0.709486186504364,6.0696635246276855
976,0,-6.5,0.6975681781768799,6.0749711990356445
977,1,6.440000057220459,0.5883933901786804,7.800956726074219
978,0,-6.440000057220459,0.6205966472625732,8.006753921508789
979,0,-6.440000057220459,0.5865200161933899,7.886523246765137
980,0,-6.440000057220459,0.6574774980545044,7.872629165649414
981,0,-6.440000057220459,0.5622504949569702,7.620044231414795
982,0,-6.440000057220459,0.5560524463653564,7.704138278961182
983,0,-6.440000057220459,0.5553751587867737,7.588165283203125
984,0,-6.440000057220459,0.6423933506011963,7.725388526916504
985,0,-6.440000057220459,0.5786843299865723,7.792320728302002
986,0,-6.440000057220459,0.4548751711845398,7.592617034912109
987,0,-6.440000057220459,0.5043463110923767,7.689266681671143
988,1,6.440000057220459,0.52061527967453,7.5927886962890625
989,0,-6.440000057220459,0.45318588614463806,7.481710433959961
990,0,-6.440000057220459,0.4166891276836395,6.548110485076904
991,0,-6.440000057220459,0.4987393319606781,7.7049994468688965
992,0,-6.440000057220459,0.48135730624198914,7.623190879821777
993,0,-6.440000057220459,0.36163103580474854,6.663915157318115
994,0,-6.440000057220459,0.4060222804546356,7.619812488555908
995,0,-6.440000057220459,0.49941015243530273,7.488986492156982
996,0,-6.440000057220459,0.5071438550949097,7.231606960296631
997,0,-6.440000057220459,0.37501469254493713,6.847060203552246
998,1,8.520000457763672,0.6624186635017395,7.682030200958252
999,0,-8.520000457763672,0.23281265795230865,6.81784200668335
1000,0,-8.520000457763672,0.25293096899986267,6.856638431549072
1001,0,-8.520000457763672,0.5079507827758789,7.093231201171875
1002,0,-8.520000457763672,0.38870856165885925,6.87963342666626
1003,0,-8.520000457763672,0.44219037890434265,6.943506717681885
1004,0,-8.520000457763672,0.24910590052604675,6.417635917663574
1005,0,-8.520000457763672,0.30636563897132874,6.607144832611084
1006,0,-8.520000457763672,0.3051280677318573,6.70665979385376
1007,0,-8.520000457763672,0.33677443861961365,6.999189853668213
1008,0,-8.520000457763672,0.2216607630252838,6.9639458656311035
1009,0,-8.520000457763672,0.4284800887107849,7.351787567138672
1010,0,-8.520000457763672,0.20405080914497375,7.180389404296875
1011,0,-8.520000457763672,0.36833125352859497,7.041286468505859
1012,0,-8.520000457763672,0.1798279881477356,6.370339393615723
1013,0,-8.520000457763672,0.43782126903533936,6.804471015930176
1014,0,-8.520000457763672,0.24763786792755127,7.41326904296875
1015,0,-8.520000457763672,0.16251255571842194,6.814096927642822
1016,0,-8.520000457763672,0.22513695061206818,6.843547821044922
1017,0,-8.520000457763672,0.22848671674728394,7.313508987426758
1018,0,-8.520000457763672,0.22432644665241241,6.450628757476807
1019,1,8.699999809265137,0.9157819747924805,7.426708221435547
1020,1,8.699999809265137,0.9067486524581909,7.546350002288818
1021,0,-8.699999809265137,0.6997671127319336,7.490311145782471
1022,1,8.699999809265137,0.8682118058204651,7.360805511474609
1023,0,-8.699999809265137,0.45633548498153687,7.346205234527588
1024,0,-8.699999809265137,0.30931055545806885,7.237894058227539
1025,0,-8.699999809265137,0.6286648511886597,7.551083564758301
1026,0,-8.699999809265137,0.4261006712913513,8.189131736755371
1027,0,-8.699999809265137,0.35126131772994995,8.259237289428711
1028,0,-8.699999809265137,0.2805821895599365,7.0560503005981445
1029,0,-8.699999809265137,0.27929195761680603,8.077637672424316
1030,0,-8.699999809265137,0.2883610129356384,8.025796890258789
1031,1,7.920000076293945,0.4646706283092499,7.018307209014893
1032,0,-7.920000076293945,0.43117597699165344,6.098720073699951
1033,0,-7.920000076293945,0.5956111550331116,6.467578411102295
1034,0,-7.920000076293945,0.4066045582294464,5.559064865112305
1035,0,-7.920000076293945,0.5974314212799072,6.883707046508789
1036,0,-7.920000076293945,0.3674231767654419,6.382406234741211
1037,0,-7.920000076293945,0.330158531665802,5.911027908325195
1038,1,7.920000076293945,0.4849621057510376,6.294495105743408
1039,0,-7.920000076293945,0.33852097392082214,5.32911491394043
1040,0,-7.920000076293945,0.3568814992904663,7.056634902954102
1041,0,-7.920000076293945,0.5298796892166138,7.213272571563721
1042,0,-7.920000076293945,0.35550162196159363,6.759339332580566
1043,0,-7.920000076293945,0.36674854159355164,6.859697341918945
1044,0,-7.920000076293945,0.3800899088382721,6.747344493865967
1045,0,-7.920000076293945,0.22074279189109802,5.667207717895508
1046,0,-7.920000076293945,0.31052452325820923,7.143406867980957
1047,0,-7.920000076293945,0.3276098966598511,6.598771572113037
1048,0,-7.920000076293945,0.46706724166870117,6.3316240310668945
1049,0,-7.920000076293945,0.48417043685913086,5.903810024261475
1050,0,-7.920000076293945,0.23300676047801971,5.378519058227539
1051,0,-7.920000076293945,0.19231058657169342,5.624567031860352
1052,0,-7.400000095367432,0.6615315675735474,6.00786828994751
1053,1,7.400000095367432,0.5441553592681885,6.37568998336792
1054,0,-7.400000095367432,0.5583718419075012,6.387405872344971
1055,1,7.400000095367432,0.5019248127937317,6.396356582641602
1056,0,-7.400000095367432,0.3560450077056885,6.047194957733154
1057,0,-7.400000095367432,0.18297238647937775,6.061760425567627
1058,0,-7.400000095367432,0.19836190342903137,5.628512859344482
1059,1,7.400000095367432,0.34567931294441223,6.250900745391846
1060,0,-7.400000095367432,0.10363160818815231,6.423839569091797
1061,0,-7.400000095367432,0.16612331569194794,6.224246501922607
1062,0,-7.400000095367432,0.38159847259521484,6.223072052001953
1063,0,-7.400000095367432,0.20549222826957703,6.245471477508545
1064,0,-7.400000095367432,0.2618078887462616,5.98229455947876
1065,0,-7.400000095367432,0.13735637068748474,6.098379611968994
1066,0,-7.400000095367432,0.20699448883533478,5.790623664855957
1067,0,-7.400000095367432,0.2600274384021759,5.746688365936279
1068,0,-7.400000095367432,0.10855378210544586,5.921512603759766
1069,0,-7.400000095367432,0.1314757764339447,5.857925891876221
1070,0,-7.400000095367432,0.1870068609714508,6.2633819580078125
1071,1,6.519999980926514,0.6926699280738831,6.985556602478027
1072,0,-6.519999980926514,0.5146657824516296,6.822442531585693
1073,0,-6.519999980926514,0.4315539598464966,7.023342609405518
1074,0,-6.519999980926514,0.5660313367843628,6.987192153930664
1075,1,6.519999980926514,0.6749257445335388,6.869205951690674
1076,0,-6.519999980926514,0.7100817561149597,6.861516952514648
1077,0,-6.519999980926514,0.44357267022132874,7.4294633865356445
1078,0,-6.519999980926514,0.3499152362346649,6.4696760177612305
1079,1,6.519999980926514,0.6899043917655945,6.464451789855957
1080,0,-6.519999980926514,0.42296797037124634,7.053719520568848
1081,0,-6.519999980926514,0.48965856432914734,6.896144866943359
1082,0,-6.519999980926514,0.43147629499435425,6.548203468322754
1083,0,-6.519999980926514,0.48695245385169983,6.768377304077148
1084,0,-6.519999980926514,0.2767135202884674,6.159413814544678
1085,0,-6.519999980926514,0.4239366352558136,6.590101718902588
1086,0,-6.519999980926514,0.25027623772621155,5.885016918182373
1087,0,-6.519999980926514,0.4552762806415558,7.2933244705200195
1088,0,-6.519999980926514,0.29349640011787415,6.793511390686035
1089,0,-6.519999980926514,0.3588378429412842,6.264869213104248
1090,0,-6.519999980926514,0.2653578817844391,5.884488582611084
1091,0,-6.519999980926514,0.341691255569458,5.657657623291016
1092,1,5.519999980926514,0.7562330961227417,5.894559383392334
1093,1,5.519999980926514,0.7559559941291809,5.906999111175537
1094,0,-5.519999980926514,0.5930954813957214,4.607318878173828
1095,0,-5.519999980926514,0.5568456053733826,4.436844825744629
1096,0,-5.519999980926514,0.6328754425048828,5.188373565673828
1097,0,-5.519999980926514,0.5931499004364014,5.318428039550781
1098,0,-5.519999980926514,0.7692861557006836,6.009157657623291
1099,0,-5.519999980926514,0.49290335178375244,4.249161243438721
1100,0,-5.519999980926514,0.6205246448516846,5.1384687423706055
1101,0,-5.519999980926514,0.2582196891307831,4.444845199584961
1102,0,-5.519999980926514,0.2502695620059967,4.213899612426758
1103,0,-5.519999980926514,0.5599856972694397,4.720050811767578
1104,0,-5.519999980926514,0.19519199430942535,5.278554439544678
1105,0,-5.519999980926514,0.22916191816329956,5.2435784339904785
1106,0,-5.519999980926514,0.3921697735786438,5.05090856552124
1107,0,-5.519999980926514,0.2635490298271179,5.412182807922363
1108,0,-5.519999980926514,0.2846733331680298,4.819807529449463
1109,0,-5.519999980926514,0.19000889360904694,5.3385491371154785
1110,0,-5.519999980926514,0.196373850107193,5.287341594696045
1111,0,-5.519999980926514,0.5460782647132874,4.567556381225586
1112,0,-5.519999980926514,0.2731480300426483,5.202920913696289
1113,1,7.320000171661377,0.7218593955039978,7.214588165283203
1114,0,-7.320000171661377,0.44030287861824036,6.016598701477051
1115,0,-7.320000171661377,0.35069915652275085,5.353053092956543
1116,0,-7.320000171661377,0.329584538936615,5.7785515785217285
1117,0,-7.320000171661377,0.3366871774196625,6.013438701629639
1118,0,-7.320000171661377,0.28312385082244873,5.811652660369873
1119,0,-7.320000171661377,0.27572932839393616,5.92294454574585
1120,0,-7.320000171661377,0.6476638913154602,8.056451797485352
1121,0,-7.320000171661377,0.27549076080322266,7.033662796020508
1122,0,-7.320000171661377,0.4320293366909027,6.173850059509277
1123,0,-7.320000171661377,0.38827577233314514,6.600207328796387
1124,0,-7.320000171661377,0.34774312376976013,6.306715965270996
1125,0,-7.320000171661377,0.39926087856292725,6.77028751373291
1126,0,-7.320000171661377,0.5406127572059631,8.156744003295898
1127,0,-7.320000171661377,0.2856423556804657,5.588147163391113
1128,0,-7.320000171661377,0.19458065927028656,6.549193859100342
1129,0,-7.320000171661377,0.2798827588558197,5.222886562347412
1130,0,-7.320000171661377,0.2150343358516693,6.198331356048584
1131,0,-7.320000171661377,0.36068934202194214,5.5507659912109375
1132,0,-7.320000171661377,0.33256879448890686,6.352509021759033
1133,1,3.9200000762939453,0.5837768912315369,5.260669231414795
1134,0,-3.9200000762939453,0.5603733062744141,5.60802698135376
1135,0,-3.9200000762939453,0.5961095094680786,5.563688278198242
1136,0,-3.9200000762939453,0.6077759265899658,5.395240783691406
1137,0,-3.9200000762939453,0.5669441223144531,5.440483093261719
1138,0,-3.9200000762939453,0.5851112604141235,5.313286304473877
1139,0,-3.9200000762939453,0.5669525861740112,5.562938213348389
1140,0,-3.9200000762939453,0.5837834477424622,5.339771747589111
1141,0,-3.9200000762939453,0.5802271962165833,5.319772243499756
1142,0,-3.9200000762939453,0.5678588151931763,5.5526299476623535
1143,0,-3.9200000762939453,0.6038439869880676,5.436327934265137
1144,0,-3.9200000762939453,0.5598872303962708,5.655226707458496
1145,0,-3.9200000762939453,0.5817092061042786,5.661534786224365
1146,0,-3.9200000762939453,0.5877050161361694,5.603866100311279
1147,0,-3.9200000762939453,0.593364953994751,5.331305980682373
1148,0,-3.9200000762939453,0.5698540806770325,5.637378215789795
1149,0,-3.9200000762939453,0.5954148769378662,5.61462926864624
1150,0,-3.9200000762939453,0.555467426776886,5.726683139801025
1151,0,-3.9200000762939453,0.5840874314308167,5.409914493560791
1152,0,-3.9200000762939453,0.5817385911941528,5.5120930671691895
1153,0,-3.9200000762939453,0.6136837601661682,5.311150550842285
1154,1,5.659999847412109,0.6943994164466858,4.592728137969971
1155,1,5.659999847412109,0.6565313935279846,4.1026716232299805
1156,0,-5.659999847412109,0.6786713600158691,5.0798516273498535
1157,0,-5.659999847412109,0.6887838244438171,5.066038608551025
1158,1,5.659999847412109,0.6931778788566589,4.5607500076293945
1159,0,-5.659999847412109,0.6588773131370544,4.62081241607666
1160,0,-5.659999847412109,0.6821048259735107,4.27755069732666
1161,0,-5.659999847412109,0.6627201437950134,4.797614097595215
1162,0,-5.659999847412109,0.6984898447990417,4.436579704284668
1163,0,-5.659999847412109,0.6455256342887878,4.366540908813477
1164,0,-5.659999847412109,0.6224395632743835,3.8945305347442627
1165,0,-5.659999847412109,0.654142439365387,4.140946865081787
1166,0,-5.659999847412109,0.6614935994148254,4.475634574890137
1167,0,-5.659999847412109,0.7026873230934143,5.174386978149414
1168,0,-5.659999847412109,0.6110907196998596,4.803555488586426
1169,0,-5.659999847412109,0.6099367141723633,3.3846044540405273
1170,0,-5.659999847412109,0.6221807599067688,4.356692790985107
1171,0,-5.659999847412109,0.4971673786640167,4.277218341827393
1172,0,-5.659999847412109,0.517379105091095,3.7687575817108154
1173,0,-5.659999847412109,0.5765206217765808,4.251178741455078
1174,0,-5.659999847412109,0.5624136328697205,3.435929536819458
1175,0,-11.09000015258789,0.2371147871017456,6.842945098876953
1176,0,-11.09000015258789,0.2610199749469757,7.255759239196777
1177,0,-11.09000015258789,0.23075087368488312,7.829403877258301
1178,0,-11.09000015258789,0.3530886471271515,7.452200889587402
1179,0,-11.09000015258789,0.2831510603427887,7.714223861694336
1180,0,-11.09000015258789,0.28904837369918823,7.538997650146484
1181,0,-11.09000015258789,0.27736395597457886,7.8816680908203125
1182,0,-11.09000015258789,0.2425951361656189,7.3734822273254395
1183,0,-11.09000015258789,0.2670629620552063,7.412039279937744
1184,0,-11.09000015258789,0.24960580468177795,7.422304630279541
1185,0,-11.09000015258789,0.2726513147354126,7.453459739685059
1186,0,-11.09000015258789,0.27984753251075745,8.248169898986816
1187,0,-11.09000015258789,0.3077159523963928,7.566221237182617
1188,0,-11.09000015258789,0.2669640779495239,7.493386268615723
1189,0,-11.09000015258789,0.3384838402271271,7.476474761962891
1190,0,-11.09000015258789,0.28881368041038513,7.338985919952393
1191,0,-11.09000015258789,0.2504248023033142,7.533667087554932
1192,0,-11.09000015258789,0.26110032200813293,7.839844703674316
1193,0,-11.09000015258789,0.27420729398727417,7.374162197113037
1194,0,-11.09000015258789,0.26126840710639954,7.6765289306640625
1195,0,-11.09000015258789,0.326963871717453,7.703751564025879
1196,1,5.639999866485596,0.7837212681770325,7.011256694793701
1197,1,5.639999866485596,0.7558654546737671,6.809906959533691
1198,0,-5.639999866485596,0.7972585558891296,6.843134880065918
1199,1,5.639999866485596,0.7670235633850098,6.859367370605469
1200,0,-5.639999866485596,0.7218892574310303,5.647215843200684
1201,1,4.010000228881836,0.7498764395713806,4.206044673919678
1202,1,4.010000228881836,0.7171128392219543,4.181867599487305
1203,1,4.010000228881836,0.7171347737312317,4.1832966804504395
1204,0,-4.010000228881836,0.3672838807106018,4.520627021789551
1205,0,-4.010000228881836,0.17662830650806427,5.169455528259277
1206,1,4.010000228881836,0.48386335372924805,4.202703475952148
1207,0,-4.010000228881836,0.2539342939853668,4.556458473205566
1208,0,-4.010000228881836,0.13601042330265045,5.062248706817627
1209,0,-4.010000228881836,0.26256656646728516,4.5064191818237305
1210,0,-4.010000228881836,0.5529237389564514,3.9172134399414062
1211,0,-4.010000228881836,0.2550385594367981,4.615945816040039
1212,0,-4.010000228881836,0.30625611543655396,4.093934535980225
1213,0,-4.010000228881836,0.327783465385437,3.6345133781433105
1214,0,-4.010000228881836,0.17135480046272278,4.174091815948486
1215,0,-4.010000228881836,0.30116763710975647,3.72345232963562
1216,0,-4.010000228881836,0.14816421270370483,4.57594108581543
1217,0,-4.010000228881836,0.2251441925764084,3.3985559940338135
1218,0,-4.010000228881836,0.14946334064006805,4.418593406677246
1219,0,-4.010000228881836,0.24929258227348328,3.8664190769195557
1220,1,6.260000228881836,0.3863682448863983,6.775916576385498
1221,0,-6.260000228881836,0.4292609691619873,6.566428184509277
1222,1,6.260000228881836,0.4918345808982849,6.708545207977295
1223,1,6.260000228881836,0.4597774147987366,6.458595275878906
1224,0,-6.260000228881836,0.3432382345199585,6.877457141876221
1225,0,-6.260000228881836,0.37729713320732117,6.731314659118652
1226,0,-6.260000228881836,0.608673632144928,7.082691669464111
1227,0,-6.260000228881836,0.6165299415588379,6.973062515258789
1228,0,-6.260000228881836,0.5846225619316101,6.240746021270752
1229,0,-6.260000228881836,0.44901013374328613,7.016782760620117
1230,0,-6.260000228881836,0.6119312644004822,6.98581600189209
1231,0,-6.260000228881836,0.5904272198677063,6.8445048332214355
1232,0,-6.260000228881836,0.7944156527519226,7.418038845062256
1233,0,-6.260000228881836,0.27635425329208374,6.5981574058532715
1234,0,-6.260000228881836,0.28540679812431335,6.414395332336426
1235,0,-6.260000228881836,0.802712619304657,7.522538661956787
1236,0,-6.260000228881836,0.32940202951431274,5.837353229522705
1237,0,-6.260000228881836,0.6124342083930969,6.604512691497803
1238,0,-6.260000228881836,0.25236475467681885,6.370595455169678
1239,0,-6.260000228881836,0.23891611397266388,6.315066814422607
1240,0,-6.260000228881836,0.5667760968208313,6.569336414337158
1241,1,6.260000228881836,0.6364948749542236,5.77547550201416
1242,1,6.260000228881836,0.6236965656280518,5.742924213409424
1243,0,-6.260000228881836,0.5822060704231262,5.91786527633667
1244,1,6.260000228881836,0.5795189142227173,5.650923252105713
1245,0,-6.260000228881836,0.5853736996650696,5.657904148101807
1246,0,-6.260000228881836,0.49107375741004944,5.615291595458984
1247,0,-6.260000228881836,0.4918034076690674,5.854350566864014
1248,0,-6.260000228881836,0.5659691691398621,5.610513210296631
1249,0,-6.260000228881836,0.5008177757263184,6.103832721710205
1250,0,-6.260000228881836,0.40623682737350464,5.871847629547119
1251,0,-6.260000228881836,0.5059265494346619,5.912848472595215
1252,0,-6.260000228881836,0.4483104348182678,5.790413856506348
1253,0,-6.260000228881836,0.4424566626548767,5.380407333374023
1254,0,-6.260000228881836,0.46607616543769836,5.784897804260254
1255,0,-6.260000228881836,0.39851462841033936,5.178582191467285
1256,0,-6.260000228881836,0.45036885142326355,5.938337326049805
1257,0,-6.260000228881836,0.43276670575141907,5.490422248840332
1258,1,5.21999979019165,0.6115661263465881,4.347645282745361
1259,1,5.21999979019165,0.5600430965423584,4.472090721130371
1260,0,-5.21999979019165,0.43685781955718994,4.6689372062683105
1261,0,-5.21999979019165,0.5532912015914917,3.765540838241577
1262,0,-5.21999979019165,0.5234705209732056,4.079001426696777
1263,0,-5.21999979019165,0.46627601981163025,4.099654197692871
1264,0,-5.21999979019165,0.5293251872062683,4.470224857330322
1265,0,-5.21999979019165,0.6641479730606079,5.047609329223633
1266,1,5.21999979019165,0.5530458092689514,4.136636257171631
1267,0,-5.21999979019165,0.5553853511810303,5.9098992347717285
1268,0,-5.21999979019165,0.43676313757896423,5.225333213806152
1269,0,-5.21999979019165,0.38153114914894104,4.983234882354736
1270,0,-5.21999979019165,0.577286422252655,3.7193658351898193
1271,0,-5.21999979019165,0.5312891006469727,5.578670978546143
1272,0,-5.21999979019165,0.38927459716796875,5.117305755615234
1273,0,-5.21999979019165,0.5795819163322449,3.737842559814453
1274,0,-5.21999979019165,0.3998405933380127,4.924710273742676
1275,0,-5.21999979019165,0.4514651894569397,3.747856616973877
1276,0,-5.21999979019165,0.3725222051143646,5.296966552734375
1277,0,-5.21999979019165,0.6265692114830017,3.398789167404175
1278,0,-5.21999979019165,0.39913028478622437,4.826834678649902
1279,1,5.639999866485596,0.6619275808334351,6.974863052368164
1280,0,-5.639999866485596,0.6352444291114807,5.949923515319824
1281,1,5.639999866485596,0.6190447807312012,6.841228485107422
1282,0,-5.639999866485596,0.529633641242981,5.5702104568481445
1283,1,5.639999866485596,0.60471111536026,6.790124416351318
1284,0,-5.639999866485596,0.420199990272522,5.5419230461120605
1285,0,-5.639999866485596,0.4339013397693634,5.480138778686523
1286,0,-5.639999866485596,0.5336493849754333,6.5803093910217285
1287,0,-5.639999866485596,0.35108768939971924,6.794858932495117
1288,0,-5.639999866485596,0.6136760115623474,5.842993259429932
1289,0,-5.639999866485596,0.5336971282958984,5.272765636444092
1290,0,-5.639999866485596,0.3704136312007904,5.318022727966309
1291,0,-5.639999866485596,0.5386650562286377,6.364695072174072
1292,0,-5.639999866485596,0.5482463836669922,4.840089321136475
1293,0,-5.639999866485596,0.45239219069480896,6.08897066116333
1294,0,-5.639999866485596,0.397516667842865,5.146787643432617
1295,0,-5.639999866485596,0.3639459013938904,3.8945887088775635
1296,0,-5.639999866485596,0.2919442355632782,5.131868839263916
1297,0,-5.639999866485596,0.3914041221141815,4.2550859451293945
1298,0,-5.639999866485596,0.40515512228012085,4.803412914276123
1299,0,-5.639999866485596,0.3323439061641693,4.929374694824219
1300,1,5.820000171661377,0.5486626625061035,5.2595014572143555
1301,0,-5.820000171661377,0.5781587958335876,4.4034295082092285
1302,0,-5.820000171661377,0.5237733125686646,5.004411220550537
1303,0,-5.820000171661377,0.3088543117046356,4.464773654937744
1304,0,-5.820000171661377,0.4997323155403137,4.777651309967041
1305,0,-5.820000171661377,0.5248706936836243,5.375822067260742
1306,0,-5.820000171661377,0.554877519607544,5.231184482574463
1307,0,-5.820000171661377,0.634522020816803,6.110381603240967
1308,0,-5.820000171661377,0.24979428946971893,4.821846008300781
1309,0,-5.820000171661377,0.4479072391986847,4.631143093109131
1310,0,-5.820000171661377,0.6085024476051331,4.817604064941406
1311,0,-5.820000171661377,0.5127955079078674,4.427048683166504
1312,0,-5.820000171661377,0.32236146926879883,4.496107578277588
1313,0,-5.820000171661377,0.6063892245292664,5.091269493103027
1314,0,-5.820000171661377,0.2955296039581299,4.903677940368652
1315,0,-5.820000171661377,0.4787366986274719,4.555455684661865
1316,0,-5.820000171661377,0.4203019440174103,4.625808238983154
1317,0,-5.820000171661377,0.594937801361084,5.980586051940918
1318,0,-5.820000171661377,0.3706236779689789,3.7348058223724365
1319,0,-5.820000171661377,0.43077850341796875,4.584007263183594
1320,0,-5.820000171661377,0.4204952120780945,3.896737813949585
1321,1,9.0,0.6627564430236816,6.094440937042236
1322,1,9.0,0.6594584584236145,6.095100402832031
1323,0,-9.0,0.588495135307312,6.3301215171813965
1324,0,-9.0,0.6827577948570251,6.003598690032959
1325,0,-9.0,0.43859732151031494,5.977461338043213
1326,0,-9.0,0.51349937915802,6.254210472106934
1327,0,-9.0,0.5561585426330566,5.841917037963867
1328,0,-9.0,0.539153516292572,5.932793140411377
1329,0,-9.0,0.48426690697669983,5.945168495178223
1330,0,-9.0,0.25163060426712036,6.261745452880859
1331,0,-9.0,0.3884262442588806,6.09907341003418
1332,0,-9.0,0.20118039846420288,5.8782429695129395
1333,0,-9.0,0.362851619720459,6.264743328094482
1334,0,-9.0,0.2964220941066742,5.522216320037842
1335,0,-9.0,0.28750941157341003,5.66679048538208
1336,0,-9.0,0.4277179539203644,5.909252166748047
1337,0,-9.0,0.4722976088523865,5.908340930938721
1338,0,-9.0,0.2573671042919159,5.780247211456299
1339,0,-9.0,0.43185892701148987,5.724917411804199
1340,0,-9.0,0.1434113085269928,6.131404876708984
1341,0,-9.0,0.294805645942688,5.772027492523193
1342,1,7.420000076293945,0.7555217742919922,8.019993782043457
1343,1,7.420000076293945,0.7471078634262085,7.870977401733398
1344,0,-7.420000076293945,0.5969955921173096,7.272459983825684
1345,1,7.420000076293945,0.7505863308906555,7.9987335205078125
1346,0,-7.420000076293945,0.7409887313842773,8.16818618774414
1347,1,9.300000190734863,0.8695835471153259,8.414661407470703
1348,1,9.300000190734863,0.8768741488456726,8.516438484191895
1349,1,8.109999656677246,0.7492197155952454,7.516197204589844
1350,1,8.109999656677246,0.7671055197715759,7.649658203125
1351,1,7.440000057220459,0.5239579081535339,6.1100687980651855
1352,0,-7.440000057220459,0.572837769985199,6.38999080657959
1353,0,-7.440000057220459,0.5839526057243347,6.5337300300598145
1354,1,7.440000057220459,0.5167932510375977,6.179463863372803
1355,1,7.440000057220459,0.49594783782958984,6.261314392089844
1356,0,-7.440000057220459,0.49985259771347046,6.484781265258789
1357,0,-7.440000057220459,0.38516783714294434,5.728400707244873
1358,0,-7.440000057220459,0.45699283480644226,5.52228307723999
1359,0,-7.440000057220459,0.3248057961463928,5.561005592346191
1360,0,-7.440000057220459,0.4097731411457062,6.332253932952881
1361,0,-7.440000057220459,0.32965439558029175,5.7813720703125
1362,0,-7.440000057220459,0.358938068151474,5.457767486572266
1363,0,-7.440000057220459,0.3479214608669281,5.4353814125061035
1364,0,-7.440000057220459,0.3525274991989136,5.779425621032715
1365,0,-7.440000057220459,0.3659523129463196,5.900135517120361
1366,0,-7.440000057220459,0.4000610113143921,5.761582374572754
1367,0,-7.440000057220459,0.41672831773757935,5.540839195251465
1368,0,-7.440000057220459,0.451793372631073,5.918363571166992
1369,0,-7.440000057220459,0.518723726272583,5.808134078979492
1370,0,-7.440000057220459,0.4533139169216156,6.339794635772705
1371,0,-7.440000057220459,0.39843133091926575,5.67689323425293
1372,0,-7.800000190734863,0.4306224584579468,8.257072448730469
1373,1,7.800000190734863,0.6118568778038025,8.271415710449219
1374,0,-7.800000190734863,0.5904058814048767,8.100536346435547
1375,0,-7.800000190734863,0.4401954412460327,8.070478439331055
1376,0,-7.800000190734863,0.3268938958644867,7.428382396697998
1377,0,-7.800000190734863,0.6133564114570618,9.540093421936035
1378,0,-7.800000190734863,0.48906004428863525,8.03079891204834
1379,0,-7.800000190734863,0.3927290141582489,7.864789962768555
1380,0,-7.800000190734863,0.39958152174949646,8.689226150512695
1381,0,-7.800000190734863,0.10524053126573563,6.760861873626709
1382,0,-7.800000190734863,0.2794063091278076,6.962775230407715
1383,0,-7.800000190734863,0.4884662926197052,9.096232414245605
1384,0,-7.800000190734863,0.5180742144584656,7.61107873916626
1385,0,-7.800000190734863,0.18144825100898743,7.261750221252441
1386,0,-7.800000190734863,0.329619824886322,8.139642715454102
1387,0,-7.800000190734863,0.24204255640506744,7.87470006942749
1388,0,-7.800000190734863,0.29343992471694946,7.681882381439209
1389,0,-7.800000190734863,0.3609866499900818,7.902071952819824
1390,0,-7.800000190734863,0.43864908814430237,8.488308906555176
1391,0,-7.800000190734863,0.27582454681396484,7.205201148986816
1392,1,8.300000190734863,0.7103015780448914,8.136722564697266
1393,1,8.300000190734863,0.7071456909179688,8.16159725189209
1394,0,-8.300000190734863,0.5962312817573547,7.951540946960449
1395,0,-8.300000190734863,0.4989115595817566,6.356804370880127
1396,0,-8.300000190734863,0.4087521731853485,7.747543811798096
1397,0,-8.300000190734863,0.3243679702281952,6.5973944664001465
1398,0,-8.300000190734863,0.4239565134048462,6.2396650314331055
1399,0,-8.300000190734863,0.43656685948371887,6.522463321685791
1400,0,-8.300000190734863,0.3808037340641022,6.606720924377441
1401,0,-8.300000190734863,0.27989789843559265,6.486514091491699
1402,0,-8.300000190734863,0.5113657116889954,7.8918843269348145
1403,0,-8.300000190734863,0.34929507970809937,7.60740852355957
1404,0,-8.300000190734863,0.4976041913032532,7.176980972290039
1405,0,-8.300000190734863,0.3762168288230896,7.166766166687012
1406,0,-8.300000190734863,0.2322322577238083,6.533664703369141
1407,1,6.730000019073486,0.6528412699699402,6.195548057556152
1408,1,6.730000019073486,0.5844385623931885,5.923320770263672
1409,1,6.730000019073486,0.6220260858535767,6.097665309906006
1410,0,-6.730000019073486,0.27552807331085205,6.503981590270996
1411,0,-6.730000019073486,0.5276170372962952,6.298250198364258
1412,0,-6.730000019073486,0.418645441532135,5.778036117553711
1413,0,-6.730000019073486,0.39442917704582214,6.397390365600586
1414,0,-6.730000019073486,0.48642104864120483,5.87442684173584
1415,0,-6.730000019073486,0.3272043466567993,6.9705119132995605
1416,1,7.21999979019165,0.5689470171928406,6.7532877922058105
1417,0,-7.21999979019165,0.6087019443511963,6.294112682342529
1418,0,-7.21999979019165,0.6079911589622498,6.28825044631958
1419,0,-7.21999979019165,0.6128390431404114,6.277966499328613
1420,0,-7.21999979019165,0.5761829614639282,5.828625679016113
1421,0,-7.21999979019165,0.5673214197158813,5.739880084991455
1422,0,-7.21999979019165,0.5755879878997803,5.711194038391113
1423,0,-7.21999979019165,0.5922277569770813,6.123105525970459
1424,0,-7.21999979019165,0.5652413964271545,5.693538188934326
1425,0,-7.21999979019165,0.36971724033355713,7.265471935272217
1426,0,-7.21999979019165,0.5822235941886902,6.534678936004639
1427,1,7.21999979019165,0.5627856850624084,6.578234672546387
1428,0,-7.21999979019165,0.2864370346069336,6.984482765197754
1429,0,-7.21999979019165,0.5262587666511536,6.353726863861084
1430,0,-7.21999979019165,0.5001276731491089,5.376270294189453
1431,0,-7.21999979019165,0.3009410798549652,6.474275588989258
1432,0,-7.21999979019165,0.4449830949306488,6.56519889831543
1433,0,-7.21999979019165,0.2634957730770111,6.899709701538086
1434,0,-7.21999979019165,0.667901337146759,5.840644836425781
1435,0,-7.21999979019165,0.6311663389205933,5.176816463470459
1436,1,5.920000076293945,0.5574462413787842,5.363195896148682
1437,0,-5.920000076293945,0.5455765724182129,5.214056015014648
1438,0,-5.920000076293945,0.42654937505722046,5.086556434631348
1439,1,5.920000076293945,0.554330050945282,5.305087089538574
1440,0,-5.920000076293945,0.5316535234451294,5.1486310958862305
1441,0,-5.920000076293945,0.2654847800731659,4.65129280090332
1442,0,-5.920000076293945,0.30535024404525757,4.814950466156006
1443,0,-5.920000076293945,0.4660063087940216,5.187190532684326
1444,0,-5.920000076293945,0.1502690315246582,4.472265243530273
1445,0,-5.920000076293945,0.20259416103363037,4.844491481781006
1446,0,-5.920000076293945,0.3411038815975189,5.257381439208984
1447,0,-5.920000076293945,0.44910773634910583,5.1406636238098145
1448,0,-5.920000076293945,0.1332646906375885,4.470559597015381
1449,0,-5.920000076293945,0.3105429708957672,5.043072700500488
1450,0,-5.920000076293945,0.14232492446899414,4.2432050704956055
1451,0,-5.920000076293945,0.24654367566108704,5.453971862792969
1452,0,-5.920000076293945,0.13247515261173248,4.590651035308838
1453,0,-5.920000076293945,0.2938956320285797,5.527180194854736
1454,0,-5.920000076293945,0.3929193317890167,5.146298408508301
1455,0,-5.920000076293945,0.25619563460350037,4.823046684265137
1456,0,-5.920000076293945,0.1868346780538559,4.9313530921936035
1457,1,5.849999904632568,0.706305980682373,6.885371208190918
1458,0,-5.849999904632568,0.6439977884292603,6.628674030303955
1459,1,5.849999904632568,0.745591938495636,7.190468788146973
1460,0,-5.849999904632568,0.5680164694786072,6.183567523956299
1461,1,5.849999904632568,0.7260233163833618,7.002311706542969
1462,0,-5.849999904632568,0.669293999671936,6.750051975250244
1463,1,5.849999904632568,0.611305832862854,6.650018692016602
1464,0,-5.849999904632568,0.5179285407066345,6.1678948402404785
1465,0,-5.849999904632568,0.5659064650535583,7.553345680236816
1466,0,-5.849999904632568,0.5467492341995239,7.191549777984619
1467,0,-5.849999904632568,0.5790701508522034,6.515613079071045
1468,0,-5.849999904632568,0.5290462374687195,6.514342784881592
1469,0,-5.849999904632568,0.43856143951416016,7.516714096069336
1470,0,-5.849999904632568,0.6014047861099243,6.813294887542725
1471,0,-5.849999904632568,0.5066210627555847,7.190615653991699
1472,0,-5.849999904632568,0.44006645679473877,4.959708213806152
1473,0,-5.849999904632568,0.3826068937778473,7.245051860809326
1474,0,-5.849999904632568,0.4962189495563507,7.17526912689209
1475,0,-5.849999904632568,0.46618348360061646,7.086230754852295
1476,0,-5.849999904632568,0.4690380096435547,6.987232208251953
1477,0,-5.849999904632568,0.4914375841617584,7.083757400512695
1478,1,2.5199999809265137,0.4742114841938019,2.6511402130126953
1479,0,-2.5199999809265137,0.5527442693710327,2.5811479091644287
1480,0,-2.5199999809265137,0.6214414834976196,2.1567392349243164
1481,0,-2.5199999809265137,0.5992839932441711,2.237856388092041
1482,0,-2.5199999809265137,0.624992311000824,2.4260623455047607
1483,0,-2.5199999809265137,0.5210493803024292,2.275826930999756
1484,0,-2.5199999809265137,0.4990490674972534,2.2702393531799316
1485,0,-2.5199999809265137,0.5907073616981506,2.657365083694458
1486,0,-2.5199999809265137,0.5719929933547974,2.2534666061401367
1487,0,-2.5199999809265137,0.42284873127937317,2.2119312286376953
1488,1,2.5199999809265137,0.6085195541381836,2.6676063537597656
1489,0,-2.5199999809265137,0.4829423427581787,2.8223860263824463
1490,0,-2.5199999809265137,0.4914235770702362,2.1887288093566895
1491,0,-2.5199999809265137,0.45902177691459656,2.7989354133605957
1492,0,-2.5199999809265137,0.5209728479385376,2.2589073181152344
1493,0,-2.5199999809265137,0.41432392597198486,2.542659282684326
1494,0,-2.5199999809265137,0.4688493609428406,2.5174994468688965
1495,0,-2.5199999809265137,0.4175803065299988,2.433251142501831
1496,0,-2.5199999809265137,0.47670096158981323,2.6268701553344727
1497,0,-2.5199999809265137,0.447247177362442,2.279825210571289
1498,0,-2.5199999809265137,0.47617030143737793,2.3908119201660156
1499,1,3.299999952316284,0.4748222231864929,4.334972858428955
1500,1,3.299999952316284,0.42911046743392944,4.7620344161987305
1501,0,-3.299999952316284,0.4987491965293884,4.228279113769531
1502,0,-3.299999952316284,0.5389889478683472,4.100568771362305
1503,0,-3.299999952316284,0.49906474351882935,4.12869119644165
1504,0,-3.299999952316284,0.2905033826828003,5.260162830352783
1505,0,-3.299999952316284,0.4502258598804474,4.416507720947266
1506,0,-3.299999952316284,0.6260484457015991,3.523160219192505
1507,0,-3.299999952316284,0.3789411187171936,4.577477931976318
1508,0,-3.299999952316284,0.4176095128059387,4.90839958190918
1509,0,-3.299999952316284,0.4489292800426483,4.672776222229004
1510,0,-3.299999952316284,0.2650924324989319,5.425283432006836
1511,0,-3.299999952316284,0.38463419675827026,4.696521759033203
1512,0,-3.299999952316284,0.2444637417793274,5.374201774597168
1513,0,-3.299999952316284,0.2995363473892212,4.717308521270752
1514,0,-3.299999952316284,0.43156152963638306,4.3363728523254395
1515,0,-3.299999952316284,0.23708172142505646,4.732500076293945
1516,0,-3.299999952316284,0.3884143531322479,3.756258487701416
1517,0,-3.299999952316284,0.3941035568714142,5.3402018547058105
1518,0,-3.299999952316284,0.46918031573295593,4.62211799621582
1519,1,2.2899999618530273,0.6681488752365112,3.219182252883911
1520,1,2.2899999618530273,0.6602243781089783,3.192120313644409
1521,0,-2.2899999618530273,0.5313584208488464,2.9774010181427
1522,0,-2.2899999618530273,0.5395934581756592,3.02889084815979
1523,0,-2.2899999618530273,0.6063564419746399,3.3349449634552
1524,0,-2.2899999618530273,0.6518105864524841,2.864088535308838
1525,0,-2.2899999618530273,0.4761526882648468,3.066511631011963
1526,0,-2.2899999618530273,0.47913074493408203,3.038144826889038
1527,0,-2.2899999618530273,0.5604040026664734,3.382422924041748
1528,0,-2.2899999618530273,0.42606815695762634,3.479811429977417
1529,0,-2.2899999618530273,0.5376597046852112,4.202123165130615
1530,0,-2.2899999618530273,0.350171834230423,3.9910542964935303
1531,0,-2.2899999618530273,0.35845330357551575,3.9826831817626953
1532,0,-2.2899999618530273,0.29671868681907654,4.387470245361328
1533,0,-2.2899999618530273,0.4548165798187256,3.2001094818115234
1534,0,-2.2899999618530273,0.35730600357055664,3.522916555404663
1535,0,-2.2899999618530273,0.45955297350883484,3.2191343307495117
1536,0,-2.2899999618530273,0.2912140488624573,4.138311386108398
1537,0,-2.2899999618530273,0.37459075450897217,4.239952564239502
1538,0,-2.2899999618530273,0.37058040499687195,3.9687070846557617
1539,0,-2.2899999618530273,0.42575839161872864,3.807532787322998
1540,1,7.519999980926514,0.7145452499389648,6.943335056304932
1541,1,7.519999980926514,0.7096264958381653,6.935748100280762
1542,0,-7.519999980926514,0.5807883739471436,6.7292962074279785
1543,0,-7.519999980926514,0.31345367431640625,6.965879917144775
1544,0,-7.519999980926514,0.27704885601997375,6.48759126663208
1545,0,-7.519999980926514,0.3263998031616211,7.001132488250732
1546,0,-7.519999980926514,0.26298072934150696,6.148138046264648
1547,0,-7.519999980926514,0.36595526337623596,6.916802883148193
1548,0,-7.519999980926514,0.3280901610851288,7.0604143142700195
1549,0,-7.519999980926514,0.4303179979324341,6.9883012771606445
1550,0,-7.519999980926514,0.29584330320358276,7.169617652893066
1551,0,-7.519999980926514,0.3248724043369293,6.501089096069336
1552,0,-7.519999980926514,0.3301064670085907,6.710873126983643
1553,0,-7.519999980926514,0.20864692330360413,6.533809185028076
1554,0,-7.519999980926514,0.39219340682029724,7.038739204406738
1555,0,-7.519999980926514,0.20841336250305176,6.560734272003174
1556,1,5.769999980926514,0.6565145254135132,5.438085079193115
1557,1,5.769999980926514,0.5751967430114746,5.479050636291504
1558,0,-5.769999980926514,0.3276982307434082,6.0454230308532715
1559,0,-5.769999980926514,0.26998868584632874,6.1250433921813965
1560,0,-5.769999980926514,0.23931872844696045,5.570751190185547
1561,0,-5.769999980926514,0.40152716636657715,3.940742254257202
1562,0,-5.769999980926514,0.3552373945713043,5.852377414703369
1563,0,-5.769999980926514,0.2984369695186615,4.5345611572265625
1564,0,-5.769999980926514,0.4488316476345062,5.485464096069336
1565,0,-5.769999980926514,0.22289744019508362,5.467035293579102
1566,0,-5.769999980926514,0.15230537950992584,6.625361442565918
1567,0,-5.769999980926514,0.18653631210327148,6.039079666137695
1568,0,-5.769999980926514,0.22139084339141846,6.010948181152344
1569,0,-5.769999980926514,0.27690601348876953,4.878198623657227
1570,0,-5.769999980926514,0.14814095199108124,6.050988674163818
1571,0,-5.769999980926514,0.23744048178195953,4.553330421447754
1572,0,-5.769999980926514,0.1593906581401825,5.071100234985352
1573,0,-5.769999980926514,0.1826791614294052,5.418584823608398
1574,0,-5.769999980926514,0.20878589153289795,3.996082305908203
1575,0,-5.769999980926514,0.1586022675037384,5.593055725097656
1576,1,2.8399999141693115,0.7062028050422668,3.0308313369750977
1577,1,2.8399999141693115,0.6974108219146729,2.9696149826049805
1578,0,-2.8399999141693115,0.5658197402954102,4.438990592956543
1579,0,-2.8399999141693115,0.5016962289810181,4.467462539672852
1580,0,-2.8399999141693115,0.2720394730567932,3.530322790145874
1581,0,-2.8399999141693115,0.5175031423568726,3.9931163787841797
1582,0,-2.8399999141693115,0.35620754957199097,3.168584108352661
1583,0,-2.8399999141693115,0.5126622319221497,3.9473719596862793
1584,0,-2.8399999141693115,0.4473206102848053,4.184506416320801
1585,0,-2.8399999141693115,0.4201148748397827,4.64254093170166
1586,0,-2.8399999141693115,0.4204391539096832,3.962364673614502
1587,0,-2.8399999141693115,0.4972715675830841,3.1746714115142822
1588,0,-2.8399999141693115,0.5004894137382507,4.480714797973633
1589,0,-2.8399999141693115,0.408203125,3.176194667816162
1590,0,-2.8399999141693115,0.5193216800689697,2.981715440750122
1591,0,-2.8399999141693115,0.4518711268901825,4.268057823181152
1592,0,-2.8399999141693115,0.45484796166419983,2.6453118324279785
1593,0,-2.8399999141693115,0.4450910687446594,4.120421409606934
1594,0,-2.8399999141693115,0.37048768997192383,3.5757646560668945
1595,0,-2.8399999141693115,0.499275267124176,3.851130962371826
1596,0,-8.569999694824219,0.6427027583122253,5.678108215332031
1597,1,8.569999694824219,0.8490502834320068,7.590470314025879
1598,0,-8.569999694824219,0.7987844347953796,6.869677543640137
1599,0,-8.569999694824219,0.7932624220848083,6.7912116050720215
1600,0,-8.569999694824219,0.7373497486114502,6.7003173828125
1601,0,-8.569999694824219,0.6636500954627991,5.90170955657959
1602,0,-8.569999694824219,0.6102032661437988,5.39799690246582
1603,0,-8.569999694824219,0.5228340029716492,4.709756851196289
1604,0,-8.569999694824219,0.35714343190193176,3.509063720703125
1605,0,-8.569999694824219,0.5960955619812012,4.850192070007324
1606,0,-8.569999694824219,0.2925695776939392,3.5023090839385986
1607,0,-8.569999694824219,0.5392424464225769,4.7458882331848145
1608,0,-8.569999694824219,0.6627789735794067,5.113974094390869
1609,0,-8.569999694824219,0.32763680815696716,3.973367691040039
1610,0,-8.569999694824219,0.5156610608100891,4.758441925048828
1611,0,-8.569999694824219,0.5048384070396423,4.754946231842041
1612,0,-8.569999694824219,0.3481205105781555,3.7875313758850098
1613,0,-8.569999694824219,0.4602833390235901,4.807881832122803
1614,0,-8.569999694824219,0.3313940465450287,3.4588582515716553
1615,0,-8.569999694824219,0.6606451869010925,5.590359210968018
1616,0,-8.569999694824219,0.34059834480285645,3.243910074234009
1617,1,7.320000171661377,0.802911639213562,7.309883117675781
1618,1,7.320000171661377,0.7890845537185669,7.426224231719971
1619,0,-7.320000171661377,0.6286485195159912,7.138996124267578
1620,0,-7.320000171661377,0.5632794499397278,7.000503063201904
1621,0,-7.320000171661377,0.6640651226043701,7.196987628936768
1622,0,-7.320000171661377,0.5068897604942322,7.336487293243408
1623,0,-7.320000171661377,0.6730576157569885,6.844534873962402
1624,0,-7.320000171661377,0.5528214573860168,6.715384483337402
1625,0,-7.320000171661377,0.5874895453453064,7.220534324645996
1626,0,-7.320000171661377,0.5224182605743408,6.9218339920043945
1627,0,-7.320000171661377,0.26865971088409424,5.33784294128418
1628,0,-7.320000171661377,0.5776503086090088,6.770064830780029
1629,0,-7.320000171661377,0.4725033640861511,6.5788116455078125
1630,1,7.320000171661377,0.7232224345207214,7.162526607513428
1631,0,-7.320000171661377,0.4625264108181,6.956435203552246
1632,0,-7.320000171661377,0.3717556595802307,6.495480060577393
1633,0,-7.320000171661377,0.46397992968559265,6.150351047515869
1634,0,-7.320000171661377,0.3694292902946472,6.606071472167969
1635,0,-7.320000171661377,0.5429518222808838,6.970341682434082
1636,0,-7.320000171661377,0.4606311619281769,7.306439399719238
1637,1,4.300000190734863,0.6597777605056763,5.489854335784912
1638,1,4.300000190734863,0.6984291672706604,6.10122537612915
1639,1,4.300000190734863,0.6426632404327393,5.897189617156982
1640,0,-4.300000190734863,0.7065639495849609,5.5947794914245605
1641,0,-4.300000190734863,0.5754097104072571,6.284650802612305
1642,0,-4.300000190734863,0.38709354400634766,6.2027363777160645
1643,0,-4.300000190734863,0.3699500560760498,5.880751132965088
1644,0,-4.300000190734863,0.3459521532058716,5.99548864364624
1645,0,-4.300000190734863,0.4775557816028595,5.88669490814209
1646,0,-4.300000190734863,0.296073853969574,6.540889739990234
1647,0,-4.300000190734863,0.35518181324005127,6.322561264038086
1648,0,-4.300000190734863,0.5619526505470276,6.001072883605957
1649,0,-4.300000190734863,0.39445003867149353,5.811553001403809
1650,0,-4.300000190734863,0.6867691278457642,6.246854782104492
1651,0,-4.300000190734863,0.39029890298843384,6.0073561668396
1652,0,-4.300000190734863,0.3190743625164032,5.824841499328613
1653,0,-4.300000190734863,0.5117378830909729,6.470042705535889
1654,0,-4.300000190734863,0.2804243266582489,5.798595428466797
1655,0,-4.300000190734863,0.49562928080558777,6.556504726409912
1656,0,-4.300000190734863,0.3965643048286438,7.176853179931641
1657,0,-4.300000190734863,0.3480948507785797,5.607883453369141
1658,1,4.429999828338623,0.5026196837425232,4.54423189163208
1659,0,-4.429999828338623,0.6311308145523071,4.686315536499023
1660,0,-4.429999828338623,0.5464377999305725,5.208894729614258
1661,0,-4.429999828338623,0.6282816529273987,3.7222728729248047
1662,0,-4.429999828338623,0.5982271432876587,5.428309440612793
1663,0,-4.429999828338623,0.5740901231765747,4.149423599243164
1664,0,-4.429999828338623,0.49485188722610474,5.330265522003174
1665,0,-4.429999828338623,0.5443117022514343,5.041806697845459
1666,0,-4.429999828338623,0.5315859317779541,4.381640434265137
1667,0,-4.429999828338623,0.5831072330474854,6.035439968109131
1668,0,-4.429999828338623,0.4598866403102875,5.2102460861206055
1669,0,-4.429999828338623,0.5693870186805725,3.574953079223633
1670,0,-4.429999828338623,0.5949535369873047,3.7696738243103027
1671,0,-4.429999828338623,0.49092617630958557,5.038430690765381
1672,1,4.429999828338623,0.5150976181030273,4.792572021484375
1673,0,-4.429999828338623,0.5004911422729492,5.487911224365234
1674,0,-4.429999828338623,0.5908077955245972,3.8094959259033203
1675,0,-4.429999828338623,0.5203258395195007,4.663184642791748
1676,1,4.429999828338623,0.42644959688186646,5.268768310546875
1677,0,-4.429999828338623,0.4160650968551636,5.217835426330566
1678,1,7.960000038146973,0.5005590319633484,6.347372531890869
1679,1,7.960000038146973,0.5098255276679993,6.068289279937744
1680,0,-7.960000038146973,0.24579188227653503,6.362484931945801
1681,0,-7.960000038146973,0.4605094790458679,7.4500813484191895
1682,0,-7.960000038146973,0.3949342668056488,5.952181816101074
1683,0,-7.960000038146973,0.12265720963478088,6.558454513549805
1684,0,-7.960000038146973,0.17116746306419373,6.859401702880859
1685,0,-7.960000038146973,0.32311302423477173,6.450815200805664
1686,0,-7.960000038146973,0.42522093653678894,6.290988445281982
1687,0,-7.960000038146973,0.4532807469367981,7.243666172027588
1688,0,-7.960000038146973,0.4387125074863434,6.324846267700195
1689,0,-7.960000038146973,0.38824936747550964,6.583932876586914
1690,0,-7.960000038146973,0.19440069794654846,6.282022476196289
1691,0,-7.960000038146973,0.41755303740501404,6.854572772979736
1692,0,-7.960000038146973,0.17044368386268616,7.1865644454956055
1693,0,-7.960000038146973,0.20356228947639465,6.364436626434326
1694,0,-7.960000038146973,0.32259365916252136,5.9789204597473145
1695,0,-7.960000038146973,0.162870392203331,6.351443290710449
1696,0,-7.960000038146973,0.19805312156677246,6.076744079589844
1697,0,-7.960000038146973,0.09831675887107849,6.788358211517334
1698,1,7.46999979019165,0.7061113119125366,6.528326034545898
1699,0,-7.46999979019165,0.6698896884918213,6.109467029571533
1700,0,-7.46999979019165,0.8165070414543152,6.465798377990723
1701,1,7.46999979019165,0.7570674419403076,6.516880989074707
1702,0,-7.46999979019165,0.528766393661499,6.873112678527832
1703,0,-7.46999979019165,0.692022979259491,6.1898417472839355
1704,0,-7.46999979019165,0.563978910446167,6.202371120452881
1705,0,-7.46999979019165,0.5401162505149841,6.445324897766113
1706,0,-7.46999979019165,0.37387794256210327,5.210599422454834
1707,0,-7.46999979019165,0.368265837430954,6.646206855773926
1708,0,-7.46999979019165,0.38905107975006104,6.347219467163086
1709,0,-7.46999979019165,0.6613183617591858,6.268812656402588
1710,0,-7.46999979019165,0.35766541957855225,6.721212387084961
1711,0,-7.46999979019165,0.3711260259151459,6.277777671813965
1712,0,-7.46999979019165,0.40812116861343384,7.027942657470703
1713,0,-7.46999979019165,0.5467273592948914,5.692286968231201
1714,0,-7.46999979019165,0.3723341226577759,5.19023323059082
1715,0,-7.46999979019165,0.4504505395889282,6.0241899490356445
1716,0,-7.46999979019165,0.4395883083343506,6.42130708694458
1717,0,-7.46999979019165,0.23328255116939545,4.708448886871338
1718,0,-7.46999979019165,0.4475661516189575,4.991654872894287
1719,1,8.520000457763672,0.5967994332313538,6.9180192947387695
1720,1,8.520000457763672,0.5696128010749817,6.852396488189697
1721,0,-8.520000457763672,0.3839871287345886,6.298377513885498
1722,0,-8.520000457763672,0.29245731234550476,6.575724124908447
1723,1,2.119999885559082,0.6201208829879761,2.5673110485076904
1724,0,-2.119999885559082,0.5451428294181824,2.308454990386963
1725,0,-2.119999885559082,0.5096920728683472,2.398987054824829
1726,0,-2.119999885559082,0.49440130591392517,2.4739036560058594
1727,1,2.119999885559082,0.6116003394126892,2.256577491760254
1728,0,-2.119999885559082,0.4745021164417267,3.285977602005005
1729,0,-2.119999885559082,0.5419391393661499,3.077118396759033
1730,0,-2.119999885559082,0.5551541447639465,2.7220094203948975
1731,0,-2.119999885559082,0.37373241782188416,3.0598340034484863
1732,0,-2.119999885559082,0.40715405344963074,3.0079357624053955
1733,0,-2.119999885559082,0.4838152527809143,2.481435537338257
1734,0,-2.119999885559082,0.44496428966522217,2.686006784439087
1735,0,-2.119999885559082,0.4152575433254242,2.876417398452759
1736,0,-2.119999885559082,0.553676962852478,2.4191548824310303
1737,0,-2.119999885559082,0.4383733570575714,3.639376640319824
1738,0,-2.119999885559082,0.547619640827179,2.4752776622772217
1739,0,-2.119999885559082,0.38270270824432373,3.1497886180877686
1740,0,-2.119999885559082,0.49196857213974,2.5949463844299316
1741,0,-2.119999885559082,0.3894975185394287,2.826908588409424
1742,0,-2.119999885559082,0.4270443916320801,3.893909454345703
1743,0,-2.119999885559082,0.4913410544395447,3.87449312210083
1744,1,9.539999961853027,0.8362380266189575,8.590731620788574
1745,1,9.539999961853027,0.8361722826957703,8.588869094848633
1746,1,9.539999961853027,0.836636483669281,8.634502410888672
1747,0,-9.539999961853027,0.8234513998031616,8.475363731384277
1748,0,-9.539999961853027,0.8398308157920837,7.90872049331665
1749,1,7.400000095367432,0.7325329184532166,6.894561767578125
1750,0,-7.400000095367432,0.7475724816322327,6.956643104553223
1751,0,-7.400000095367432,0.7620890140533447,7.1306915283203125
1752,0,-7.400000095367432,0.7855432629585266,6.757795333862305
1753,0,-7.400000095367432,0.718643307685852,6.960587501525879
1754,0,-7.400000095367432,0.46505826711654663,6.682040691375732
1755,0,-7.400000095367432,0.7236166596412659,6.089486122131348
1756,0,-7.400000095367432,0.7562164068222046,6.8778228759765625
1757,0,-7.400000095367432,0.39873215556144714,5.560878753662109
1758,0,-7.400000095367432,0.4368424117565155,5.90833854675293
1759,0,-7.400000095367432,0.5482346415519714,6.497513771057129
1760,0,-7.400000095367432,0.4637603461742401,6.098690986633301
1761,0,-7.400000095367432,0.6004091501235962,5.784224987030029
1762,0,-7.400000095367432,0.7159492373466492,5.942207336425781
1763,0,-7.400000095367432,0.5127534866333008,6.663005828857422
1764,0,-7.400000095367432,0.5489529967308044,5.708141326904297
1765,0,-7.400000095367432,0.4453459680080414,6.006609916687012
1766,0,-7.400000095367432,0.39919453859329224,5.7956862449646
1767,0,-7.400000095367432,0.44908690452575684,5.929686069488525
1768,0,-7.400000095367432,0.27724045515060425,5.329410552978516
1769,0,-7.400000095367432,0.42009276151657104,5.6744279861450195
1770,1,7.119999885559082,0.823363721370697,8.173125267028809
1771,1,7.119999885559082,0.8252183794975281,8.191564559936523
1772,0,-7.119999885559082,0.8100383281707764,8.54281997680664
1773,0,-7.119999885559082,0.802506148815155,7.631569862365723
1774,0,-7.119999885559082,0.7924942374229431,8.704283714294434
1775,1,2.569999933242798,0.7460940480232239,3.607445001602173
1776,1,2.569999933242798,0.7464757561683655,3.5882046222686768
1777,1,2.569999933242798,0.7406354546546936,3.549609661102295
1778,0,-2.569999933242798,0.4845041036605835,3.7978975772857666
1779,0,-2.569999933242798,0.38543710112571716,3.8022079467773438
1780,1,2.569999933242798,0.6573648452758789,3.6497955322265625
1781,0,-2.569999933242798,0.3174082934856415,3.76282000541687
1782,1,2.569999933242798,0.6618556976318359,3.4913036823272705
1783,0,-2.569999933242798,0.38561972975730896,3.0399606227874756
1784,0,-2.569999933242798,0.2917114496231079,3.690873384475708
1785,0,-2.569999933242798,0.28795528411865234,3.81085205078125
1786,0,-2.569999933242798,0.3368546664714813,2.8824169635772705
1787,1,2.569999933242798,0.5979544520378113,3.5271286964416504
1788,1,2.569999933242798,0.5923036336898804,3.585991382598877
1789,0,-2.569999933242798,0.36602291464805603,3.0417678356170654
1790,0,-2.569999933242798,0.2621416747570038,3.8022267818450928
1791,0,-2.569999933242798,0.26945599913597107,2.9368841648101807
1792,0,-2.569999933242798,0.5799604654312134,3.5210695266723633
1793,0,-2.569999933242798,0.30593639612197876,3.0133519172668457
1794,0,-2.569999933242798,0.40851131081581116,3.6943881511688232
1795,1,5.019999980926514,0.6306431293487549,6.569831371307373
1796,1,5.019999980926514,0.6071784496307373,6.357688903808594
1797,0,-5.019999980926514,0.5801122188568115,6.339392185211182
1798,0,-5.019999980926514,0.4029015004634857,6.234354496002197
1799,0,-5.019999980926514,0.2295062243938446,6.581061363220215
1800,0,-5.019999980926514,0.5551325678825378,7.248660087585449
1801,0,-5.019999980926514,0.3566358983516693,5.993013381958008
1802,0,-5.019999980926514,0.38403356075286865,6.510185241699219
1803,0,-5.019999980926514,0.49694186449050903,6.473750114440918
1804,0,-5.019999980926514,0.40016984939575195,6.43255615234375
1805,0,-5.019999980926514,0.32874998450279236,6.650666236877441
1806,0,-5.019999980926514,0.26447993516921997,6.491333961486816
1807,0,-5.019999980926514,0.33462464809417725,5.787911415100098
1808,0,-5.019999980926514,0.2908700406551361,6.226074695587158
1809,0,-5.019999980926514,0.35064372420310974,6.744313716888428
1810,1,5.960000038146973,0.6257721781730652,6.0326247215271
1811,1,5.960000038146973,0.611372172832489,5.9910888671875
1812,1,5.960000038146973,0.488864541053772,5.854798316955566
1813,0,-5.960000038146973,0.5355392694473267,6.089103698730469
1814,0,-5.960000038146973,0.499990314245224,5.700136184692383
1815,0,-5.960000038146973,0.37020811438560486,5.952422618865967
1816,0,-5.960000038146973,0.3513771891593933,5.297579765319824
1817,0,-5.960000038146973,0.472860187292099,5.780689239501953
1818,0,-5.960000038146973,0.4429451823234558,6.521841526031494
1819,0,-5.960000038146973,0.4580096900463104,6.30656623840332
1820,0,-5.960000038146973,0.42288097739219666,6.138455390930176
1821,0,-5.960000038146973,0.37456467747688293,5.653852939605713
1822,0,-5.960000038146973,0.4492741823196411,6.214320659637451
1823,0,-5.960000038146973,0.3362939655780792,6.26096248626709
1824,0,-5.960000038146973,0.40991345047950745,5.795003890991211
1825,0,-5.960000038146973,0.2700376808643341,5.385181903839111
1826,1,4.650000095367432,0.5906124711036682,5.908799171447754
1827,1,4.650000095367432,0.5759859681129456,5.888643264770508
1828,0,-4.650000095367432,0.5504631996154785,5.427068710327148
1829,0,-4.650000095367432,0.4566974341869354,5.669825553894043
1830,0,-4.650000095367432,0.4243641793727875,6.296449184417725
1831,0,-4.650000095367432,0.3952631950378418,6.483234882354736
1832,0,-4.650000095367432,0.47118449211120605,6.578454494476318
1833,0,-4.650000095367432,0.35431140661239624,6.1051926612854
1834,0,-4.650000095367432,0.42878594994544983,5.556876182556152
1835,0,-4.650000095367432,0.41367122530937195,5.481786251068115
1836,0,-4.650000095367432,0.39346814155578613,5.428117752075195
1837,0,-4.650000095367432,0.4142877757549286,6.485653400421143
1838,0,-4.650000095367432,0.40754371881484985,5.876471042633057
1839,0,-4.650000095367432,0.3583867847919464,6.114719867706299
1840,0,-4.650000095367432,0.3986974060535431,6.480813980102539
1841,0,-4.650000095367432,0.36782968044281006,6.415063381195068
1842,0,-4.650000095367432,0.44184765219688416,5.9809699058532715
1843,0,-4.650000095367432,0.41918471455574036,5.648686408996582
1844,0,-4.650000095367432,0.3585593104362488,6.059389114379883
1845,0,-4.650000095367432,0.36740079522132874,5.8293776512146
1846,1,8.850000381469727,0.75082927942276,8.80078411102295
1847,1,8.850000381469727,0.7482790350914001,8.787219047546387
1848,0,-8.850000381469727,0.6978636980056763,8.680927276611328
1849,0,-8.850000381469727,0.7584723234176636,8.200799942016602
1850,1,8.0,0.8033114075660706,6.982089042663574
1851,1,8.0,0.8034943342208862,7.018797874450684
1852,0,-8.0,0.6742500066757202,6.44026517868042
1853,0,-8.0,0.6873840093612671,6.757209777832031
1854,1,4.380000114440918,0.6008402109146118,4.283271312713623
1855,1,4.380000114440918,0.5822717547416687,4.598603248596191
1856,0,-4.380000114440918,0.5686423778533936,5.120608329772949
1857,1,4.380000114440918,0.5849447846412659,4.48745059967041
1858,0,-4.380000114440918,0.527506411075592,5.063072681427002
1859,0,-4.380000114440918,0.5481652617454529,5.3756022453308105
1860,0,-4.380000114440918,0.5336000323295593,4.745329856872559
1861,0,-4.380000114440918,0.5193998217582703,4.820799827575684
1862,0,-4.380000114440918,0.543225884437561,4.2291436195373535
1863,0,-4.380000114440918,0.5065369009971619,5.381661415100098
1864,0,-4.380000114440918,0.4955862760543823,5.150676250457764
1865,0,-4.380000114440918,0.5354752540588379,4.327154636383057
1866,0,-4.380000114440918,0.5055446624755859,5.195484161376953
1867,0,-4.380000114440918,0.4791004955768585,4.796154499053955
1868,0,-4.380000114440918,0.48833799362182617,4.529575824737549
1869,0,-4.380000114440918,0.5133285522460938,5.203633785247803
1870,0,-4.380000114440918,0.4703172743320465,4.9663262367248535
1871,0,-4.380000114440918,0.47974804043769836,4.491677284240723
1872,0,-4.380000114440918,0.505031943321228,4.441532135009766
1873,0,-4.380000114440918,0.4752885699272156,4.693087100982666
1874,0,-4.380000114440918,0.47930842638015747,4.609967231750488
1875,1,4.800000190734863,0.6317700147628784,5.050983428955078
1876,1,4.800000190734863,0.6168094873428345,5.027719497680664
1877,0,-4.800000190734863,0.6003329753875732,5.2086334228515625
1878,0,-4.800000190734863,0.5417171716690063,4.869745254516602
1879,0,-4.800000190734863,0.5679560899734497,4.494182109832764
1880,0,-4.800000190734863,0.5621336102485657,3.708138942718506
1881,0,-4.800000190734863,0.5307598114013672,3.1721203327178955
1882,0,-4.800000190734863,0.5828641057014465,4.4387006759643555
1883,0,-4.800000190734863,0.5900210738182068,5.073348045349121
1884,1,4.800000190734863,0.6174177527427673,5.032277584075928
1885,0,-4.800000190734863,0.534414529800415,3.850189685821533
1886,0,-4.800000190734863,0.5439654588699341,3.304476022720337
1887,0,-4.800000190734863,0.5235167741775513,3.1895711421966553
1888,0,-4.800000190734863,0.46589627861976624,2.9993395805358887
1889,0,-4.800000190734863,0.5318092703819275,3.861905574798584
1890,0,-4.800000190734863,0.4832288920879364,2.711871385574341
1891,0,-4.800000190734863,0.530063271522522,3.3814597129821777
1892,0,-4.800000190734863,0.4865599274635315,2.2834062576293945
1893,0,-4.800000190734863,0.4239538013935089,3.582589626312256
1894,0,-4.800000190734863,0.4271066188812256,2.1581473350524902
1895,0,-4.800000190734863,0.5046229362487793,2.9414849281311035
1896,1,8.819999694824219,0.6370750069618225,5.950955390930176
1897,0,-8.819999694824219,0.7036305069923401,5.967710018157959
1898,0,-8.819999694824219,0.7046736478805542,5.922587871551514
1899,0,-8.819999694824219,0.7229713201522827,6.089139938354492
1900,0,-8.819999694824219,0.7316966652870178,5.959927558898926
1901,0,-8.819999694824219,0.7238935232162476,6.272721290588379
1902,0,-8.819999694824219,0.7043096423149109,6.270946979522705
1903,0,-8.819999694824219,0.6007219552993774,6.039004325866699
1904,0,-8.819999694824219,0.6381800770759583,5.653122901916504
1905,0,-8.819999694824219,0.5936772227287292,6.0503830909729
1906,0,-8.819999694824219,0.6498734354972839,5.394983768463135
1907,0,-8.819999694824219,0.7206917405128479,5.97771692276001
1908,0,-8.819999694824219,0.5637260675430298,5.794455528259277
1909,0,-8.819999694824219,0.6978466510772705,6.139017581939697
1910,0,-8.819999694824219,0.6205201745033264,5.7456254959106445
1911,1,8.819999694824219,0.590287983417511,5.91715669631958
1912,0,-8.819999694824219,0.6858394145965576,6.25481653213501
1913,0,-8.819999694824219,0.5357179641723633,5.92047643661499
1914,0,-8.819999694824219,0.6686374545097351,5.558012962341309
1915,1,8.819999694824219,0.6876960396766663,6.358639240264893
1916,0,-8.819999694824219,0.4950147867202759,6.052143096923828
1917,1,6.869999885559082,0.6691110730171204,6.487834930419922
1918,0,-6.869999885559082,0.7948560118675232,7.411588668823242
1919,0,-6.869999885559082,0.7827704548835754,6.963854789733887
1920,0,-6.869999885559082,0.7083145976066589,6.514904022216797
1921,1,6.869999885559082,0.7022940516471863,6.781266689300537
1922,1,6.869999885559082,0.6860219240188599,6.71282958984375
1923,1,6.869999885559082,0.701880931854248,6.647765159606934
1924,1,6.869999885559082,0.6247476935386658,6.466336727142334
1925,1,6.869999885559082,0.6616170406341553,6.7571234703063965
1926,0,-6.869999885559082,0.6801782250404358,6.336299896240234
1927,0,-6.869999885559082,0.7617969512939453,7.104290962219238
1928,0,-6.869999885559082,0.5980672240257263,6.268437385559082
1929,0,-6.869999885559082,0.8036757707595825,7.66655969619751
1930,0,-6.869999885559082,0.768588125705719,6.891307353973389
1931,0,-6.869999885559082,0.5638052821159363,6.604012966156006
1932,0,-6.869999885559082,0.570659875869751,5.983344078063965
1933,1,6.869999885559082,0.5712072849273682,6.290852069854736
1934,0,-6.869999885559082,0.8123214244842529,7.23069953918457
1935,0,-6.869999885559082,0.5680404305458069,5.840841770172119
1936,1,11.220000267028809,0.6536589860916138,8.271764755249023
1937,1,11.220000267028809,0.6516941785812378,8.166030883789062
1938,0,-11.220000267028809,0.5913352370262146,7.9330973625183105
1939,0,-11.220000267028809,0.5854674577713013,7.8889546394348145
1940,0,-11.220000267028809,0.6122683882713318,8.479202270507812
1941,0,-11.220000267028809,0.5469807386398315,7.4964280128479
1942,0,-11.220000267028809,0.4800821542739868,7.306962490081787
1943,0,-11.220000267028809,0.48171088099479675,6.622101783752441
1944,0,-11.220000267028809,0.5080232620239258,7.314582824707031
1945,0,-11.220000267028809,0.5446187853813171,6.95452880859375
1946,0,-11.220000267028809,0.6300716996192932,7.581645965576172
1947,0,-11.220000267028809,0.4199289083480835,7.3694257736206055
1948,0,-11.220000267028809,0.414649099111557,6.8307366371154785
1949,0,-11.220000267028809,0.4820975363254547,7.267978191375732
1950,0,-11.220000267028809,0.48549866676330566,7.184081077575684
1951,0,-11.220000267028809,0.5049200654029846,6.66087007522583
1952,0,-11.220000267028809,0.4556048810482025,7.512057304382324
1953,0,-11.220000267028809,0.4682035744190216,6.9400482177734375
1954,0,-11.220000267028809,0.3556075096130371,7.0373077392578125
1955,0,-11.220000267028809,0.4012678563594818,7.5035600662231445
1956,0,-11.220000267028809,0.5269178152084351,7.505325794219971
1957,1,4.550000190734863,0.8336381912231445,5.998234748840332
1958,1,4.550000190734863,0.8320156335830688,5.989023208618164
1959,0,-4.550000190734863,0.7052367925643921,5.608917236328125
1960,0,-4.550000190734863,0.6304138898849487,6.394428730010986
1961,0,-4.550000190734863,0.5097317099571228,6.8577656745910645
1962,0,-4.550000190734863,0.44026848673820496,7.108500003814697
1963,0,-4.550000190734863,0.3285897374153137,6.498119354248047
1964,0,-4.550000190734863,0.5150504112243652,6.467712879180908
1965,0,-4.550000190734863,0.40517735481262207,6.415107727050781
1966,0,-4.550000190734863,0.5639892220497131,6.566221714019775
1967,0,-4.550000190734863,0.5040922164916992,7.301165580749512
1968,0,-4.550000190734863,0.44736745953559875,7.27439546585083
1969,0,-4.550000190734863,0.4587664008140564,7.09953498840332
1970,0,-4.550000190734863,0.4913065731525421,6.670228481292725
1971,0,-4.550000190734863,0.429822713136673,7.449203968048096
1972,0,-4.550000190734863,0.40834271907806396,6.843620777130127
1973,0,-4.550000190734863,0.478381484746933,6.212704181671143
1974,0,-4.550000190734863,0.4429348111152649,7.795130252838135
1975,0,-4.550000190734863,0.5861164927482605,6.195942401885986
1976,0,-4.550000190734863,0.4403955936431885,7.331844329833984
1977,1,9.220000267028809,0.6609260439872742,7.220801830291748
1978,1,9.220000267028809,0.6516256928443909,7.263974666595459
1979,0,-9.220000267028809,0.42767268419265747,6.917758941650391
1980,0,-9.220000267028809,0.4048275649547577,6.797702312469482
1981,0,-9.220000267028809,0.4827215075492859,6.092892169952393
1982,0,-9.220000267028809,0.38316842913627625,7.255547046661377
1983,0,-9.220000267028809,0.39035582542419434,6.829520225524902
1984,0,-9.220000267028809,0.41176140308380127,6.891337871551514
1985,0,-9.220000267028809,0.26569148898124695,6.671054363250732
1986,0,-9.220000267028809,0.40389230847358704,5.853177547454834
1987,0,-9.220000267028809,0.26456230878829956,7.089703559875488
1988,0,-9.220000267028809,0.19791072607040405,5.908478260040283
1989,0,-9.220000267028809,0.43367043137550354,6.807468414306641
1990,0,-9.220000267028809,0.15493251383304596,6.397481918334961
1991,0,-9.220000267028809,0.39468643069267273,6.94189977645874
1992,0,-9.220000267028809,0.22305706143379211,5.859548568725586
1993,0,-9.220000267028809,0.1530086249113083,5.7670392990112305
1994,0,-9.220000267028809,0.15266729891300201,6.0668253898620605
1995,0,-9.220000267028809,0.16135598719120026,5.696791172027588
1996,0,-9.220000267028809,0.12822088599205017,5.9035563468933105
1997,0,-9.220000267028809,0.2145870476961136,5.789879322052002
1998,1,7.659999847412109,0.7833510041236877,7.910158634185791
1999,1,7.659999847412109,0.7804772257804871,7.91177225112915
2000,0,-7.659999847412109,0.8015610575675964,7.774811267852783
2001,0,-7.659999847412109,0.770900309085846,7.866342544555664
2002,1,6.659999847412109,0.7849553227424622,6.116202354431152
2003,1,6.659999847412109,0.787192165851593,6.163267612457275
2004,0,-6.659999847412109,0.6335815787315369,4.672900199890137
2005,0,-6.659999847412109,0.46501895785331726,4.063948631286621
2006,0,-6.659999847412109,0.5755636692047119,4.746626853942871
2007,0,-6.659999847412109,0.46717262268066406,4.351093769073486
2008,0,-6.659999847412109,0.3284241259098053,3.3444159030914307
2009,0,-6.659999847412109,0.5394018292427063,2.92305064201355
2010,0,-6.659999847412109,0.3020188510417938,3.2589218616485596
2011,0,-4.449999809265137,0.8389754295349121,6.2841081619262695
2012,0,-4.449999809265137,0.6456112265586853,5.530855655670166
2013,0,-4.449999809265137,0.5576478242874146,5.148218154907227
2014,0,-4.449999809265137,0.6566337943077087,5.249291896820068
2015,0,-4.449999809265137,0.892052948474884,5.752768516540527
2016,0,-4.449999809265137,0.5689166784286499,5.3844194412231445
2017,0,-4.449999809265137,0.8939440846443176,6.262839317321777
2018,0,-4.449999809265137,0.429442435503006,5.2360944747924805
2019,0,-4.449999809265137,0.39129218459129333,4.671562194824219
2020,0,-4.449999809265137,0.5306522846221924,5.399511814117432
2021,0,-4.449999809265137,0.43754932284355164,4.989016532897949
2022,0,-4.449999809265137,0.480258047580719,4.404007911682129
2023,0,-4.449999809265137,0.5634018182754517,4.708247184753418
2024,0,-4.449999809265137,0.34205499291419983,5.196087837219238
2025,0,-4.449999809265137,0.36979207396507263,4.634718894958496
2026,0,-4.449999809265137,0.5438527464866638,4.247242450714111
2027,0,-4.449999809265137,0.4008563458919525,4.987677097320557
2028,0,-4.449999809265137,0.44803109765052795,4.3969340324401855
2029,0,-4.449999809265137,0.2737921178340912,4.239747047424316
2030,0,-4.449999809265137,0.35336974263191223,4.062841415405273
2031,0,-4.449999809265137,0.3914927840232849,4.968939781188965
2032,1,7.409999847412109,0.7308326959609985,6.158143520355225
2033,1,7.409999847412109,0.732836902141571,6.155174255371094
2034,0,-7.409999847412109,0.6653415560722351,6.273995876312256
2035,0,-7.409999847412109,0.7169578075408936,6.709599018096924
2036,0,-7.409999847412109,0.6328274011611938,6.292120456695557
2037,1,4.820000171661377,0.7729453444480896,2.246467113494873
2038,1,4.820000171661377,0.7746275663375854,2.217475414276123
2039,0,-4.820000171661377,0.8218859434127808,2.1618733406066895
2040,0,-4.820000171661377,0.8254615068435669,1.8233065605163574
2041,0,-4.820000171661377,0.7487583756446838,2.012937068939209
2042,0,-4.820000171661377,0.7215030193328857,2.147427558898926
2043,0,-4.820000171661377,0.6433469653129578,2.3662149906158447
2044,0,-4.820000171661377,0.6508709192276001,2.284766674041748
2045,1,5.480000019073486,0.7585417628288269,5.555206298828125
2046,1,5.480000019073486,0.7604613900184631,5.596790313720703
2047,0,-5.480000019073486,0.7744690775871277,4.348661422729492
2048,0,-5.480000019073486,0.6498413681983948,3.6256206035614014
2049,0,-5.480000019073486,0.7193933129310608,3.5641632080078125
2050,0,-5.480000019073486,0.7332012057304382,3.56134033203125
2051,0,-5.480000019073486,0.6927852630615234,3.8991568088531494
2052,0,-5.480000019073486,0.6162691712379456,4.125457763671875
2053,0,-5.480000019073486,0.3540617525577545,2.4569923877716064
2054,0,-5.480000019073486,0.40378621220588684,2.3831145763397217
2055,0,-5.480000019073486,0.258238822221756,3.1051430702209473
2056,0,-5.480000019073486,0.511969268321991,2.856449842453003
2057,0,-5.480000019073486,0.3723057806491852,1.708221435546875
2058,0,-5.480000019073486,0.22920937836170197,2.3718981742858887
2059,0,-5.480000019073486,0.3171924948692322,2.940767526626587
2060,0,-5.480000019073486,0.4298262298107147,2.964101791381836
2061,0,-5.480000019073486,0.2908014953136444,3.005312919616699
2062,0,-5.480000019073486,0.3641401529312134,2.6442646980285645
2063,0,-5.480000019073486,0.3670346438884735,2.257683753967285
2064,1,6.579999923706055,0.7333328723907471,7.15717887878418
2065,0,-6.579999923706055,0.7161373496055603,7.645709991455078
2066,0,-6.579999923706055,0.5337146520614624,7.274017333984375
2067,0,-6.579999923706055,0.18369220197200775,7.365140438079834
2068,0,-6.579999923706055,0.14724913239479065,7.091262340545654
2069,0,-6.579999923706055,0.6709770560264587,6.509181022644043
2070,0,-6.579999923706055,0.08990675210952759,7.620791912078857
2071,0,-6.579999923706055,0.2269771695137024,7.400912284851074
2072,0,-6.579999923706055,0.08815906941890717,7.413707256317139
2073,0,-6.579999923706055,0.29241806268692017,6.973484516143799
2074,0,-6.579999923706055,0.3428654670715332,7.516195297241211
2075,0,-6.579999923706055,0.09430189430713654,8.114471435546875
2076,0,-6.579999923706055,0.09799721837043762,6.928062438964844
2077,0,-6.579999923706055,0.08627945184707642,7.274714469909668
2078,0,-6.579999923706055,0.10830423980951309,6.851680755615234
2079,0,-6.579999923706055,0.17590934038162231,7.387834548950195
2080,0,-6.579999923706055,0.11144223064184189,7.128168106079102
2081,0,-6.579999923706055,0.1358998566865921,6.795227527618408
2082,0,-6.579999923706055,0.18777203559875488,6.916021347045898
2083,0,-6.579999923706055,0.11666480451822281,6.365652084350586
2084,0,-6.579999923706055,0.059594038873910904,7.154524803161621
2085,0,-7.820000171661377,0.630804181098938,8.562063217163086
2086,0,-7.820000171661377,0.5329492092132568,8.475533485412598
2087,0,-7.820000171661377,0.19853650033473969,8.664457321166992
2088,0,-7.820000171661377,0.44959238171577454,8.220626831054688
2089,0,-7.820000171661377,0.5194510221481323,8.09843921661377
2090,0,-7.820000171661377,0.49837255477905273,8.56634521484375
2091,0,-7.820000171661377,0.28473755717277527,8.76626968383789
2092,0,-7.820000171661377,0.49369901418685913,8.800874710083008
2093,0,-7.820000171661377,0.19113267958164215,7.343131065368652
2094,0,-7.820000171661377,0.6179187893867493,8.991071701049805
2095,0,-7.820000171661377,0.30741626024246216,8.174857139587402
2096,0,-7.820000171661377,0.3557039201259613,8.107646942138672
2097,0,-7.820000171661377,0.6201431155204773,8.124918937683105
2098,0,-7.820000171661377,0.5682145357131958,7.947668075561523
2099,0,-7.820000171661377,0.2954536974430084,8.229835510253906
2100,0,-7.820000171661377,0.40940287709236145,8.631887435913086
2101,0,-7.820000171661377,0.3241434693336487,8.830892562866211
2102,0,-7.820000171661377,0.48052674531936646,8.71150016784668
2103,0,-7.820000171661377,0.3949144780635834,9.307165145874023
2104,0,-7.820000171661377,0.5275170803070068,8.972299575805664
2105,0,-7.099999904632568,0.4275819957256317,4.108663558959961
2106,0,-7.099999904632568,0.39488667249679565,3.2510902881622314
2107,0,-7.099999904632568,0.42298048734664917,3.63421630859375
2108,0,-7.099999904632568,0.40947669744491577,3.5196332931518555
2109,0,-7.099999904632568,0.4273504912853241,3.57070255279541
2110,0,-7.099999904632568,0.38518840074539185,3.2128098011016846
2111,0,-7.099999904632568,0.40357619524002075,3.4498274326324463
2112,0,-7.099999904632568,0.40004855394363403,3.0406038761138916
2113,0,-7.099999904632568,0.402666300535202,3.409547805786133
2114,0,-7.099999904632568,0.40141698718070984,3.4069762229919434
2115,0,-7.099999904632568,0.4225080907344818,3.8272645473480225
2116,0,-7.099999904632568,0.41235238313674927,3.571629285812378
2117,0,-7.099999904632568,0.4027283787727356,3.4749362468719482
2118,0,-7.099999904632568,0.4036232829093933,3.1297712326049805
2119,0,-7.099999904632568,0.3872218728065491,3.2146050930023193
2120,0,-7.099999904632568,0.41893020272254944,3.6703431606292725
2121,0,-7.099999904632568,0.40089020133018494,3.362041711807251
2122,0,-7.099999904632568,0.41126519441604614,3.516806125640869
2123,0,-7.099999904632568,0.4123833477497101,3.6128199100494385
2124,0,-7.099999904632568,0.39521899819374084,3.536790370941162
2125,0,-7.099999904632568,0.426004558801651,3.3577816486358643
2126,1,9.0,0.7427052855491638,7.542713165283203
2127,0,-9.0,0.6627668142318726,7.480517387390137
2128,0,-9.0,0.6761380434036255,7.130268573760986
2129,0,-9.0,0.612669050693512,6.574223518371582
2130,0,-9.0,0.6383745074272156,7.22456169128418
2131,0,-9.0,0.39745232462882996,6.186280727386475
2132,0,-9.0,0.46384650468826294,6.612098217010498
2133,0,-9.0,0.344016969203949,6.367910385131836
2134,0,-9.0,0.6389802694320679,7.6988348960876465
2135,0,-9.0,0.5634196400642395,7.69896125793457
2136,0,-9.0,0.4779503345489502,6.980661392211914
2137,0,-9.0,0.3488773703575134,6.076180458068848
2138,0,-9.0,0.517302930355072,6.933671951293945
2139,0,-9.0,0.3666483759880066,5.996340751647949
2140,0,-9.0,0.4416627883911133,6.59963846206665
2141,0,-9.0,0.3513353765010834,6.362422943115234
2142,0,-9.0,0.5523423552513123,7.107167720794678
2143,0,-9.0,0.406272292137146,6.961587429046631
2144,0,-9.0,0.5129498839378357,6.906054496765137
2145,0,-9.0,0.5460013151168823,7.394824504852295
2146,0,-9.0,0.2925895154476166,6.902406692504883
2147,1,6.53000020980835,0.796012818813324,7.128048896789551
2148,1,6.53000020980835,0.7990889549255371,7.429356575012207
2149,0,-6.53000020980835,0.7424784302711487,6.004449367523193
2150,0,-6.53000020980835,0.7441803216934204,6.039022445678711
2151,0,-6.53000020980835,0.8069547414779663,7.759672164916992
2152,0,-6.53000020980835,0.7512837648391724,6.916532516479492
2153,1,3.2799999713897705,0.5888583660125732,3.9974236488342285
2154,1,3.2799999713897705,0.587536633014679,3.9330458641052246
2155,1,3.2799999713897705,0.5864613056182861,3.9429023265838623
2156,0,-3.2799999713897705,0.583723783493042,4.0418195724487305
2157,0,-3.2799999713897705,0.49709364771842957,4.346663475036621
2158,0,-3.2799999713897705,0.3547627031803131,4.581880569458008
2159,0,-3.2799999713897705,0.3476402759552002,4.479897499084473
2160,0,-3.2799999713897705,0.3163478374481201,4.487679958343506
2161,0,-3.2799999713897705,0.23375874757766724,4.746994972229004
2162,0,-3.2799999713897705,0.4555530548095703,4.428001880645752
2163,0,-3.2799999713897705,0.4497174024581909,4.169066905975342
2164,0,-3.2799999713897705,0.3963431417942047,4.226424694061279
2165,0,-3.2799999713897705,0.2620498538017273,4.963597774505615
2166,0,-3.2799999713897705,0.3294978737831116,4.920337200164795
2167,0,-3.2799999713897705,0.3597186207771301,4.518723964691162
2168,0,-3.2799999713897705,0.2511356770992279,4.60670280456543
2169,0,-3.2799999713897705,0.26162758469581604,4.982631683349609
2170,1,3.2799999713897705,0.3796018064022064,4.665140151977539
2171,0,-3.2799999713897705,0.3260938227176666,4.891927719116211
2172,0,-3.2799999713897705,0.21119073033332825,4.720881462097168
2173,0,-3.2799999713897705,0.3312748372554779,4.885430812835693
2174,1,8.149999618530273,0.5763176679611206,7.464757442474365
2175,1,8.149999618530273,0.5744831562042236,7.366366863250732
2176,1,8.149999618530273,0.5467852354049683,6.9656782150268555
2177,0,-8.149999618530273,0.5243262648582458,6.364758491516113
2178,0,-8.149999618530273,0.3814402222633362,5.8722734451293945
2179,0,-8.149999618530273,0.37327638268470764,5.929257869720459
2180,0,-8.149999618530273,0.30796512961387634,6.141458988189697
2181,0,-8.149999618530273,0.4608955383300781,5.586359977722168
2182,0,-8.149999618530273,0.2894226908683777,6.044912338256836
2183,0,-8.149999618530273,0.4456120431423187,5.927685260772705
2184,0,-8.149999618530273,0.4703185558319092,5.919556140899658
2185,0,-8.149999618530273,0.45247265696525574,6.257503509521484
2186,0,-8.149999618530273,0.48201480507850647,5.981767654418945
2187,0,-8.149999618530273,0.44347453117370605,5.985653400421143
2188,0,-8.149999618530273,0.4097107946872711,5.838907241821289
2189,0,-8.149999618530273,0.45137664675712585,6.125002384185791
2190,0,-8.149999618530273,0.37663424015045166,5.957406044006348
2191,0,-8.149999618530273,0.4354909360408783,6.479067802429199
2192,0,-8.149999618530273,0.4660693109035492,5.674604415893555
2193,1,6.829999923706055,0.7580599784851074,7.155806541442871
2194,1,6.829999923706055,0.7561401128768921,7.112836837768555
2195,1,6.829999923706055,0.688359797000885,7.0862579345703125
2196,0,-6.829999923706055,0.7014434933662415,6.96801233291626
2197,0,-6.829999923706055,0.5411390066146851,5.895455837249756
2198,0,-6.829999923706055,0.713134765625,7.110413074493408
2199,0,-6.829999923706055,0.6024091839790344,6.004912376403809
2200,0,-6.829999923706055,0.5762201547622681,6.408146858215332
2201,0,-6.829999923706055,0.748092532157898,7.168704509735107
2202,0,-6.829999923706055,0.5273832082748413,6.357616901397705
2203,0,-6.829999923706055,0.5607788562774658,6.1823506355285645
2204,0,-6.829999923706055,0.5907669067382812,6.321819305419922
2205,0,-6.829999923706055,0.5798130035400391,6.189146041870117
2206,1,3.1600000858306885,0.6681061387062073,6.341155529022217
2207,1,3.1600000858306885,0.664282500743866,6.3248443603515625
2208,0,-3.1600000858306885,0.5772375464439392,5.963624954223633
2209,0,-3.1600000858306885,0.6021007299423218,6.294793605804443
2210,0,-3.1600000858306885,0.5069292187690735,5.592931270599365
2211,1,3.1600000858306885,0.6391372680664062,6.093275547027588
2212,0,-3.1600000858306885,0.5379946231842041,5.422712326049805
2213,0,-3.1600000858306885,0.6405917406082153,6.462011337280273
2214,0,-3.1600000858306885,0.5785950422286987,5.319516181945801
2215,0,-3.1600000858306885,0.5897971391677856,6.052258491516113
2216,1,2.7699999809265137,0.5488889217376709,3.981666088104248
2217,1,2.7699999809265137,0.5677241086959839,3.9181931018829346
2218,0,-2.7699999809265137,0.5908039212226868,3.6092348098754883
2219,0,-2.7699999809265137,0.5343026518821716,3.781332015991211
2220,0,-2.7699999809265137,0.540961503982544,3.2419800758361816
2221,0,-2.7699999809265137,0.46871116757392883,3.737220048904419
2222,0,-2.7699999809265137,0.4434540569782257,3.870217800140381
2223,0,-2.7699999809265137,0.5783778429031372,3.706408739089966
2224,0,-2.7699999809265137,0.42777514457702637,4.944614887237549
2225,0,-2.7699999809265137,0.45658648014068604,4.500664234161377
2226,0,-2.7699999809265137,0.492301881313324,4.569387435913086
2227,0,-2.7699999809265137,0.5372582077980042,4.129293441772461
2228,0,-2.7699999809265137,0.4810560345649719,4.963802337646484
2229,0,-2.7699999809265137,0.41130420565605164,4.196800231933594
2230,0,-2.7699999809265137,0.42244911193847656,4.576094150543213
2231,0,-2.7699999809265137,0.4938623011112213,3.7772371768951416
2232,0,-2.7699999809265137,0.4904122054576874,5.002769470214844
2233,0,-2.7699999809265137,0.5268367528915405,5.273253917694092
2234,0,-2.7699999809265137,0.4677307605743408,5.250858783721924
2235,0,-2.7699999809265137,0.45716726779937744,4.012659549713135
2236,0,-2.7699999809265137,0.48881539702415466,4.361762046813965
2237,1,9.699999809265137,0.7571203708648682,8.326910018920898
2238,1,9.699999809265137,0.7346285581588745,8.286567687988281
2239,0,-9.699999809265137,0.602840006351471,6.587363243103027
2240,0,-9.699999809265137,0.4846343994140625,7.015704154968262
2241,0,-9.699999809265137,0.4028158485889435,6.776291370391846
2242,0,-9.699999809265137,0.5230445265769958,4.839850425720215
2243,0,-9.699999809265137,0.3600675165653229,6.754104137420654
2244,0,-9.699999809265137,0.5086215138435364,7.175191402435303
2245,0,-9.699999809265137,0.4540785551071167,5.792603492736816
2246,0,-9.699999809265137,0.5506991744041443,7.859275817871094
2247,0,-9.699999809265137,0.49610862135887146,6.881655693054199
2248,0,-9.699999809265137,0.34379279613494873,7.351662635803223
2249,0,-9.699999809265137,0.49079033732414246,5.806500434875488
2250,1,4.03000020980835,0.5775798559188843,4.100417137145996
2251,0,-4.03000020980835,0.5721322298049927,4.096590042114258
2252,0,-4.03000020980835,0.4963260591030121,4.142602920532227
2253,0,-4.03000020980835,0.48919302225112915,4.516945838928223
2254,0,-4.03000020980835,0.4915877878665924,4.416622638702393
2255,0,-4.03000020980835,0.5282658934593201,4.806300163269043
2256,0,-4.03000020980835,0.576000988483429,4.776866912841797
2257,0,-4.03000020980835,0.530327558517456,4.665164470672607
2258,0,-4.03000020980835,0.5127381086349487,4.747262954711914
2259,0,-4.03000020980835,0.44194328784942627,4.774130821228027
2260,0,-4.03000020980835,0.4860563576221466,4.327618598937988
2261,0,-4.03000020980835,0.5567106604576111,4.402308940887451
2262,0,-4.03000020980835,0.5159835815429688,4.652566432952881
2263,0,-4.03000020980835,0.41691985726356506,4.749724864959717
2264,0,-4.03000020980835,0.5019263625144958,4.746495246887207
2265,0,-4.03000020980835,0.4244178235530853,4.657289505004883
2266,0,-4.03000020980835,0.49374669790267944,4.9175567626953125
2267,0,-4.03000020980835,0.523430347442627,4.490139007568359
2268,0,-4.03000020980835,0.5234478712081909,4.501189708709717
2269,0,-4.03000020980835,0.42816784977912903,4.840702056884766
2270,0,-4.03000020980835,0.36465057730674744,5.029448986053467
2271,1,9.100000381469727,0.5918379426002502,7.422848224639893
2272,1,9.100000381469727,0.5620707273483276,7.412223815917969
2273,1,9.100000381469727,0.37760254740715027,6.739595413208008
2274,0,-9.100000381469727,0.3071514070034027,6.453426837921143
2275,0,-9.100000381469727,0.34875237941741943,6.463387966156006
2276,0,-9.100000381469727,0.2518707811832428,6.659726619720459
2277,0,-9.100000381469727,0.28522616624832153,6.845578670501709
2278,0,-9.100000381469727,0.2546367645263672,6.619057655334473
2279,0,-9.100000381469727,0.3594243824481964,6.73024320602417
2280,0,-9.100000381469727,0.2518039643764496,6.478884696960449
2281,0,-9.100000381469727,0.31144726276397705,6.854313850402832
2282,1,5.820000171661377,0.6032117605209351,5.005736351013184
2283,0,-5.820000171661377,0.5118812918663025,4.797162055969238
2284,0,-5.820000171661377,0.512195885181427,4.7974982261657715
2285,1,5.820000171661377,0.6118068695068359,5.01225471496582
2286,0,-5.820000171661377,0.5664824843406677,5.060831069946289
2287,0,-5.820000171661377,0.5712214112281799,5.066670894622803
2288,1,5.820000171661377,0.6090517044067383,5.021406173706055
2289,0,-5.820000171661377,0.5177828669548035,4.669184684753418
2290,0,-5.820000171661377,0.5674099326133728,4.836461067199707
2291,0,-5.820000171661377,0.5838156342506409,4.55355978012085
2292,0,-5.820000171661377,0.5209686756134033,4.556216239929199
2293,0,-5.820000171661377,0.4932597875595093,4.758025169372559
2294,0,-5.820000171661377,0.5194213390350342,4.806230545043945
2295,0,-5.820000171661377,0.4777493178844452,4.6878132820129395
2296,0,-5.820000171661377,0.49790212512016296,4.730329513549805
2297,0,-5.820000171661377,0.5418402552604675,4.835262298583984
2298,0,-5.820000171661377,0.5522738099098206,4.865206241607666
2299,0,-5.820000171661377,0.5106965899467468,4.804378509521484
2300,0,-5.820000171661377,0.5398130416870117,4.881157875061035
2301,0,-5.820000171661377,0.5286502242088318,4.838048934936523
2302,0,-5.820000171661377,0.5224302411079407,5.020111083984375
2303,0,-7.599999904632568,0.758574366569519,7.310720920562744
2304,0,-7.599999904632568,0.7230226993560791,6.788919925689697
2305,0,-7.599999904632568,0.7559168338775635,6.893599033355713
2306,0,-7.599999904632568,0.7196134924888611,6.543652057647705
2307,0,-7.599999904632568,0.7307485342025757,7.640265464782715
2308,0,-7.599999904632568,0.6997740864753723,6.3752851486206055
2309,1,7.599999904632568,0.7609573006629944,7.3160881996154785
2310,0,-7.599999904632568,0.7249987721443176,6.913243770599365
2311,0,-7.599999904632568,0.6905611157417297,6.238588333129883
2312,0,-7.599999904632568,0.597496747970581,6.155816078186035
2313,0,-7.599999904632568,0.6758697032928467,6.763572692871094
2314,0,-7.599999904632568,0.7516607642173767,7.471927642822266
2315,0,-7.599999904632568,0.6906360387802124,6.785436630249023
2316,1,7.599999904632568,0.7456715703010559,7.3768310546875
2317,0,-7.599999904632568,0.7254176735877991,7.040561199188232
2318,0,-7.599999904632568,0.6417301297187805,5.887027740478516
2319,0,-7.599999904632568,0.6689459681510925,5.994537830352783
2320,0,-7.599999904632568,0.6085399389266968,5.336920261383057
2321,0,-7.599999904632568,0.5683251023292542,6.027698040008545
2322,0,-7.599999904632568,0.6277090311050415,6.070073127746582
2323,0,-7.599999904632568,0.6018474102020264,5.847550868988037
2324,1,4.690000057220459,0.8406469225883484,9.31596565246582
2325,1,4.690000057220459,0.8322465419769287,9.23106861114502
2326,1,4.690000057220459,0.8320125341415405,9.237762451171875
2327,1,4.690000057220459,0.8374811410903931,9.184404373168945
2328,1,4.690000057220459,0.8370290994644165,9.190665245056152
2329,1,4.690000057220459,0.8402557373046875,9.169231414794922
2330,1,4.690000057220459,0.8414305448532104,9.022603988647461
2331,0,-4.690000057220459,0.8954153060913086,9.342683792114258
2332,1,4.690000057220459,0.8136969804763794,9.070211410522461
2333,0,-4.690000057220459,0.891859233379364,9.155797958374023
2334,0,-4.690000057220459,0.8821621537208557,9.061458587646484
2335,1,2.8499999046325684,0.7492966651916504,4.287753582000732
2336,1,2.8499999046325684,0.7466685771942139,4.276312828063965
2337,0,-2.8499999046325684,0.569650411605835,3.728680372238159
2338,0,-2.8499999046325684,0.5476962327957153,3.912491798400879
2339,0,-2.8499999046325684,0.4379114508628845,3.5397748947143555
2340,0,-2.8499999046325684,0.459114134311676,3.5327579975128174
2341,0,-2.8499999046325684,0.48395827412605286,4.033359527587891
2342,0,-2.8499999046325684,0.4459402561187744,3.5669591426849365
2343,0,-2.8499999046325684,0.4912966787815094,3.635639190673828
2344,0,-2.8499999046325684,0.5687657594680786,3.4580347537994385
2345,0,-2.8499999046325684,0.4363383948802948,3.5151748657226562
2346,0,-2.8499999046325684,0.4125032126903534,4.160820007324219
2347,0,-2.8499999046325684,0.4499472975730896,3.9755566120147705
2348,0,-2.8499999046325684,0.5658323168754578,3.6733176708221436
2349,0,-2.8499999046325684,0.4243447482585907,3.797774076461792
2350,0,-2.8499999046325684,0.4129562973976135,3.25247859954834
2351,0,-2.8499999046325684,0.4421965181827545,3.927234649658203
2352,0,-2.8499999046325684,0.37124568223953247,3.342008590698242
2353,0,-2.8499999046325684,0.5706347823143005,3.5492911338806152
2354,0,-2.8499999046325684,0.4003491699695587,3.4840660095214844
2355,0,-2.8499999046325684,0.5326775908470154,3.9696884155273438
2356,1,2.299999952316284,0.5075523853302002,5.122207164764404
2357,0,-2.299999952316284,0.44625523686408997,3.5882787704467773
2358,0,-2.299999952316284,0.44568613171577454,3.5864195823669434
2359,0,-2.299999952316284,0.4325954020023346,3.9511446952819824
2360,1,2.299999952316284,0.6370123028755188,5.262739658355713
2361,0,-2.299999952316284,0.5984244346618652,4.652149200439453
2362,1,2.299999952316284,0.5250791907310486,5.33946418762207
2363,1,2.299999952316284,0.5123444199562073,5.3662519454956055
2364,0,-2.299999952316284,0.42170363664627075,4.970931529998779
2365,1,2.299999952316284,0.5223215222358704,5.593587398529053
2366,0,-2.299999952316284,0.33087158203125,3.9739584922790527
2367,0,-2.299999952316284,0.3473886549472809,4.119728088378906
2368,0,-2.299999952316284,0.3816629648208618,4.411012649536133
2369,0,-2.299999952316284,0.3158901035785675,3.5203163623809814
2370,0,-2.299999952316284,0.3099605143070221,4.2944746017456055
2371,0,-2.299999952316284,0.24221393465995789,4.035458564758301
2372,0,-2.299999952316284,0.3530685305595398,3.8593878746032715
2373,1,2.299999952316284,0.3773271441459656,5.131203651428223
2374,0,-2.299999952316284,0.43707287311553955,4.675361633300781
2375,0,-2.299999952316284,0.3655519485473633,4.729923248291016
2376,0,-2.299999952316284,0.2912791967391968,4.44942569732666
2377,1,9.520000457763672,0.7473987340927124,8.47446060180664
2378,1,9.520000457763672,0.7519137263298035,8.572744369506836
2379,0,-9.520000457763672,0.5912350416183472,7.732452869415283
2380,0,-9.520000457763672,0.40131229162216187,6.440814018249512
2381,0,-9.520000457763672,0.5994523763656616,7.508795738220215
2382,0,-9.520000457763672,0.26477569341659546,6.349522113800049
2383,0,-9.520000457763672,0.73428875207901,8.283101081848145
2384,0,-9.520000457763672,0.7175765037536621,8.118618965148926
2385,0,-9.520000457763672,0.42262163758277893,6.294886589050293
2386,0,-9.520000457763672,0.29583829641342163,6.657232761383057
2387,0,-9.520000457763672,0.6917743682861328,8.254026412963867
2388,0,-9.520000457763672,0.24075154960155487,6.389781475067139
2389,0,-9.520000457763672,0.38595059514045715,7.02128791809082
2390,0,-9.520000457763672,0.2502225637435913,6.097095966339111
2391,0,-9.520000457763672,0.5886869430541992,7.497685432434082
2392,0,-9.520000457763672,0.270307332277298,6.487660884857178
2393,0,-9.520000457763672,0.2641448974609375,7.04444694519043
2394,1,10.0,0.786483108997345,8.779738426208496
2395,1,10.0,0.7853401899337769,8.75629711151123
2396,1,10.0,0.770622968673706,8.76423454284668
2397,0,-10.0,0.6078953146934509,8.223482131958008
2398,0,-10.0,0.4594322443008423,6.6436448097229
2399,0,-10.0,0.6475273966789246,7.764256477355957
2400,0,-10.0,0.47738808393478394,7.090606689453125
2401,0,-10.0,0.7192826867103577,8.414457321166992
2402,0,-10.0,0.32435768842697144,6.398951053619385
2403,0,-10.0,0.3415343165397644,6.459386348724365
2404,0,-10.0,0.7166588306427002,8.622150421142578
2405,0,-10.0,0.37254464626312256,6.318602561950684
2406,0,-10.0,0.6081020832061768,7.273190975189209
2407,0,-10.0,0.288560152053833,7.075876712799072
2408,0,-10.0,0.6814942359924316,8.238626480102539
2409,0,-10.0,0.5449904799461365,7.825442314147949
2410,1,5.059999942779541,0.5963314175605774,7.705622673034668
2411,1,5.059999942779541,0.6475733518600464,7.701375484466553
2412,0,-5.059999942779541,0.5728989243507385,7.266348838806152
2413,0,-5.059999942779541,0.5211581587791443,7.455165863037109
2414,0,-5.059999942779541,0.4993872344493866,7.442364692687988
2415,0,-5.059999942779541,0.4300518333911896,7.238213062286377
2416,0,-5.059999942779541,0.4722955822944641,7.40137243270874
2417,0,-5.059999942779541,0.47798672318458557,6.921303749084473
2418,0,-5.059999942779541,0.45161303877830505,7.472407817840576
2419,0,-5.059999942779541,0.49073347449302673,7.2764482498168945
2420,0,-5.059999942779541,0.38438791036605835,6.703847408294678
2421,0,-5.059999942779541,0.38467949628829956,6.749462127685547
2422,0,-5.059999942779541,0.45073938369750977,6.640939235687256
2423,0,-5.059999942779541,0.39058780670166016,7.157947540283203
2424,0,-5.059999942779541,0.3568982183933258,7.119406223297119
2425,0,-5.059999942779541,0.3898572325706482,6.65883731842041
2426,0,-5.059999942779541,0.3554950952529907,6.868625164031982
2427,0,-5.059999942779541,0.4267132878303528,6.979946136474609
2428,0,-5.059999942779541,0.41666939854621887,6.850262641906738
2429,0,-5.059999942779541,0.4889254868030548,7.0581793785095215
2430,1,6.170000076293945,0.7728396058082581,7.385997295379639
2431,1,6.170000076293945,0.7792392373085022,7.194164276123047
2432,0,-6.170000076293945,0.5652381181716919,6.492178916931152
2433,0,-6.170000076293945,0.4223299026489258,6.152468204498291
2434,0,-6.170000076293945,0.5305840969085693,5.963284969329834
2435,0,-6.170000076293945,0.49291545152664185,5.872556686401367
2436,0,-6.170000076293945,0.32995784282684326,6.198638439178467
2437,0,-6.170000076293945,0.42153361439704895,5.757709503173828
2438,0,-6.170000076293945,0.443040668964386,6.090561389923096
2439,0,-6.170000076293945,0.40104663372039795,5.460931777954102
2440,0,-6.170000076293945,0.4366222023963928,5.853573799133301
2441,0,-6.170000076293945,0.3458954095840454,6.497495174407959
2442,0,-6.170000076293945,0.3681464195251465,5.7563581466674805
2443,0,-6.170000076293945,0.5361663699150085,5.8931427001953125
2444,0,-6.170000076293945,0.4306487441062927,6.25936222076416
2445,0,-6.170000076293945,0.3500644266605377,6.614649295806885
2446,0,-6.170000076293945,0.3521038889884949,6.152585029602051
2447,0,-6.170000076293945,0.4318440854549408,5.9880828857421875
2448,1,5.159999847412109,0.7649134397506714,5.889231204986572
2449,1,5.159999847412109,0.7650296688079834,5.895171165466309
2450,1,5.159999847412109,0.6798216700553894,5.46054744720459
2451,0,-5.159999847412109,0.39253097772598267,4.118086338043213
2452,0,-5.159999847412109,0.6385536789894104,5.345165729522705
2453,0,-5.159999847412109,0.631436824798584,5.260901927947998
2454,0,-5.159999847412109,0.7495473623275757,5.657773971557617
2455,0,-5.159999847412109,0.6198493838310242,4.441333770751953
2456,0,-5.159999847412109,0.44283053278923035,4.046414375305176
2457,0,-5.159999847412109,0.6482094526290894,5.75045108795166
2458,0,-5.159999847412109,0.6028003096580505,4.917468547821045
2459,0,-5.159999847412109,0.5533791184425354,4.67482852935791
2460,0,-5.159999847412109,0.558186948299408,4.56432580947876
2461,0,-5.159999847412109,0.5007921457290649,4.650271415710449
2462,0,-5.159999847412109,0.521680474281311,4.659466743469238
2463,0,-5.159999847412109,0.44909337162971497,4.5709757804870605
2464,0,-5.159999847412109,0.5630025267601013,4.690429210662842
2465,0,-5.159999847412109,0.497193843126297,4.910504341125488
2466,0,-5.159999847412109,0.5685091614723206,4.786111831665039
2467,0,-5.159999847412109,0.366054892539978,4.623325824737549
2468,1,6.0,0.386407732963562,5.129356384277344
2469,0,-6.0,0.5564008951187134,5.331934928894043
2470,0,-6.0,0.482503741979599,5.063965320587158
2471,0,-6.0,0.4910290837287903,4.932765007019043
2472,0,-6.0,0.6128355264663696,4.930901050567627
2473,0,-6.0,0.516295850276947,4.983086585998535
2474,0,-6.0,0.4894155263900757,5.240607261657715
2475,0,-6.0,0.48908036947250366,5.136526584625244
2476,0,-6.0,0.49967625737190247,5.286159038543701
2477,0,-6.0,0.5139176845550537,5.198822975158691
2478,0,-6.0,0.4385083019733429,5.04046106338501
2479,0,-6.0,0.4689480662345886,5.432767868041992
2480,0,-6.0,0.5092292428016663,5.094181060791016
2481,0,-6.0,0.4086710214614868,5.2001729011535645
2482,0,-6.0,0.53915935754776,5.055416107177734
2483,0,-6.0,0.5385902523994446,5.249147415161133
2484,0,-6.0,0.4327540993690491,5.216802597045898
2485,0,-6.0,0.4237823784351349,5.237048625946045
2486,0,-6.0,0.4336264431476593,5.90898323059082
2487,0,-6.0,0.4325243830680847,5.400758266448975
2488,1,6.0,0.3337151110172272,5.127558708190918
2489,0,-7.150000095367432,0.4913575351238251,8.115700721740723
2490,0,-7.150000095367432,0.5325186848640442,7.964949131011963
2491,0,-7.150000095367432,0.5889149308204651,7.9737958908081055
2492,0,-7.150000095367432,0.44032642245292664,7.157209873199463
2493,0,-7.150000095367432,0.5133938789367676,7.8475565910339355
2494,0,-7.150000095367432,0.5855373740196228,8.166783332824707
2495,0,-7.150000095367432,0.5517562031745911,7.889008522033691
2496,0,-7.150000095367432,0.5494064092636108,7.774187088012695
2497,0,-7.150000095367432,0.5411199331283569,7.175970077514648
2498,0,-7.150000095367432,0.5887230634689331,6.806515216827393
2499,0,-7.150000095367432,0.49941468238830566,7.19598388671875
2500,0,-7.150000095367432,0.39737188816070557,7.024130821228027
2501,0,-7.150000095367432,0.49426600337028503,7.0679121017456055
2502,0,-7.150000095367432,0.34312984347343445,6.933178424835205
2503,0,-7.150000095367432,0.44569987058639526,6.990278720855713
2504,0,-7.150000095367432,0.45101213455200195,6.823646545410156
2505,0,-7.150000095367432,0.4981786012649536,7.256112098693848
2506,0,-7.150000095367432,0.5016771554946899,7.109958648681641
2507,0,-7.150000095367432,0.43388471007347107,6.804302215576172
2508,0,-7.150000095367432,0.4679289758205414,6.753971576690674
2509,0,-7.150000095367432,0.2929478883743286,6.771136283874512
2510,0,-6.400000095367432,0.5317469239234924,5.710099697113037
2511,0,-6.400000095367432,0.6229785680770874,6.618635177612305
2512,0,-6.400000095367432,0.5219675898551941,5.950499057769775
2513,0,-6.400000095367432,0.6466745734214783,8.16622257232666
2514,0,-6.400000095367432,0.47898027300834656,6.453961372375488
2515,0,-6.400000095367432,0.5550801157951355,6.5617899894714355
2516,0,-6.400000095367432,0.5066149234771729,5.720133304595947
2517,1,6.400000095367432,0.5404762625694275,5.347640514373779
2518,1,6.400000095367432,0.5424281358718872,5.8245530128479
2519,0,-6.400000095367432,0.5076583027839661,5.787280082702637
2520,0,-6.400000095367432,0.49807849526405334,5.202075958251953
2521,0,-6.400000095367432,0.5367671847343445,5.341192722320557
2522,0,-6.400000095367432,0.42526760697364807,6.399013042449951
2523,0,-5.639999866485596,0.2086232602596283,4.9367170333862305
2524,0,-5.639999866485596,0.4768434464931488,5.510386943817139
2525,0,-5.639999866485596,0.5842539072036743,5.729446887969971
2526,0,-5.639999866485596,0.49967819452285767,5.468777656555176
2527,0,-5.639999866485596,0.4124692678451538,5.613983631134033
2528,0,-5.639999866485596,0.44621312618255615,5.641532897949219
2529,0,-5.639999866485596,0.5107876658439636,5.5604705810546875
2530,0,-5.639999866485596,0.48802655935287476,5.503798484802246
2531,0,-5.639999866485596,0.4864456057548523,5.53082799911499
2532,1,5.639999866485596,0.4325074553489685,5.691555976867676
2533,0,-5.639999866485596,0.5036781430244446,5.625476837158203
2534,0,-5.639999866485596,0.4280819892883301,5.562586307525635
2535,0,-5.639999866485596,0.4691752791404724,5.345661640167236
2536,1,5.639999866485596,0.4452308118343353,5.658247947692871
2537,0,-5.639999866485596,0.5139061808586121,5.446805477142334
2538,0,-5.639999866485596,0.5307703018188477,5.609633922576904
2539,0,-5.639999866485596,0.455792635679245,5.336986541748047
2540,0,-5.639999866485596,0.5493142604827881,5.628665924072266
2541,0,-5.639999866485596,0.4478166699409485,5.328303337097168
2542,0,-5.639999866485596,0.4764627516269684,5.271599769592285
2543,1,3.2200000286102295,0.5787607431411743,4.381605625152588
2544,0,-3.2200000286102295,0.5145054459571838,4.972801685333252
2545,0,-3.2200000286102295,0.6086600422859192,4.464946269989014
2546,1,3.2200000286102295,0.6150152087211609,4.497870445251465
2547,0,-3.2200000286102295,0.4793958365917206,4.998221397399902
2548,0,-3.2200000286102295,0.6163563132286072,4.436157703399658
2549,0,-3.2200000286102295,0.5907334685325623,4.628177165985107
2550,0,-3.2200000286102295,0.5665926933288574,4.3786420822143555
2551,0,-3.2200000286102295,0.4698968231678009,4.900149345397949
2552,0,-3.2200000286102295,0.34326523542404175,5.312469482421875
2553,0,-3.2200000286102295,0.48273149132728577,4.40920877456665
2554,0,-3.2200000286102295,0.4549422860145569,4.653359413146973
2555,0,-3.2200000286102295,0.4477890729904175,4.516261100769043
2556,0,-3.2200000286102295,0.5820234417915344,4.289817810058594
2557,0,-3.2200000286102295,0.578395426273346,4.922918319702148
2558,0,-3.2200000286102295,0.5591293573379517,4.6355485916137695
2559,0,-3.2200000286102295,0.496968537569046,3.986741542816162
2560,0,-3.2200000286102295,0.5547383427619934,4.578798770904541
2561,0,-3.2200000286102295,0.469627320766449,4.5627031326293945
2562,0,-3.2200000286102295,0.45336663722991943,4.155881881713867
2563,0,-3.2200000286102295,0.5309950113296509,4.855447292327881
2564,1,11.329999923706055,0.7718337774276733,7.360184669494629
2565,1,11.329999923706055,0.7660640478134155,7.3150177001953125
2566,0,-11.329999923706055,0.6516377925872803,6.839920520782471
2567,0,-11.329999923706055,0.7716771364212036,7.99702262878418
2568,0,-11.329999923706055,0.5704778432846069,6.505114555358887
2569,0,-11.329999923706055,0.5537466406822205,6.576236724853516
2570,1,3.6700000762939453,0.5776157975196838,4.9083404541015625
2571,0,-3.6700000762939453,0.5390384793281555,6.089159965515137
2572,1,3.6700000762939453,0.595577597618103,5.253811836242676
2573,0,-3.6700000762939453,0.5664198994636536,6.13383674621582
2574,0,-3.6700000762939453,0.46734216809272766,6.512883186340332
2575,0,-3.6700000762939453,0.44710540771484375,6.560953140258789
2576,0,-3.6700000762939453,0.49321189522743225,6.330291748046875
2577,0,-3.6700000762939453,0.5331433415412903,6.297204494476318
2578,0,-3.6700000762939453,0.5494890213012695,6.358567237854004
2579,0,-3.6700000762939453,0.4546595811843872,6.4393720626831055
2580,0,-3.6700000762939453,0.5405399203300476,6.721169471740723
2581,0,-3.6700000762939453,0.5660079121589661,6.658522129058838
2582,0,-3.6700000762939453,0.5458618402481079,6.0044941902160645
2583,0,-3.6700000762939453,0.4367777109146118,7.001114845275879
2584,0,-3.6700000762939453,0.5702758431434631,6.2307209968566895
2585,0,-3.6700000762939453,0.3988325297832489,6.4251203536987305
2586,0,-3.6700000762939453,0.6132931709289551,6.741594314575195
2587,0,-3.6700000762939453,0.5112316608428955,6.224933624267578
2588,0,-3.6700000762939453,0.564889132976532,6.275547504425049
2589,0,-3.6700000762939453,0.6300359964370728,6.707142353057861
2590,0,-3.6700000762939453,0.5821235179901123,6.142999649047852
2591,1,7.800000190734863,0.7935876846313477,8.248262405395508
2592,1,7.800000190734863,0.8014293909072876,8.297771453857422
2593,1,7.800000190734863,0.8020511865615845,8.297298431396484
2594,0,-7.800000190734863,0.7710601091384888,7.799198627471924
2595,0,-7.800000190734863,0.37378066778182983,7.132211208343506
2596,0,-7.800000190734863,0.5185173749923706,6.858578681945801
2597,0,-7.800000190734863,0.48413047194480896,7.11130952835083
2598,0,-7.800000190734863,0.33601802587509155,6.937978744506836
2599,0,-7.800000190734863,0.681734025478363,8.000072479248047
2600,0,-7.800000190734863,0.5875815153121948,8.384021759033203
2601,0,-7.800000190734863,0.41016536951065063,7.791772842407227
2602,0,-7.800000190734863,0.49151894450187683,6.935908317565918
2603,0,-7.800000190734863,0.5090001225471497,7.040375709533691
2604,1,7.800000190734863,0.5778437256813049,7.677937030792236
2605,0,-7.800000190734863,0.44603076577186584,7.059808254241943
2606,0,-7.800000190734863,0.29180100560188293,6.701579570770264
2607,0,-7.800000190734863,0.18825753033161163,6.681051731109619
2608,0,-7.800000190734863,0.5067288875579834,7.20203971862793
2609,0,-7.800000190734863,0.3781011700630188,7.298928260803223
2610,0,-7.800000190734863,0.4237138628959656,6.33892822265625
2611,0,-7.800000190734863,0.23375128209590912,6.809623718261719
2612,1,7.849999904632568,0.8253453969955444,6.654683589935303
2613,1,7.849999904632568,0.8223989009857178,6.743691921234131
2614,0,-7.849999904632568,0.5077961087226868,4.467123508453369
2615,0,-7.849999904632568,0.45783093571662903,4.742959499359131
2616,0,-7.849999904632568,0.506719172000885,4.385087966918945
2617,0,-7.849999904632568,0.47652724385261536,4.650755882263184
2618,0,-7.849999904632568,0.45168042182922363,5.050599098205566
2619,0,-7.849999904632568,0.4407893717288971,3.6799373626708984
2620,0,-7.849999904632568,0.36127182841300964,5.619543075561523
2621,0,-7.849999904632568,0.48528584837913513,5.058013439178467
2622,0,-7.849999904632568,0.40350380539894104,5.6717610359191895
2623,0,-7.849999904632568,0.42331042885780334,5.495473861694336
2624,0,-7.849999904632568,0.39155104756355286,5.5993804931640625
2625,0,-7.849999904632568,0.36489570140838623,4.714076042175293
2626,0,-7.849999904632568,0.43924328684806824,5.565000057220459
2627,0,-7.849999904632568,0.4067474901676178,5.514537334442139
2628,0,-7.849999904632568,0.4338689148426056,6.204575538635254
2629,0,-7.849999904632568,0.4241817593574524,3.8969337940216064
2630,0,-7.849999904632568,0.4957914352416992,4.253321647644043
2631,0,-7.849999904632568,0.3517845869064331,6.4475836753845215
2632,1,8.430000305175781,0.7364369630813599,7.544678211212158
2633,1,8.430000305175781,0.7072548866271973,7.47320556640625
2634,1,8.430000305175781,0.6213114261627197,7.164885520935059
2635,0,-8.430000305175781,0.6184755563735962,7.303715705871582
2636,0,-8.430000305175781,0.2831571400165558,6.901136875152588
2637,0,-8.430000305175781,0.26330602169036865,6.5869669914245605
2638,0,-8.430000305175781,0.21775434911251068,6.148306369781494
2639,0,-8.430000305175781,0.2302040308713913,6.234344959259033
2640,0,-8.430000305175781,0.34610018134117126,7.009734153747559
2641,0,-8.430000305175781,0.26634302735328674,6.250951290130615
2642,1,7.590000152587891,0.7793713212013245,5.570194244384766
2643,1,7.590000152587891,0.7364189624786377,5.576664447784424
2644,0,-7.590000152587891,0.6966350674629211,3.8355467319488525
2645,0,-7.590000152587891,0.5496331453323364,4.001556873321533
2646,0,-7.590000152587891,0.6256731152534485,4.695498466491699
2647,0,-7.590000152587891,0.49738216400146484,4.239912033081055
2648,0,-7.590000152587891,0.48724597692489624,3.896507978439331
2649,1,9.399999618530273,0.734102189540863,6.379196643829346
2650,1,9.399999618530273,0.7342613935470581,6.371545314788818
2651,0,-9.399999618530273,0.5255236625671387,6.818689346313477
2652,0,-9.399999618530273,0.5497252345085144,7.04990816116333
2653,0,-9.399999618530273,0.6537197828292847,7.219441890716553
2654,0,-9.399999618530273,0.6944078803062439,6.697185516357422
2655,0,-9.399999618530273,0.705184817314148,7.414157390594482
2656,0,-9.399999618530273,0.5877916216850281,7.282999038696289
2657,0,-9.399999618530273,0.5162602066993713,7.06607723236084
2658,0,-9.399999618530273,0.2824145555496216,6.6977434158325195
2659,1,6.800000190734863,0.809990644454956,6.289611339569092
2660,1,6.800000190734863,0.8112845420837402,6.757142543792725
2661,0,-6.800000190734863,0.6173720955848694,6.278594017028809
2662,0,-6.800000190734863,0.4894014298915863,5.283340930938721
2663,0,-6.800000190734863,0.5641488432884216,6.438594818115234
2664,0,-6.800000190734863,0.5621718168258667,6.060405254364014
2665,0,-6.800000190734863,0.5247994065284729,5.884914398193359
2666,0,-6.800000190734863,0.4852467179298401,5.652651786804199
2667,0,-6.800000190734863,0.6070313453674316,6.717198371887207
2668,0,-6.800000190734863,0.519712507724762,5.888228893280029
2669,0,-6.800000190734863,0.561730682849884,5.8415937423706055
2670,0,-6.800000190734863,0.5847671031951904,6.2838969230651855
2671,1,4.889999866485596,0.7884986996650696,7.085216522216797
2672,1,4.889999866485596,0.7475525736808777,7.15589714050293
2673,0,-4.889999866485596,0.651345431804657,6.382752418518066
2674,0,-4.889999866485596,0.7010475993156433,7.1115851402282715
2675,0,-4.889999866485596,0.7825577259063721,6.990507125854492
2676,1,4.889999866485596,0.5585682988166809,5.245265960693359
2677,0,-4.889999866485596,0.6637118458747864,6.84137487411499
2678,0,-4.889999866485596,0.6328938603401184,7.08378267288208
2679,0,-4.889999866485596,0.6296423077583313,6.98263692855835
2680,0,-4.889999866485596,0.7218224406242371,6.949451446533203
2681,0,-4.889999866485596,0.5880984663963318,6.92083740234375
2682,0,-4.889999866485596,0.583479106426239,6.142264366149902
2683,0,-4.889999866485596,0.599114716053009,5.783108711242676
2684,0,-4.889999866485596,0.5593479871749878,5.951373100280762
2685,0,-4.889999866485596,0.5462080836296082,6.224812984466553
2686,0,-4.889999866485596,0.6168571710586548,6.225480556488037
2687,0,-4.889999866485596,0.6170223951339722,5.994126319885254
2688,0,-9.210000038146973,0.7805750966072083,7.651830196380615
2689,1,9.210000038146973,0.7968241572380066,7.796639919281006
2690,0,-9.210000038146973,0.8248381018638611,7.483299732208252
2691,1,9.210000038146973,0.6458472609519958,7.798947334289551
2692,0,-9.210000038146973,0.5601806640625,7.302715301513672
2693,0,-9.210000038146973,0.44679105281829834,7.628493309020996
2694,0,-9.210000038146973,0.20894089341163635,7.28093957901001
2695,0,-9.210000038146973,0.35140207409858704,7.271539688110352
2696,0,-9.210000038146973,0.22385738790035248,6.650246620178223
2697,0,-9.210000038146973,0.2309081107378006,7.063834190368652
2698,0,-9.210000038146973,0.33348169922828674,7.16855525970459
2699,0,-9.210000038146973,0.3179873824119568,7.361814022064209
2700,0,-9.210000038146973,0.12466003000736237,6.328025817871094
2701,0,-9.210000038146973,0.12641951441764832,7.392949104309082
2702,0,-9.210000038146973,0.27066344022750854,7.487793922424316
2703,0,-9.210000038146973,0.09670745581388474,7.545059680938721
2704,0,-9.210000038146973,0.28737619519233704,7.321224689483643
2705,0,-9.210000038146973,0.21861615777015686,7.238921165466309
2706,0,-7.699999809265137,0.7496839761734009,4.763169288635254
2707,0,-7.699999809265137,0.7560257911682129,5.029539585113525
2708,0,-7.699999809265137,0.6921761631965637,3.7895960807800293
2709,0,-7.699999809265137,0.6819863319396973,4.073434829711914
2710,0,-7.699999809265137,0.712612509727478,5.033906936645508
2711,0,-7.699999809265137,0.7781960964202881,4.6714372634887695
2712,1,6.900000095367432,0.7767093181610107,7.76118278503418
2713,1,6.900000095367432,0.7754775881767273,7.731620788574219
2714,1,6.900000095367432,0.6550135612487793,7.859330654144287
2715,0,-6.900000095367432,0.5419536828994751,6.905674934387207
2716,0,-6.900000095367432,0.5335323810577393,6.683468341827393
2717,0,-6.900000095367432,0.5648024678230286,6.800301551818848
2718,1,11.819999694824219,0.8723636269569397,10.34665298461914
2719,1,11.819999694824219,0.876712441444397,10.099660873413086
2720,0,-11.819999694824219,0.6221071481704712,8.380451202392578
2721,0,-11.819999694824219,0.8557272553443909,9.798858642578125
2722,0,-11.819999694824219,0.5135996341705322,8.420408248901367
2723,0,-11.819999694824219,0.5736868977546692,6.772730827331543
2724,0,-11.819999694824219,0.8023216724395752,8.611495971679688
2725,0,-11.819999694824219,0.4497411847114563,7.416016578674316
2726,0,-9.100000381469727,0.8421311378479004,8.529763221740723
2727,0,-9.100000381469727,0.809339702129364,8.206879615783691
2728,0,-9.100000381469727,0.8122590184211731,7.425415515899658
2729,0,-9.100000381469727,0.7558415532112122,7.846807479858398
2730,0,-9.100000381469727,0.8043011426925659,8.222416877746582
2731,0,-9.100000381469727,0.8870285153388977,7.807096481323242
2732,0,-9.100000381469727,0.7403970956802368,8.06449031829834
2733,1,9.100000381469727,0.8101864457130432,8.523876190185547
2734,0,-9.100000381469727,0.7874500751495361,8.922964096069336
2735,0,-9.100000381469727,0.7948868870735168,7.943188667297363
2736,0,-9.100000381469727,0.6816621422767639,9.120590209960938
2737,0,-9.100000381469727,0.9090353846549988,8.190061569213867
2738,0,-9.100000381469727,0.8477828502655029,8.497224807739258
2739,0,-9.100000381469727,0.8769126534461975,7.461061954498291
2740,0,-9.100000381469727,0.9085742831230164,7.944457054138184
2741,0,-9.100000381469727,0.815240740776062,7.801928997039795
2742,0,-9.100000381469727,0.6792697906494141,7.408036231994629
2743,0,-9.100000381469727,0.7419470548629761,8.16522216796875
2744,0,-9.100000381469727,0.7264764308929443,7.911769866943359
2745,0,-9.100000381469727,0.7361811995506287,7.650373935699463
2746,1,8.399999618530273,0.8488652110099792,9.183361053466797
2747,1,8.399999618530273,0.8636511564254761,9.256752014160156
2748,0,-8.399999618530273,0.8168148994445801,9.782328605651855
2749,1,6.460000038146973,0.6505970358848572,6.089982509613037
2750,0,-6.460000038146973,0.6813197731971741,6.147934436798096
2751,0,-6.460000038146973,0.5618541240692139,5.92409086227417
2752,0,-6.460000038146973,0.6310606598854065,6.079607009887695
2753,0,-6.460000038146973,0.468679279088974,5.086593151092529
2754,0,-6.460000038146973,0.6126706004142761,6.022066593170166
2755,0,-6.460000038146973,0.5403881669044495,5.371973991394043
2756,0,-6.460000038146973,0.632972002029419,6.514780044555664
2757,0,-6.460000038146973,0.6232810616493225,5.675384044647217
2758,0,-6.460000038146973,0.5851567387580872,5.418858051300049
2759,0,-6.460000038146973,0.5910646915435791,5.447668075561523
2760,0,-6.460000038146973,0.5975077748298645,6.353153228759766
2761,0,-6.460000038146973,0.5826801061630249,6.131239891052246
2762,0,-6.460000038146973,0.45388931035995483,4.979129314422607
2763,0,-6.460000038146973,0.5068404078483582,5.917613506317139
2764,0,-6.460000038146973,0.5154116749763489,4.888185501098633
2765,0,-6.460000038146973,0.6754640340805054,6.038924217224121
2766,0,-6.460000038146973,0.5388621091842651,6.06171178817749
2767,0,-6.460000038146973,0.504820704460144,5.044466972351074
2768,0,-6.460000038146973,0.45844557881355286,4.61267614364624
2769,0,-6.460000038146973,0.5881171226501465,6.182675838470459
2770,1,5.190000057220459,0.8238762021064758,6.683930397033691
2771,1,5.190000057220459,0.8240474462509155,6.678394317626953
2772,0,-5.190000057220459,0.7925500869750977,6.829977035522461
2773,0,-5.190000057220459,0.7906932234764099,6.9311699867248535
2774,0,-5.190000057220459,0.7925001382827759,6.416233062744141
2775,1,3.700000047683716,0.7548983693122864,2.999244213104248
2776,1,3.700000047683716,0.7551965117454529,3.000288963317871
2777,1,3.700000047683716,0.7856661081314087,2.5271549224853516
2778,0,-3.700000047683716,0.7529163956642151,2.826423168182373
2779,0,-3.700000047683716,0.7388598322868347,2.614492177963257
2780,0,-3.700000047683716,0.6832721829414368,2.2631735801696777
2781,0,-3.700000047683716,0.6485145688056946,2.434438467025757
2782,0,-3.700000047683716,0.7744430303573608,2.6147587299346924
2783,0,-3.700000047683716,0.6485708355903625,2.384268283843994
2784,0,-3.700000047683716,0.6888669729232788,2.3370091915130615
2785,0,-3.700000047683716,0.6940152645111084,2.449852466583252
2786,0,-3.700000047683716,0.623084306716919,2.441319227218628
2787,0,-3.700000047683716,0.5908913612365723,3.2448973655700684
2788,1,6.849999904632568,0.7990700006484985,5.1773176193237305
2789,1,6.849999904632568,0.8359260559082031,5.249575614929199
2790,1,6.849999904632568,0.8306848406791687,5.243124485015869
2791,0,-6.849999904632568,0.8204450011253357,5.030336380004883
2792,0,-6.849999904632568,0.8140878677368164,3.5639209747314453
2793,0,-6.849999904632568,0.7713302373886108,4.749593257904053
2794,0,-6.849999904632568,0.6790199279785156,3.4619381427764893
2795,0,-6.849999904632568,0.6303471326828003,3.9799091815948486
2796,0,-6.849999904632568,0.7271593809127808,4.758216381072998
2797,1,3.619999885559082,0.6650416254997253,4.718354225158691
2798,1,3.619999885559082,0.6503761410713196,4.246367454528809
2799,0,-3.619999885559082,0.6251832246780396,4.606655597686768
2800,0,-3.619999885559082,0.5339839458465576,3.1065609455108643
2801,0,-3.619999885559082,0.553550660610199,3.995424270629883
2802,0,-3.619999885559082,0.5288698077201843,4.587445259094238
2803,0,-3.619999885559082,0.5331605076789856,3.9930882453918457
2804,0,-3.619999885559082,0.4785693287849426,5.03436803817749
2805,0,-3.619999885559082,0.5367394089698792,4.421106338500977
2806,0,-3.619999885559082,0.5244946479797363,4.173514366149902
2807,0,-3.619999885559082,0.47570908069610596,2.7237179279327393
2808,0,-3.619999885559082,0.4740249514579773,4.09956169128418
2809,0,-3.619999885559082,0.49122822284698486,3.083787202835083
2810,0,-3.619999885559082,0.5025841593742371,3.9182333946228027
2811,0,-3.619999885559082,0.49103477597236633,4.06903600692749
2812,0,-3.619999885559082,0.39670512080192566,4.8251953125
2813,0,-3.619999885559082,0.5145664215087891,3.8926801681518555
2814,0,-3.619999885559082,0.4403257668018341,3.900862216949463
2815,0,-3.619999885559082,0.3635178208351135,5.2129597663879395
2816,0,-3.619999885559082,0.5198802351951599,4.374218463897705
2817,1,8.25,0.7511909604072571,8.251556396484375
2818,1,8.25,0.7473937273025513,8.236661911010742
2819,0,-8.25,0.5377076864242554,7.269813060760498
2820,1,3.569999933242798,0.6993364691734314,5.267827987670898
2821,0,-3.569999933242798,0.5297431349754333,4.263366222381592
2822,1,3.569999933242798,0.6948496103286743,5.2573933601379395
2823,0,-3.569999933242798,0.5814107656478882,3.7571940422058105
2824,0,-3.569999933242798,0.4301453232765198,4.351058006286621
2825,0,-3.569999933242798,0.502233624458313,4.910368919372559
2826,0,-3.569999933242798,0.4219115078449249,3.8305716514587402
2827,0,-3.569999933242798,0.4781692624092102,5.429078102111816
2828,0,-3.569999933242798,0.5132736563682556,3.4392905235290527
2829,0,-3.569999933242798,0.45903414487838745,4.819525241851807
2830,1,3.569999933242798,0.5563519597053528,5.418547630310059
2831,0,-3.569999933242798,0.4610159397125244,3.7260549068450928
2832,0,-3.569999933242798,0.435380220413208,4.215084075927734
2833,0,-3.569999933242798,0.4852917790412903,4.06852912902832
2834,0,-3.569999933242798,0.3149845600128174,4.201149940490723
2835,0,-3.569999933242798,0.41799187660217285,4.041592597961426
2836,0,-3.569999933242798,0.4106023609638214,4.806033611297607
2837,0,-3.569999933242798,0.4017426669597626,3.657053232192993
2838,0,-3.569999933242798,0.3841271996498108,4.221468925476074
2839,0,-3.569999933242798,0.5725814700126648,4.102547645568848
2840,0,-3.569999933242798,0.279552161693573,4.542912006378174
2841,1,7.960000038146973,0.7882093191146851,8.008747100830078
2842,1,7.960000038146973,0.7799661755561829,8.03583812713623
2843,1,7.960000038146973,0.7708272933959961,8.250651359558105
2844,0,-7.960000038146973,0.8187573552131653,8.413942337036133
2845,0,-7.960000038146973,0.50119549036026,6.482844829559326
2846,0,-7.960000038146973,0.5297825336456299,7.265922546386719
2847,0,-7.960000038146973,0.4762612581253052,7.446875095367432
2848,1,9.270000457763672,0.8340043425559998,8.511982917785645
2849,1,9.270000457763672,0.8358088731765747,8.65517807006836
2850,1,9.270000457763672,0.8081784248352051,8.645774841308594
2851,1,2.4000000953674316,0.6140924096107483,2.9140524864196777
2852,1,2.4000000953674316,0.6141736507415771,2.920254707336426
2853,1,2.4000000953674316,0.5684961080551147,2.907215118408203
2854,0,-2.4000000953674316,0.5320742726325989,3.273369550704956
2855,0,-2.4000000953674316,0.541294515132904,3.005596160888672
2856,0,-2.4000000953674316,0.5485231876373291,2.825246572494507
2857,0,-2.4000000953674316,0.6221573352813721,3.4717929363250732
2858,0,-2.4000000953674316,0.6738353371620178,3.3646442890167236
2859,0,-2.4000000953674316,0.5711110830307007,3.0850324630737305
2860,0,-2.4000000953674316,0.5152859687805176,3.3825275897979736
2861,0,-2.4000000953674316,0.5988990664482117,3.070155620574951
2862,0,-2.4000000953674316,0.5710111856460571,3.0429325103759766
2863,0,-2.4000000953674316,0.5709512829780579,3.3418242931365967
2864,0,-2.4000000953674316,0.47519606351852417,3.588061809539795
2865,1,9.039999961853027,0.7338247895240784,7.580380439758301
2866,1,9.039999961853027,0.721672773361206,7.487481117248535
2867,0,-9.039999961853027,0.6930038332939148,6.848401069641113
2868,1,9.039999961853027,0.7037650346755981,7.046710014343262
2869,0,-9.039999961853027,0.6806750297546387,7.437596321105957
2870,0,-9.039999961853027,0.5792691111564636,6.586534023284912
2871,0,-9.039999961853027,0.7267727851867676,7.445101737976074
2872,0,-9.039999961853027,0.5426397919654846,6.342576503753662
2873,0,-9.039999961853027,0.6617292165756226,7.039649963378906
2874,0,-9.039999961853027,0.4784756600856781,5.9478912353515625
2875,0,-9.039999961853027,0.5038716197013855,6.006439685821533
2876,0,-9.039999961853027,0.6430867910385132,6.075799465179443
2877,1,6.320000171661377,0.6564022898674011,6.888431072235107
2878,0,-6.320000171661377,0.6841153502464294,6.415794372558594
2879,0,-6.320000171661377,0.7188358902931213,7.3083062171936035
2880,0,-6.320000171661377,0.6931228041648865,6.996997833251953
2881,1,6.320000171661377,0.6564406156539917,6.880399227142334
2882,0,-6.320000171661377,0.650492787361145,6.285809516906738
2883,0,-6.320000171661377,0.6602548956871033,7.182159900665283
2884,1,6.320000171661377,0.6889097094535828,6.646054267883301
2885,0,-6.320000171661377,0.6776564121246338,6.703388214111328
2886,0,-6.320000171661377,0.7546913027763367,6.878635406494141
2887,0,-6.320000171661377,0.6751616597175598,6.932681083679199
2888,0,-6.320000171661377,0.5188124775886536,5.680865287780762
2889,0,-6.320000171661377,0.6924677491188049,6.073055267333984
2890,0,-6.320000171661377,0.3896670639514923,5.913851261138916
2891,0,-6.320000171661377,0.6845736503601074,6.760931968688965
2892,0,-6.320000171661377,0.5049006342887878,5.99813175201416
2893,0,-6.320000171661377,0.448731005191803,5.440208435058594
2894,0,-6.320000171661377,0.4078574478626251,4.7807183265686035
2895,0,-6.320000171661377,0.3651273846626282,5.121185302734375
2896,0,-6.320000171661377,0.4321344494819641,4.924525737762451
2897,0,-6.320000171661377,0.3475003242492676,4.715975761413574
2898,1,8.520000457763672,0.5906285643577576,5.247647762298584
2899,0,-8.520000457763672,0.6457769274711609,6.502806186676025
2900,0,-8.520000457763672,0.7004715800285339,6.259855270385742
2901,0,-8.520000457763672,0.6199309229850769,5.6852006912231445
2902,0,-8.520000457763672,0.6825413703918457,6.313991069793701
2903,0,-8.520000457763672,0.6176902055740356,5.299233436584473
2904,0,-8.520000457763672,0.5624091625213623,6.602076053619385
2905,0,-8.520000457763672,0.6271517872810364,5.0638203620910645
2906,0,-8.520000457763672,0.634477972984314,5.326808929443359
2907,0,-8.520000457763672,0.538177490234375,5.439271450042725
2908,0,-8.520000457763672,0.5163320899009705,5.079753875732422
2909,0,-8.520000457763672,0.5589185357093811,6.516789436340332
2910,0,-8.520000457763672,0.5454397201538086,5.484379768371582
2911,0,-8.520000457763672,0.5911433696746826,4.288823127746582
2912,0,-8.520000457763672,0.5119549036026001,5.321872711181641
2913,0,-8.520000457763672,0.37379974126815796,5.2638373374938965
2914,0,-8.520000457763672,0.5877172946929932,5.721390247344971
2915,0,-8.520000457763672,0.40679776668548584,5.439869403839111
2916,0,-8.520000457763672,0.5479137301445007,5.602288246154785
2917,0,-8.520000457763672,0.4683774411678314,4.815715789794922
2918,0,-8.520000457763672,0.4611513316631317,5.240084171295166
2919,1,3.6600000858306885,0.7011129856109619,3.6949822902679443
2920,1,3.6600000858306885,0.70305997133255,3.43076753616333
2921,1,3.6600000858306885,0.5724301934242249,3.225165367126465
2922,0,-3.6600000858306885,0.5242281556129456,4.747690200805664
2923,1,3.6600000858306885,0.5639153718948364,3.2992281913757324
2924,0,-3.6600000858306885,0.5778690576553345,4.345005035400391
2925,0,-3.6600000858306885,0.4408065378665924,4.921436309814453
2926,0,-3.6600000858306885,0.5434569716453552,4.201824188232422
2927,0,-3.6600000858306885,0.4746188819408417,4.3114471435546875
2928,0,-3.6600000858306885,0.5540499687194824,4.34512996673584
2929,0,-3.6600000858306885,0.4315318167209625,4.511622428894043
2930,0,-3.6600000858306885,0.514862596988678,4.0595011711120605
2931,0,-3.6600000858306885,0.6427410244941711,3.9648032188415527
2932,1,3.6600000858306885,0.6204465627670288,4.026239395141602
2933,0,-3.6600000858306885,0.4359167516231537,3.7135024070739746
2934,0,-3.6600000858306885,0.39823994040489197,5.585294723510742
2935,0,-3.6600000858306885,0.38891687989234924,4.739374160766602
2936,0,-3.6600000858306885,0.512614905834198,4.432993412017822
2937,0,-3.6600000858306885,0.3770568370819092,5.259347915649414
2938,0,-3.6600000858306885,0.4251812696456909,3.966665506362915
2939,0,-3.6600000858306885,0.5963453054428101,3.880131244659424
2940,1,4.820000171661377,0.5109180212020874,4.224065780639648
2941,0,-4.820000171661377,0.4856716990470886,4.534603595733643
2942,0,-4.820000171661377,0.4101221263408661,5.124568939208984
2943,0,-4.820000171661377,0.4153880476951599,5.054482460021973
2944,0,-4.820000171661377,0.43097296357154846,4.567078113555908
2945,1,4.820000171661377,0.5092596411705017,4.376601696014404
2946,0,-4.820000171661377,0.45833975076675415,4.369287490844727
2947,0,-4.820000171661377,0.5291672945022583,5.019233226776123
2948,0,-4.820000171661377,0.40271082520484924,5.364372730255127
2949,0,-4.820000171661377,0.49457481503486633,4.814784049987793
2950,0,-4.820000171661377,0.40703898668289185,4.934266090393066
2951,0,-4.820000171661377,0.4625747501850128,4.886355876922607
2952,0,-4.820000171661377,0.37846440076828003,5.462007522583008
2953,0,-4.820000171661377,0.5183836221694946,5.3722944259643555
2954,0,-4.820000171661377,0.4378659129142761,4.661251068115234
2955,0,-4.820000171661377,0.44207510352134705,5.42440128326416
2956,0,-4.820000171661377,0.5104149580001831,5.003311634063721
2957,0,-4.820000171661377,0.3700823485851288,5.114312648773193
2958,0,-4.820000171661377,0.4300333559513092,4.848065376281738
2959,1,4.820000171661377,0.42778024077415466,4.768327236175537
2960,0,-4.820000171661377,0.4503169059753418,5.286452770233154
2961,1,8.65999984741211,0.6613946557044983,7.510618209838867
2962,1,8.65999984741211,0.6136530637741089,7.5086350440979
2963,0,-8.65999984741211,0.6459454894065857,7.370474815368652
2964,0,-8.65999984741211,0.4888927638530731,5.974658966064453
2965,0,-8.65999984741211,0.522287905216217,6.222339153289795
2966,0,-8.65999984741211,0.42176416516304016,5.664267539978027
2967,0,-8.65999984741211,0.4755996763706207,5.868773460388184
2968,0,-8.65999984741211,0.5488259792327881,6.53485107421875
2969,0,-8.65999984741211,0.6350023746490479,6.790030479431152
2970,0,-8.65999984741211,0.6205153465270996,7.051260948181152
2971,0,-8.65999984741211,0.5146476626396179,6.022204399108887
2972,0,-8.65999984741211,0.5170862078666687,6.549221515655518
2973,0,-8.65999984741211,0.3878689408302307,5.744555950164795
2974,1,10.170000076293945,0.8188558220863342,7.834488868713379
2975,1,10.170000076293945,0.8185269832611084,7.78327751159668
2976,0,-10.170000076293945,0.799864649772644,7.626113414764404
2977,0,-10.170000076293945,0.5445759892463684,5.802046298980713
2978,0,-10.170000076293945,0.4951990842819214,5.818577289581299
2979,1,8.100000381469727,0.7919193506240845,6.159430980682373
2980,1,8.100000381469727,0.7909571528434753,6.1582183837890625
2981,0,-8.100000381469727,0.7273641228675842,6.718440532684326
2982,1,8.100000381469727,0.7823997139930725,6.29868745803833
2983,0,-8.100000381469727,0.7064405083656311,5.718353271484375
2984,0,-8.100000381469727,0.5226893424987793,5.632354259490967
2985,0,-7.170000076293945,0.47790050506591797,8.670417785644531
2986,0,-7.170000076293945,0.46109843254089355,7.83027982711792
2987,0,-7.170000076293945,0.6592884659767151,8.154269218444824
2988,0,-7.170000076293945,0.656554102897644,8.236992835998535
2989,1,7.170000076293945,0.6450814604759216,7.764995574951172
2990,0,-7.170000076293945,0.5645829439163208,8.357501983642578
2991,0,-7.170000076293945,0.5207473635673523,8.006235122680664
2992,0,-7.170000076293945,0.6664659976959229,7.759145736694336
2993,0,-7.170000076293945,0.6860148906707764,8.109466552734375
2994,0,-7.170000076293945,0.6212398409843445,7.793153762817383
2995,0,-7.170000076293945,0.678811252117157,8.601083755493164
2996,0,-7.170000076293945,0.641123354434967,8.030082702636719
2997,0,-7.170000076293945,0.6689159870147705,7.462560653686523
2998,0,-7.170000076293945,0.6946538090705872,7.741112232208252
2999,0,-7.170000076293945,0.3701338768005371,7.4115376472473145
3000,0,-7.170000076293945,0.40384986996650696,8.374354362487793
3001,0,-7.170000076293945,0.5177030563354492,8.503799438476562
3002,0,-7.170000076293945,0.3957010805606842,6.7832183837890625
3003,0,-7.170000076293945,0.1681627333164215,7.378147125244141
3004,0,-7.170000076293945,0.30024075508117676,6.518630504608154
3005,1,5.789999961853027,0.7326759696006775,7.245450496673584
3006,0,-5.789999961853027,0.7319915294647217,7.34004545211792
3007,1,5.789999961853027,0.7177432179450989,7.232741355895996
3008,0,-5.789999961853027,0.5983693599700928,7.088367938995361
3009,0,-5.789999961853027,0.37595951557159424,6.981226921081543
3010,0,-5.789999961853027,0.2761963903903961,7.28563117980957
3011,0,-5.789999961853027,0.3289901912212372,6.788760185241699
3012,0,-5.789999961853027,0.3917911946773529,6.935362339019775
3013,0,-5.789999961853027,0.31275302171707153,7.052627086639404
3014,0,-5.789999961853027,0.38216301798820496,6.601709842681885
3015,0,-5.789999961853027,0.20247961580753326,6.724329471588135
3016,0,-5.789999961853027,0.2853589653968811,7.050380706787109
3017,0,-5.789999961853027,0.3952973783016205,6.648906707763672
3018,0,-5.789999961853027,0.34566161036491394,7.156956672668457
3019,0,-5.789999961853027,0.3443498909473419,6.527829170227051
3020,0,-5.789999961853027,0.2520885169506073,6.815853118896484
3021,0,-5.789999961853027,0.2584770917892456,6.699178218841553
3022,0,-5.789999961853027,0.2607173025608063,6.278003692626953
3023,0,-5.789999961853027,0.41487738490104675,6.9000091552734375
3024,0,-5.789999961853027,0.22436471283435822,7.162440299987793
3025,0,-5.789999961853027,0.2778923511505127,7.002410888671875
3026,1,7.800000190734863,0.6826483011245728,7.242132186889648
3027,1,7.800000190734863,0.6958004832267761,7.202101707458496
3028,1,7.800000190734863,0.5790988206863403,7.4302144050598145
3029,0,-7.800000190734863,0.6279460787773132,7.751362323760986
3030,0,-7.800000190734863,0.5481451749801636,7.9353861808776855
3031,0,-7.800000190734863,0.6168752312660217,8.03543472290039
3032,0,-7.800000190734863,0.5999857187271118,7.572812557220459
3033,0,-7.800000190734863,0.5764194130897522,7.920252799987793
3034,1,9.520000457763672,0.8278184533119202,8.621304512023926
3035,1,9.520000457763672,0.828888475894928,8.624528884887695
3036,0,-9.520000457763672,0.8125878572463989,8.216151237487793
3037,1,3.0999999046325684,0.69655841588974,5.271693229675293
3038,1,3.0999999046325684,0.6939334869384766,5.2300190925598145
3039,0,-3.0999999046325684,0.7316820621490479,5.374779224395752
3040,0,-3.0999999046325684,0.6297537684440613,4.726082801818848
3041,0,-3.0999999046325684,0.6157244443893433,4.411062240600586
3042,0,-3.0999999046325684,0.5990676879882812,4.240103244781494
3043,0,-3.0999999046325684,0.626366376876831,5.289717197418213
3044,0,-3.0999999046325684,0.6185041666030884,5.189629077911377
3045,0,-3.0999999046325684,0.6208298206329346,4.973933219909668
3046,0,-3.0999999046325684,0.5945443511009216,4.176264762878418
3047,0,-3.0999999046325684,0.559482753276825,4.872856140136719
3048,0,-3.0999999046325684,0.49025774002075195,4.133131980895996
3049,0,-3.0999999046325684,0.45549044013023376,4.3208465576171875
3050,0,-3.0999999046325684,0.5250391960144043,4.549141883850098
3051,0,-3.0999999046325684,0.6324905157089233,5.288693428039551
3052,0,-3.0999999046325684,0.5698315501213074,4.6710920333862305
3053,0,-3.0999999046325684,0.4009782373905182,4.629018306732178
3054,0,-3.0999999046325684,0.39050740003585815,4.303129196166992
3055,0,-3.0999999046325684,0.43480002880096436,4.382196426391602
3056,0,-3.0999999046325684,0.5212019085884094,4.621503829956055
3057,0,-3.0999999046325684,0.566370964050293,4.570379257202148
3058,1,8.770000457763672,0.8227968811988831,8.542068481445312
3059,1,8.770000457763672,0.8083255290985107,8.551804542541504
3060,1,8.770000457763672,0.8315232396125793,8.668295860290527
3061,0,-8.770000457763672,0.7980878353118896,9.084789276123047
3062,0,-8.770000457763672,0.8181409239768982,8.642637252807617
3063,1,2.890000104904175,0.5457954406738281,4.8386945724487305
3064,0,-2.890000104904175,0.5003432035446167,4.946773529052734
3065,0,-2.890000104904175,0.4621570110321045,4.445300102233887
3066,0,-2.890000104904175,0.5256784558296204,4.6913909912109375
3067,0,-2.890000104904175,0.5405236482620239,4.605693340301514
3068,0,-2.890000104904175,0.4266880750656128,4.561946392059326
3069,0,-2.890000104904175,0.5335280299186707,4.959843158721924
3070,0,-2.890000104904175,0.5143816471099854,4.670890808105469
3071,0,-2.890000104904175,0.4922541677951813,4.722825050354004
3072,1,2.890000104904175,0.516864001750946,4.801389694213867
3073,0,-2.890000104904175,0.4512399733066559,4.899504661560059
3074,0,-2.890000104904175,0.47771552205085754,4.708016872406006
3075,0,-2.890000104904175,0.4911244809627533,4.443783760070801
3076,0,-2.890000104904175,0.5469666123390198,4.885787487030029
3077,0,-2.890000104904175,0.501412034034729,4.892691135406494
3078,0,-2.890000104904175,0.47490230202674866,4.780633926391602
3079,0,-2.890000104904175,0.5006070137023926,4.60504150390625
3080,0,-2.890000104904175,0.3769032061100006,4.874141216278076
3081,0,-2.890000104904175,0.4637157618999481,4.525460243225098
3082,0,-2.890000104904175,0.49370166659355164,4.938204765319824
3083,0,-2.890000104904175,0.30048421025276184,4.53371524810791
3084,1,2.9200000762939453,0.5852022767066956,4.510011672973633
3085,0,-2.9200000762939453,0.5823608636856079,5.609586238861084
3086,0,-2.9200000762939453,0.5744085311889648,3.2467212677001953
3087,0,-2.9200000762939453,0.5368380546569824,2.883855104446411
3088,1,2.9200000762939453,0.6688700318336487,5.866357326507568
3089,0,-2.9200000762939453,0.48819756507873535,3.6759989261627197
3090,0,-2.9200000762939453,0.5981577634811401,4.016867637634277
3091,0,-2.9200000762939453,0.41257980465888977,2.4528796672821045
3092,0,-2.9200000762939453,0.5281725525856018,3.210756301879883
3093,0,-2.9200000762939453,0.491658478975296,2.7120494842529297
3094,0,-2.9200000762939453,0.47745493054389954,3.088029384613037
3095,0,-2.9200000762939453,0.4555966854095459,3.1581969261169434
3096,0,-2.9200000762939453,0.49769502878189087,3.5996179580688477
3097,0,-2.9200000762939453,0.5537297129631042,3.962364673614502
3098,0,-2.9200000762939453,0.5098143815994263,4.235442161560059
3099,0,-2.9200000762939453,0.5454071164131165,4.4071855545043945
3100,1,6.5,0.7962854504585266,5.347184181213379
3101,1,6.5,0.7935478091239929,5.374269962310791
3102,0,-6.5,0.3462924063205719,5.789435386657715
3103,0,-6.5,0.4953889548778534,5.2712836265563965
3104,0,-6.5,0.49145591259002686,5.843725681304932
3105,0,-6.5,0.44188594818115234,5.472070217132568
3106,0,-6.5,0.37560683488845825,6.091055870056152
3107,0,-6.5,0.505009114742279,5.258347034454346
3108,0,-6.5,0.6706773638725281,6.007608413696289
3109,1,5.369999885559082,0.7074211239814758,4.717989921569824
3110,0,-5.369999885559082,0.7584834098815918,4.894744873046875
3111,1,5.369999885559082,0.7123264074325562,4.743339538574219
3112,0,-5.369999885559082,0.8395817875862122,5.80690860748291
3113,0,-5.369999885559082,0.7612273097038269,5.5857720375061035
3114,0,-5.369999885559082,0.6142462491989136,4.904323577880859
3115,0,-5.369999885559082,0.6923424005508423,5.358207702636719
3116,0,-5.369999885559082,0.5841913819313049,5.084322452545166
3117,1,6.480000019073486,0.7211254239082336,5.669149398803711
3118,0,-6.480000019073486,0.7275271415710449,5.868256092071533
3119,0,-6.480000019073486,0.7263852953910828,5.697659969329834
3120,0,-6.480000019073486,0.7768729329109192,5.6425557136535645
3121,1,6.480000019073486,0.7196594476699829,5.681105613708496
3122,1,6.480000019073486,0.6631963849067688,5.78582763671875
3123,0,-6.480000019073486,0.7081785202026367,5.920431613922119
3124,0,-6.480000019073486,0.7114062905311584,5.914604187011719
3125,0,-6.480000019073486,0.6119328737258911,5.47364616394043
3126,0,-6.480000019073486,0.6708254218101501,5.850348472595215
3127,1,5.099999904632568,0.7934691905975342,4.167734146118164
3128,1,5.099999904632568,0.7921494245529175,4.169683456420898
3129,0,-5.099999904632568,0.3387509882450104,5.224945545196533
3130,0,-5.099999904632568,0.35090020298957825,5.168313980102539
3131,1,5.099999904632568,0.6996359825134277,4.07918119430542
3132,1,5.099999904632568,0.5212134718894958,4.4843339920043945
3133,0,-5.099999904632568,0.46977895498275757,4.155871868133545
3134,0,-5.099999904632568,0.20336686074733734,5.029167175292969
3135,0,-5.099999904632568,0.2518067955970764,3.5678181648254395
3136,0,-5.099999904632568,0.1856454610824585,4.215629577636719
3137,0,-5.099999904632568,0.2525920867919922,3.988271951675415
3138,0,-5.099999904632568,0.21267707645893097,4.013913154602051
3139,0,-5.099999904632568,0.06357459723949432,5.360479354858398
3140,0,-5.099999904632568,0.2621428966522217,3.9942257404327393
3141,0,-5.099999904632568,0.2514802813529968,4.395374774932861
3142,0,-5.099999904632568,0.08317344635725021,5.091496467590332
3143,0,-5.099999904632568,0.14912700653076172,4.337801456451416
3144,0,-5.099999904632568,0.12266217917203903,4.187492847442627
3145,0,-5.099999904632568,0.16298770904541016,3.9334716796875
3146,0,-5.099999904632568,0.15738430619239807,4.812497138977051
3147,1,4.659999847412109,0.5626851916313171,4.127372741699219
3148,0,-4.659999847412109,0.657037615776062,4.587337493896484
3149,0,-4.659999847412109,0.651167631149292,4.309206008911133
3150,0,-4.659999847412109,0.6453725099563599,4.230490684509277
3151,0,-4.659999847412109,0.6042578220367432,4.470848083496094
3152,0,-4.659999847412109,0.6368179321289062,4.562607288360596
3153,1,4.659999847412109,0.5666858553886414,4.043487548828125
3154,0,-4.659999847412109,0.47394436597824097,6.375386714935303
3155,0,-4.659999847412109,0.5071505904197693,6.679113864898682
3156,0,-4.659999847412109,0.6297181844711304,4.371548652648926
3157,0,-4.659999847412109,0.5177200436592102,6.102822303771973
3158,0,-4.659999847412109,0.4706490933895111,5.745743274688721
3159,0,-4.659999847412109,0.4784514904022217,6.4409942626953125
3160,0,-4.659999847412109,0.470180869102478,6.69249153137207
3161,0,-4.659999847412109,0.4769814610481262,3.449049711227417
3162,0,-4.659999847412109,0.45392078161239624,6.265008449554443
3163,0,-4.659999847412109,0.49099001288414,3.9513649940490723
3164,0,-4.659999847412109,0.42475566267967224,3.8445770740509033
3165,0,-4.659999847412109,0.4996621310710907,3.5164496898651123
3166,1,2.069999933242798,0.7571721076965332,3.1630120277404785
3167,1,2.069999933242798,0.7523347735404968,2.883800983428955
3168,1,2.069999933242798,0.7578226327896118,3.1706185340881348
3169,1,2.069999933242798,0.660959005355835,2.8647971153259277
3170,0,-2.069999933242798,0.5204268097877502,4.088981628417969
3171,0,-2.069999933242798,0.6433805823326111,3.6259613037109375
3172,0,-2.069999933242798,0.48554447293281555,4.432028293609619
3173,0,-2.069999933242798,0.5335192084312439,2.6313743591308594
3174,0,-2.069999933242798,0.4701665937900543,3.2841949462890625
3175,0,-2.069999933242798,0.5258731245994568,3.2113289833068848
3176,0,-2.069999933242798,0.530458927154541,3.216555118560791
3177,0,-2.069999933242798,0.5303114056587219,4.247568130493164
3178,0,-2.069999933242798,0.41302263736724854,4.964407444000244
3179,0,-2.069999933242798,0.32304659485816956,3.4030301570892334
3180,0,-2.069999933242798,0.4594789743423462,3.1340105533599854
3181,0,-2.069999933242798,0.5007818937301636,3.3817713260650635
3182,0,-2.069999933242798,0.3145430088043213,3.52425479888916
3183,0,-2.069999933242798,0.33464404940605164,4.121129512786865
3184,0,-2.069999933242798,0.4247603416442871,3.293584108352661
3185,0,-2.069999933242798,0.3451629877090454,4.891789436340332
3186,1,10.920000076293945,0.7558488845825195,9.668976783752441
3187,1,10.920000076293945,0.8300527930259705,9.8359375
3188,0,-10.920000076293945,0.7279193997383118,9.329147338867188
3189,0,-10.920000076293945,0.8194801211357117,9.438621520996094
3190,0,-10.920000076293945,0.47656339406967163,9.113333702087402
3191,0,-10.920000076293945,0.3262965977191925,8.234667778015137
3192,0,-10.920000076293945,0.6619659662246704,9.918042182922363
3193,0,-10.920000076293945,0.6957359910011292,9.309795379638672
3194,0,-10.920000076293945,0.3840360641479492,8.433113098144531
3195,0,-10.920000076293945,0.6197917461395264,9.445099830627441
3196,0,-10.920000076293945,0.2344074547290802,9.393235206604004
3197,0,-10.920000076293945,0.4300099015235901,9.432453155517578
3198,0,-10.920000076293945,0.11877388507127762,8.691385269165039
3199,0,-10.920000076293945,0.537487804889679,8.64604663848877
3200,0,-10.920000076293945,0.7964503765106201,9.6510591506958
3201,0,-10.920000076293945,0.4136662185192108,9.097256660461426
3202,0,-10.920000076293945,0.3094998598098755,8.127049446105957
3203,0,-10.920000076293945,0.49575257301330566,9.244117736816406
3204,0,-10.920000076293945,0.11206436902284622,9.569889068603516
3205,0,-10.920000076293945,0.43857628107070923,9.149816513061523
3206,1,8.0,0.7460346817970276,9.016371726989746
3207,1,8.0,0.7440889477729797,9.008339881896973
3208,1,8.0,0.7067075967788696,8.939433097839355
3209,0,-8.0,0.7135439515113831,9.249347686767578
3210,1,2.819999933242798,0.5304540395736694,6.657511234283447
3211,0,-2.819999933242798,0.6016627550125122,6.347153663635254
3212,0,-2.819999933242798,0.5922242999076843,6.5338969230651855
3213,0,-2.819999933242798,0.5731227397918701,6.535338401794434
3214,1,2.819999933242798,0.5230726003646851,6.8854146003723145
3215,0,-2.819999933242798,0.5263410210609436,6.3584089279174805
3216,1,2.819999933242798,0.4880177974700928,6.931546211242676
3217,0,-2.819999933242798,0.6304891705513,6.482858180999756
3218,0,-2.819999933242798,0.5703686475753784,6.170844554901123
3219,0,-2.819999933242798,0.5872339010238647,6.250539779663086
3220,0,-2.819999933242798,0.5528086423873901,6.908013343811035
3221,0,-2.819999933242798,0.5514433979988098,6.910235404968262
3222,0,-2.819999933242798,0.5594664216041565,7.634896278381348
3223,0,-2.819999933242798,0.5341902375221252,6.85753059387207
3224,0,-2.819999933242798,0.5566522479057312,7.597198486328125
3225,0,-2.819999933242798,0.4503805637359619,7.012969017028809
3226,0,-2.819999933242798,0.5861328840255737,6.647745609283447
3227,0,-2.819999933242798,0.43420955538749695,7.1483154296875
3228,0,-2.819999933242798,0.4671485424041748,6.940966606140137
3229,0,-2.819999933242798,0.3104853332042694,4.364393711090088
3230,0,-2.819999933242798,0.3387419879436493,5.425313949584961
3231,1,3.0999999046325684,0.4275067150592804,4.867177486419678
3232,0,-3.0999999046325684,0.4457862377166748,4.6326446533203125
3233,0,-3.0999999046325684,0.4469670355319977,5.293383598327637
3234,0,-3.0999999046325684,0.44589295983314514,5.136507987976074
3235,0,-3.0999999046325684,0.4345342516899109,4.7129669189453125
3236,0,-3.0999999046325684,0.40935179591178894,4.761181831359863
3237,0,-3.0999999046325684,0.404702365398407,4.7127275466918945
3238,0,-3.0999999046325684,0.463117778301239,4.511663913726807
3239,0,-3.0999999046325684,0.47416332364082336,4.520552158355713
3240,0,-3.0999999046325684,0.4059116542339325,4.631964683532715
3241,0,-3.0999999046325684,0.4400143027305603,4.721227169036865
3242,0,-3.0999999046325684,0.42357534170150757,4.452775955200195
3243,0,-3.0999999046325684,0.43939459323883057,5.114171981811523
3244,0,-3.0999999046325684,0.4378860294818878,4.730611801147461
3245,0,-3.0999999046325684,0.45356816053390503,4.943683624267578
3246,0,-3.0999999046325684,0.4676826000213623,4.851133346557617
3247,0,-3.0999999046325684,0.4412508010864258,4.939920425415039
3248,0,-3.0999999046325684,0.44822654128074646,4.600565433502197
3249,0,-3.0999999046325684,0.4297248125076294,4.875397682189941
3250,0,-3.0999999046325684,0.4407236874103546,4.431894302368164
3251,0,-3.0999999046325684,0.43799230456352234,4.682486534118652
3252,1,2.890000104904175,0.6503012180328369,3.689182758331299
3253,1,2.890000104904175,0.6701593995094299,4.016868591308594
3254,1,2.890000104904175,0.6700178384780884,4.0132341384887695
3255,1,2.890000104904175,0.6488766670227051,3.674596071243286
3256,0,-2.890000104904175,0.6723357439041138,3.955109119415283
3257,0,-2.890000104904175,0.6735570430755615,3.9726297855377197
3258,0,-2.890000104904175,0.5213938355445862,3.5323238372802734
3259,0,-2.890000104904175,0.5044589042663574,3.406236410140991
3260,1,2.890000104904175,0.6162331104278564,3.236304521560669
3261,0,-2.890000104904175,0.545749306678772,3.343611717224121
3262,0,-2.890000104904175,0.692501425743103,4.193615913391113
3263,0,-2.890000104904175,0.6555085182189941,3.1679563522338867
3264,0,-2.890000104904175,0.5999482274055481,3.2913336753845215
3265,0,-2.890000104904175,0.6121276617050171,3.2982888221740723
3266,0,-2.890000104904175,0.6519293189048767,3.2285361289978027
3267,0,-2.890000104904175,0.6590742468833923,3.6334571838378906
3268,0,-2.890000104904175,0.6282317638397217,3.0458176136016846
3269,0,-2.890000104904175,0.5282621383666992,2.7940211296081543
3270,0,-2.890000104904175,0.4789349138736725,3.3620920181274414
3271,0,-2.890000104904175,0.4897505044937134,3.4063401222229004
3272,0,-2.890000104904175,0.545572817325592,3.1030542850494385
3273,1,9.460000038146973,0.746048629283905,8.20473575592041
3274,1,9.460000038146973,0.7490772008895874,8.228353500366211
3275,0,-9.460000038146973,0.674821674823761,7.540696620941162
3276,1,2.2799999713897705,0.7682377099990845,6.536866188049316
3277,0,-2.2799999713897705,0.3489716649055481,4.453433513641357
3278,0,-2.2799999713897705,0.5279454588890076,4.549764156341553
3279,0,-2.2799999713897705,0.4180411994457245,4.611266613006592
3280,0,-2.2799999713897705,0.43749237060546875,4.304501533508301
3281,0,-2.2799999713897705,0.31760087609291077,4.217743873596191
3282,0,-2.2799999713897705,0.2800602912902832,4.487701892852783
3283,0,-2.2799999713897705,0.5143994092941284,4.91744327545166
3284,0,-2.2799999713897705,0.3527284264564514,4.468469619750977
3285,0,-2.2799999713897705,0.33735761046409607,4.269143104553223
3286,0,-2.2799999713897705,0.39935892820358276,4.759390830993652
3287,0,-2.2799999713897705,0.3094852864742279,4.498612880706787
3288,0,-2.2799999713897705,0.42232006788253784,4.8211140632629395
3289,0,-2.2799999713897705,0.46142762899398804,4.681978225708008
3290,0,-2.2799999713897705,0.4756832718849182,4.695250511169434
3291,0,-2.2799999713897705,0.33519381284713745,4.762582302093506
3292,0,-2.2799999713897705,0.25847524404525757,4.18790864944458
3293,0,-2.2799999713897705,0.2885882258415222,4.436743259429932
3294,0,-2.2799999713897705,0.3186101019382477,4.258610725402832
3295,0,-2.2799999713897705,0.2577001452445984,4.164638519287109
3296,0,-2.2799999713897705,0.40101608633995056,4.291042804718018
3297,1,6.510000228881836,0.614388108253479,5.695535659790039
3298,0,-6.510000228881836,0.6077039241790771,5.875770092010498
3299,0,-6.510000228881836,0.4950796961784363,5.012493133544922
3300,1,6.510000228881836,0.588978111743927,5.6194868087768555
3301,0,-6.510000228881836,0.5173750519752502,5.832228183746338
3302,0,-6.510000228881836,0.502167284488678,5.661566734313965
3303,0,-6.510000228881836,0.5110219717025757,6.074212074279785
3304,0,-6.510000228881836,0.45066559314727783,5.180848598480225
3305,0,-6.510000228881836,0.5486268401145935,5.388311862945557
3306,0,-6.510000228881836,0.581049382686615,5.169659614562988
3307,0,-6.510000228881836,0.4093579947948456,5.7017316818237305
3308,0,-6.510000228881836,0.403948038816452,5.6447906494140625
3309,0,-6.510000228881836,0.34615397453308105,5.570058822631836
3310,0,-6.510000228881836,0.5168533325195312,5.690053939819336
3311,0,-6.510000228881836,0.408275306224823,5.183955669403076
3312,0,-6.510000228881836,0.5096412301063538,5.043849468231201
3313,0,-6.510000228881836,0.5456185936927795,5.336139678955078
3314,0,-6.510000228881836,0.3782079219818115,5.65626335144043
3315,0,-6.510000228881836,0.5127936601638794,5.361388206481934
3316,0,-6.510000228881836,0.3976128399372101,5.5836687088012695
3317,0,-6.510000228881836,0.44609561562538147,5.566737174987793
3318,1,5.139999866485596,0.6463449597358704,7.675393581390381
3319,0,-5.139999866485596,0.7012023329734802,7.328523635864258
3320,0,-5.139999866485596,0.6590616703033447,7.63175630569458
3321,0,-5.139999866485596,0.5693065524101257,7.611038684844971
3322,1,5.139999866485596,0.596118152141571,7.544432640075684
3323,0,-5.139999866485596,0.6035649180412292,7.0940399169921875
3324,1,5.139999866485596,0.6511014103889465,7.714055061340332
3325,0,-5.139999866485596,0.5873948931694031,7.834501266479492
3326,0,-5.139999866485596,0.39616382122039795,7.015179634094238
3327,0,-5.139999866485596,0.40022891759872437,6.71646785736084
3328,0,-5.139999866485596,0.31813138723373413,6.451725959777832
3329,0,-5.139999866485596,0.6306586861610413,7.7931013107299805
3330,0,-5.139999866485596,0.6408683657646179,7.515647888183594
3331,0,-5.139999866485596,0.45456892251968384,7.058103084564209
3332,0,-5.139999866485596,0.46344026923179626,6.800727367401123
3333,0,-5.139999866485596,0.5633395314216614,7.239317893981934
3334,0,-5.139999866485596,0.476585328578949,6.541840076446533
3335,0,-5.139999866485596,0.3766913414001465,6.47411584854126
3336,0,-5.139999866485596,0.36338865756988525,6.252494812011719
3337,0,-5.139999866485596,0.3696022629737854,6.79920768737793
3338,0,-5.139999866485596,0.4589535892009735,6.812051773071289
3339,1,4.860000133514404,0.6994560956954956,6.958568572998047
3340,0,-4.860000133514404,0.45419758558273315,6.7120819091796875
3341,1,4.860000133514404,0.7103639841079712,6.971097469329834
3342,0,-4.860000133514404,0.7237942814826965,7.146647930145264
3343,0,-4.860000133514404,0.6526556611061096,6.457655906677246
3344,1,4.860000133514404,0.6508559584617615,6.970612525939941
3345,0,-4.860000133514404,0.4057236909866333,6.518313407897949
3346,0,-4.860000133514404,0.5899496674537659,6.973097324371338
3347,0,-4.860000133514404,0.7474085092544556,7.502025604248047
3348,0,-4.860000133514404,0.4125610291957855,6.2838873863220215
3349,0,-4.860000133514404,0.6392733454704285,7.302972793579102
3350,0,-4.860000133514404,0.32675856351852417,6.466171741485596
3351,0,-4.860000133514404,0.5670142769813538,7.241530418395996
3352,0,-4.860000133514404,0.42328426241874695,6.686250686645508
3353,0,-4.860000133514404,0.6862701177597046,7.378969192504883
3354,0,-4.860000133514404,0.7721327543258667,7.521180152893066
3355,0,-4.860000133514404,0.6539068222045898,6.86000394821167
3356,0,-4.860000133514404,0.6359059810638428,6.851415634155273
3357,0,-4.860000133514404,0.34810206294059753,6.148473262786865
3358,0,-4.860000133514404,0.3588416278362274,6.27772331237793
3359,0,-4.860000133514404,0.29919978976249695,6.159845352172852
3360,1,7.960000038146973,0.7561641931533813,7.440066337585449
3361,1,7.960000038146973,0.7572823762893677,7.413516044616699
3362,0,-7.960000038146973,0.8019533157348633,7.711256504058838
3363,0,-7.960000038146973,0.7810743451118469,7.649837017059326
3364,0,-7.960000038146973,0.6758586168289185,6.7822980880737305
3365,1,6.539999961853027,0.631523609161377,6.199344158172607
3366,0,-6.539999961853027,0.6393464803695679,6.196666717529297
3367,0,-6.539999961853027,0.4280393123626709,5.865960121154785
3368,0,-6.539999961853027,0.6218477487564087,5.855412006378174
3369,0,-6.539999961853027,0.6169263124465942,6.272886276245117
3370,0,-6.539999961853027,0.3287994861602783,6.075165271759033
3371,0,-6.539999961853027,0.45508819818496704,5.492066860198975
3372,1,6.539999961853027,0.6070560216903687,5.945924758911133
3373,0,-6.539999961853027,0.4453466236591339,5.720204830169678
3374,0,-6.539999961853027,0.43181759119033813,5.856025218963623
3375,0,-6.539999961853027,0.3077119290828705,7.24039363861084
3376,0,-6.539999961853027,0.16753630340099335,6.906712532043457
3377,0,-6.539999961853027,0.27623051404953003,6.096526145935059
3378,0,-6.539999961853027,0.35430946946144104,6.139348983764648
3379,0,-6.539999961853027,0.3139112591743469,6.168838024139404
3380,0,-6.539999961853027,0.31502658128738403,5.783851623535156
3381,0,-6.539999961853027,0.36901748180389404,6.22052526473999
3382,0,-6.539999961853027,0.533832311630249,5.817386150360107
3383,0,-6.539999961853027,0.43194589018821716,5.086636543273926
3384,0,-6.539999961853027,0.13908657431602478,6.831270694732666
3385,0,-6.539999961853027,0.2850582003593445,6.788693904876709
3386,1,5.71999979019165,0.5255935788154602,5.535181999206543
3387,1,5.71999979019165,0.5108014345169067,5.550413131713867
3388,1,5.71999979019165,0.4281217157840729,5.591956615447998
3389,0,-5.71999979019165,0.5451984405517578,5.904636383056641
3390,0,-5.71999979019165,0.3925778269767761,6.0517449378967285
3391,0,-5.71999979019165,0.47141557931900024,5.431402206420898
3392,0,-5.71999979019165,0.33069437742233276,6.533145427703857
3393,0,-5.71999979019165,0.49885764718055725,7.067483901977539
3394,0,-5.71999979019165,0.3607223927974701,6.436413288116455
3395,0,-5.71999979019165,0.4125746488571167,6.049007415771484
3396,0,-5.71999979019165,0.3138815760612488,6.613402366638184
3397,0,-5.71999979019165,0.48116642236709595,6.831465721130371
3398,0,-5.71999979019165,0.3569605350494385,6.752147197723389
3399,0,-5.71999979019165,0.27930763363838196,6.259119033813477
3400,0,-5.71999979019165,0.3039243221282959,6.182652950286865
3401,0,-5.71999979019165,0.358735054731369,6.689624786376953
3402,0,-5.71999979019165,0.37310370802879333,6.347907066345215
3403,0,-5.71999979019165,0.23217995464801788,6.246218681335449
3404,0,-5.71999979019165,0.27790430188179016,6.583040237426758
3405,0,-5.71999979019165,0.3275045156478882,5.797170162200928
3406,0,-5.71999979019165,0.33389899134635925,7.4361572265625
3407,1,2.9600000381469727,0.5311427712440491,4.279600620269775
3408,0,-2.9600000381469727,0.5706731081008911,3.856584072113037
3409,0,-2.9600000381469727,0.5365948677062988,4.522878170013428
3410,0,-2.9600000381469727,0.5585212111473083,4.5299296379089355
3411,0,-2.9600000381469727,0.5545400977134705,4.198360443115234
3412,0,-2.9600000381469727,0.5573222637176514,4.7225213050842285
3413,0,-2.9600000381469727,0.5415364503860474,4.1431474685668945
3414,1,2.9600000381469727,0.5335628390312195,4.339454174041748
3415,0,-2.9600000381469727,0.5479695796966553,5.076480865478516
3416,0,-2.9600000381469727,0.5305680632591248,4.491957664489746
3417,0,-2.9600000381469727,0.48433342576026917,4.795199871063232
3418,0,-2.9600000381469727,0.5396442413330078,5.064126968383789
3419,0,-2.9600000381469727,0.5701319575309753,4.145877361297607
3420,0,-2.9600000381469727,0.5324863791465759,4.864368915557861
3421,0,-2.9600000381469727,0.506047785282135,4.750552177429199
3422,0,-2.9600000381469727,0.5194993615150452,4.28597354888916
3423,0,-2.9600000381469727,0.5077349543571472,4.960996150970459
3424,0,-2.9600000381469727,0.5441291928291321,4.819242477416992
3425,0,-2.9600000381469727,0.49202725291252136,4.838772773742676
3426,0,-2.9600000381469727,0.5176407694816589,4.949001312255859
3427,0,-2.9600000381469727,0.5082961320877075,5.177772521972656
3428,1,6.940000057220459,0.7241300344467163,7.085340976715088
3429,1,6.940000057220459,0.7202227711677551,7.085736274719238
3430,0,-6.940000057220459,0.6706680059432983,5.815145015716553
3431,0,-6.940000057220459,0.634840726852417,5.791580677032471
3432,0,-6.940000057220459,0.47421279549598694,6.164111614227295
3433,0,-6.940000057220459,0.490536630153656,5.776247024536133
3434,0,-6.940000057220459,0.5139032006263733,5.99191951751709
3435,0,-6.940000057220459,0.5076611638069153,5.944077968597412
3436,1,7.199999809265137,0.8599824905395508,7.634225368499756
3437,0,-7.199999809265137,0.8743228316307068,7.808333396911621
3438,0,-7.199999809265137,0.8072072267532349,7.528129577636719
3439,0,-7.199999809265137,0.3021027445793152,6.859437942504883
3440,0,-7.199999809265137,0.3960247337818146,6.831369876861572
3441,0,-7.199999809265137,0.47545531392097473,5.354035377502441
3442,0,-7.199999809265137,0.26520204544067383,5.697727680206299
3443,0,-7.199999809265137,0.2660615146160126,5.592031002044678
3444,0,-7.199999809265137,0.3920574486255646,5.239121437072754
3445,0,-7.199999809265137,0.22705352306365967,6.623274326324463
3446,0,-7.199999809265137,0.48781704902648926,5.276518821716309
3447,0,-7.199999809265137,0.24607738852500916,6.364152431488037
3448,0,-7.199999809265137,0.3261645436286926,5.1017746925354
3449,0,-7.199999809265137,0.209455668926239,6.44895076751709
3450,0,-7.199999809265137,0.23848292231559753,6.203585624694824
3451,0,-7.199999809265137,0.14404600858688354,7.037243366241455
3452,1,4.760000228881836,0.7557334899902344,6.777174472808838
3453,1,4.760000228881836,0.7481822967529297,6.767632007598877
3454,0,-4.760000228881836,0.6868740320205688,6.713353157043457
3455,0,-4.760000228881836,0.6768711805343628,6.63720703125
3456,1,4.760000228881836,0.6809459328651428,6.596281051635742
3457,0,-4.760000228881836,0.7048292756080627,7.070966720581055
3458,1,6.119999885559082,0.7692304253578186,5.25118350982666
3459,1,6.119999885559082,0.7281075119972229,4.867861270904541
3460,0,-6.119999885559082,0.486763060092926,3.9937262535095215
3461,0,-6.119999885559082,0.37200820446014404,5.262556076049805
3462,0,-6.119999885559082,0.40384888648986816,4.365987777709961
3463,0,-6.119999885559082,0.41078031063079834,5.127803802490234
3464,0,-6.119999885559082,0.4509248733520508,4.117494583129883
3465,0,-6.119999885559082,0.3847779631614685,4.797329902648926
3466,0,-6.119999885559082,0.3051530718803406,4.971078395843506
3467,0,-6.119999885559082,0.4637226164340973,4.137907028198242
3468,0,-6.119999885559082,0.29935821890830994,4.3497467041015625
3469,0,-6.119999885559082,0.18466313183307648,4.47059965133667
3470,0,-6.119999885559082,0.2884623408317566,4.551774024963379
3471,0,-6.119999885559082,0.20452755689620972,4.833038806915283
3472,0,-6.119999885559082,0.2540988028049469,4.0373759269714355
3473,0,-6.119999885559082,0.4176744818687439,4.213624000549316
3474,0,-6.119999885559082,0.20639893412590027,4.39926815032959
3475,0,-6.119999885559082,0.23331956565380096,4.642918586730957
3476,0,-6.119999885559082,0.17381587624549866,4.38665771484375
3477,0,-6.119999885559082,0.20478717982769012,4.8040266036987305
3478,0,-6.119999885559082,0.17632344365119934,4.302429676055908
3479,1,4.110000133514404,0.5751914978027344,6.286851406097412
3480,1,4.110000133514404,0.5796864628791809,6.209826469421387
3481,1,4.110000133514404,0.6081863641738892,6.190257549285889
3482,0,-4.110000133514404,0.7710970640182495,6.186609268188477
3483,0,-4.110000133514404,0.7174311876296997,5.80911922454834
3484,0,-4.110000133514404,0.5408190488815308,6.220499038696289
3485,0,-4.110000133514404,0.5144462585449219,5.969115257263184
3486,0,-4.110000133514404,0.39396581053733826,6.699302673339844
3487,0,-4.110000133514404,0.4621194005012512,6.638784885406494
3488,0,-4.110000133514404,0.499226838350296,7.128476619720459
3489,0,-4.110000133514404,0.5112723112106323,6.736334323883057
3490,0,-4.110000133514404,0.460644006729126,7.188014507293701
3491,0,-4.110000133514404,0.44240179657936096,6.653817176818848
3492,0,-4.110000133514404,0.6252585053443909,6.535922527313232
3493,0,-4.110000133514404,0.37935227155685425,7.195857524871826
3494,0,-4.110000133514404,0.4085827171802521,7.095184803009033
3495,0,-4.110000133514404,0.37511327862739563,7.363472938537598
3496,0,-4.110000133514404,0.38553518056869507,7.141982555389404
3497,0,-4.110000133514404,0.563636839389801,6.859071731567383
3498,0,-4.110000133514404,0.2833460867404938,7.562377452850342
3499,0,-4.110000133514404,0.3667476177215576,6.968072891235352
3500,1,5.239999771118164,0.635754406452179,4.767930030822754
3501,1,5.239999771118164,0.6340299844741821,4.766138553619385
3502,0,-5.239999771118164,0.5917342901229858,4.737695693969727
3503,0,-5.239999771118164,0.611329972743988,4.981868743896484
3504,0,-5.239999771118164,0.5968015789985657,4.88951301574707
3505,0,-5.239999771118164,0.5760442614555359,4.560861110687256
3506,0,-5.239999771118164,0.48878782987594604,4.798803329467773
3507,0,-5.239999771118164,0.5927712321281433,4.747552394866943
3508,0,-5.239999771118164,0.5593479871749878,4.316417694091797
3509,0,-5.239999771118164,0.5497921705245972,4.553444862365723
3510,0,-5.239999771118164,0.5076678395271301,4.399020195007324
3511,0,-5.239999771118164,0.6292102336883545,4.9806809425354
3512,0,-5.239999771118164,0.5194776058197021,4.9791083335876465
3513,0,-5.239999771118164,0.5387093424797058,4.608522415161133
3514,0,-5.239999771118164,0.5035009384155273,4.464887619018555
3515,0,-5.239999771118164,0.5675131678581238,4.692217826843262
3516,0,-5.239999771118164,0.5007739067077637,4.245521068572998
3517,0,-5.239999771118164,0.480560302734375,4.633637428283691
3518,0,-5.239999771118164,0.4282609522342682,4.580090045928955
3519,0,-5.239999771118164,0.4384617805480957,4.445932388305664
3520,0,-5.239999771118164,0.4205394387245178,3.998621702194214
3521,1,5.269999980926514,0.7770830392837524,6.46853494644165
3522,0,-5.269999980926514,0.7860868573188782,6.475484848022461
3523,0,-5.269999980926514,0.5536736845970154,5.333010196685791
3524,0,-5.269999980926514,0.49132686853408813,5.465645790100098
3525,0,-5.269999980926514,0.4678284227848053,5.08396053314209
3526,0,-5.269999980926514,0.4690558910369873,4.877388000488281
3527,0,-5.269999980926514,0.594026505947113,6.013950824737549
3528,0,-5.269999980926514,0.4045158922672272,5.421904563903809
3529,0,-5.269999980926514,0.4461558759212494,4.394235134124756
3530,0,-5.269999980926514,0.3924540579319,4.8158860206604
3531,0,-5.269999980926514,0.543173611164093,5.793247699737549
3532,0,-5.269999980926514,0.42398306727409363,5.171960830688477
3533,0,-5.269999980926514,0.2543545067310333,4.632297515869141
3534,0,-5.269999980926514,0.4296802878379822,5.809018135070801
3535,0,-5.269999980926514,0.41486018896102905,5.417252063751221
3536,0,-5.269999980926514,0.4295576810836792,5.806468486785889
3537,0,-5.269999980926514,0.3735509216785431,5.094087600708008
3538,0,-5.269999980926514,0.4873575270175934,5.925928115844727
3539,0,-5.269999980926514,0.33311769366264343,5.090474605560303
3540,0,-5.269999980926514,0.4307490587234497,5.445337295532227
3541,0,-5.269999980926514,0.41553187370300293,4.635077476501465
3542,1,5.519999980926514,0.7215241193771362,4.803650856018066
3543,1,5.519999980926514,0.6412429213523865,4.963254451751709
3544,1,5.519999980926514,0.6800722479820251,5.4097371101379395
3545,0,-5.519999980926514,0.5845518708229065,5.541300296783447
3546,0,-5.519999980926514,0.5965107083320618,5.309135913848877
3547,0,-5.519999980926514,0.3896096646785736,4.542090892791748
3548,0,-5.519999980926514,0.562493622303009,5.1262006759643555
3549,0,-5.519999980926514,0.5287798047065735,5.820931434631348
3550,0,-5.519999980926514,0.39843085408210754,4.964097023010254
3551,0,-5.519999980926514,0.5610018968582153,5.998446941375732
3552,0,-5.519999980926514,0.4654907286167145,5.011402130126953
3553,0,-5.519999980926514,0.3642336428165436,5.047386169433594
3554,0,-5.519999980926514,0.4791902005672455,4.707494735717773
3555,0,-5.519999980926514,0.47505366802215576,5.56959342956543
3556,0,-5.519999980926514,0.34256839752197266,5.274226188659668
3557,0,-5.519999980926514,0.4962256848812103,5.142425537109375
3558,0,-5.519999980926514,0.3169192671775818,4.840597629547119
3559,0,-5.519999980926514,0.5238945484161377,5.39046573638916
3560,0,-5.519999980926514,0.4520037770271301,4.950778961181641
3561,0,-5.519999980926514,0.30052974820137024,5.405205249786377
3562,0,-5.519999980926514,0.4292847216129303,5.60325813293457
3563,1,4.119999885559082,0.7197298407554626,5.465330600738525
3564,1,4.119999885559082,0.6640808582305908,5.70363187789917
3565,0,-4.119999885559082,0.6937234401702881,5.174306869506836
3566,0,-4.119999885559082,0.5983803272247314,5.895391464233398
3567,1,4.119999885559082,0.6083865761756897,5.737425327301025
3568,0,-4.119999885559082,0.5245886445045471,5.627145290374756
3569,0,-4.119999885559082,0.5923195481300354,6.2056708335876465
3570,0,-4.119999885559082,0.5234249830245972,5.764048099517822
3571,0,-4.119999885559082,0.532925009727478,5.438992023468018
3572,0,-4.119999885559082,0.4876462519168854,5.278347969055176
3573,0,-4.119999885559082,0.601606011390686,5.810845851898193
3574,0,-4.119999885559082,0.49437597393989563,5.769648551940918
3575,0,-4.119999885559082,0.546150803565979,6.059906959533691
3576,0,-4.119999885559082,0.49184703826904297,5.679738998413086
3577,0,-4.119999885559082,0.5921807289123535,6.058492183685303
3578,0,-4.119999885559082,0.28534016013145447,5.6764678955078125
3579,0,-4.119999885559082,0.48404815793037415,6.27516508102417
3580,0,-4.119999885559082,0.4767974317073822,4.987969398498535
3581,0,-4.119999885559082,0.491922527551651,5.574113845825195
3582,0,-4.119999885559082,0.5171563625335693,5.626375198364258
3583,0,-4.119999885559082,0.31983622908592224,5.3828911781311035
3584,1,5.960000038146973,0.7054210901260376,5.2891011238098145
3585,1,5.960000038146973,0.6417253017425537,5.364588260650635
3586,1,5.960000038146973,0.526654064655304,5.13942813873291
3587,1,5.960000038146973,0.5555891394615173,5.373796463012695
3588,0,-5.960000038146973,0.5123421549797058,5.509211540222168
3589,0,-5.960000038146973,0.4932869076728821,5.346851348876953
3590,0,-5.960000038146973,0.47029417753219604,5.810151100158691
3591,0,-5.960000038146973,0.4457133114337921,5.471157550811768
3592,0,-5.960000038146973,0.30947476625442505,4.997167587280273
3593,0,-5.960000038146973,0.5132339000701904,6.420520305633545
3594,0,-5.960000038146973,0.6054421663284302,5.425663948059082
3595,0,-5.960000038146973,0.4264412820339203,5.541966438293457
3596,0,-5.960000038146973,0.4531905949115753,5.253634452819824
3597,0,-5.960000038146973,0.4528999626636505,6.078631401062012
3598,0,-5.960000038146973,0.37769219279289246,5.667862415313721
3599,0,-5.960000038146973,0.4557171165943146,5.436842918395996
3600,0,-5.960000038146973,0.45346108078956604,4.88461446762085
3601,0,-5.960000038146973,0.42954057455062866,6.060078144073486
3602,0,-5.960000038146973,0.25425875186920166,5.243765830993652
3603,0,-5.960000038146973,0.415547639131546,4.518319129943848
3604,0,-5.960000038146973,0.4033585786819458,5.264266014099121
3605,1,6.679999828338623,0.7663984894752502,7.622218608856201
3606,1,6.679999828338623,0.7558083534240723,7.553864479064941
3607,0,-6.679999828338623,0.6134985685348511,7.076191425323486
3608,0,-6.679999828338623,0.5218770503997803,6.779524326324463
3609,0,-6.679999828338623,0.49585017561912537,5.763489723205566
3610,0,-6.679999828338623,0.41489771008491516,6.279439926147461
3611,0,-6.679999828338623,0.3875766098499298,5.947073459625244
3612,0,-6.679999828338623,0.5362952351570129,6.040225982666016
3613,0,-6.679999828338623,0.4191063344478607,6.534371376037598
3614,0,-6.679999828338623,0.3447462022304535,6.546257019042969
3615,0,-6.679999828338623,0.4018438458442688,5.499136924743652
3616,0,-6.679999828338623,0.28443726897239685,5.490478992462158
3617,0,-6.679999828338623,0.3762178421020508,6.291136264801025
3618,0,-6.679999828338623,0.5236776471138,6.133446216583252
3619,0,-6.679999828338623,0.28206250071525574,6.05494499206543
3620,0,-6.679999828338623,0.300691157579422,5.774961471557617
3621,0,-6.679999828338623,0.3859424293041229,5.975808143615723
3622,0,-6.679999828338623,0.3931023180484772,5.429550647735596
3623,0,-6.679999828338623,0.31673088669776917,6.045009613037109
3624,0,-6.679999828338623,0.22422417998313904,6.122042655944824
3625,0,-6.679999828338623,0.3356334865093231,6.065389156341553
3626,1,6.860000133514404,0.7521734237670898,6.572900772094727
3627,1,6.860000133514404,0.7490262389183044,6.581455707550049
3628,1,6.860000133514404,0.7432746887207031,6.503751277923584
3629,0,-6.860000133514404,0.7017337083816528,6.369702339172363
3630,0,-6.860000133514404,0.4811917543411255,5.85165548324585
3631,0,-6.860000133514404,0.43563032150268555,5.5776824951171875
3632,0,-6.860000133514404,0.4218979775905609,6.0143232345581055
3633,0,-6.860000133514404,0.5867606997489929,6.099479675292969
3634,0,-6.860000133514404,0.605092465877533,5.830325126647949
3635,0,-6.860000133514404,0.5145070552825928,6.120606422424316
3636,0,-6.860000133514404,0.4055255949497223,6.34989070892334
3637,0,-6.860000133514404,0.33320528268814087,6.2692155838012695
3638,0,-6.860000133514404,0.5230035781860352,6.127222537994385
3639,0,-6.860000133514404,0.4450221657752991,6.004438877105713
3640,0,-6.860000133514404,0.40218856930732727,7.170825004577637
3641,0,-6.860000133514404,0.5156716108322144,6.257339954376221
3642,0,-6.860000133514404,0.5935960412025452,7.232460021972656
3643,0,-6.860000133514404,0.5229538083076477,7.266982078552246
3644,0,-6.860000133514404,0.4715571105480194,6.813288688659668
3645,0,-6.860000133514404,0.40230289101600647,6.470149517059326
3646,1,5.099999904632568,0.634956955909729,3.6596662998199463
3647,1,5.099999904632568,0.6057521104812622,3.6015448570251465
3648,0,-5.099999904632568,0.524030327796936,4.058365821838379
3649,0,-5.099999904632568,0.4050324857234955,3.859170436859131
3650,0,-5.099999904632568,0.3963179290294647,4.238041877746582
3651,0,-5.099999904632568,0.5480230450630188,5.091265678405762
3652,0,-5.099999904632568,0.616590678691864,3.901785135269165
3653,0,-5.099999904632568,0.4907352328300476,4.03885555267334
3654,1,5.170000076293945,0.6260244846343994,5.281714916229248
3655,0,-5.170000076293945,0.5295009016990662,5.341042518615723
3656,0,-5.170000076293945,0.548674464225769,5.220561981201172
3657,0,-5.170000076293945,0.4986189007759094,4.945215702056885
3658,1,5.170000076293945,0.6406523585319519,5.330708026885986
3659,0,-5.170000076293945,0.6409720778465271,5.246122360229492
3660,0,-5.170000076293945,0.4719619154930115,5.299522399902344
3661,0,-5.170000076293945,0.6238726377487183,5.042334079742432
3662,0,-5.170000076293945,0.4397239685058594,5.016797065734863
3663,0,-5.170000076293945,0.46508386731147766,5.023041248321533
3664,0,-5.170000076293945,0.5272535681724548,5.11183500289917
3665,0,-5.170000076293945,0.4351690411567688,4.798893928527832
3666,0,-5.170000076293945,0.5730807185173035,5.227457523345947
3667,0,-5.170000076293945,0.4451664686203003,4.923599720001221
3668,0,-5.170000076293945,0.5132903456687927,4.954002857208252
3669,0,-5.170000076293945,0.5358002781867981,5.106840133666992
3670,0,-5.170000076293945,0.47382962703704834,5.183677673339844
3671,0,-5.170000076293945,0.5501428842544556,5.01267147064209
3672,0,-5.170000076293945,0.4942699372768402,4.940359592437744
3673,0,-5.170000076293945,0.48748528957366943,4.837325572967529
3674,0,-5.170000076293945,0.4057641327381134,5.280126094818115
3675,1,11.819999694824219,0.8466480374336243,10.413230895996094
3676,0,-11.819999694824219,0.6207631230354309,9.944161415100098
3677,1,11.819999694824219,0.44537028670310974,10.087719917297363
3678,0,-11.819999694824219,0.5173775553703308,9.336050033569336
3679,0,-11.819999694824219,0.4340519905090332,10.291681289672852
3680,0,-11.819999694824219,0.5783892869949341,9.790614128112793
3681,0,-11.819999694824219,0.6461890935897827,10.108524322509766
3682,0,-11.819999694824219,0.3296980559825897,9.97302532196045
3683,0,-11.819999694824219,0.31256046891212463,9.555253982543945
3684,0,-11.819999694824219,0.4238007962703705,9.569585800170898
3685,0,-11.819999694824219,0.48282140493392944,8.101640701293945
3686,0,-11.819999694824219,0.389193058013916,10.058027267456055
3687,0,-11.819999694824219,0.42445769906044006,9.054848670959473
3688,0,-11.819999694824219,0.5212726593017578,9.786539077758789
3689,0,-11.819999694824219,0.3209313154220581,9.215889930725098
3690,0,-11.819999694824219,0.4708528518676758,7.805234909057617
3691,0,-11.819999694824219,0.5078253746032715,7.4506144523620605
3692,0,-11.819999694824219,0.40855035185813904,10.081733703613281
3693,0,-11.819999694824219,0.5843137502670288,9.936657905578613
3694,0,-11.819999694824219,0.5203357934951782,10.383415222167969
3695,0,-8.350000381469727,0.8487467765808105,8.84211254119873
3696,0,-8.350000381469727,0.8523937463760376,8.443427085876465
3697,0,-8.350000381469727,0.8283422589302063,8.522350311279297
3698,0,-8.350000381469727,0.799403190612793,8.507854461669922
3699,0,-8.350000381469727,0.6961303949356079,8.337267875671387
3700,0,-8.350000381469727,0.8009952306747437,7.522055149078369
3701,0,-8.350000381469727,0.7677863836288452,8.232353210449219
3702,0,-8.350000381469727,0.8368085026741028,8.137563705444336
3703,0,-8.350000381469727,0.7183318734169006,8.136890411376953
3704,1,8.350000381469727,0.828652024269104,8.67599868774414
3705,0,-8.350000381469727,0.7164172530174255,8.599967002868652
3706,0,-8.350000381469727,0.6968417763710022,8.7914400100708
3707,0,-8.350000381469727,0.7317773699760437,9.356193542480469
3708,0,-8.350000381469727,0.6733196377754211,8.118321418762207
3709,0,-8.350000381469727,0.7967076301574707,9.464632034301758
3710,0,-8.350000381469727,0.6708903312683105,8.678223609924316
3711,0,-8.350000381469727,0.7071760296821594,8.311700820922852
3712,1,8.350000381469727,0.7569507360458374,8.197983741760254
3713,0,-8.350000381469727,0.7225887179374695,7.789123058319092
3714,0,-8.350000381469727,0.6526217460632324,7.636080741882324
3715,1,6.630000114440918,0.7095243334770203,6.190377235412598
3716,0,-6.630000114440918,0.6972746253013611,6.312141418457031
3717,0,-6.630000114440918,0.692115306854248,6.367753028869629
3718,0,-6.630000114440918,0.36328360438346863,4.207740783691406
3719,0,-6.630000114440918,0.32783591747283936,5.185943126678467
3720,1,6.630000114440918,0.7066531777381897,6.1725568771362305
3721,0,-6.630000114440918,0.4902631938457489,3.968982458114624
3722,0,-6.630000114440918,0.6936193108558655,6.046557426452637
3723,0,-6.630000114440918,0.24838417768478394,5.186010360717773
3724,0,-6.630000114440918,0.3239755630493164,4.746133804321289
3725,0,-6.630000114440918,0.5544494390487671,5.315546035766602
3726,0,-6.630000114440918,0.2694638967514038,4.709530830383301
3727,0,-6.630000114440918,0.23705892264842987,5.240079402923584
3728,0,-6.630000114440918,0.3952006995677948,5.293188095092773
3729,0,-6.630000114440918,0.6198225617408752,5.13400411605835
3730,0,-6.630000114440918,0.5207809805870056,4.8112640380859375
3731,0,-6.630000114440918,0.5126314163208008,5.021116256713867
3732,0,-6.630000114440918,0.41339486837387085,3.854234457015991
3733,0,-6.630000114440918,0.4429866671562195,4.310672283172607
3734,0,-6.630000114440918,0.2975492775440216,5.146440505981445
3735,1,4.099999904632568,0.7447472810745239,3.4260494709014893
3736,0,-4.099999904632568,0.7585567831993103,3.1968817710876465
3737,1,4.099999904632568,0.7251172661781311,3.5455188751220703
3738,0,-4.099999904632568,0.8078784346580505,3.0646581649780273
3739,0,-4.099999904632568,0.7462178468704224,3.273854970932007
3740,0,-4.099999904632568,0.6568419933319092,3.35513973236084
3741,0,-4.099999904632568,0.6429959535598755,3.219808578491211
3742,0,-4.099999904632568,0.6420212984085083,3.4893133640289307
3743,0,-4.099999904632568,0.5221185684204102,4.005611419677734
3744,0,-4.099999904632568,0.6246813535690308,3.4151203632354736
3745,0,-4.099999904632568,0.5969442129135132,2.952115297317505
3746,0,-4.099999904632568,0.6107606291770935,3.812119483947754
3747,0,-4.099999904632568,0.5386149883270264,3.420196294784546
3748,0,-4.099999904632568,0.47043541073799133,3.757169008255005
3749,0,-4.099999904632568,0.5329260230064392,3.447442054748535
3750,0,-4.099999904632568,0.4229922890663147,4.088919639587402
3751,0,-4.099999904632568,0.48111096024513245,4.164589881896973
3752,0,-4.099999904632568,0.41673189401626587,3.7815005779266357
3753,0,-4.099999904632568,0.3340147137641907,4.109557628631592
3754,0,-4.099999904632568,0.3694900870323181,4.044285774230957
3755,0,-7.21999979019165,0.5384849905967712,8.810726165771484
3756,0,-7.21999979019165,0.6063761115074158,8.303213119506836
3757,1,7.21999979019165,0.6581408977508545,8.409525871276855
3758,0,-7.21999979019165,0.3871159255504608,8.237329483032227
3759,0,-7.21999979019165,0.5478192567825317,7.626858711242676
3760,1,7.21999979019165,0.3078572154045105,8.45543384552002
3761,0,-7.21999979019165,0.4301891624927521,7.68789005279541
3762,0,-7.21999979019165,0.4009905755519867,8.110440254211426
3763,0,-7.21999979019165,0.28611889481544495,7.923061847686768
3764,0,-7.21999979019165,0.2816214859485626,7.919384956359863
3765,0,-7.21999979019165,0.2476874738931656,7.820957660675049
3766,0,-7.21999979019165,0.2062503695487976,7.623929023742676
3767,0,-7.21999979019165,0.4016152620315552,8.082956314086914
3768,0,-7.21999979019165,0.29562142491340637,7.772766590118408
3769,0,-7.21999979019165,0.5276761651039124,7.326259613037109
3770,0,-7.21999979019165,0.0951261892914772,7.4290642738342285
3771,0,-7.21999979019165,0.38180333375930786,8.401516914367676
3772,0,-7.21999979019165,0.10899343341588974,7.605289459228516
3773,0,-7.21999979019165,0.3698902130126953,7.594339370727539
3774,0,-7.21999979019165,0.48649725317955017,7.8556599617004395
3775,1,8.720000267028809,0.823982834815979,8.807262420654297
3776,0,-8.720000267028809,0.7851170897483826,8.975440979003906
3777,0,-8.720000267028809,0.6642547845840454,7.663341999053955
3778,1,8.720000267028809,0.6638689637184143,8.255834579467773
3779,0,-8.720000267028809,0.28040358424186707,6.6464524269104
3780,1,8.720000267028809,0.6867489218711853,8.102396011352539
3781,0,-8.720000267028809,0.42031189799308777,8.254207611083984
3782,0,-8.720000267028809,0.38912540674209595,7.138616561889648
3783,0,-8.720000267028809,0.48518621921539307,6.876261234283447
3784,0,-8.720000267028809,0.6876140236854553,9.862340927124023
3785,0,-8.720000267028809,0.5553157925605774,6.591388702392578
3786,0,-8.720000267028809,0.28351858258247375,7.492362022399902
3787,0,-8.720000267028809,0.11102616041898727,6.7859416007995605
3788,0,-8.720000267028809,0.2304905205965042,7.70445442199707
3789,0,-8.720000267028809,0.22157394886016846,7.149645805358887
3790,0,-8.720000267028809,0.4764846861362457,6.7068257331848145
3791,0,-8.720000267028809,0.3075551390647888,6.435716152191162
3792,0,-8.720000267028809,0.24670326709747314,6.596185207366943
3793,0,-8.720000267028809,0.23772647976875305,7.563522815704346
3794,0,-8.720000267028809,0.2443810999393463,7.72806978225708
3795,0,-8.720000267028809,0.2001260668039322,6.2915215492248535
3796,1,3.759999990463257,0.4679657518863678,3.724958658218384
3797,0,-3.759999990463257,0.31957125663757324,4.801067352294922
3798,0,-3.759999990463257,0.5828635692596436,5.174410820007324
3799,0,-3.759999990463257,0.5067698359489441,4.099320888519287
3800,0,-3.759999990463257,0.4275839328765869,4.249664306640625
3801,0,-3.759999990463257,0.43931421637535095,3.619263172149658
3802,0,-3.759999990463257,0.4000588357448578,4.629708766937256
3803,0,-3.759999990463257,0.4343363642692566,3.9634156227111816
3804,0,-3.759999990463257,0.5619556903839111,3.749971628189087
3805,0,-3.759999990463257,0.5195655226707458,3.586904525756836
3806,0,-3.759999990463257,0.5310221910476685,3.68294358253479
3807,0,-3.759999990463257,0.39372187852859497,5.405082702636719
3808,0,-3.759999990463257,0.40238022804260254,5.204230308532715
3809,0,-3.759999990463257,0.3438039720058441,4.418166637420654
3810,0,-3.759999990463257,0.31905993819236755,4.848209381103516
3811,0,-3.759999990463257,0.28173577785491943,5.442420959472656
3812,0,-3.759999990463257,0.20508511364459991,4.776060581207275
3813,0,-3.759999990463257,0.2995549440383911,5.047280311584473
3814,0,-3.759999990463257,0.3055018484592438,5.351846694946289
3815,0,-3.759999990463257,0.3070496618747711,4.9944634437561035
3816,0,-3.759999990463257,0.40419185161590576,5.363288402557373
3817,1,8.739999771118164,0.7785067558288574,8.158268928527832
3818,1,8.739999771118164,0.783605694770813,8.237079620361328
3819,0,-8.739999771118164,0.4360198676586151,7.3362135887146
3820,0,-8.739999771118164,0.35371166467666626,7.0412797927856445
3821,1,8.739999771118164,0.7275766134262085,8.117836952209473
3822,0,-8.739999771118164,0.45344141125679016,7.160322189331055
3823,0,-8.739999771118164,0.3369852602481842,7.048017501831055
3824,0,-8.739999771118164,0.5189324021339417,7.580837249755859
3825,0,-8.739999771118164,0.5437432527542114,7.629321098327637
3826,1,7.400000095367432,0.7157307863235474,6.530625820159912
3827,0,-7.400000095367432,0.6933817267417908,6.5283203125
3828,1,7.400000095367432,0.7025271654129028,6.592248439788818
3829,0,-7.400000095367432,0.5459239482879639,5.619170188903809
3830,0,-7.400000095367432,0.7298383116722107,6.330407619476318
3831,0,-7.400000095367432,0.7067172527313232,6.623990058898926
3832,0,-7.400000095367432,0.5389200448989868,5.714101791381836
3833,0,-7.400000095367432,0.4362812936306,5.638940811157227
3834,0,-7.400000095367432,0.46327489614486694,5.950403213500977
3835,0,-7.400000095367432,0.5151563882827759,6.383352756500244
3836,0,-7.400000095367432,0.5112231373786926,5.860603332519531
3837,0,-7.400000095367432,0.5447455644607544,5.601772308349609
3838,0,-7.400000095367432,0.5344467759132385,5.815402984619141
3839,0,-7.400000095367432,0.4164017140865326,5.61578369140625
3840,0,-7.400000095367432,0.48776134848594666,6.266516208648682
3841,0,-7.400000095367432,0.5796557664871216,5.725416660308838
3842,0,-7.400000095367432,0.5795912146568298,6.0222249031066895
3843,0,-7.400000095367432,0.49265286326408386,5.388439178466797
3844,0,-7.400000095367432,0.5454486012458801,5.585023403167725
3845,0,-7.400000095367432,0.5210190415382385,5.975695610046387
3846,0,-7.400000095367432,0.6466580629348755,6.015491485595703
3847,1,8.399999618530273,0.8583345413208008,6.015801429748535
3848,1,8.399999618530273,0.8587052226066589,6.211115837097168
3849,0,-8.399999618530273,0.8422751426696777,6.206820487976074
3850,0,-8.399999618530273,0.7002448439598083,6.092416286468506
3851,0,-8.399999618530273,0.7841414213180542,6.219873905181885
3852,0,-8.399999618530273,0.7732516527175903,5.172425270080566
3853,0,-8.399999618530273,0.7154106497764587,6.116473197937012
3854,1,11.149999618530273,0.8342997431755066,8.03150749206543
3855,1,11.149999618530273,0.8587566018104553,8.187302589416504
3856,1,11.149999618530273,0.8031164407730103,7.773097991943359
3857,0,-11.149999618530273,0.7550328373908997,8.302618026733398
3858,0,-11.149999618530273,0.6326783299446106,7.409654140472412
3859,0,-11.149999618530273,0.45043933391571045,7.213712215423584
3860,0,-11.149999618530273,0.2937300503253937,7.0826616287231445
3861,0,-11.149999618530273,0.5038546323776245,7.485945224761963
3862,0,-11.149999618530273,0.711224377155304,8.160289764404297
3863,0,-11.149999618530273,0.4763633608818054,6.652845859527588
3864,0,-11.149999618530273,0.4195246398448944,7.064183712005615
3865,0,-11.149999618530273,0.2233409732580185,7.136133670806885
3866,0,-11.149999618530273,0.31741151213645935,6.550329685211182
3867,0,-11.149999618530273,0.47485363483428955,7.768106937408447
3868,0,-11.149999618530273,0.2792973220348358,8.57779312133789
3869,0,-11.149999618530273,0.2564704716205597,6.394869327545166
3870,0,-11.149999618530273,0.1925584077835083,6.42431640625
3871,0,-11.149999618530273,0.2953323721885681,7.309128284454346
3872,0,-11.149999618530273,0.2881917953491211,6.804830551147461
3873,0,-11.149999618530273,0.3616112172603607,6.813844203948975
3874,0,-11.149999618530273,0.3157801330089569,6.651125907897949
3875,1,8.960000038146973,0.7789369225502014,8.740221977233887
3876,1,8.960000038146973,0.7766829133033752,8.704548835754395
3877,0,-8.960000038146973,0.6577959060668945,7.638936996459961
3878,0,-8.960000038146973,0.7156134843826294,8.086448669433594
3879,0,-8.960000038146973,0.7268935441970825,7.119265556335449
3880,0,-8.960000038146973,0.6838642358779907,7.912758827209473
3881,0,-8.960000038146973,0.6970437169075012,7.269748687744141
3882,0,-8.960000038146973,0.6648348569869995,6.887800693511963
3883,0,-8.960000038146973,0.6057373881340027,6.8603596687316895
3884,0,-8.960000038146973,0.5716456174850464,7.1870341300964355
3885,0,-8.960000038146973,0.5858369469642639,6.785326957702637
3886,0,-8.960000038146973,0.5951232314109802,6.7881903648376465
3887,0,-8.960000038146973,0.5815922617912292,6.763761043548584
3888,0,-8.960000038146973,0.49567654728889465,6.969861030578613
3889,0,-8.960000038146973,0.5863258838653564,6.865121364593506
3890,0,-8.960000038146973,0.5477022528648376,7.14430046081543
3891,0,-8.960000038146973,0.3949127197265625,6.511781215667725
3892,0,-8.960000038146973,0.600368082523346,7.009995937347412
3893,0,-8.960000038146973,0.5086573362350464,7.2558979988098145
3894,1,9.520000457763672,0.5414837002754211,7.002521514892578
3895,0,-9.520000457763672,0.42077651619911194,7.323676109313965
3896,0,-9.520000457763672,0.5938980579376221,7.301906585693359
3897,0,-9.520000457763672,0.39155301451683044,7.380209922790527
3898,0,-9.520000457763672,0.16668802499771118,6.5355634689331055
3899,0,-9.520000457763672,0.5783857107162476,7.137940883636475
3900,0,-9.520000457763672,0.4436911940574646,7.216100692749023
3901,0,-9.520000457763672,0.4885633587837219,7.278393745422363
3902,0,-9.520000457763672,0.5380691885948181,6.9889373779296875
3903,0,-9.520000457763672,0.5649601817131042,7.451918125152588
3904,0,-9.520000457763672,0.4419364929199219,7.365258693695068
3905,0,-9.520000457763672,0.46584051847457886,7.332168102264404
3906,0,-9.520000457763672,0.48119843006134033,7.452137470245361
3907,0,-9.520000457763672,0.44309380650520325,7.35525369644165
3908,0,-9.520000457763672,0.39441144466400146,6.599480628967285
3909,0,-9.520000457763672,0.5346472859382629,7.087682247161865
3910,0,-9.520000457763672,0.3976523280143738,6.943443298339844
3911,0,-9.520000457763672,0.5327017903327942,7.626983642578125
3912,0,-9.520000457763672,0.508132815361023,6.866354942321777
3913,0,-9.520000457763672,0.4116939604282379,7.046256065368652
3914,0,-9.520000457763672,0.3486151695251465,6.851605415344238
3915,1,8.399999618530273,0.5393834114074707,6.8512444496154785
3916,1,8.399999618530273,0.5906848907470703,6.832128524780273
3917,0,-8.399999618530273,0.6070758104324341,7.107308387756348
3918,0,-8.399999618530273,0.37948232889175415,6.352066993713379
3919,0,-8.399999618530273,0.24089562892913818,6.7840070724487305
3920,1,8.399999618530273,0.5110047459602356,6.62520694732666
3921,0,-8.399999618530273,0.326193630695343,6.566469192504883
3922,0,-8.399999618530273,0.3244735300540924,6.57692813873291
3923,0,-8.399999618530273,0.2194913774728775,6.579188346862793
3924,0,-8.399999618530273,0.2682248055934906,6.673882007598877
3925,0,-8.399999618530273,0.1877412497997284,6.4586029052734375
3926,0,-8.399999618530273,0.22546276450157166,6.343537330627441
3927,0,-8.399999618530273,0.22248674929141998,6.67162561416626
3928,0,-8.399999618530273,0.225584477186203,6.760692596435547
3929,0,-8.399999618530273,0.31922009587287903,6.4722580909729
3930,0,-8.399999618530273,0.21699479222297668,6.224932670593262
3931,0,-8.399999618530273,0.18916165828704834,6.563857555389404
3932,0,-8.399999618530273,0.27530786395072937,6.670145034790039
3933,0,-8.399999618530273,0.3364657759666443,6.412197113037109
3934,0,-8.399999618530273,0.32013973593711853,6.643605709075928
3935,0,-8.399999618530273,0.32406124472618103,6.259337902069092
3936,1,6.329999923706055,0.6876286864280701,6.197721481323242
3937,0,-6.329999923706055,0.6979495882987976,6.331910133361816
3938,0,-6.329999923706055,0.6605992913246155,5.836974143981934
3939,0,-6.329999923706055,0.6103254556655884,5.968911170959473
3940,0,-6.329999923706055,0.4446599781513214,6.104833602905273
3941,0,-6.329999923706055,0.476260244846344,6.574704170227051
3942,0,-6.329999923706055,0.44555774331092834,6.588738441467285
3943,0,-6.329999923706055,0.5765121579170227,5.98235559463501
3944,0,-6.329999923706055,0.525023877620697,6.485830783843994
3945,0,-6.329999923706055,0.6877580881118774,7.392752647399902
3946,0,-6.329999923706055,0.5425897836685181,6.189213752746582
3947,0,-6.329999923706055,0.6544759273529053,6.292860984802246
3948,0,-6.329999923706055,0.38143542408943176,6.134405612945557
3949,0,-6.329999923706055,0.5382671356201172,6.979318618774414
3950,0,-6.329999923706055,0.4850192368030548,5.925279140472412
3951,0,-6.329999923706055,0.3383367359638214,6.317842483520508
3952,0,-6.329999923706055,0.5973353385925293,7.448269844055176
3953,0,-6.329999923706055,0.3827781081199646,6.425960540771484
3954,0,-6.329999923706055,0.3667186200618744,6.181390762329102
3955,0,-6.329999923706055,0.4083315432071686,5.986182689666748
3956,0,-6.329999923706055,0.4864889681339264,6.168278217315674
3957,1,7.260000228881836,0.6441368460655212,7.422682285308838
3958,1,7.260000228881836,0.6399630308151245,7.679091453552246
3959,0,-7.260000228881836,0.566992998123169,7.012594699859619
3960,1,7.260000228881836,0.5954710245132446,7.653738498687744
3961,0,-7.260000228881836,0.5972383618354797,7.229477882385254
3962,0,-7.260000228881836,0.3822581470012665,7.086263656616211
3963,0,-7.260000228881836,0.35573384165763855,7.3572797775268555
3964,0,-7.260000228881836,0.4706386625766754,6.80918025970459
3965,0,-7.260000228881836,0.37089845538139343,6.350969314575195
3966,0,-7.260000228881836,0.3476629853248596,6.49238920211792
3967,0,-7.260000228881836,0.3456675708293915,7.058016777038574
3968,0,-7.260000228881836,0.43188461661338806,7.042850494384766
3969,0,-7.260000228881836,0.3374815881252289,6.513293266296387
3970,0,-7.260000228881836,0.34155189990997314,6.743443012237549
3971,0,-7.260000228881836,0.3839241862297058,7.036525726318359
3972,0,-8.050000190734863,0.07340893149375916,6.7514238357543945
3973,0,-8.050000190734863,0.050318412482738495,9.925140380859375
3974,0,-8.050000190734863,0.07699546217918396,6.499008655548096
3975,0,-8.050000190734863,0.08353830128908157,15.08860969543457
3976,0,-8.050000190734863,0.0442410446703434,9.27520751953125
3977,0,-8.050000190734863,0.027838069945573807,11.659225463867188
3978,0,-8.050000190734863,0.125132754445076,10.06155014038086
3979,0,-8.050000190734863,0.07224459946155548,10.095076560974121
3980,0,-8.050000190734863,0.1405145823955536,9.349090576171875
3981,0,-8.050000190734863,0.042200278490781784,5.692567348480225
3982,0,-8.050000190734863,0.045488886535167694,15.419177055358887
3983,0,-8.050000190734863,0.03388392925262451,10.027297973632812
3984,0,-8.050000190734863,0.05599842220544815,12.380281448364258
3985,0,-8.050000190734863,0.17136631906032562,8.683510780334473
3986,0,-8.050000190734863,0.09465832263231277,14.355656623840332
3987,0,-8.050000190734863,0.08351565897464752,10.749835968017578
3988,0,-8.050000190734863,0.032748524099588394,8.878479957580566
3989,0,-8.050000190734863,0.032551296055316925,9.671346664428711
3990,0,-8.050000190734863,0.14467303454875946,8.702398300170898
3991,0,-8.050000190734863,0.07967571914196014,8.819660186767578
3992,1,4.409999847412109,0.5323939919471741,5.815243721008301
3993,1,4.409999847412109,0.5344623327255249,5.793785572052002
3994,0,-4.409999847412109,0.5805052518844604,6.16677713394165
3995,0,-4.409999847412109,0.47812411189079285,5.126708507537842
3996,0,-4.409999847412109,0.6586137413978577,5.957916736602783
3997,0,-4.409999847412109,0.5507338047027588,5.77851676940918
3998,0,-4.409999847412109,0.5002720952033997,5.8300676345825195
3999,0,-4.409999847412109,0.3575690686702728,5.690317630767822
4000,0,-4.409999847412109,0.49107083678245544,5.897931098937988
4001,0,-4.409999847412109,0.5699422359466553,5.885682106018066
4002,0,-4.409999847412109,0.46130016446113586,5.522556781768799
4003,0,-4.409999847412109,0.4409424960613251,4.902479648590088
4004,0,-4.409999847412109,0.383800745010376,4.989988327026367
4005,0,-4.409999847412109,0.47261273860931396,5.921900749206543
4006,0,-4.409999847412109,0.3791525065898895,4.900282382965088
4007,0,-4.409999847412109,0.3753577470779419,5.454998970031738
4008,0,-4.409999847412109,0.2799495458602905,5.2536516189575195
4009,0,-4.409999847412109,0.30199429392814636,5.003058910369873
4010,0,-4.409999847412109,0.33133092522621155,5.065557479858398
4011,0,-4.409999847412109,0.37671300768852234,5.07698917388916
4012,0,-4.409999847412109,0.2738528251647949,5.208232879638672
4013,1,4.889999866485596,0.6623380780220032,5.864198207855225
4014,1,4.889999866485596,0.7203130125999451,5.756264686584473
4015,0,-4.889999866485596,0.7260558605194092,4.915619850158691
4016,0,-4.889999866485596,0.7781533002853394,5.388290882110596
4017,0,-4.889999866485596,0.3179481327533722,7.034844875335693
4018,0,-4.889999866485596,0.3222994804382324,6.1374735832214355
4019,0,-4.889999866485596,0.18903808295726776,6.601365566253662
4020,0,-4.889999866485596,0.17267997562885284,6.340013027191162
4021,0,-4.889999866485596,0.3629942536354065,5.412388324737549
4022,0,-4.889999866485596,0.19269724190235138,6.229335784912109
4023,0,-4.889999866485596,0.2813543677330017,6.000803470611572
4024,0,-4.889999866485596,0.201792910695076,6.403588771820068
4025,0,-4.889999866485596,0.626712441444397,5.750941276550293
4026,0,-4.889999866485596,0.34435731172561646,5.545976638793945
4027,0,-4.889999866485596,0.29199591279029846,6.711960315704346
4028,0,-4.889999866485596,0.1949501484632492,6.171778678894043
4029,0,-4.889999866485596,0.221521258354187,5.918174743652344
4030,0,-4.889999866485596,0.20642654597759247,6.324141025543213
4031,0,-4.889999866485596,0.22849398851394653,6.220834732055664
4032,0,-4.889999866485596,0.21159574389457703,5.845618724822998
4033,0,-4.889999866485596,0.2392778992652893,6.520053386688232
4034,1,6.889999866485596,0.7472806572914124,5.257355213165283
4035,0,-6.889999866485596,0.7761924862861633,5.988109588623047
4036,1,6.889999866485596,0.7532784938812256,5.258978366851807
4037,0,-6.889999866485596,0.7352741360664368,5.012678623199463
4038,0,-6.889999866485596,0.7529190182685852,5.791008472442627
4039,0,-6.889999866485596,0.7538596987724304,5.272747993469238
4040,0,-6.889999866485596,0.7237150073051453,5.034273624420166
4041,0,-6.889999866485596,0.7286186814308167,4.677488327026367
4042,0,-6.889999866485596,0.6656476259231567,4.959139347076416
4043,0,-6.889999866485596,0.7547487616539001,4.641907691955566
4044,0,-6.889999866485596,0.6994221806526184,5.220351219177246
4045,0,-6.889999866485596,0.7195935249328613,5.142611503601074
4046,0,-6.889999866485596,0.7440215349197388,5.332938194274902
4047,0,-6.889999866485596,0.7415616512298584,4.959820747375488
4048,0,-6.889999866485596,0.732545793056488,4.539060592651367
4049,0,-6.889999866485596,0.6803907155990601,4.495235443115234
4050,0,-6.889999866485596,0.6987493634223938,5.210933685302734
4051,0,-6.889999866485596,0.6486116051673889,4.980766296386719
4052,0,-6.889999866485596,0.6940146684646606,5.055846214294434
4053,0,-6.889999866485596,0.7099040150642395,4.507852554321289
4054,0,-6.889999866485596,0.6407415866851807,4.89723014831543
4055,1,8.359999656677246,0.7915677428245544,7.98419189453125
4056,0,-8.359999656677246,0.7688114643096924,7.69752836227417
4057,1,8.359999656677246,0.7913685441017151,7.958149433135986
4058,0,-8.359999656677246,0.25889652967453003,6.480822563171387
4059,0,-8.359999656677246,0.2900272011756897,6.363640785217285
4060,0,-8.359999656677246,0.8121081590652466,7.79056978225708
4061,0,-8.359999656677246,0.2520603537559509,6.241024494171143
4062,0,-8.359999656677246,0.5577864050865173,6.394381523132324
4063,0,-8.359999656677246,0.791471004486084,7.56839656829834
4064,0,-8.359999656677246,0.23684106767177582,5.818558692932129
4065,1,8.359999656677246,0.7641776204109192,7.973820686340332
4066,0,-8.359999656677246,0.702130138874054,7.067239761352539
4067,0,-8.359999656677246,0.24734129011631012,6.0839152336120605
4068,0,-8.359999656677246,0.3945784568786621,5.948145866394043
4069,0,-8.359999656677246,0.3416782319545746,6.885824203491211
4070,0,-8.359999656677246,0.23700422048568726,6.361118316650391
4071,0,-8.359999656677246,0.28512731194496155,5.614027976989746
4072,0,-8.359999656677246,0.6325351595878601,6.6481122970581055
4073,0,-8.359999656677246,0.28240883350372314,5.871089935302734
4074,0,-8.359999656677246,0.2925918698310852,6.285098075866699
4075,1,4.050000190734863,0.8364210724830627,3.667991876602173
4076,0,-4.050000190734863,0.7226136326789856,3.4069831371307373
4077,0,-4.050000190734863,0.47131219506263733,2.769456148147583
4078,0,-4.050000190734863,0.6368233561515808,2.7070472240448
4079,0,-4.050000190734863,0.5352038741111755,3.5009591579437256
4080,0,-4.050000190734863,0.41810742020606995,2.9861412048339844
4081,0,-4.050000190734863,0.2721189260482788,2.9294188022613525
4082,0,-4.050000190734863,0.3604719638824463,2.745460033416748
4083,0,-4.050000190734863,0.7415080070495605,2.709134578704834
4084,0,-4.050000190734863,0.3149895966053009,2.7349398136138916
4085,0,-4.050000190734863,0.7473642230033875,3.4795291423797607
4086,0,-4.050000190734863,0.6497694253921509,2.165036201477051
4087,0,-4.050000190734863,0.3786429166793823,2.7845816612243652
4088,0,-4.050000190734863,0.2575362026691437,2.5135140419006348
4089,0,-4.050000190734863,0.6168252229690552,2.3063535690307617
4090,1,6.059999942779541,0.6366768479347229,7.085552215576172
4091,0,-6.059999942779541,0.5564851760864258,6.893564701080322
4092,0,-6.059999942779541,0.6869034171104431,6.924051284790039
4093,0,-6.059999942779541,0.7298080325126648,6.981066703796387
4094,0,-6.059999942779541,0.43621426820755005,6.878365993499756
4095,0,-6.059999942779541,0.5127610564231873,7.576143264770508
4096,0,-6.059999942779541,0.6248186826705933,6.76091194152832
4097,0,-6.059999942779541,0.3825380206108093,5.801868438720703
4098,0,-6.059999942779541,0.6348426342010498,6.537858009338379
4099,0,-6.059999942779541,0.6157748103141785,5.741585731506348
4100,0,-6.059999942779541,0.5640538930892944,6.395853519439697
4101,0,-6.059999942779541,0.49525564908981323,6.335560321807861
4102,0,-6.059999942779541,0.453101247549057,6.89177942276001
4103,0,-6.059999942779541,0.5962434411048889,7.3831024169921875
4104,0,-6.059999942779541,0.6099844574928284,7.509509563446045
4105,0,-6.059999942779541,0.4868134558200836,5.330355644226074
4106,0,-6.059999942779541,0.5787180662155151,6.234405994415283
4107,0,-6.059999942779541,0.44787806272506714,5.863586902618408
4108,0,-6.059999942779541,0.36429935693740845,6.571592807769775
4109,0,-6.059999942779541,0.6045691967010498,6.908970832824707
4110,0,-6.059999942779541,0.4579601585865021,7.223531246185303
4111,1,5.599999904632568,0.6135590672492981,5.900143146514893
4112,0,-5.599999904632568,0.5687259435653687,5.089321613311768
4113,0,-5.599999904632568,0.5714068412780762,5.3810601234436035
4114,0,-5.599999904632568,0.5712316632270813,5.628045082092285
4115,0,-5.599999904632568,0.39601895213127136,5.364354133605957
4116,0,-5.599999904632568,0.40417036414146423,4.648868560791016
4117,0,-5.599999904632568,0.5745311379432678,5.203617572784424
4118,0,-5.599999904632568,0.32957327365875244,4.78375768661499
4119,0,-5.599999904632568,0.5216514468193054,5.131173133850098
4120,0,-5.599999904632568,0.4242783486843109,5.0263800621032715
4121,0,-5.599999904632568,0.5127096772193909,4.712573051452637
4122,0,-5.599999904632568,0.24206961691379547,3.942476511001587
4123,0,-5.599999904632568,0.37674009799957275,5.270792007446289
4124,0,-5.599999904632568,0.40918710827827454,5.368317127227783
4125,0,-5.599999904632568,0.28179818391799927,4.079137325286865
4126,0,-5.599999904632568,0.3760944902896881,4.973493576049805
4127,0,-5.599999904632568,0.26534077525138855,5.34911584854126
4128,0,-5.599999904632568,0.2722938060760498,5.133665561676025
4129,0,-5.599999904632568,0.2688846290111542,4.438232421875
4130,0,-5.599999904632568,0.27035441994667053,5.105467796325684
4131,0,-5.599999904632568,0.2186208814382553,5.128763198852539
4132,1,5.440000057220459,0.8978604674339294,6.552778244018555
4133,1,5.440000057220459,0.8962872624397278,6.60159158706665
4134,0,-5.440000057220459,0.7755504846572876,5.748111724853516
4135,1,5.440000057220459,0.8092049360275269,7.1489057540893555
4136,0,-5.440000057220459,0.6661061644554138,5.545210361480713
4137,1,9.550000190734863,0.7911829352378845,9.263587951660156
4138,0,-9.550000190734863,0.7385674715042114,9.295741081237793
4139,0,-9.550000190734863,0.7259674072265625,9.841031074523926
4140,0,-9.550000190734863,0.6176216006278992,9.230049133300781
4141,0,-9.550000190734863,0.5368714928627014,8.864114761352539
4142,0,-9.550000190734863,0.8161442279815674,9.517974853515625
4143,0,-9.550000190734863,0.7630141377449036,10.023249626159668
4144,0,-9.550000190734863,0.7260737419128418,9.077492713928223
4145,0,-9.550000190734863,0.5917538404464722,10.317473411560059
4146,0,-9.550000190734863,0.5229192972183228,11.033026695251465
4147,0,-9.550000190734863,0.6322821974754333,9.87035846710205
4148,0,-9.550000190734863,0.5617681741714478,8.594738960266113
4149,0,-9.550000190734863,0.7796394228935242,9.271923065185547
4150,0,-9.550000190734863,0.5940837264060974,9.538697242736816
4151,0,-9.550000190734863,0.5418075323104858,9.327886581420898
4152,0,-9.550000190734863,0.6534898281097412,8.766653060913086
4153,0,-9.550000190734863,0.36565470695495605,7.868802547454834
4154,0,-9.550000190734863,0.33755549788475037,8.059793472290039
4155,1,8.720000267028809,0.7834849953651428,8.750882148742676
4156,1,8.720000267028809,0.7814134359359741,8.747907638549805
4157,1,8.720000267028809,0.7559452652931213,8.540704727172852
4158,0,-8.720000267028809,0.6460624933242798,7.489934921264648
4159,0,-8.720000267028809,0.7007599472999573,8.018807411193848
4160,0,-8.720000267028809,0.5842856168746948,7.992398262023926
4161,0,-8.720000267028809,0.33767858147621155,6.671077251434326
4162,0,-8.720000267028809,0.45096373558044434,6.588829040527344
4163,0,-8.720000267028809,0.26447826623916626,6.207156181335449
4164,0,-8.720000267028809,0.40905359387397766,6.966618537902832
4165,0,-8.720000267028809,0.6257228255271912,7.872403144836426
4166,0,-8.720000267028809,0.5999611020088196,7.83858060836792
4167,0,-8.720000267028809,0.4372011721134186,7.298645973205566
4168,0,-8.720000267028809,0.27781346440315247,6.439812183380127
4169,0,-8.720000267028809,0.30718639492988586,6.933193206787109
4170,1,9.720000267028809,0.8120926022529602,7.970386028289795
4171,1,9.720000267028809,0.7376847267150879,7.9253339767456055
4172,0,-9.720000267028809,0.6502164602279663,7.319998264312744
4173,0,-9.720000267028809,0.6461495161056519,7.22226619720459
4174,0,-9.720000267028809,0.2039903998374939,6.501004695892334
4175,0,-9.720000267028809,0.5240122675895691,6.5084333419799805
4176,0,-9.720000267028809,0.4782428741455078,7.117268085479736
4177,0,-9.720000267028809,0.3601711690425873,6.310454845428467
4178,1,5.150000095367432,0.868164598941803,5.60145378112793
4179,1,5.150000095367432,0.8679732084274292,5.5994462966918945
4180,0,-5.150000095367432,0.7368531823158264,4.4770355224609375
4181,0,-5.150000095367432,0.6018891930580139,5.581809043884277
4182,0,-5.150000095367432,0.6407085657119751,5.006327152252197
4183,0,-5.150000095367432,0.5549776554107666,6.22440242767334
4184,0,-5.150000095367432,0.47109365463256836,5.647207260131836
4185,0,-5.150000095367432,0.43499502539634705,5.680525302886963
4186,0,-5.150000095367432,0.4913499057292938,5.691595554351807
4187,0,-5.150000095367432,0.5918731689453125,4.871951103210449
4188,0,-5.150000095367432,0.5848042368888855,5.170172214508057
4189,0,-5.150000095367432,0.507813572883606,5.738365173339844
4190,0,-5.150000095367432,0.6255029439926147,4.847637176513672
4191,0,-5.150000095367432,0.5206090807914734,5.877442359924316
4192,0,-5.150000095367432,0.5362760424613953,5.724221706390381
4193,0,-5.150000095367432,0.6580157279968262,5.3079729080200195
4194,0,-5.150000095367432,0.4275866150856018,5.799361228942871
4195,0,-5.150000095367432,0.41448378562927246,5.1122331619262695
4196,0,-5.150000095367432,0.5612939596176147,5.880473613739014
4197,0,-5.150000095367432,0.405513733625412,5.273508071899414
4198,0,-7.159999847412109,0.6802819967269897,4.648276329040527
4199,0,-7.159999847412109,0.7227359414100647,4.919099807739258
4200,0,-7.159999847412109,0.7448796033859253,5.03173303604126
4201,1,6.019999980926514,0.8878668546676636,5.228243827819824
4202,1,6.019999980926514,0.8566782474517822,5.449156761169434
4203,1,6.019999980926514,0.8569738268852234,5.449455261230469
4204,1,6.019999980926514,0.8845110535621643,5.272687911987305
4205,1,6.019999980926514,0.8349254727363586,6.1415581703186035
4206,1,6.019999980926514,0.8036541938781738,5.158029079437256
4207,0,-6.019999980926514,0.8243790864944458,5.068181037902832
4208,0,-4.190000057220459,0.5954172611236572,5.036502361297607
4209,0,-4.190000057220459,0.6610763669013977,4.986030101776123
4210,0,-4.190000057220459,0.6144255995750427,4.866103172302246
4211,0,-4.190000057220459,0.569724440574646,4.758341312408447
4212,1,6.320000171661377,0.642944872379303,7.4405317306518555
4213,1,6.320000171661377,0.6798480153083801,7.546412944793701
4214,1,6.320000171661377,0.6513854265213013,7.126001358032227
4215,0,-6.320000171661377,0.5875198841094971,6.967114448547363
4216,0,-6.320000171661377,0.6345838308334351,7.0957350730896
4217,0,-6.320000171661377,0.47328245639801025,6.814497470855713
4218,0,-6.320000171661377,0.5353171229362488,6.5175700187683105
4219,0,-6.320000171661377,0.37130844593048096,6.468935966491699
4220,0,-6.320000171661377,0.5829270482063293,6.31091833114624
4221,1,5.099999904632568,0.6047036051750183,4.68581485748291
4222,0,-5.099999904632568,0.5463371872901917,4.902414798736572
4223,0,-5.099999904632568,0.48715952038764954,4.335108280181885
4224,0,-5.099999904632568,0.5300506949424744,4.850151062011719
4225,0,-5.099999904632568,0.6397820115089417,4.8742265701293945
4226,0,-5.099999904632568,0.509908139705658,4.495026111602783
4227,0,-5.099999904632568,0.5400164723396301,3.951011896133423
4228,0,-5.099999904632568,0.6156753301620483,4.155546188354492
4229,0,-5.099999904632568,0.5058097839355469,4.622108459472656
4230,0,-5.099999904632568,0.48642438650131226,4.658323764801025
4231,0,-5.099999904632568,0.5225024223327637,4.286779403686523
4232,0,-5.099999904632568,0.6462320685386658,4.771815299987793
4233,0,-5.099999904632568,0.5519073009490967,4.753491401672363
4234,0,-5.099999904632568,0.493419885635376,4.645203590393066
4235,0,-5.099999904632568,0.4938306212425232,4.705071926116943
4236,0,-5.099999904632568,0.5180666446685791,5.267001152038574
4237,0,-5.099999904632568,0.4475519359111786,4.662312984466553
4238,0,-5.099999904632568,0.49052363634109497,4.805150985717773
4239,0,-5.099999904632568,0.49332019686698914,4.222409248352051
4240,0,-5.099999904632568,0.48868098855018616,4.430641174316406
4241,0,-5.099999904632568,0.5028601884841919,4.803140640258789
4242,1,7.960000038146973,0.6644572019577026,7.157380104064941
4243,1,7.960000038146973,0.631693959236145,7.066143035888672
4244,1,7.960000038146973,0.6070628762245178,6.9015421867370605
4245,1,7.960000038146973,0.5521919131278992,6.7797017097473145
4246,0,-7.960000038146973,0.45597052574157715,6.876937389373779
4247,0,-7.960000038146973,0.3188122808933258,5.938722610473633
4248,0,-7.960000038146973,0.6123504638671875,6.860929012298584
4249,0,-7.960000038146973,0.22150790691375732,5.699319839477539
4250,0,-7.960000038146973,0.2651793956756592,6.358119487762451
4251,0,-7.960000038146973,0.27996671199798584,6.23348331451416
4252,0,-7.960000038146973,0.5507259368896484,6.462031841278076
4253,0,-7.960000038146973,0.5502505898475647,6.456779479980469
4254,0,-7.960000038146973,0.14802056550979614,5.148581504821777
4255,0,-7.960000038146973,0.15656933188438416,5.771598815917969
4256,0,-7.960000038146973,0.1393352448940277,6.124335289001465
4257,1,4.849999904632568,0.6714996695518494,4.166990280151367
4258,1,4.849999904632568,0.6650488376617432,4.003190040588379
4259,0,-4.849999904632568,0.5399628281593323,3.98565673828125
4260,0,-4.849999904632568,0.4757237434387207,4.269537925720215
4261,0,-4.849999904632568,0.46120020747184753,4.333347320556641
4262,0,-4.849999904632568,0.4410398304462433,3.5850539207458496
4263,0,-4.849999904632568,0.3240759074687958,4.5862202644348145
4264,0,-4.849999904632568,0.44518810510635376,4.194486141204834
4265,0,-4.849999904632568,0.2499062567949295,4.6487717628479
4266,0,-4.849999904632568,0.42969468235969543,3.8711836338043213
4267,0,-4.849999904632568,0.3250811696052551,4.827356338500977
4268,0,-4.849999904632568,0.2433849424123764,4.307389259338379
4269,0,-4.849999904632568,0.5399928689002991,4.148541450500488
4270,0,-4.849999904632568,0.3146806061267853,4.225796222686768
4271,0,-4.849999904632568,0.4140850901603699,4.123600006103516
4272,0,-4.849999904632568,0.38961637020111084,4.35945987701416
4273,0,-4.849999904632568,0.44075581431388855,4.134317874908447
4274,0,-4.849999904632568,0.22375620901584625,5.686241626739502
4275,0,-4.849999904632568,0.25001949071884155,4.168743133544922
4276,0,-4.849999904632568,0.4149947762489319,3.9161088466644287
4277,0,-4.849999904632568,0.22788368165493011,4.5272674560546875
4278,1,6.110000133514404,0.7884033918380737,6.006728649139404
4279,1,6.110000133514404,0.7893472909927368,6.039259910583496
4280,1,6.110000133514404,0.785322904586792,6.037420749664307
4281,0,-6.110000133514404,0.3435474634170532,5.934361934661865
4282,0,-6.110000133514404,0.34494876861572266,5.907393932342529
4283,0,-6.110000133514404,0.22246594727039337,6.478209495544434
4284,0,-6.110000133514404,0.6074970960617065,5.2976579666137695
4285,0,-6.110000133514404,0.6077527403831482,5.303657054901123
4286,0,-6.110000133514404,0.22170059382915497,6.455960750579834
4287,1,6.110000133514404,0.7625020146369934,6.1951799392700195
4288,0,-6.110000133514404,0.5578204393386841,6.394944190979004
4289,0,-6.110000133514404,0.18249183893203735,6.680264949798584
4290,0,-6.110000133514404,0.4157111942768097,6.037557125091553
4291,0,-6.110000133514404,0.22942446172237396,7.039950847625732
4292,0,-6.110000133514404,0.2446180135011673,7.00471305847168
4293,0,-6.110000133514404,0.21138833463191986,6.997488021850586
4294,0,-6.110000133514404,0.4741712808609009,6.2403740882873535
4295,0,-6.110000133514404,0.30292075872421265,6.577946662902832
4296,1,5.570000171661377,0.6344150900840759,6.8831467628479
4297,1,5.570000171661377,0.6222718358039856,6.797333717346191
4298,0,-5.570000171661377,0.5126425623893738,6.670307159423828
4299,0,-5.570000171661377,0.5507481098175049,6.6752543449401855
4300,0,-5.570000171661377,0.2790747284889221,6.304473400115967
4301,0,-5.570000171661377,0.3715296983718872,6.558996677398682
4302,0,-5.570000171661377,0.3796631693840027,7.354712009429932
4303,0,-5.570000171661377,0.30939820408821106,7.424070358276367
4304,0,-5.570000171661377,0.4115269184112549,6.19976282119751
4305,0,-5.570000171661377,0.36245298385620117,7.577633380889893
4306,0,-5.570000171661377,0.29615336656570435,7.696869850158691
4307,0,-5.570000171661377,0.31220951676368713,6.414322376251221
4308,0,-5.570000171661377,0.4554501473903656,7.3877434730529785
4309,0,-5.570000171661377,0.23640389740467072,6.324033260345459
4310,0,-5.570000171661377,0.19885696470737457,7.393868446350098
4311,0,-5.570000171661377,0.26556944847106934,6.808437347412109
4312,0,-5.570000171661377,0.3615209460258484,6.706833839416504
4313,0,-5.570000171661377,0.23678793013095856,6.422813415527344
4314,0,-5.570000171661377,0.1590016633272171,6.971350193023682
4315,0,-5.570000171661377,0.41331881284713745,7.136919021606445
4316,0,-5.570000171661377,0.30221086740493774,7.5540242195129395
4317,1,6.019999980926514,0.7184139490127563,7.431211948394775
4318,1,6.019999980926514,0.717907726764679,7.420814514160156
4319,0,-6.019999980926514,0.3745189309120178,6.7569122314453125
4320,0,-6.019999980926514,0.3169151246547699,6.718225955963135
4321,0,-6.019999980926514,0.23635070025920868,7.154890537261963
4322,0,-6.019999980926514,0.6531214118003845,6.875246524810791
4323,0,-6.019999980926514,0.42545026540756226,6.810110092163086
4324,0,-6.019999980926514,0.5786321759223938,7.777823448181152
4325,0,-6.019999980926514,0.32204052805900574,7.530056953430176
4326,0,-6.019999980926514,0.5815569162368774,7.348359107971191
4327,0,-6.019999980926514,0.14792512357234955,6.913674831390381
4328,0,-6.019999980926514,0.40858688950538635,7.023897647857666
4329,0,-6.019999980926514,0.24922515451908112,7.214169502258301
4330,0,-6.019999980926514,0.3654170036315918,6.660976886749268
4331,0,-6.019999980926514,0.23132579028606415,6.035749912261963
4332,0,-6.019999980926514,0.2513395845890045,7.535528659820557
4333,0,-7.800000190734863,0.27767840027809143,6.393083095550537
4334,0,-7.800000190734863,0.31489214301109314,6.39217472076416
4335,0,-7.800000190734863,0.3440074324607849,5.292212009429932
4336,0,-7.800000190734863,0.5542482733726501,6.509037971496582
4337,0,-7.800000190734863,0.09528778493404388,6.067211151123047
4338,0,-7.800000190734863,0.121320441365242,6.604752540588379
4339,0,-7.800000190734863,0.2217869758605957,5.959264755249023
4340,0,-7.800000190734863,0.4226989448070526,5.930310249328613
4341,0,-7.800000190734863,0.23220224678516388,7.011956214904785
4342,0,-7.800000190734863,0.17242801189422607,5.799327850341797
4343,0,-7.800000190734863,0.3175191879272461,5.350804328918457
4344,0,-7.800000190734863,0.20819978415966034,6.069733619689941
4345,0,-7.800000190734863,0.38355347514152527,6.102495193481445
4346,0,-7.800000190734863,0.07262489199638367,6.287097930908203
4347,0,-7.800000190734863,0.17965388298034668,5.817335605621338
4348,0,-7.800000190734863,0.06646059453487396,5.152338981628418
4349,0,-7.800000190734863,0.2996574938297272,5.580449104309082
4350,0,-7.800000190734863,0.1744961440563202,5.63961935043335
4351,0,-7.800000190734863,0.49423277378082275,6.037561416625977
4352,0,-7.800000190734863,0.40019407868385315,7.5211405754089355
4353,1,2.4000000953674316,0.5619348287582397,3.505906343460083
4354,0,-2.4000000953674316,0.5459460020065308,4.036479473114014
4355,0,-2.4000000953674316,0.49644899368286133,4.2299113273620605
4356,0,-2.4000000953674316,0.4382711350917816,5.228083610534668
4357,0,-2.4000000953674316,0.43102341890335083,4.751748561859131
4358,0,-2.4000000953674316,0.5481389760971069,5.522801876068115
4359,0,-2.4000000953674316,0.49182188510894775,4.510713577270508
4360,0,-2.4000000953674316,0.4425773024559021,4.520315647125244
4361,0,-2.4000000953674316,0.4164144992828369,4.776370525360107
4362,0,-2.4000000953674316,0.396492063999176,4.548792839050293
4363,0,-2.4000000953674316,0.5213732123374939,4.516539096832275
4364,0,-2.4000000953674316,0.4170161783695221,5.4428486824035645
4365,0,-2.4000000953674316,0.44766297936439514,5.704204559326172
4366,0,-2.4000000953674316,0.30359551310539246,5.180809497833252
4367,0,-2.4000000953674316,0.5591986775398254,4.077968597412109
4368,0,-2.4000000953674316,0.39187297224998474,4.903379917144775
4369,0,-2.4000000953674316,0.43411701917648315,4.741695880889893
4370,0,-2.4000000953674316,0.3786497414112091,5.132474422454834
4371,0,-2.4000000953674316,0.320454478263855,4.407087802886963
4372,0,-2.4000000953674316,0.34032928943634033,5.14624547958374
4373,0,-2.4000000953674316,0.3496200144290924,5.310088157653809
4374,1,3.5799999237060547,0.6873146891593933,5.481403350830078
4375,0,-3.5799999237060547,0.7543487548828125,6.621124267578125
4376,0,-3.5799999237060547,0.7618539929389954,6.6999287605285645
4377,0,-3.5799999237060547,0.45480647683143616,4.411179065704346
4378,0,-3.5799999237060547,0.48496508598327637,4.858102798461914
4379,0,-3.5799999237060547,0.5796917676925659,5.422403335571289
4380,0,-3.5799999237060547,0.5427987575531006,6.15024995803833
4381,0,-3.5799999237060547,0.43994417786598206,4.7605485916137695
4382,0,-3.5799999237060547,0.5232266783714294,4.907434940338135
4383,0,-3.5799999237060547,0.431765615940094,5.091562271118164
4384,0,-3.5799999237060547,0.37377646565437317,5.053215026855469
4385,0,-3.5799999237060547,0.4034428596496582,4.878422260284424
4386,0,-3.5799999237060547,0.37217313051223755,5.027108192443848
4387,0,-3.5799999237060547,0.4475919008255005,5.847019195556641
4388,0,-3.5799999237060547,0.418903648853302,5.458022117614746
4389,0,-3.5799999237060547,0.41511568427085876,5.188747406005859
4390,0,-3.5799999237060547,0.32044103741645813,4.6549506187438965
4391,0,-3.5799999237060547,0.43132802844047546,5.872793197631836
4392,1,6.820000171661377,0.7949957847595215,7.203813076019287
4393,0,-6.820000171661377,0.8031778335571289,6.923107147216797
4394,0,-6.820000171661377,0.3728090822696686,4.710453987121582
4395,0,-6.820000171661377,0.5798081159591675,5.479394435882568
4396,0,-6.820000171661377,0.44617965817451477,4.966186046600342
4397,0,-6.820000171661377,0.547450602054596,5.71460485458374
4398,0,-6.820000171661377,0.5074668526649475,5.242223262786865
4399,0,-6.820000171661377,0.4585486352443695,4.9543046951293945
4400,0,-6.820000171661377,0.5029904246330261,5.432828903198242
4401,0,-6.820000171661377,0.5896284580230713,4.819971084594727
4402,0,-6.820000171661377,0.39902645349502563,5.0052971839904785
4403,0,-6.820000171661377,0.4399678409099579,4.953007698059082
4404,0,-6.820000171661377,0.3871587812900543,4.513165473937988
4405,0,-6.820000171661377,0.43050888180732727,4.8576884269714355
4406,0,-6.820000171661377,0.4077964425086975,4.949059963226318
4407,0,-6.820000171661377,0.4649377763271332,5.025876522064209
4408,0,-6.820000171661377,0.5006633996963501,5.123131275177002
4409,0,-6.820000171661377,0.4129991829395294,5.022202968597412
4410,0,-6.820000171661377,0.5539699792861938,5.404876708984375
4411,0,-6.820000171661377,0.40282461047172546,4.690052032470703
4412,0,-6.820000171661377,0.5416679978370667,5.206182479858398
4413,1,7.090000152587891,0.7975098490715027,7.711852073669434
4414,0,-7.090000152587891,0.7906233668327332,8.245335578918457
4415,0,-7.090000152587891,0.3031003475189209,7.2000203132629395
4416,0,-7.090000152587891,0.35933881998062134,6.645205497741699
4417,0,-7.090000152587891,0.3802104890346527,7.471354961395264
4418,0,-7.090000152587891,0.3738483488559723,6.720716953277588
4419,0,-7.090000152587891,0.41024771332740784,7.380576133728027
4420,0,-7.090000152587891,0.2319606989622116,7.7907867431640625
4421,0,-7.090000152587891,0.3745807707309723,6.981499671936035
4422,0,-7.090000152587891,0.4185889959335327,8.097329139709473
4423,0,-7.090000152587891,0.23557619750499725,6.457298278808594
4424,0,-7.090000152587891,0.30146121978759766,7.820651054382324
4425,0,-7.090000152587891,0.3075889050960541,7.228623867034912
4426,0,-7.090000152587891,0.2128732055425644,7.65016508102417
4427,0,-7.090000152587891,0.33251190185546875,7.607123851776123
4428,0,-7.090000152587891,0.23715870082378387,6.922964096069336
4429,0,-7.090000152587891,0.6939346194267273,8.043900489807129
4430,0,-7.090000152587891,0.1432308554649353,7.605296611785889
4431,0,-7.090000152587891,0.26387113332748413,7.345821380615234
4432,0,-7.090000152587891,0.15042337775230408,7.697663307189941
4433,0,-7.090000152587891,0.37769052386283875,7.771387100219727
4434,1,8.479999542236328,0.6854068040847778,8.615119934082031
4435,1,8.479999542236328,0.657411515712738,8.644505500793457
4436,0,-8.479999542236328,0.5990847945213318,8.238308906555176
4437,0,-8.479999542236328,0.6187777519226074,8.070905685424805
4438,0,-8.479999542236328,0.6931066513061523,8.60180950164795
4439,0,-8.479999542236328,0.42569699883461,7.118361473083496
4440,0,-8.479999542236328,0.5177154541015625,7.348916053771973
4441,0,-8.479999542236328,0.6973491311073303,8.641440391540527
4442,0,-8.479999542236328,0.5837642550468445,8.36564826965332
4443,0,-8.479999542236328,0.5582623481750488,8.284045219421387
4444,0,-8.479999542236328,0.40216198563575745,7.45635461807251
4445,0,-8.479999542236328,0.49612584710121155,6.64417028427124
4446,0,-8.479999542236328,0.41799014806747437,7.072491645812988
4447,0,-8.479999542236328,0.5550194978713989,7.714860439300537
4448,1,8.300000190734863,0.5294591188430786,8.114727020263672
4449,0,-8.300000190734863,0.21850578486919403,7.342471599578857
4450,0,-8.300000190734863,0.39247748255729675,8.678550720214844
4451,0,-8.300000190734863,0.2762112319469452,6.490619659423828
4452,0,-8.300000190734863,0.22831839323043823,7.785919666290283
4453,0,-8.300000190734863,0.11239723861217499,8.37344741821289
4454,0,-8.300000190734863,0.167348250746727,7.559292793273926
4455,0,-8.300000190734863,0.2820817828178406,7.573052406311035
4456,0,-8.300000190734863,0.09665805101394653,8.106562614440918
4457,0,-8.300000190734863,0.1423192173242569,7.210874557495117
4458,0,-8.300000190734863,0.19155260920524597,8.216841697692871
4459,0,-8.300000190734863,0.20980659127235413,8.519521713256836
4460,0,-8.300000190734863,0.1149195209145546,8.347991943359375
4461,0,-8.300000190734863,0.1857481151819229,7.609265327453613
4462,0,-8.300000190734863,0.12122092396020889,7.682024002075195
4463,0,-8.300000190734863,0.15487836301326752,7.586483955383301
4464,0,-8.300000190734863,0.27503088116645813,7.6539201736450195
4465,0,-8.300000190734863,0.0804251879453659,7.321890830993652
4466,0,-8.300000190734863,0.10871388018131256,7.154426574707031
4467,0,-8.300000190734863,0.2823101580142975,6.704226493835449
4468,0,-8.300000190734863,0.1613476574420929,7.7679314613342285
4469,1,10.300000190734863,0.8506346940994263,9.134174346923828
4470,1,10.300000190734863,0.8498579859733582,9.079327583312988
4471,0,-10.300000190734863,0.8693484663963318,9.191228866577148
4472,0,-10.300000190734863,0.8538379669189453,9.017983436584473
4473,1,4.760000228881836,0.7282752394676208,4.881735801696777
4474,0,-4.760000228881836,0.5374758243560791,3.645994186401367
4475,0,-4.760000228881836,0.5055958032608032,3.5049517154693604
4476,0,-4.760000228881836,0.5042546391487122,3.510221004486084
4477,0,-4.760000228881836,0.4377153813838959,3.6954345703125
4478,0,-4.760000228881836,0.47535187005996704,3.3217642307281494
4479,0,-4.760000228881836,0.48102760314941406,3.6639699935913086
4480,1,4.760000228881836,0.7218232154846191,4.448688507080078
4481,0,-4.760000228881836,0.5399924516677856,3.3916778564453125
4482,0,-4.760000228881836,0.4814143180847168,3.987572431564331
4483,0,-4.760000228881836,0.3238176107406616,3.738550901412964
4484,0,-4.760000228881836,0.2795790135860443,3.7862794399261475
4485,0,-4.760000228881836,0.3785426914691925,2.886759042739868
4486,0,-4.760000228881836,0.32977554202079773,3.23925518989563
4487,0,-4.760000228881836,0.4642811119556427,3.8336257934570312
4488,0,-4.760000228881836,0.41329193115234375,2.9741358757019043
4489,0,-4.760000228881836,0.36928629875183105,2.5975780487060547
4490,0,-4.760000228881836,0.5342063307762146,3.515815258026123
4491,0,-4.760000228881836,0.4118732511997223,2.6476237773895264
4492,0,-4.760000228881836,0.500159740447998,2.6095352172851562
4493,1,5.960000038146973,0.7640650868415833,6.379851341247559
4494,1,5.960000038146973,0.7624948620796204,6.357429027557373
4495,0,-5.960000038146973,0.665844202041626,5.788127422332764
4496,0,-5.960000038146973,0.8128447532653809,6.945535659790039
4497,0,-5.960000038146973,0.48957037925720215,5.247387886047363
4498,0,-5.960000038146973,0.5429604649543762,5.492621421813965
4499,0,-5.960000038146973,0.5620701313018799,5.018497467041016
4500,0,-5.960000038146973,0.632327139377594,5.982629776000977
4501,0,-5.960000038146973,0.5487565398216248,4.9484944343566895
4502,0,-5.960000038146973,0.2872951030731201,5.666138648986816
4503,0,-5.960000038146973,0.1981610357761383,5.453507900238037
4504,0,-5.960000038146973,0.2942926585674286,5.412219047546387
4505,0,-5.960000038146973,0.7022315263748169,6.362778663635254
4506,0,-5.960000038146973,0.3411465883255005,5.18845272064209
4507,0,-5.960000038146973,0.6081357002258301,5.882257461547852
4508,0,-5.960000038146973,0.36178508400917053,5.441805362701416
4509,0,-5.960000038146973,0.34603020548820496,5.408671855926514
4510,0,-5.960000038146973,0.23682443797588348,5.454781532287598
4511,0,-5.960000038146973,0.6764747500419617,6.19341516494751
4512,0,-5.960000038146973,0.7673829197883606,6.379203796386719
4513,0,-5.960000038146973,0.2770324945449829,4.390122890472412
4514,0,-7.320000171661377,0.39760008454322815,7.241326332092285
4515,1,7.320000171661377,0.4461524486541748,7.389422416687012
4516,0,-7.320000171661377,0.4003830850124359,6.70081901550293
4517,0,-7.320000171661377,0.47375771403312683,7.162386417388916
4518,0,-7.320000171661377,0.3375939428806305,6.575874328613281
4519,0,-7.320000171661377,0.4853641986846924,6.783384323120117
4520,0,-7.320000171661377,0.4420442581176758,6.4437055587768555
4521,0,-7.320000171661377,0.3952217996120453,7.432175636291504
4522,0,-7.320000171661377,0.5533148646354675,7.469484806060791
4523,0,-7.320000171661377,0.3922920227050781,8.432250022888184
4524,0,-7.320000171661377,0.5145717263221741,7.2336201667785645
4525,0,-7.320000171661377,0.3546869456768036,7.228720188140869
4526,0,-7.320000171661377,0.4441949725151062,6.251412391662598
4527,0,-7.320000171661377,0.42426541447639465,8.963072776794434
4528,0,-7.320000171661377,0.44596296548843384,6.671138763427734
4529,0,-7.320000171661377,0.3601280450820923,8.117268562316895
4530,0,-7.320000171661377,0.33503249287605286,8.332023620605469
4531,0,-7.320000171661377,0.40011343359947205,6.946673393249512
4532,0,-7.320000171661377,0.4152926504611969,7.604763984680176
4533,0,-7.320000171661377,0.41728726029396057,7.089177131652832
4534,1,6.300000190734863,0.6978154182434082,6.381052494049072
4535,0,-6.300000190734863,0.6963679790496826,6.396529674530029
4536,0,-6.300000190734863,0.7054578065872192,5.967109680175781
4537,0,-6.300000190734863,0.7318766117095947,5.893836975097656
4538,0,-6.300000190734863,0.6274182200431824,5.769632816314697
4539,0,-6.300000190734863,0.652204692363739,5.850200653076172
4540,1,6.300000190734863,0.6404210329055786,6.138278007507324
4541,0,-6.300000190734863,0.5727606415748596,5.947938919067383
4542,0,-6.300000190734863,0.5413850545883179,5.550936222076416
4543,1,6.300000190734863,0.6687829494476318,6.535763263702393
4544,0,-6.300000190734863,0.6450895667076111,6.455972671508789
4545,0,-6.300000190734863,0.5098556280136108,5.970475673675537
4546,0,-6.300000190734863,0.5675228834152222,6.841052532196045
4547,0,-6.300000190734863,0.4455428421497345,5.4936203956604
4548,0,-6.300000190734863,0.5630338191986084,6.140157222747803
4549,0,-6.300000190734863,0.718614399433136,7.319072246551514
4550,0,-6.300000190734863,0.6610649824142456,7.315666198730469
4551,0,-6.300000190734863,0.5228263139724731,5.76686954498291
4552,0,-6.300000190734863,0.5560094714164734,6.061338424682617
4553,0,-6.300000190734863,0.41211381554603577,6.16901159286499
4554,0,-6.300000190734863,0.3476005792617798,5.701359748840332
4555,0,-4.690000057220459,0.46246176958084106,6.032756328582764
4556,0,-4.690000057220459,0.4507378935813904,6.064457416534424
4557,0,-4.690000057220459,0.44736620783805847,6.085615634918213
4558,0,-4.690000057220459,0.44417691230773926,5.934238910675049
4559,0,-4.690000057220459,0.41543325781822205,6.205185890197754
4560,0,-4.690000057220459,0.2774510085582733,6.212921619415283
4561,0,-4.690000057220459,0.4171454608440399,6.02070426940918
4562,0,-4.690000057220459,0.2553075850009918,6.361247539520264
4563,0,-4.690000057220459,0.4277699291706085,5.985109806060791
4564,0,-4.690000057220459,0.29492589831352234,5.909546375274658
4565,0,-4.690000057220459,0.23539479076862335,6.193885326385498
4566,0,-4.690000057220459,0.24127118289470673,6.637640953063965
4567,0,-4.690000057220459,0.3239057660102844,5.705589771270752
4568,0,-4.690000057220459,0.28296512365341187,5.337411880493164
4569,0,-4.690000057220459,0.28851476311683655,6.373838424682617
4570,0,-4.690000057220459,0.21968373656272888,6.304892539978027
4571,0,-4.690000057220459,0.23542673885822296,6.076384544372559
4572,0,-4.690000057220459,0.2315603643655777,6.073610782623291
4573,0,-4.690000057220459,0.3067640960216522,5.182755470275879
4574,0,-4.690000057220459,0.4159389138221741,5.991005897521973
4575,0,-4.690000057220459,0.22534207999706268,6.3001227378845215
4576,0,-5.010000228881836,0.4473271667957306,6.358975887298584
4577,0,-5.010000228881836,0.4386172592639923,6.277926445007324
4578,0,-5.010000228881836,0.4020831882953644,6.1759114265441895
4579,0,-5.010000228881836,0.2887701690196991,6.320013046264648
4580,0,-5.010000228881836,0.3971852660179138,6.122218132019043
4581,0,-5.010000228881836,0.4300214648246765,6.18963623046875
4582,0,-5.010000228881836,0.3227476179599762,5.203347206115723
4583,0,-5.010000228881836,0.37892982363700867,6.158275604248047
4584,0,-5.010000228881836,0.3891358971595764,6.133294582366943
4585,0,-5.010000228881836,0.376344233751297,6.015295028686523
4586,0,-5.010000228881836,0.24763500690460205,6.347469806671143
4587,0,-5.010000228881836,0.23154225945472717,6.787472248077393
4588,0,-5.010000228881836,0.2249576896429062,6.29309606552124
4589,0,-5.010000228881836,0.25806403160095215,6.653541088104248
4590,0,-5.010000228881836,0.30328989028930664,5.866827487945557
4591,0,-5.010000228881836,0.31108877062797546,5.343438148498535
4592,0,-5.010000228881836,0.24751166999340057,6.180879592895508
4593,0,-5.010000228881836,0.1639891117811203,5.733658313751221
4594,0,-5.010000228881836,0.15594123303890228,6.615262031555176
4595,0,-5.010000228881836,0.2229437381029129,5.219089508056641
4596,0,-5.010000228881836,0.31960824131965637,5.89233922958374
4597,1,3.9700000286102295,0.5261011719703674,5.3194780349731445
4598,1,3.9700000286102295,0.5206253528594971,5.409080505371094
4599,0,-3.9700000286102295,0.4357689321041107,5.495712757110596
4600,0,-3.9700000286102295,0.3654952645301819,5.664275646209717
4601,0,-3.9700000286102295,0.339483380317688,5.43977689743042
4602,0,-3.9700000286102295,0.33885735273361206,4.995853900909424
4603,0,-3.9700000286102295,0.3743189573287964,5.719907760620117
4604,0,-3.9700000286102295,0.4048958718776703,5.065132141113281
4605,0,-3.9700000286102295,0.32628917694091797,5.49224328994751
4606,0,-3.9700000286102295,0.37993118166923523,5.920525074005127
4607,0,-3.9700000286102295,0.32153093814849854,5.534840106964111
4608,0,-3.9700000286102295,0.5261269211769104,5.039646625518799
4609,0,-3.9700000286102295,0.26479068398475647,5.647702217102051
4610,0,-3.9700000286102295,0.32584261894226074,5.292439937591553
4611,0,-3.9700000286102295,0.41437000036239624,5.655439376831055
4612,0,-3.9700000286102295,0.36675897240638733,6.112851142883301
4613,0,-3.9700000286102295,0.31121814250946045,4.812108039855957
4614,0,-3.9700000286102295,0.3176981508731842,5.717703342437744
4615,0,-3.9700000286102295,0.31438902020454407,5.870083808898926
4616,0,-3.9700000286102295,0.29335132241249084,5.570302963256836
4617,0,-3.9700000286102295,0.24832779169082642,5.487964153289795
