index,label,affinity_true,p_good,affinity_pred
0,1,3.2799999713897705,0.46714726090431213,4.354336261749268
1,0,-3.2799999713897705,0.5403745770454407,4.921747207641602
2,0,-3.2799999713897705,0.48068103194236755,3.819993257522583
3,0,-3.2799999713897705,0.450059175491333,4.269262313842773
4,0,-3.2799999713897705,0.3033559322357178,4.314434051513672
5,0,-3.2799999713897705,0.3404124677181244,4.5849714279174805
6,0,-3.2799999713897705,0.31738463044166565,4.429369926452637
7,0,-3.2799999713897705,0.36847928166389465,4.542699813842773
8,0,-3.2799999713897705,0.5145448446273804,4.025073051452637
9,0,-3.2799999713897705,0.35537469387054443,4.981215000152588
10,0,-3.2799999713897705,0.47327980399131775,3.773059844970703
11,0,-3.2799999713897705,0.2808082103729248,4.142219543457031
12,0,-3.2799999713897705,0.3504737317562103,4.282632827758789
13,0,-3.2799999713897705,0.2810431718826294,4.189168453216553
14,0,-3.2799999713897705,0.3257595896720886,4.321286201477051
15,1,3.2799999713897705,0.37481963634490967,3.6186721324920654
16,0,-3.2799999713897705,0.257568359375,4.399551868438721
17,0,-3.2799999713897705,0.3837718963623047,3.893026828765869
18,0,-3.2799999713897705,0.3652721047401428,4.833045959472656
19,0,-3.2799999713897705,0.5524125099182129,4.789394378662109
20,0,-3.2799999713897705,0.377867192029953,4.486498832702637
21,1,3.5199999809265137,0.6631524562835693,4.776454448699951
22,1,3.5199999809265137,0.6735783219337463,4.820184707641602
23,1,3.5199999809265137,0.5881576538085938,5.015640735626221
24,0,-3.5199999809265137,0.6127033829689026,4.894935607910156
25,0,-3.5199999809265137,0.467093288898468,4.7894062995910645
26,0,-3.5199999809265137,0.3577020764350891,4.006464004516602
27,1,7.050000190734863,0.5777676105499268,6.115453720092773
28,1,7.050000190734863,0.560505211353302,6.093804359436035
29,0,-7.050000190734863,0.6785947680473328,6.536866188049316
30,0,-7.050000190734863,0.45887041091918945,5.829926490783691
31,0,-7.050000190734863,0.273958295583725,5.841303825378418
32,0,-7.050000190734863,0.22889089584350586,5.1284942626953125
33,0,-7.050000190734863,0.5270706415176392,5.692419052124023
34,0,-7.050000190734863,0.387024462223053,5.584206581115723
35,0,-7.050000190734863,0.2913510799407959,5.431772708892822
36,0,-7.050000190734863,0.5407693982124329,6.797173500061035
37,0,-7.050000190734863,0.32322123646736145,5.390882968902588
38,0,-7.050000190734863,0.31364956498146057,5.487916946411133
39,0,-7.050000190734863,0.1968458592891693,5.489776611328125
40,0,-7.050000190734863,0.302551805973053,5.681077480316162
41,0,-7.050000190734863,0.25599682331085205,5.453922748565674
42,0,-7.050000190734863,0.22937603294849396,5.605623722076416
43,0,-7.050000190734863,0.23168478906154633,5.586456298828125
44,0,-7.050000190734863,0.19519256055355072,5.681946277618408
45,0,-7.050000190734863,0.29982322454452515,5.632030010223389
46,0,-7.050000190734863,0.24010060727596283,5.405854225158691
47,0,-7.050000190734863,0.3031342029571533,5.500462055206299
48,1,6.5,0.7490601539611816,7.447046756744385
49,1,6.5,0.7488210201263428,7.453532695770264
50,0,-6.5,0.700951337814331,7.583656311035156
51,0,-6.5,0.7535247206687927,7.377808094024658
52,0,-6.5,0.5958161354064941,7.335609436035156
53,0,-6.5,0.46685078740119934,6.792667388916016
54,0,-6.5,0.4807707965373993,7.256803512573242
55,0,-6.5,0.4124215543270111,6.943305969238281
56,0,-6.5,0.40678131580352783,6.7682061195373535
57,0,-6.5,0.23298515379428864,6.844095230102539
58,0,-6.5,0.4511193335056305,6.55889892578125
59,0,-6.5,0.2099820375442505,6.764209270477295
60,0,-6.5,0.2030218094587326,6.34026575088501
61,0,-6.5,0.19846606254577637,6.653813362121582
62,0,-6.5,0.25606730580329895,6.581412315368652
63,0,-6.5,0.219346821308136,6.3548994064331055
64,0,-6.5,0.22638985514640808,6.651041030883789
65,0,-6.5,0.30645620822906494,6.697396755218506
66,0,-6.5,0.1967911720275879,6.627717971801758
67,0,-6.5,0.16834478080272675,6.480010032653809
68,0,-6.5,0.17848779261112213,6.198031902313232
69,1,8.020000457763672,0.7013697028160095,7.234702110290527
70,0,-8.020000457763672,0.34843188524246216,6.161392688751221
71,0,-8.020000457763672,0.3865397274494171,5.467525959014893
72,0,-8.020000457763672,0.27565398812294006,5.813197135925293
73,0,-8.020000457763672,0.21446937322616577,5.753015041351318
74,0,-8.020000457763672,0.23161554336547852,5.864935874938965
75,0,-8.020000457763672,0.28295066952705383,5.516936302185059
76,0,-8.020000457763672,0.2645512521266937,5.6803388595581055
77,0,-8.020000457763672,0.406412810087204,4.06788444519043
78,0,-8.020000457763672,0.21731975674629211,5.625577449798584
79,0,-8.020000457763672,0.22872193157672882,4.88637113571167
80,0,-8.020000457763672,0.295561820268631,4.880035877227783
81,0,-8.020000457763672,0.36244189739227295,4.780464172363281
82,0,-8.020000457763672,0.3643535077571869,5.87762975692749
83,0,-8.020000457763672,0.3418933153152466,4.896986484527588
84,0,-8.020000457763672,0.23679611086845398,5.5832977294921875
85,0,-8.020000457763672,0.42339545488357544,3.96235728263855
86,0,-8.020000457763672,0.3172835409641266,4.303810119628906
87,0,-8.020000457763672,0.1830865740776062,4.980540752410889
88,0,-8.020000457763672,0.19134211540222168,5.676783084869385
89,0,-8.020000457763672,0.20229960978031158,5.245355606079102
90,1,2.9800000190734863,0.5631061792373657,3.794797897338867
91,0,-2.9800000190734863,0.496047705411911,3.8595283031463623
92,1,2.9800000190734863,0.5520067811012268,3.8254337310791016
93,0,-2.9800000190734863,0.28691187500953674,4.110849380493164
94,0,-2.9800000190734863,0.2686513066291809,4.09615421295166
95,0,-2.9800000190734863,0.2761000096797943,3.854170799255371
96,0,-2.9800000190734863,0.29798221588134766,4.3480916023254395
97,0,-2.9800000190734863,0.45863306522369385,4.272722244262695
98,0,-2.9800000190734863,0.47481682896614075,3.4180116653442383
99,0,-2.9800000190734863,0.25030457973480225,4.51975154876709
100,0,-2.9800000190734863,0.31792914867401123,3.6244969367980957
101,0,-2.9800000190734863,0.4677920937538147,3.4302315711975098
102,0,-2.9800000190734863,0.24697637557983398,4.097413539886475
103,0,-2.9800000190734863,0.28364455699920654,4.230220317840576
104,0,-2.9800000190734863,0.3393297493457794,3.8915059566497803
105,0,-2.9800000190734863,0.28086936473846436,5.040375232696533
106,0,-2.9800000190734863,0.2534131109714508,5.171741485595703
107,0,-2.9800000190734863,0.31236955523490906,3.7442307472229004
108,0,-2.9800000190734863,0.2740045189857483,4.412014961242676
109,0,-2.9800000190734863,0.2567569315433502,4.466224670410156
110,0,-2.9800000190734863,0.24224725365638733,4.520255088806152
111,1,8.640000343322754,0.22818922996520996,6.861772537231445
112,0,-8.640000343322754,0.22959163784980774,7.117101192474365
113,1,8.640000343322754,0.2218616008758545,6.849322319030762
114,0,-8.640000343322754,0.25469014048576355,7.674020767211914
115,0,-8.640000343322754,0.1885782778263092,6.971431732177734
116,0,-8.640000343322754,0.26068413257598877,7.4963531494140625
117,0,-8.640000343322754,0.17534130811691284,7.0095367431640625
118,0,-8.640000343322754,0.21337388455867767,6.877543926239014
119,0,-8.640000343322754,0.33721938729286194,6.9099578857421875
120,0,-8.640000343322754,0.20683591067790985,6.607138633728027
121,0,-8.640000343322754,0.17569388449192047,6.883777141571045
122,0,-8.640000343322754,0.14933471381664276,6.783195972442627
123,0,-8.640000343322754,0.17486588656902313,6.898168563842773
124,0,-8.640000343322754,0.24928583204746246,6.508434295654297
125,0,-8.640000343322754,0.1721172332763672,6.39301061630249
126,0,-8.640000343322754,0.14188945293426514,6.80252742767334
127,0,-8.640000343322754,0.144480898976326,6.686493873596191
128,0,-8.640000343322754,0.20134671032428741,6.631545066833496
129,0,-8.640000343322754,0.16150592267513275,7.228033065795898
130,0,-8.640000343322754,0.14387249946594238,6.3983659744262695
131,0,-8.640000343322754,0.12181412428617477,7.218312740325928
132,1,6.420000076293945,0.7717418074607849,5.680037975311279
133,1,6.420000076293945,0.771197497844696,5.6725754737854
134,0,-6.420000076293945,0.5312476754188538,4.890807151794434
135,0,-6.420000076293945,0.48466286063194275,4.859460830688477
136,0,-6.420000076293945,0.6262398362159729,5.367947101593018
137,0,-6.420000076293945,0.4644549787044525,4.253475189208984
138,0,-6.420000076293945,0.4286644160747528,4.2725419998168945
139,0,-6.420000076293945,0.39974576234817505,4.206266403198242
140,0,-6.420000076293945,0.46980148553848267,4.8357954025268555
141,0,-6.420000076293945,0.3531986474990845,4.216458320617676
142,0,-6.420000076293945,0.36511629819869995,4.233085632324219
143,0,-6.420000076293945,0.6131092309951782,4.908361434936523
144,0,-6.420000076293945,0.37619549036026,4.193977355957031
145,0,-6.420000076293945,0.40595999360084534,4.648442268371582
146,0,-6.420000076293945,0.3427991569042206,5.0015974044799805
147,0,-6.420000076293945,0.3970404267311096,4.316112041473389
148,0,-6.420000076293945,0.37351107597351074,4.261321544647217
149,0,-6.420000076293945,0.42686769366264343,4.308242321014404
150,0,-6.420000076293945,0.3075495660305023,4.450495719909668
151,0,-6.420000076293945,0.29460784792900085,4.734623908996582
152,0,-6.420000076293945,0.2741708755493164,4.699273586273193
153,1,7.190000057220459,0.7137714624404907,5.42097282409668
154,0,-7.190000057220459,0.638282835483551,5.254718780517578
155,0,-7.190000057220459,0.7053887248039246,5.282042503356934
156,0,-7.190000057220459,0.6893675923347473,5.343626499176025
157,0,-7.190000057220459,0.5418834090232849,4.581758499145508
158,0,-7.190000057220459,0.6066817045211792,5.016717433929443
159,0,-7.190000057220459,0.40070557594299316,4.200954914093018
160,0,-7.190000057220459,0.6004066467285156,4.803951263427734
161,0,-7.190000057220459,0.5054856538772583,4.484570503234863
162,0,-7.190000057220459,0.45517784357070923,4.329754829406738
163,0,-7.190000057220459,0.3754284679889679,4.802968502044678
164,0,-7.190000057220459,0.37343671917915344,4.660819053649902
165,0,-7.190000057220459,0.38437870144844055,3.9374780654907227
166,0,-7.190000057220459,0.2871469259262085,4.607584476470947
167,0,-7.190000057220459,0.4072669446468353,4.469200611114502
168,0,-7.190000057220459,0.303680419921875,5.016325950622559
169,0,-7.190000057220459,0.2760622501373291,4.720094680786133
170,0,-7.190000057220459,0.3191526532173157,4.729556083679199
171,0,-7.190000057220459,0.3452681005001068,4.577014923095703
172,0,-7.190000057220459,0.267002671957016,4.825619220733643
173,0,-7.190000057220459,0.3274809718132019,4.894402980804443
174,1,5.889999866485596,0.49705782532691956,5.934228897094727
175,0,-5.889999866485596,0.512431263923645,5.9492316246032715
176,0,-5.889999866485596,0.5303975939750671,6.2850117683410645
177,0,-5.889999866485596,0.499757319688797,6.04217529296875
178,0,-5.889999866485596,0.5105754137039185,5.755785942077637
179,1,5.889999866485596,0.5241647362709045,5.600400924682617
180,0,-5.889999866485596,0.4918489456176758,5.760590076446533
181,0,-5.889999866485596,0.47249555587768555,6.148639678955078
182,0,-5.889999866485596,0.4805241525173187,6.369507789611816
183,0,-5.889999866485596,0.4766444265842438,5.506350517272949
184,0,-5.889999866485596,0.45686960220336914,5.736770153045654
185,0,-5.889999866485596,0.46335989236831665,5.734858989715576
186,0,-5.889999866485596,0.4234514534473419,6.12545919418335
187,0,-5.889999866485596,0.43721768260002136,5.6152825355529785
188,0,-5.889999866485596,0.4514501392841339,5.637005805969238
189,0,-5.889999866485596,0.46619361639022827,5.848794937133789
190,0,-5.889999866485596,0.44860902428627014,5.791546821594238
191,0,-5.889999866485596,0.2986123263835907,6.021433353424072
192,0,-5.889999866485596,0.38364943861961365,5.315851211547852
193,1,5.239999771118164,0.45935556292533875,6.045433044433594
194,0,-5.239999771118164,0.5201260447502136,5.743782043457031
195,0,-5.239999771118164,0.49947911500930786,5.620180130004883
196,0,-5.239999771118164,0.5466266870498657,5.898760795593262
197,0,-5.239999771118164,0.535709798336029,5.799090385437012
198,0,-5.239999771118164,0.5229285955429077,5.980025291442871
199,1,5.239999771118164,0.4760133922100067,5.790025234222412
200,0,-5.239999771118164,0.4918089807033539,5.9008283615112305
201,1,5.239999771118164,0.47983449697494507,5.9280548095703125
202,0,-5.239999771118164,0.4528917372226715,5.949413299560547
203,0,-5.239999771118164,0.5724489092826843,5.511941909790039
204,1,5.239999771118164,0.459827184677124,5.936497211456299
205,0,-5.239999771118164,0.4671995937824249,5.58946418762207
206,0,-5.239999771118164,0.4651239812374115,6.168641567230225
207,0,-5.239999771118164,0.44671693444252014,6.013031959533691
208,0,-5.239999771118164,0.450316458940506,6.51893424987793
209,0,-5.239999771118164,0.4257771968841553,5.922616004943848
210,0,-5.239999771118164,0.45535483956336975,6.180134296417236
211,0,-5.239999771118164,0.42224064469337463,6.109453201293945
212,0,-5.239999771118164,0.39989060163497925,6.434380054473877
213,0,-5.239999771118164,0.3763827383518219,5.672467231750488
214,0,-6.920000076293945,0.5486459732055664,6.894954681396484
215,0,-6.920000076293945,0.5691776275634766,6.771618366241455
216,0,-6.920000076293945,0.587295651435852,6.726668357849121
217,0,-6.920000076293945,0.5555329322814941,6.494875431060791
218,0,-6.920000076293945,0.5951732397079468,7.2225799560546875
219,0,-6.920000076293945,0.5659978985786438,7.245617389678955
220,0,-6.920000076293945,0.5418558120727539,6.62927770614624
221,0,-6.920000076293945,0.5508979558944702,6.313190937042236
222,0,-6.920000076293945,0.6256046295166016,7.380675792694092
223,0,-6.920000076293945,0.48776543140411377,6.542001724243164
224,0,-6.920000076293945,0.5649304986000061,6.650475978851318
225,0,-6.920000076293945,0.6113224029541016,7.3850884437561035
226,1,6.920000076293945,0.5592311024665833,6.5709333419799805
227,0,-6.920000076293945,0.5531760454177856,6.8674516677856445
228,0,-6.920000076293945,0.6045382022857666,7.086939811706543
229,0,-6.920000076293945,0.5006072521209717,7.076285362243652
230,0,-6.920000076293945,0.5194185376167297,6.444969654083252
231,0,-6.920000076293945,0.5224029421806335,6.723796844482422
232,0,-6.920000076293945,0.4649431109428406,6.0381646156311035
233,0,-6.920000076293945,0.43710994720458984,6.103407382965088
234,0,-6.920000076293945,0.4256695508956909,6.172698020935059
235,1,6.880000114440918,0.6694182753562927,6.290919780731201
236,1,6.880000114440918,0.6321089863777161,6.677133560180664
237,0,-6.880000114440918,0.5402998924255371,6.808468341827393
238,0,-6.880000114440918,0.5027302503585815,6.643787384033203
239,0,-6.880000114440918,0.5089830756187439,6.592799663543701
240,0,-6.880000114440918,0.4675265848636627,5.521587371826172
241,0,-6.880000114440918,0.3812316060066223,6.013160705566406
242,0,-6.880000114440918,0.4638916254043579,5.615309715270996
243,0,-6.880000114440918,0.24604187905788422,6.3818135261535645
244,0,-6.880000114440918,0.4967719614505768,5.179739952087402
245,0,-6.880000114440918,0.4481614828109741,5.646625518798828
246,0,-6.880000114440918,0.44554421305656433,5.714414119720459
247,0,-6.880000114440918,0.22412152588367462,6.208312511444092
248,0,-6.880000114440918,0.2902257442474365,6.509158611297607
249,0,-6.880000114440918,0.19280707836151123,6.480020046234131
250,1,6.789999961853027,0.4743123948574066,6.537095546722412
251,0,-6.789999961853027,0.6101683974266052,7.04162073135376
252,0,-6.789999961853027,0.5800299048423767,6.850005149841309
253,0,-6.789999961853027,0.525262713432312,7.0894951820373535
254,0,-6.789999961853027,0.4936041235923767,6.676149845123291
255,0,-6.789999961853027,0.6617063283920288,7.228574752807617
256,0,-6.789999961853027,0.44987034797668457,7.070945739746094
257,0,-6.789999961853027,0.5757243037223816,6.694073677062988
258,0,-6.789999961853027,0.4989161789417267,7.191932678222656
259,0,-6.789999961853027,0.4773107171058655,7.067806720733643
260,0,-6.789999961853027,0.5584211349487305,6.915834903717041
261,0,-6.789999961853027,0.6459406018257141,6.973184585571289
262,0,-6.789999961853027,0.5588887333869934,6.866001605987549
263,0,-6.789999961853027,0.4340941309928894,6.603582859039307
264,0,-6.789999961853027,0.34066689014434814,6.988839149475098
265,0,-6.789999961853027,0.21929305791854858,6.776851654052734
266,0,-6.789999961853027,0.3389069139957428,6.51234245300293
267,0,-6.789999961853027,0.27406245470046997,6.489778518676758
268,0,-6.789999961853027,0.3718094527721405,7.097476959228516
269,0,-6.789999961853027,0.2252100110054016,6.36769437789917
270,0,-6.789999961853027,0.21482130885124207,6.613553047180176
271,1,4.920000076293945,0.6094330549240112,5.178623199462891
272,0,-4.920000076293945,0.5763209462165833,5.18007755279541
273,0,-4.920000076293945,0.6587879657745361,5.2692790031433105
274,0,-4.920000076293945,0.48602136969566345,5.178908348083496
275,1,4.920000076293945,0.5984309911727905,5.116397380828857
276,0,-4.920000076293945,0.5313656330108643,5.163896083831787
277,0,-4.920000076293945,0.5101723074913025,5.099218368530273
278,0,-4.920000076293945,0.5504392981529236,4.917037010192871
279,0,-4.920000076293945,0.3921501338481903,5.084077835083008
280,0,-4.920000076293945,0.5366449356079102,4.879520416259766
281,0,-4.920000076293945,0.550788164138794,4.760476112365723
282,0,-4.920000076293945,0.42488133907318115,5.082766532897949
283,0,-4.920000076293945,0.39274367690086365,4.7680206298828125
284,0,-4.920000076293945,0.4008159339427948,5.47318172454834
285,0,-4.920000076293945,0.4226207435131073,4.937264442443848
286,0,-4.920000076293945,0.37032508850097656,4.884459972381592
287,0,-4.920000076293945,0.525071918964386,4.659814834594727
288,0,-4.920000076293945,0.30436089634895325,4.739278316497803
289,0,-4.920000076293945,0.39456042647361755,4.986152648925781
290,0,-4.920000076293945,0.15652573108673096,5.572454929351807
291,0,-4.920000076293945,0.28989362716674805,5.178501129150391
292,1,6.630000114440918,0.5837875604629517,6.289942741394043
293,1,6.630000114440918,0.5917053818702698,6.378020763397217
294,0,-6.630000114440918,0.5221607685089111,5.945824146270752
295,0,-6.630000114440918,0.4996025562286377,5.201764106750488
296,0,-6.630000114440918,0.4860348403453827,5.62214469909668
297,0,-6.630000114440918,0.5816113948822021,6.754420757293701
298,0,-6.630000114440918,0.37520354986190796,5.761773109436035
299,0,-6.630000114440918,0.4948131740093231,5.760962009429932
300,0,-6.630000114440918,0.4255489408969879,5.981967926025391
301,0,-6.630000114440918,0.5596688985824585,6.910917282104492
302,0,-6.630000114440918,0.5080593228340149,5.809867858886719
303,0,-6.630000114440918,0.4003196060657501,6.5684895515441895
304,0,-6.630000114440918,0.3817439079284668,5.830737590789795
305,0,-6.630000114440918,0.5864341855049133,5.555728912353516
306,0,-6.630000114440918,0.2747490108013153,5.935207843780518
307,0,-6.630000114440918,0.318986177444458,5.9510087966918945
308,0,-6.630000114440918,0.46827518939971924,6.425516605377197
309,0,-6.630000114440918,0.4079674482345581,6.276001930236816
310,0,-6.630000114440918,0.3777264654636383,5.55419921875
311,0,-6.630000114440918,0.3313002586364746,5.7583394050598145
312,0,-6.630000114440918,0.3891660273075104,6.216541290283203
313,1,8.399999618530273,0.7576584815979004,6.350172519683838
314,1,8.399999618530273,0.7631810307502747,6.319564342498779
315,1,8.399999618530273,0.7207084894180298,5.975649833679199
316,0,-8.399999618530273,0.7535111904144287,7.342257022857666
317,0,-8.399999618530273,0.4864213168621063,5.866857528686523
318,0,-8.399999618530273,0.490660697221756,6.07172966003418
319,0,-8.399999618530273,0.29185646772384644,6.072320938110352
320,0,-8.399999618530273,0.2939264178276062,5.823603630065918
321,0,-8.399999618530273,0.5529961585998535,6.7026801109313965
322,0,-8.399999618530273,0.5907339453697205,5.743934154510498
323,0,-8.399999618530273,0.3353131413459778,6.548961162567139
324,0,-8.399999618530273,0.3665756285190582,6.153992176055908
325,0,-8.399999618530273,0.25400424003601074,5.746381759643555
326,1,10.699999809265137,0.697370707988739,6.505016326904297
327,0,-10.699999809265137,0.5634067058563232,5.9294514656066895
328,0,-10.699999809265137,0.6569921970367432,6.698416709899902
329,0,-10.699999809265137,0.5768747925758362,6.036227226257324
330,1,10.699999809265137,0.7141129970550537,6.676947116851807
331,0,-10.699999809265137,0.5873324275016785,5.486307621002197
332,0,-10.699999809265137,0.3582882583141327,5.757656097412109
333,1,10.699999809265137,0.6924164295196533,6.51427698135376
334,0,-10.699999809265137,0.40317049622535706,5.375903606414795
335,0,-10.699999809265137,0.4141300916671753,5.912506580352783
336,0,-10.699999809265137,0.3666488826274872,5.926142692565918
337,0,-10.699999809265137,0.585687518119812,5.588960647583008
338,0,-10.699999809265137,0.2476467490196228,5.2341461181640625
339,0,-10.699999809265137,0.48975566029548645,5.368508338928223
340,0,-10.699999809265137,0.5253651142120361,5.550833225250244
341,0,-10.699999809265137,0.5677196979522705,5.820253849029541
342,0,-10.699999809265137,0.5566294193267822,5.936437606811523
343,0,-10.699999809265137,0.4778229296207428,5.252573490142822
344,0,-10.699999809265137,0.530620276927948,5.599329948425293
345,0,-10.699999809265137,0.2882266640663147,5.5595784187316895
346,0,-10.699999809265137,0.39442819356918335,5.705572128295898
347,1,11.300000190734863,0.7902355790138245,10.305663108825684
348,1,11.300000190734863,0.7916608452796936,10.359363555908203
349,0,-11.300000190734863,0.7729135751724243,10.16041374206543
350,0,-11.300000190734863,0.6672700047492981,7.243963718414307
351,0,-11.300000190734863,0.6433373689651489,7.348233222961426
352,0,-11.300000190734863,0.7088921666145325,7.302687644958496
353,0,-11.300000190734863,0.7519740462303162,8.724023818969727
354,0,-11.300000190734863,0.6924744844436646,8.765854835510254
355,1,10.109999656677246,0.750160276889801,9.647395133972168
356,1,10.109999656677246,0.7633889317512512,9.963111877441406
357,0,-10.109999656677246,0.7708895206451416,10.177637100219727
358,1,7.150000095367432,0.6116148829460144,7.562433242797852
359,1,7.150000095367432,0.6442140936851501,7.187173366546631
360,0,-7.150000095367432,0.6158463954925537,6.852873802185059
361,0,-7.150000095367432,0.6024096608161926,6.28843879699707
362,0,-7.150000095367432,0.4324091672897339,6.566514015197754
363,0,-7.150000095367432,0.2708333730697632,6.537082672119141
364,0,-7.150000095367432,0.4652744233608246,6.70207405090332
365,0,-7.150000095367432,0.5666269063949585,7.138217926025391
366,0,-7.150000095367432,0.4386707842350006,6.986830234527588
367,0,-7.150000095367432,0.39820998907089233,6.456796169281006
368,0,-7.150000095367432,0.3841482400894165,6.245972633361816
369,0,-7.150000095367432,0.4841676950454712,6.889160633087158
370,0,-7.150000095367432,0.46576398611068726,7.319626808166504
371,0,-7.150000095367432,0.26748141646385193,6.999306678771973
372,0,-7.150000095367432,0.3149312436580658,5.985842704772949
373,0,-7.150000095367432,0.40106910467147827,6.5629563331604
374,0,-7.150000095367432,0.31801384687423706,6.249208927154541
375,0,-7.150000095367432,0.34262707829475403,6.65796422958374
376,0,-7.150000095367432,0.4160589575767517,7.253792762756348
377,0,-7.150000095367432,0.29729288816452026,6.207779407501221
378,0,-7.150000095367432,0.3210749924182892,6.167631149291992
379,1,7.239999771118164,0.7667547464370728,7.007962226867676
380,0,-7.239999771118164,0.624179482460022,6.533740997314453
381,0,-7.239999771118164,0.4051809310913086,6.851573944091797
382,0,-7.239999771118164,0.6189829111099243,6.655394554138184
383,0,-7.239999771118164,0.4593764841556549,6.353071689605713
384,0,-7.239999771118164,0.4305756688117981,6.389183521270752
385,0,-7.239999771118164,0.41419023275375366,6.2446608543396
386,0,-7.239999771118164,0.729894757270813,6.737576484680176
387,0,-7.239999771118164,0.6086463332176208,5.990814208984375
388,0,-7.239999771118164,0.3128610849380493,6.556924343109131
389,0,-7.239999771118164,0.34557273983955383,6.047994136810303
390,0,-7.239999771118164,0.31035739183425903,6.518085479736328
391,0,-7.239999771118164,0.4824817478656769,5.999671936035156
392,0,-7.239999771118164,0.6731044054031372,6.730438709259033
393,0,-7.239999771118164,0.37446796894073486,6.07673454284668
394,0,-7.239999771118164,0.5051348805427551,6.037074565887451
395,0,-7.239999771118164,0.607447624206543,6.362487316131592
396,0,-7.239999771118164,0.4331895709037781,6.012899875640869
397,0,-7.239999771118164,0.44019821286201477,6.942707061767578
398,0,-7.239999771118164,0.3059540390968323,6.071174144744873
399,0,-7.239999771118164,0.24624112248420715,6.114958763122559
400,1,10.050000190734863,0.6086021065711975,8.434030532836914
401,1,10.050000190734863,0.5951791405677795,8.360601425170898
402,0,-10.050000190734863,0.6163774132728577,8.369444847106934
403,0,-10.050000190734863,0.5044150948524475,8.067366600036621
404,0,-10.050000190734863,0.47197309136390686,7.835126876831055
405,0,-10.050000190734863,0.4723501205444336,7.986901760101318
406,0,-10.050000190734863,0.5692608952522278,8.317465782165527
407,0,-10.050000190734863,0.37490275502204895,7.858790397644043
408,0,-10.770000457763672,0.12926745414733887,8.258039474487305
409,0,-10.770000457763672,0.18396702408790588,7.861479759216309
410,0,-10.770000457763672,0.11475370824337006,7.717731475830078
411,0,-10.770000457763672,0.14702095091342926,7.654363632202148
412,0,-10.770000457763672,0.12496724724769592,7.837665557861328
413,0,-10.770000457763672,0.07884632050991058,7.461569309234619
414,0,-10.770000457763672,0.08936376869678497,7.748076438903809
415,0,-10.770000457763672,0.16533724963665009,6.55393123626709
416,0,-10.770000457763672,0.05032392218708992,6.767791271209717
417,0,-10.770000457763672,0.08232664316892624,7.4796061515808105
418,0,-10.770000457763672,0.10983008146286011,7.140464782714844
419,0,-10.770000457763672,0.17289406061172485,7.777517318725586
420,0,-10.770000457763672,0.08465106785297394,7.132094860076904
421,0,-10.770000457763672,0.07925420999526978,7.8861799240112305
422,0,-10.770000457763672,0.0834665521979332,7.331131458282471
423,0,-10.770000457763672,0.10372830182313919,7.020857810974121
424,0,-10.770000457763672,0.1371481865644455,6.814178943634033
425,0,-10.770000457763672,0.11387709528207779,6.603891372680664
426,0,-10.770000457763672,0.17274677753448486,7.523036003112793
427,0,-10.770000457763672,0.07646188139915466,7.85168981552124
428,1,7.260000228881836,0.7990869879722595,7.47061014175415
429,1,7.260000228881836,0.7987989783287048,7.482834815979004
430,0,-7.260000228881836,0.49379804730415344,6.3633294105529785
431,0,-7.260000228881836,0.735022246837616,6.872494220733643
432,0,-7.260000228881836,0.5038989782333374,6.746380805969238
433,0,-7.260000228881836,0.36790701746940613,5.737692356109619
434,0,-7.260000228881836,0.3562159240245819,5.3446149826049805
435,0,-7.260000228881836,0.47954633831977844,6.549548625946045
436,0,-7.260000228881836,0.42789512872695923,6.248343467712402
437,0,-7.260000228881836,0.3924272954463959,6.276564121246338
438,0,-7.260000228881836,0.36839279532432556,5.471456527709961
439,0,-7.260000228881836,0.29930469393730164,5.458795070648193
440,0,-7.260000228881836,0.3905409872531891,4.67836332321167
441,0,-7.260000228881836,0.21441587805747986,6.092338562011719
442,0,-7.260000228881836,0.1510303020477295,5.571169853210449
443,0,-7.260000228881836,0.20977593958377838,5.995412349700928
444,1,4.079999923706055,0.5228588581085205,7.63289213180542
445,0,-4.079999923706055,0.326546847820282,7.266589164733887
446,0,-4.079999923706055,0.5248239636421204,7.603994369506836
447,0,-4.079999923706055,0.43012726306915283,7.057898998260498
448,0,-4.079999923706055,0.43181726336479187,7.370077133178711
449,0,-4.079999923706055,0.4437084197998047,6.889528751373291
450,0,-4.079999923706055,0.3939570188522339,7.419377326965332
451,0,-4.079999923706055,0.3624613285064697,6.736534595489502
452,0,-4.079999923706055,0.45832133293151855,6.033329486846924
453,0,-4.079999923706055,0.3928810656070709,7.325920104980469
454,0,-4.079999923706055,0.35828331112861633,6.672872066497803
455,0,-4.079999923706055,0.41576871275901794,7.309234142303467
456,0,-4.079999923706055,0.40566161274909973,6.232666492462158
457,0,-4.079999923706055,0.5058240294456482,6.415485858917236
458,0,-4.079999923706055,0.4318835139274597,7.199158191680908
459,0,-4.079999923706055,0.35939398407936096,6.845841407775879
460,0,-4.079999923706055,0.31072357296943665,5.517354965209961
461,0,-4.079999923706055,0.363312691450119,6.432567119598389
462,0,-4.079999923706055,0.3244393765926361,6.348151206970215
463,0,-4.079999923706055,0.28708091378211975,6.425136566162109
464,0,-4.079999923706055,0.26142367720603943,6.589673042297363
465,1,6.699999809265137,0.7403389811515808,8.053301811218262
466,1,6.699999809265137,0.7387973666191101,8.036535263061523
467,1,6.699999809265137,0.7150582671165466,7.871785640716553
468,0,-6.699999809265137,0.7433995008468628,8.15835189819336
469,0,-6.699999809265137,0.7202265858650208,8.079900741577148
470,0,-6.699999809265137,0.5213181972503662,6.819249629974365
471,0,-6.699999809265137,0.6633330583572388,7.732094764709473
472,0,-6.699999809265137,0.6186730861663818,7.755605697631836
473,0,-6.699999809265137,0.34068697690963745,5.599088191986084
474,0,-6.699999809265137,0.4097021520137787,6.916277885437012
475,0,-6.699999809265137,0.3875992000102997,6.741300582885742
476,0,-6.699999809265137,0.5599139332771301,6.702409744262695
477,0,-6.699999809265137,0.33264395594596863,5.8452043533325195
478,0,-6.699999809265137,0.6016374230384827,7.697771072387695
479,0,-6.699999809265137,0.48627424240112305,6.298101425170898
480,0,-6.699999809265137,0.29425081610679626,6.2349982261657715
481,0,-6.699999809265137,0.27252086997032166,6.38145637512207
482,0,-6.699999809265137,0.3588644564151764,6.5585222244262695
483,0,-6.699999809265137,0.3780395984649658,6.5908894538879395
484,0,-6.699999809265137,0.38838860392570496,6.900548934936523
485,1,6.309999942779541,0.4820919930934906,6.100808143615723
486,0,-6.309999942779541,0.4789172410964966,6.545919895172119
487,0,-6.309999942779541,0.5071883201599121,6.20982027053833
488,0,-6.309999942779541,0.479541540145874,6.084851264953613
489,0,-6.309999942779541,0.5036876797676086,6.531106472015381
490,0,-6.309999942779541,0.45700201392173767,6.634706497192383
491,0,-6.309999942779541,0.5427598357200623,6.367982387542725
492,0,-6.309999942779541,0.4915042817592621,6.316029071807861
493,0,-6.309999942779541,0.5565563440322876,6.0218706130981445
494,0,-6.309999942779541,0.49214738607406616,5.937735080718994
495,0,-6.309999942779541,0.5568811297416687,6.42745304107666
496,0,-6.309999942779541,0.44575759768486023,6.678709983825684
497,0,-6.309999942779541,0.4301336705684662,6.366670608520508
498,0,-6.309999942779541,0.4378611445426941,6.286754131317139
499,0,-6.309999942779541,0.4211691617965698,6.373195171356201
500,1,6.309999942779541,0.4289003610610962,6.4649248123168945
501,0,-6.309999942779541,0.6007688641548157,6.000842094421387
502,0,-6.309999942779541,0.582921028137207,6.2409987449646
503,0,-6.309999942779541,0.38464441895484924,6.126192092895508
504,0,-6.309999942779541,0.3382485508918762,5.8092169761657715
505,0,-6.309999942779541,0.4014391601085663,6.301374912261963
506,1,6.119999885559082,0.7482836246490479,8.20593547821045
507,1,6.119999885559082,0.7506750822067261,8.350675582885742
508,1,6.119999885559082,0.741899311542511,8.16020679473877
509,1,5.0,0.7538591027259827,6.386569023132324
510,1,5.0,0.7488398551940918,5.942719459533691
511,0,-5.0,0.7477825284004211,6.179288864135742
512,0,-5.0,0.7020316123962402,6.119866371154785
513,0,-5.0,0.7183532118797302,6.046536922454834
514,1,7.300000190734863,0.7687972784042358,6.579875946044922
515,1,7.300000190734863,0.7724458575248718,6.621456623077393
516,0,-7.300000190734863,0.6738872528076172,6.058254241943359
517,0,-7.300000190734863,0.4837701916694641,5.00384521484375
518,0,-7.300000190734863,0.458736777305603,4.721336841583252
519,0,-7.300000190734863,0.441718727350235,4.398251056671143
520,1,6.71999979019165,0.7084914445877075,6.673365116119385
521,1,6.71999979019165,0.6864144206047058,6.649867057800293
522,1,6.71999979019165,0.6183428168296814,6.371021747589111
523,0,-6.71999979019165,0.545401930809021,7.042616367340088
524,0,-6.71999979019165,0.4578102231025696,6.653958797454834
525,0,-6.71999979019165,0.3543523848056793,5.986797332763672
526,0,-6.71999979019165,0.6710814237594604,6.779659748077393
527,0,-6.71999979019165,0.29039978981018066,6.350367069244385
528,0,-6.71999979019165,0.3347764313220978,5.6898698806762695
529,0,-6.71999979019165,0.4447106420993805,5.293954372406006
530,0,-6.71999979019165,0.4005018472671509,5.680265426635742
531,0,-6.71999979019165,0.302692711353302,5.621119976043701
532,0,-6.71999979019165,0.4488392174243927,6.0636467933654785
533,0,-6.71999979019165,0.40317466855049133,5.851057529449463
534,0,-6.71999979019165,0.3444673418998718,5.6472601890563965
535,0,-6.71999979019165,0.381905198097229,5.574723243713379
536,0,-6.71999979019165,0.4281606376171112,5.7156877517700195
537,0,-6.71999979019165,0.2442854642868042,5.521092414855957
538,0,-6.71999979019165,0.1586083322763443,5.074432849884033
539,0,-6.71999979019165,0.17307113111019135,5.434256553649902
540,1,3.799999952316284,0.6999130845069885,4.91848087310791
541,1,3.799999952316284,0.7480710744857788,4.850402355194092
542,0,-3.799999952316284,0.6942657232284546,4.22002649307251
543,1,3.799999952316284,0.6618602275848389,4.583284378051758
544,0,-3.799999952316284,0.6961850523948669,4.640082359313965
545,0,-3.799999952316284,0.6447729468345642,4.282839775085449
546,0,-3.799999952316284,0.5954453349113464,4.780726432800293
547,0,-3.799999952316284,0.6082577109336853,4.560773849487305
548,0,-3.799999952316284,0.6461504101753235,4.155787467956543
549,0,-3.799999952316284,0.534319281578064,4.4116597175598145
550,0,-3.799999952316284,0.6769940257072449,4.529959678649902
551,0,-3.799999952316284,0.7437987923622131,4.586792945861816
552,0,-3.799999952316284,0.43081822991371155,3.8079724311828613
553,0,-3.799999952316284,0.4251668453216553,4.092477798461914
554,0,-3.799999952316284,0.36560848355293274,4.483787536621094
555,0,-3.799999952316284,0.42974892258644104,4.018462181091309
556,0,-3.799999952316284,0.4696781635284424,4.115634918212891
557,0,-3.799999952316284,0.4768543541431427,3.9309232234954834
558,0,-3.799999952316284,0.32113179564476013,4.20725154876709
559,1,4.71999979019165,0.5325748324394226,6.022053241729736
560,0,-4.71999979019165,0.4099929630756378,5.91808557510376
561,1,4.71999979019165,0.5528293251991272,5.817208766937256
562,0,-4.71999979019165,0.17302167415618896,6.642815113067627
563,0,-4.71999979019165,0.2262047529220581,5.890252113342285
564,0,-4.71999979019165,0.3014456033706665,6.687686443328857
565,0,-4.71999979019165,0.35123172402381897,5.869922161102295
566,0,-4.71999979019165,0.27203264832496643,6.126911163330078
567,0,-4.71999979019165,0.20611608028411865,6.336821556091309
568,0,-4.71999979019165,0.2731890380382538,5.970422267913818
569,0,-4.71999979019165,0.24013745784759521,6.443314552307129
570,0,-4.71999979019165,0.1974312961101532,6.560214519500732
571,0,-4.71999979019165,0.2860536277294159,5.935518264770508
572,0,-4.71999979019165,0.2241532802581787,6.211533069610596
573,0,-4.71999979019165,0.3235079348087311,6.305510520935059
574,0,-4.71999979019165,0.2363087683916092,6.646248817443848
575,0,-4.71999979019165,0.3543601632118225,5.5869245529174805
576,0,-4.71999979019165,0.2353706955909729,7.017757892608643
577,0,-4.71999979019165,0.20378868281841278,6.093531131744385
578,0,-4.71999979019165,0.19248005747795105,6.251498699188232
579,0,-4.71999979019165,0.15795226395130157,6.441788673400879
580,1,9.890000343322754,0.6108379364013672,6.387847423553467
581,1,9.890000343322754,0.606095016002655,6.390186309814453
582,1,10.0,0.7361266016960144,9.100010871887207
583,1,10.0,0.7331237196922302,9.234474182128906
584,0,-10.0,0.7373005151748657,8.818360328674316
585,0,-10.0,0.5155593156814575,7.103617191314697
586,0,-10.0,0.41522425413131714,7.169668197631836
587,1,10.0,0.6794483661651611,8.813648223876953
588,0,-10.0,0.181174173951149,5.767822265625
589,0,-10.0,0.18806786835193634,5.5574846267700195
590,0,-10.0,0.21589747071266174,5.663399696350098
591,0,-10.0,0.26291438937187195,6.058501243591309
592,0,-10.0,0.7182692289352417,8.696290016174316
593,0,-10.0,0.2177123725414276,5.779122829437256
594,0,-10.0,0.350786954164505,7.217466354370117
595,0,-10.0,0.2073792815208435,5.257080554962158
596,0,-10.0,0.22347944974899292,5.377416610717773
597,0,-10.0,0.25078698992729187,5.150890350341797
598,0,-10.0,0.18835768103599548,5.526160717010498
599,1,5.699999809265137,0.5791105031967163,6.533632278442383
600,0,-5.699999809265137,0.5517556071281433,5.45851993560791
601,1,5.699999809265137,0.6503788828849792,7.309518814086914
602,0,-5.699999809265137,0.30242645740509033,6.40220308303833
603,1,5.699999809265137,0.6347424983978271,6.400867938995361
604,0,-5.699999809265137,0.3239958882331848,5.4844465255737305
605,0,-5.699999809265137,0.3308592140674591,5.55017614364624
606,0,-5.699999809265137,0.462640643119812,6.419396877288818
607,0,-5.699999809265137,0.371567964553833,7.1139020919799805
608,0,-5.699999809265137,0.3955640494823456,6.437497138977051
609,0,-5.699999809265137,0.2872011959552765,6.880642890930176
610,0,-5.699999809265137,0.5201747417449951,6.277824401855469
611,0,-5.699999809265137,0.2799370288848877,4.847934246063232
612,0,-5.699999809265137,0.33861690759658813,5.680217742919922
613,0,-5.699999809265137,0.28298643231391907,5.252289295196533
614,0,-5.699999809265137,0.23657749593257904,5.735420227050781
615,0,-5.699999809265137,0.29936474561691284,5.850583076477051
616,0,-5.699999809265137,0.1803891807794571,4.75359582901001
617,0,-5.699999809265137,0.3328866958618164,6.166555881500244
618,0,-5.699999809265137,0.20114485919475555,5.306642532348633
619,0,-5.699999809265137,0.2098633348941803,5.176288604736328
620,1,6.300000190734863,0.4910115599632263,7.458677291870117
621,0,-6.300000190734863,0.1415148824453354,6.686956405639648
622,1,6.300000190734863,0.5669785737991333,8.23025894165039
623,0,-6.300000190734863,0.5868541598320007,8.002227783203125
624,0,-6.300000190734863,0.08106730878353119,6.835403919219971
625,0,-6.300000190734863,0.22436383366584778,7.057865142822266
626,0,-6.300000190734863,0.17991285026073456,7.236391067504883
627,0,-6.300000190734863,0.07487143576145172,6.890687465667725
628,0,-6.300000190734863,0.08709777891635895,6.822312355041504
629,0,-6.300000190734863,0.1019764095544815,6.928411960601807
630,0,-6.300000190734863,0.07959424704313278,6.80928897857666
631,0,-6.300000190734863,0.09517611563205719,7.238137245178223
632,0,-6.300000190734863,0.16421261429786682,6.743224620819092
633,0,-6.300000190734863,0.12940911948680878,6.955448150634766
634,0,-6.300000190734863,0.0568019300699234,6.938900470733643
635,0,-6.300000190734863,0.1527373194694519,6.57199239730835
636,0,-6.300000190734863,0.103812575340271,6.366682052612305
637,0,-6.300000190734863,0.07210074365139008,6.911273956298828
638,0,-6.300000190734863,0.10395252704620361,6.510247707366943
639,0,-6.300000190734863,0.12224264442920685,6.100361347198486
640,0,-6.300000190734863,0.3012658655643463,7.018028259277344
641,1,2.2699999809265137,0.6162281632423401,3.7670083045959473
642,1,2.2699999809265137,0.5965414643287659,3.682748556137085
643,1,2.2699999809265137,0.5948684811592102,3.6779112815856934
644,1,2.2699999809265137,0.6338769793510437,3.6695778369903564
645,0,-2.2699999809265137,0.34756791591644287,4.3040924072265625
646,0,-2.2699999809265137,0.32264772057533264,4.289905548095703
647,0,-2.2699999809265137,0.2780807614326477,4.11977481842041
648,0,-2.2699999809265137,0.3111345171928406,4.009929656982422
649,1,2.2699999809265137,0.43582653999328613,3.844348192214966
650,1,2.2699999809265137,0.3056049942970276,4.2134504318237305
651,0,-2.2699999809265137,0.2640773057937622,4.310014724731445
652,0,-2.2699999809265137,0.30535221099853516,4.164132118225098
653,0,-2.2699999809265137,0.2644492983818054,4.223697662353516
654,0,-2.2699999809265137,0.23003815114498138,4.4893798828125
655,0,-2.2699999809265137,0.3122197091579437,4.447795391082764
656,0,-2.2699999809265137,0.34240666031837463,4.221818923950195
657,0,-2.2699999809265137,0.2285621613264084,4.1749677658081055
658,0,-2.2699999809265137,0.3384791910648346,3.927293300628662
659,0,-2.2699999809265137,0.2394968718290329,4.21183967590332
660,0,-2.2699999809265137,0.23824629187583923,4.351862907409668
661,0,-2.2699999809265137,0.26973289251327515,4.354729652404785
662,1,5.619999885559082,0.5484261512756348,4.21125602722168
663,1,5.619999885559082,0.6025853157043457,4.330479145050049
664,0,-5.619999885559082,0.6495509147644043,3.9772613048553467
665,0,-5.619999885559082,0.6276413202285767,4.745199203491211
666,0,-5.619999885559082,0.6375836730003357,4.843903064727783
667,0,-5.619999885559082,0.6236624121665955,4.086176872253418
668,0,-5.619999885559082,0.5529571771621704,4.463271141052246
669,0,-5.619999885559082,0.6077594757080078,4.298186302185059
670,1,5.619999885559082,0.596900463104248,4.404989242553711
671,0,-5.619999885559082,0.5755932927131653,4.126562118530273
672,0,-5.619999885559082,0.5345637202262878,4.311727523803711
673,0,-5.619999885559082,0.5410602688789368,4.654450416564941
674,1,5.820000171661377,0.41295552253723145,5.8795270919799805
675,0,-5.820000171661377,0.5456863045692444,5.731179237365723
676,1,5.820000171661377,0.41026392579078674,6.354968070983887
677,0,-5.820000171661377,0.4961221218109131,6.358367443084717
678,0,-5.820000171661377,0.2656307518482208,6.015650749206543
679,0,-5.820000171661377,0.43730393052101135,6.040719032287598
680,0,-5.820000171661377,0.26190581917762756,5.924398422241211
681,0,-5.820000171661377,0.29112833738327026,5.836318492889404
682,0,-5.820000171661377,0.41175949573516846,5.8352556228637695
683,0,-5.820000171661377,0.22420276701450348,5.801506996154785
684,0,-5.820000171661377,0.19728676974773407,5.587618827819824
685,0,-5.820000171661377,0.2708891034126282,5.46162748336792
686,0,-5.820000171661377,0.3472256362438202,6.043237209320068
687,0,-5.820000171661377,0.17772334814071655,6.668945789337158
688,0,-5.820000171661377,0.1317475289106369,6.697155952453613
689,0,-5.820000171661377,0.13957102596759796,6.3833208084106445
690,0,-5.820000171661377,0.21804451942443848,6.706849575042725
691,0,-5.820000171661377,0.16757291555404663,5.550991058349609
692,0,-5.820000171661377,0.11440988630056381,6.026105880737305
693,0,-5.820000171661377,0.12756235897541046,6.648079872131348
694,0,-5.820000171661377,0.16231080889701843,6.012581825256348
695,1,4.130000114440918,0.6365454196929932,5.496479034423828
696,1,4.130000114440918,0.6976625919342041,6.022766590118408
697,0,-4.130000114440918,0.6948240399360657,5.570408344268799
698,0,-4.130000114440918,0.6352510452270508,5.810693740844727
699,0,-4.130000114440918,0.6980578899383545,6.105929374694824
700,0,-4.130000114440918,0.6706836819648743,5.520923614501953
701,0,-4.130000114440918,0.6125048995018005,5.384115219116211
702,0,-4.130000114440918,0.6328719854354858,6.3520965576171875
703,0,-4.130000114440918,0.4555560052394867,5.360773086547852
704,0,-4.130000114440918,0.446405827999115,5.584948539733887
705,1,5.329999923706055,0.5986050367355347,5.9873151779174805
706,1,5.329999923706055,0.705971360206604,6.211486339569092
707,1,5.329999923706055,0.5824030637741089,5.979015350341797
708,0,-5.329999923706055,0.5807223320007324,5.9102702140808105
709,0,-5.329999923706055,0.46833014488220215,6.218221187591553
710,0,-5.329999923706055,0.44863760471343994,5.775307655334473
711,0,-5.329999923706055,0.532339334487915,5.794945240020752
712,0,-5.329999923706055,0.5929417610168457,6.248316764831543
713,0,-5.329999923706055,0.5151985883712769,5.722090721130371
714,0,-5.329999923706055,0.689338743686676,6.403528213500977
715,0,-5.329999923706055,0.41236788034439087,5.7288594245910645
716,0,-5.329999923706055,0.2610637843608856,5.192294597625732
717,0,-5.329999923706055,0.39173606038093567,6.405525207519531
718,0,-5.329999923706055,0.20819245278835297,5.302160739898682
719,0,-5.329999923706055,0.2572525143623352,5.712592601776123
720,0,-5.329999923706055,0.29497069120407104,5.233857154846191
721,0,-5.329999923706055,0.3876621425151825,5.530099391937256
722,0,-5.329999923706055,0.2563108205795288,5.527295112609863
723,0,-5.329999923706055,0.28859928250312805,6.407940864562988
724,1,8.100000381469727,0.5676858425140381,6.799548149108887
725,1,8.100000381469727,0.5553372502326965,6.717028617858887
726,0,-8.100000381469727,0.5498131513595581,6.52881383895874
727,0,-8.100000381469727,0.5161086916923523,6.181734085083008
728,0,-8.100000381469727,0.5176913738250732,7.660403251647949
729,0,-8.100000381469727,0.4478376507759094,6.461240291595459
730,0,-8.100000381469727,0.4678032398223877,6.878349304199219
731,0,-8.100000381469727,0.3798780143260956,6.161973476409912
732,0,-8.100000381469727,0.3412795662879944,6.366382598876953
733,0,-8.100000381469727,0.34402501583099365,6.891286373138428
734,0,-8.100000381469727,0.44185036420822144,5.944382667541504
735,0,-8.100000381469727,0.4011477828025818,6.499614715576172
736,0,-8.100000381469727,0.41773277521133423,5.746546745300293
737,0,-8.100000381469727,0.33412331342697144,6.944711685180664
738,0,-8.100000381469727,0.26747411489486694,6.2068562507629395
739,0,-8.100000381469727,0.2373393326997757,6.7914628982543945
740,0,-8.100000381469727,0.27444836497306824,6.741941928863525
741,0,-8.100000381469727,0.34390512108802795,6.290794849395752
742,0,-8.100000381469727,0.27200427651405334,7.083359718322754
743,0,-8.100000381469727,0.22416146099567413,6.4262213706970215
744,0,-8.100000381469727,0.2301134616136551,5.9733452796936035
745,0,-2.359999895095825,0.4967690110206604,3.0505151748657227
746,0,-2.359999895095825,0.4551025629043579,4.69173002243042
747,0,-2.359999895095825,0.35014259815216064,4.441221714019775
748,0,-2.359999895095825,0.5474788546562195,3.5381875038146973
749,0,-2.359999895095825,0.5081521272659302,4.1215314865112305
750,0,-2.359999895095825,0.5279539227485657,4.127798557281494
751,0,-2.359999895095825,0.46693655848503113,2.8473153114318848
752,0,-2.359999895095825,0.4324684739112854,3.0208585262298584
753,0,-2.359999895095825,0.437602698802948,3.9723293781280518
754,0,-2.359999895095825,0.45635169744491577,3.61444091796875
755,0,-2.359999895095825,0.3980536162853241,2.9497976303100586
756,0,-2.359999895095825,0.5110778212547302,3.41733717918396
757,0,-2.359999895095825,0.4615822434425354,3.641956329345703
758,0,-2.359999895095825,0.5080836415290833,3.8781638145446777
759,0,-2.359999895095825,0.32300978899002075,2.4909934997558594
760,0,-2.359999895095825,0.4417593479156494,3.3392975330352783
761,0,-2.359999895095825,0.38787955045700073,4.103886604309082
762,0,-2.359999895095825,0.39496880769729614,2.861575126647949
763,0,-2.359999895095825,0.25607725977897644,2.517353057861328
764,0,-2.359999895095825,0.4614684581756592,4.051669120788574
765,0,-2.359999895095825,0.23208045959472656,3.362792730331421
766,1,4.090000152587891,0.6287325024604797,5.012369155883789
767,1,4.090000152587891,0.6128215193748474,5.1569671630859375
768,0,-4.090000152587891,0.4041851758956909,4.483566761016846
769,1,4.090000152587891,0.5110381841659546,5.159249305725098
770,0,-4.090000152587891,0.4418887495994568,5.293423175811768
771,0,-4.090000152587891,0.27144119143486023,4.498119354248047
772,0,-4.090000152587891,0.4802582561969757,5.209690570831299
773,0,-4.090000152587891,0.34923747181892395,4.363207817077637
774,0,-4.090000152587891,0.5364439487457275,5.089805603027344
775,0,-4.090000152587891,0.5070209503173828,5.2046051025390625
776,0,-4.090000152587891,0.42389726638793945,5.174609184265137
777,0,-4.090000152587891,0.4915607273578644,5.260795593261719
778,0,-4.090000152587891,0.3004777133464813,4.29249382019043
779,0,-4.090000152587891,0.41819027066230774,4.5706658363342285
780,0,-4.090000152587891,0.43739786744117737,4.797121047973633
781,0,-4.090000152587891,0.33154693245887756,4.205826282501221
782,0,-4.090000152587891,0.32495322823524475,4.848972320556641
783,0,-4.090000152587891,0.3726791739463806,4.062561511993408
784,0,-4.090000152587891,0.3330080509185791,4.459325313568115
785,1,6.460000038146973,0.6207072734832764,6.033477783203125
786,0,-6.460000038146973,0.5605807900428772,5.779654026031494
787,1,6.460000038146973,0.6194537281990051,5.997395992279053
788,0,-6.460000038146973,0.4823909401893616,5.309807777404785
789,0,-6.460000038146973,0.5021341443061829,5.595757961273193
790,0,-6.460000038146973,0.3130650818347931,6.32403564453125
791,0,-6.460000038146973,0.3921055793762207,6.621791362762451
792,0,-6.460000038146973,0.3167861998081207,7.148931503295898
793,0,-6.460000038146973,0.26832857728004456,6.618135452270508
794,0,-6.460000038146973,0.3892119824886322,5.624844551086426
795,0,-6.460000038146973,0.26365625858306885,6.355134963989258
796,0,-6.460000038146973,0.16714616119861603,6.043867588043213
797,0,-6.460000038146973,0.30761557817459106,7.423614501953125
798,0,-6.460000038146973,0.2787911295890808,5.838186740875244
799,0,-6.460000038146973,0.3757014870643616,6.642183780670166
800,0,-6.460000038146973,0.24365465342998505,7.1999993324279785
801,0,-6.460000038146973,0.29267197847366333,6.94752836227417
802,0,-6.460000038146973,0.25227048993110657,6.653733253479004
803,0,-6.460000038146973,0.18273739516735077,5.936928749084473
804,0,-6.460000038146973,0.24640905857086182,6.6485981941223145
805,0,-6.460000038146973,0.2578958570957184,7.3220319747924805
806,1,9.0,0.7332352995872498,7.474832534790039
807,1,9.0,0.7314503788948059,7.393701553344727
808,0,-9.0,0.7486956715583801,6.4212727546691895
809,0,-9.0,0.663871169090271,7.287874698638916
810,0,-9.0,0.6304135918617249,6.638225078582764
811,0,-9.0,0.5546103119850159,6.779211044311523
812,0,-9.0,0.6478530168533325,6.562216758728027
813,0,-9.0,0.6785586476325989,6.849174499511719
814,0,-9.0,0.6914717555046082,6.906808376312256
815,0,-9.0,0.6260150671005249,7.5388336181640625
816,0,-9.0,0.6477367877960205,7.286597728729248
817,1,8.229999542236328,0.7078535556793213,8.232065200805664
818,1,8.229999542236328,0.7229845523834229,8.683873176574707
819,1,8.229999542236328,0.7069153785705566,8.461580276489258
820,1,8.229999542236328,0.6464645862579346,8.190126419067383
821,0,-8.229999542236328,0.2967849671840668,6.481924057006836
822,0,-8.229999542236328,0.44312626123428345,7.114336967468262
823,0,-8.229999542236328,0.21206441521644592,5.993844032287598
824,0,-8.229999542236328,0.3555806875228882,6.097909450531006
825,0,-8.229999542236328,0.3747861087322235,6.154267311096191
826,0,-8.229999542236328,0.17154088616371155,5.676811218261719
827,0,-8.229999542236328,0.15133827924728394,5.474265098571777
828,0,-8.229999542236328,0.4254266917705536,6.937490940093994
829,0,-8.229999542236328,0.28786659240722656,6.580313205718994
830,0,-8.229999542236328,0.2585136294364929,5.748260021209717
831,0,-8.229999542236328,0.13762187957763672,5.270104885101318
832,0,-8.229999542236328,0.24952849745750427,6.140551567077637
833,0,-8.229999542236328,0.33349841833114624,5.798257827758789
834,0,-8.229999542236328,0.22154322266578674,5.593673229217529
835,0,-8.229999542236328,0.2107599526643753,5.782664775848389
836,0,-8.229999542236328,0.25056999921798706,5.427212715148926
837,0,-8.229999542236328,0.219357430934906,6.071848392486572
838,1,5.119999885559082,0.38552212715148926,5.590513706207275
839,1,5.119999885559082,0.4268396496772766,5.542019367218018
840,0,-5.119999885559082,0.43130433559417725,5.443045139312744
841,0,-5.119999885559082,0.44539231061935425,6.018625259399414
842,0,-5.119999885559082,0.3794236481189728,5.094067573547363
843,0,-5.119999885559082,0.34645360708236694,6.0788984298706055
844,0,-5.119999885559082,0.3875284492969513,6.6001811027526855
845,0,-5.119999885559082,0.3331104815006256,5.0793914794921875
846,0,-5.119999885559082,0.3422691822052002,5.784199237823486
847,0,-5.119999885559082,0.3339177966117859,5.065439701080322
848,0,-5.119999885559082,0.3739969730377197,5.148464202880859
849,0,-5.119999885559082,0.28615158796310425,5.553093433380127
850,0,-5.119999885559082,0.4394201934337616,5.805191993713379
851,0,-5.119999885559082,0.25780200958251953,5.53577995300293
852,0,-5.119999885559082,0.4821292757987976,5.720587253570557
853,0,-5.119999885559082,0.37790998816490173,6.509889602661133
854,0,-5.119999885559082,0.35331737995147705,5.805486679077148
855,0,-5.119999885559082,0.3469957709312439,5.055984973907471
856,0,-5.119999885559082,0.27836889028549194,5.664070129394531
857,0,-5.119999885559082,0.3440171480178833,5.393283843994141
858,0,-5.119999885559082,0.3702458441257477,5.337620735168457
859,0,-4.739999771118164,0.3849920630455017,5.88728666305542
860,0,-4.739999771118164,0.38810861110687256,5.951009750366211
861,0,-4.739999771118164,0.37919124960899353,5.863824844360352
862,0,-4.739999771118164,0.38109737634658813,5.887843132019043
863,0,-4.739999771118164,0.37507563829421997,5.829067230224609
864,0,-4.739999771118164,0.37500908970832825,5.884059906005859
865,0,-4.739999771118164,0.38659486174583435,5.891417503356934
866,0,-4.739999771118164,0.39285334944725037,5.904549598693848
867,0,-4.739999771118164,0.38912156224250793,5.913825035095215
868,0,-4.739999771118164,0.3884681165218353,5.871301174163818
869,0,-4.739999771118164,0.38363730907440186,5.9053168296813965
870,0,-4.739999771118164,0.38094019889831543,5.842843055725098
871,0,-4.739999771118164,0.39805763959884644,5.915858268737793
872,0,-4.739999771118164,0.40375185012817383,5.8924479484558105
873,0,-4.739999771118164,0.3821796774864197,5.8594818115234375
874,0,-4.739999771118164,0.3839511275291443,5.870136737823486
875,0,-4.739999771118164,0.37930917739868164,5.877373218536377
876,0,-4.739999771118164,0.40017881989479065,5.875889778137207
877,0,-4.739999771118164,0.37026527523994446,5.942970275878906
878,0,-4.739999771118164,0.36633971333503723,5.817622661590576
879,1,5.610000133514404,0.6351874470710754,6.870036602020264
880,1,5.610000133514404,0.6155750751495361,6.863227844238281
881,0,-5.610000133514404,0.5409571528434753,5.929899215698242
882,1,5.610000133514404,0.6693851351737976,6.469828128814697
883,0,-5.610000133514404,0.63115394115448,6.426329612731934
884,0,-5.610000133514404,0.625464916229248,6.368167877197266
885,0,-5.610000133514404,0.47601449489593506,6.637290000915527
886,0,-5.610000133514404,0.6387877464294434,6.779611110687256
887,0,-5.610000133514404,0.43244579434394836,4.969362258911133
888,0,-5.610000133514404,0.4813162386417389,6.053020000457764
889,0,-5.610000133514404,0.46804192662239075,5.703354835510254
890,0,-5.610000133514404,0.4713403880596161,5.772693634033203
891,0,-5.610000133514404,0.3616274893283844,5.818722724914551
892,0,-5.610000133514404,0.34866297245025635,5.476929664611816
893,0,-5.610000133514404,0.47866299748420715,6.34852409362793
894,0,-5.610000133514404,0.6486903429031372,6.52610445022583
895,0,-5.610000133514404,0.45468199253082275,6.248857498168945
896,0,-5.610000133514404,0.3546883761882782,5.337761402130127
897,0,-5.610000133514404,0.4545438289642334,5.552671909332275
898,0,-5.610000133514404,0.3586524724960327,5.633376121520996
899,0,-5.610000133514404,0.29355642199516296,5.757453918457031
900,1,5.909999847412109,0.5050275921821594,7.230161666870117
901,1,5.909999847412109,0.5019314885139465,7.251096725463867
902,0,-5.909999847412109,0.39877820014953613,7.042816638946533
903,0,-5.909999847412109,0.3905292749404907,7.009495735168457
904,0,-5.909999847412109,0.4012936055660248,7.457313537597656
905,0,-5.909999847412109,0.3053949475288391,6.9809489250183105
906,0,-5.909999847412109,0.2969687879085541,6.834930419921875
907,0,-5.909999847412109,0.24575291574001312,7.158059597015381
908,0,-5.909999847412109,0.43664637207984924,7.133096694946289
909,0,-5.909999847412109,0.21985533833503723,6.6191630363464355
910,0,-5.909999847412109,0.2147488296031952,7.014882564544678
911,0,-5.909999847412109,0.3281695246696472,6.923095703125
912,1,8.739999771118164,0.44013649225234985,8.253292083740234
913,0,-8.739999771118164,0.40614283084869385,8.489241600036621
914,0,-8.739999771118164,0.2859029173851013,8.040938377380371
915,0,-8.739999771118164,0.29337164759635925,9.026604652404785
916,0,-8.739999771118164,0.32245931029319763,8.483562469482422
917,0,-8.739999771118164,0.06764741241931915,7.970022201538086
918,0,-8.739999771118164,0.08442464470863342,8.380322456359863
919,0,-8.739999771118164,0.08039648085832596,8.629575729370117
920,0,-8.739999771118164,0.10013534128665924,7.484939098358154
921,0,-8.739999771118164,0.08751924335956573,8.090784072875977
922,0,-8.739999771118164,0.07246152311563492,7.597748756408691
923,0,-8.739999771118164,0.09587296098470688,6.6753387451171875
924,0,-8.739999771118164,0.1429423689842224,8.177064895629883
925,1,9.0,0.806861937046051,8.697625160217285
926,1,9.0,0.8064540028572083,8.713619232177734
927,1,9.0,0.7925887107849121,8.452476501464844
928,0,-9.0,0.7674102187156677,8.793906211853027
929,0,-9.0,0.3081017732620239,7.385836124420166
930,0,-9.0,0.7062181830406189,8.460868835449219
931,0,-9.0,0.569576621055603,8.154831886291504
932,0,-9.0,0.22024084627628326,7.515139579772949
933,0,-9.0,0.13090620934963226,7.265980243682861
934,0,-9.0,0.422616571187973,7.6804375648498535
935,0,-9.0,0.5349530577659607,8.147666931152344
936,0,-9.0,0.4050714075565338,7.610127925872803
937,0,-9.0,0.2541038393974304,6.935871601104736
938,0,-9.0,0.42842864990234375,7.8985700607299805
939,0,-9.0,0.23334451019763947,7.029401779174805
940,0,-9.0,0.16880843043327332,6.7184576988220215
941,0,-9.0,0.3328343629837036,7.541406631469727
942,0,-9.0,0.15579034388065338,6.272250175476074
943,0,-9.0,0.19348587095737457,6.609134197235107
944,0,-9.0,0.14338305592536926,6.42133903503418
945,0,-9.0,0.23709416389465332,5.8885087966918945
946,1,6.099999904632568,0.7146091461181641,7.018547534942627
947,1,6.099999904632568,0.6921876072883606,6.822582721710205
948,0,-6.099999904632568,0.6990829706192017,6.8580217361450195
949,0,-6.099999904632568,0.7202616930007935,7.321986198425293
950,0,-6.099999904632568,0.7063121795654297,6.939217567443848
951,0,-6.099999904632568,0.6507894396781921,7.1581621170043945
952,1,3.569999933242798,0.30989232659339905,5.966994285583496
953,0,-3.569999933242798,0.31899866461753845,4.973758220672607
954,0,-3.569999933242798,0.2051645666360855,5.326810359954834
955,0,-3.569999933242798,0.2832426428794861,5.054818630218506
956,0,-3.569999933242798,0.32383179664611816,5.070987701416016
957,0,-3.569999933242798,0.21939581632614136,4.868193626403809
958,0,-3.569999933242798,0.2995612919330597,4.320852756500244
959,0,-3.569999933242798,0.21790362894535065,5.502934455871582
960,0,-3.569999933242798,0.20499078929424286,5.267811298370361
961,0,-3.569999933242798,0.19069962203502655,3.698370933532715
962,0,-3.569999933242798,0.19151313602924347,5.16398286819458
963,0,-3.569999933242798,0.33123043179512024,4.502985000610352
964,0,-3.569999933242798,0.2983716130256653,4.012537956237793
965,0,-3.569999933242798,0.17982755601406097,3.856602191925049
966,0,-3.569999933242798,0.2389940321445465,4.502450942993164
967,0,-3.569999933242798,0.21177606284618378,4.896960258483887
968,0,-3.569999933242798,0.18598158657550812,3.7253239154815674
969,0,-3.569999933242798,0.24048437178134918,4.641737937927246
970,0,-3.569999933242798,0.28855109214782715,3.4371390342712402
971,0,-3.569999933242798,0.22980237007141113,3.941725730895996
972,1,6.5,0.7128206491470337,6.634354114532471
973,1,6.5,0.7126419544219971,6.638576507568359
974,0,-6.5,0.6804647445678711,6.778923988342285
975,0,-6.5,0.6610241532325745,6.642387866973877
976,0,-6.5,0.6393216252326965,6.966998100280762
977,1,6.440000057220459,0.6777175664901733,7.474038124084473
978,0,-6.440000057220459,0.6781851053237915,7.736332893371582
979,0,-6.440000057220459,0.6708788871765137,7.580204010009766
980,0,-6.440000057220459,0.6778082847595215,7.565404415130615
981,0,-6.440000057220459,0.6597331762313843,7.379765033721924
982,0,-6.440000057220459,0.647691547870636,7.486440658569336
983,0,-6.440000057220459,0.6342419385910034,7.422002792358398
984,0,-6.440000057220459,0.6537945866584778,6.80686092376709
985,0,-6.440000057220459,0.6221246719360352,7.354598045349121
986,0,-6.440000057220459,0.4739789068698883,6.300938606262207
987,0,-6.440000057220459,0.6363198757171631,7.53323221206665
988,1,6.440000057220459,0.6374143958091736,7.253281116485596
989,0,-6.440000057220459,0.4624755382537842,6.5411858558654785
990,0,-6.440000057220459,0.41534966230392456,6.084253787994385
991,0,-6.440000057220459,0.48697972297668457,6.39615535736084
992,0,-6.440000057220459,0.574590802192688,6.810111045837402
993,0,-6.440000057220459,0.3604215085506439,6.0305047035217285
994,0,-6.440000057220459,0.4117821156978607,6.501739501953125
995,0,-6.440000057220459,0.5956347584724426,7.110310077667236
996,0,-6.440000057220459,0.6218101978302002,6.741514682769775
997,0,-6.440000057220459,0.3924911916255951,6.269994735717773
998,1,8.520000457763672,0.29009881615638733,7.634462356567383
999,0,-8.520000457763672,0.10306431353092194,6.022837162017822
1000,0,-8.520000457763672,0.1155843511223793,6.348891258239746
1001,0,-8.520000457763672,0.1385984867811203,7.207484722137451
1002,0,-8.520000457763672,0.15443500876426697,7.541626930236816
1003,0,-8.520000457763672,0.09636875987052917,7.2771782875061035
1004,0,-8.520000457763672,0.09668287634849548,6.710575103759766
1005,0,-8.520000457763672,0.07817385345697403,6.9067702293396
1006,0,-8.520000457763672,0.07239800691604614,6.830100059509277
1007,0,-8.520000457763672,0.1079975813627243,7.079512596130371
1008,0,-8.520000457763672,0.1283372938632965,6.344113349914551
1009,0,-8.520000457763672,0.13906161487102509,7.317439556121826
1010,0,-8.520000457763672,0.1176600456237793,6.387323379516602
1011,0,-8.520000457763672,0.08839911222457886,6.93849515914917
1012,0,-8.520000457763672,0.08483602106571198,6.618104934692383
1013,0,-8.520000457763672,0.1632365584373474,7.196074962615967
1014,0,-8.520000457763672,0.143581822514534,6.271298408508301
1015,0,-8.520000457763672,0.10168887674808502,6.662567138671875
1016,0,-8.520000457763672,0.07907820492982864,6.3257222175598145
1017,0,-8.520000457763672,0.14260639250278473,6.379778861999512
1018,0,-8.520000457763672,0.08602192252874374,6.795332908630371
1019,1,8.699999809265137,0.7403087019920349,8.773435592651367
1020,1,8.699999809265137,0.739400327205658,8.65444278717041
1021,0,-8.699999809265137,0.5524616837501526,8.331624031066895
1022,1,8.699999809265137,0.716886579990387,8.277813911437988
1023,0,-8.699999809265137,0.3444800078868866,7.499589443206787
1024,0,-8.699999809265137,0.22207216918468475,7.327746391296387
1025,0,-8.699999809265137,0.48194247484207153,7.794489860534668
1026,0,-8.699999809265137,0.26567044854164124,7.890592575073242
1027,0,-8.699999809265137,0.2260364592075348,6.509820461273193
1028,0,-8.699999809265137,0.2134024053812027,7.118849277496338
1029,0,-8.699999809265137,0.1269034594297409,6.5120768547058105
1030,0,-8.699999809265137,0.2631617784500122,6.944596290588379
1031,1,7.920000076293945,0.5495457053184509,7.8905253410339355
1032,0,-7.920000076293945,0.47872430086135864,7.14755916595459
1033,0,-7.920000076293945,0.5519154667854309,6.671561241149902
1034,0,-7.920000076293945,0.42460107803344727,5.869602203369141
1035,0,-7.920000076293945,0.5780850648880005,7.197612285614014
1036,0,-7.920000076293945,0.4441736340522766,6.419210433959961
1037,0,-7.920000076293945,0.34121474623680115,6.522115230560303
1038,1,7.920000076293945,0.6268380284309387,7.046268463134766
1039,0,-7.920000076293945,0.34677654504776,6.495278358459473
1040,0,-7.920000076293945,0.4218946695327759,7.3666863441467285
1041,0,-7.920000076293945,0.4395637810230255,7.482830047607422
1042,0,-7.920000076293945,0.5075210332870483,6.6565351486206055
1043,0,-7.920000076293945,0.40143582224845886,7.133748531341553
1044,0,-7.920000076293945,0.41800904273986816,6.977623462677002
1045,0,-7.920000076293945,0.32628336548805237,6.1467180252075195
1046,0,-7.920000076293945,0.34537988901138306,6.376704216003418
1047,0,-7.920000076293945,0.36377841234207153,6.337173938751221
1048,0,-7.920000076293945,0.45093321800231934,7.1736369132995605
1049,0,-7.920000076293945,0.45021599531173706,7.011903762817383
1050,0,-7.920000076293945,0.25072211027145386,5.63947057723999
1051,0,-7.920000076293945,0.27279791235923767,5.712214946746826
1052,0,-7.400000095367432,0.6051012873649597,5.895847320556641
1053,1,7.400000095367432,0.5632800459861755,5.858301639556885
1054,0,-7.400000095367432,0.3899105191230774,5.631802558898926
1055,1,7.400000095367432,0.6107865571975708,5.8924880027771
1056,0,-7.400000095367432,0.3939283490180969,6.064040184020996
1057,0,-7.400000095367432,0.26777535676956177,6.457686424255371
1058,0,-7.400000095367432,0.30356165766716003,6.651764392852783
1059,1,7.400000095367432,0.4722782373428345,6.166784286499023
1060,0,-7.400000095367432,0.18909090757369995,6.756608009338379
1061,0,-7.400000095367432,0.22893770039081573,6.327996253967285
1062,0,-7.400000095367432,0.43372583389282227,5.681966781616211
1063,0,-7.400000095367432,0.25037509202957153,6.1957106590271
1064,0,-7.400000095367432,0.14314410090446472,5.9377360343933105
1065,0,-7.400000095367432,0.20338475704193115,6.275821685791016
1066,0,-7.400000095367432,0.2148537039756775,6.404613018035889
1067,0,-7.400000095367432,0.15813691914081573,6.306632041931152
1068,0,-7.400000095367432,0.14300291240215302,6.516227722167969
1069,0,-7.400000095367432,0.15573082864284515,6.260415077209473
1070,0,-7.400000095367432,0.23808439075946808,5.970457553863525
1071,1,6.519999980926514,0.6547514200210571,7.547228813171387
1072,0,-6.519999980926514,0.4524227976799011,7.261796951293945
1073,0,-6.519999980926514,0.37471646070480347,7.332898139953613
1074,0,-6.519999980926514,0.5280175805091858,7.493269920349121
1075,1,6.519999980926514,0.6142299175262451,7.422989845275879
1076,0,-6.519999980926514,0.6461936235427856,7.58465051651001
1077,0,-6.519999980926514,0.3481694757938385,6.966579437255859
1078,0,-6.519999980926514,0.218446284532547,6.5798444747924805
1079,1,6.519999980926514,0.5904445052146912,7.3980207443237305
1080,0,-6.519999980926514,0.2697598338127136,6.822830677032471
1081,0,-6.519999980926514,0.3531048893928528,7.2105560302734375
1082,0,-6.519999980926514,0.3863620460033417,6.813035011291504
1083,0,-6.519999980926514,0.3125177323818207,6.787472724914551
1084,0,-6.519999980926514,0.18089284002780914,6.385673999786377
1085,0,-6.519999980926514,0.3587898313999176,6.986339569091797
1086,0,-6.519999980926514,0.14415062963962555,6.328105449676514
1087,0,-6.519999980926514,0.284711629152298,6.500645637512207
1088,0,-6.519999980926514,0.17499758303165436,6.424935817718506
1089,0,-6.519999980926514,0.2781387269496918,6.518848419189453
1090,0,-6.519999980926514,0.2052045613527298,6.470128059387207
1091,0,-6.519999980926514,0.25397706031799316,6.406859397888184
1092,1,5.519999980926514,0.5694450736045837,5.681617259979248
1093,1,5.519999980926514,0.5677684545516968,5.682981014251709
1094,0,-5.519999980926514,0.30828335881233215,4.729264259338379
1095,0,-5.519999980926514,0.26838818192481995,5.166592597961426
1096,0,-5.519999980926514,0.4128270149230957,5.258094787597656
1097,0,-5.519999980926514,0.34026238322257996,5.013796806335449
1098,0,-5.519999980926514,0.5676960945129395,5.391609191894531
1099,0,-5.519999980926514,0.32974281907081604,4.123011112213135
1100,0,-5.519999980926514,0.40368714928627014,4.641118049621582
1101,0,-5.519999980926514,0.16755026578903198,4.795073509216309
1102,0,-5.519999980926514,0.19910456240177155,4.261686325073242
1103,0,-5.519999980926514,0.4515936076641083,4.394152641296387
1104,0,-5.519999980926514,0.1524430364370346,5.177611351013184
1105,0,-5.519999980926514,0.1746981292963028,5.16702938079834
1106,0,-5.519999980926514,0.29638671875,5.691459655761719
1107,0,-5.519999980926514,0.1785150021314621,5.302337169647217
1108,0,-5.519999980926514,0.16119074821472168,5.134598731994629
1109,0,-5.519999980926514,0.1414126753807068,5.498476982116699
1110,0,-5.519999980926514,0.14458082616329193,5.531381607055664
1111,0,-5.519999980926514,0.3591006100177765,4.227300643920898
1112,0,-5.519999980926514,0.22548337280750275,5.837316989898682
1113,1,7.320000171661377,0.37831902503967285,6.555217266082764
1114,0,-7.320000171661377,0.26165375113487244,5.802133083343506
1115,0,-7.320000171661377,0.25297337770462036,5.789856433868408
1116,0,-7.320000171661377,0.14041343331336975,5.736404895782471
1117,0,-7.320000171661377,0.27739793062210083,5.4199323654174805
1118,0,-7.320000171661377,0.11779489368200302,5.900745391845703
1119,0,-7.320000171661377,0.19470465183258057,5.313623428344727
1120,0,-7.320000171661377,0.3273526132106781,6.238860130310059
1121,0,-7.320000171661377,0.14064007997512817,5.947253227233887
1122,0,-7.320000171661377,0.14647826552391052,6.13443660736084
1123,0,-7.320000171661377,0.1509108543395996,5.943463325500488
1124,0,-7.320000171661377,0.2235628217458725,5.301887512207031
1125,0,-7.320000171661377,0.12485077977180481,5.768821716308594
1126,0,-7.320000171661377,0.21282130479812622,6.293830394744873
1127,0,-7.320000171661377,0.13576842844486237,5.6946492195129395
1128,0,-7.320000171661377,0.1028263196349144,6.1684980392456055
1129,0,-7.320000171661377,0.10371871292591095,5.545591831207275
1130,0,-7.320000171661377,0.11270894855260849,5.643038749694824
1131,0,-7.320000171661377,0.1462322324514389,5.250486373901367
1132,0,-7.320000171661377,0.19555188715457916,5.625316143035889
1133,1,3.9200000762939453,0.46619778871536255,6.0249128341674805
1134,0,-3.9200000762939453,0.4650675356388092,6.121888637542725
1135,0,-3.9200000762939453,0.46539559960365295,6.11968469619751
1136,0,-3.9200000762939453,0.4631600081920624,6.139834880828857
1137,0,-3.9200000762939453,0.465795636177063,6.129573822021484
1138,0,-3.9200000762939453,0.4672592878341675,6.019991874694824
1139,0,-3.9200000762939453,0.4665469825267792,6.10960054397583
1140,0,-3.9200000762939453,0.4649788439273834,6.106947422027588
1141,0,-3.9200000762939453,0.4662955403327942,6.085214138031006
1142,0,-3.9200000762939453,0.4621974229812622,6.172451019287109
1143,0,-3.9200000762939453,0.46297720074653625,6.0895819664001465
1144,0,-3.9200000762939453,0.4638732671737671,6.074100017547607
1145,0,-3.9200000762939453,0.4684041440486908,6.074141025543213
1146,0,-3.9200000762939453,0.4695035219192505,6.077859878540039
1147,0,-3.9200000762939453,0.46703460812568665,6.083279609680176
1148,0,-3.9200000762939453,0.4665359556674957,6.07918643951416
1149,0,-3.9200000762939453,0.46041378378868103,6.180108070373535
1150,0,-3.9200000762939453,0.4627472460269928,6.158455848693848
1151,0,-3.9200000762939453,0.4653643071651459,6.099287509918213
1152,0,-3.9200000762939453,0.4665954113006592,6.04988956451416
1153,0,-3.9200000762939453,0.4648860692977905,6.133810043334961
1154,1,5.659999847412109,0.48413190245628357,3.9452269077301025
1155,1,5.659999847412109,0.4477185010910034,3.313660144805908
1156,0,-5.659999847412109,0.5117535591125488,3.4674808979034424
1157,0,-5.659999847412109,0.4607393145561218,3.828749179840088
1158,1,5.659999847412109,0.47531408071517944,3.958214044570923
1159,0,-5.659999847412109,0.4532140791416168,3.805187702178955
1160,0,-5.659999847412109,0.5243275761604309,3.727102279663086
1161,0,-5.659999847412109,0.4410896897315979,3.519630193710327
1162,0,-5.659999847412109,0.44758766889572144,4.339618682861328
1163,0,-5.659999847412109,0.40898147225379944,3.7876319885253906
1164,0,-5.659999847412109,0.43364354968070984,3.9797189235687256
1165,0,-5.659999847412109,0.42350444197654724,3.9326117038726807
1166,0,-5.659999847412109,0.4119415581226349,3.523195743560791
1167,0,-5.659999847412109,0.5250536799430847,3.4307899475097656
1168,0,-5.659999847412109,0.45019587874412537,3.8665566444396973
1169,0,-5.659999847412109,0.3811357021331787,3.8911497592926025
1170,0,-5.659999847412109,0.42368122935295105,3.8834068775177
1171,0,-5.659999847412109,0.3176755905151367,4.1568098068237305
1172,0,-5.659999847412109,0.3304898738861084,4.24668025970459
1173,0,-5.659999847412109,0.35061758756637573,4.363255500793457
1174,0,-5.659999847412109,0.3833930492401123,4.054051399230957
1175,0,-11.09000015258789,0.22704815864562988,7.905745506286621
1176,0,-11.09000015258789,0.31434234976768494,7.355224609375
1177,0,-11.09000015258789,0.3198172450065613,7.339153289794922
1178,0,-11.09000015258789,0.325915664434433,7.315989971160889
1179,0,-11.09000015258789,0.31932225823402405,7.416860103607178
1180,0,-11.09000015258789,0.3337678611278534,7.322228908538818
1181,0,-11.09000015258789,0.3130866587162018,7.335178852081299
1182,0,-11.09000015258789,0.3032088279724121,7.528287887573242
1183,0,-11.09000015258789,0.32141515612602234,7.362077236175537
1184,0,-11.09000015258789,0.31426867842674255,7.424656867980957
1185,0,-11.09000015258789,0.31587153673171997,7.310450077056885
1186,0,-11.09000015258789,0.32957929372787476,7.238008975982666
1187,0,-11.09000015258789,0.31684020161628723,7.458896636962891
1188,0,-11.09000015258789,0.31742456555366516,7.383365631103516
1189,0,-11.09000015258789,0.3133641183376312,7.4564409255981445
1190,0,-11.09000015258789,0.317449152469635,7.4623703956604
1191,0,-11.09000015258789,0.3154098689556122,7.473952293395996
1192,0,-11.09000015258789,0.3201238512992859,7.383340358734131
1193,0,-11.09000015258789,0.31020697951316833,7.499805450439453
1194,0,-11.09000015258789,0.33015504479408264,7.318910598754883
1195,0,-11.09000015258789,0.33525070548057556,7.4514665603637695
1196,1,5.639999866485596,0.7303327918052673,6.10872220993042
1197,1,5.639999866485596,0.7119001150131226,6.052058696746826
1198,0,-5.639999866485596,0.6926367878913879,6.043833255767822
1199,1,5.639999866485596,0.7241151928901672,5.627680778503418
1200,0,-5.639999866485596,0.6052923798561096,6.738509178161621
1201,1,4.010000228881836,0.6958713531494141,4.493602275848389
1202,1,4.010000228881836,0.6928220391273499,4.54813814163208
1203,1,4.010000228881836,0.6928988695144653,4.547660827636719
1204,0,-4.010000228881836,0.429276704788208,4.596325874328613
1205,0,-4.010000228881836,0.33001771569252014,5.090846061706543
1206,1,4.010000228881836,0.46311670541763306,4.609781265258789
1207,0,-4.010000228881836,0.330685019493103,4.935466766357422
1208,0,-4.010000228881836,0.26798906922340393,4.945415496826172
1209,0,-4.010000228881836,0.2929464876651764,5.123710632324219
1210,0,-4.010000228881836,0.5744887590408325,4.406805038452148
1211,0,-4.010000228881836,0.29354503750801086,5.037236213684082
1212,0,-4.010000228881836,0.28490644693374634,4.917353630065918
1213,0,-4.010000228881836,0.24891206622123718,5.036429405212402
1214,0,-4.010000228881836,0.19635318219661713,5.5001397132873535
1215,0,-4.010000228881836,0.21691714227199554,4.931175231933594
1216,0,-4.010000228881836,0.21439476311206818,5.220273494720459
1217,0,-4.010000228881836,0.18683122098445892,5.212802886962891
1218,0,-4.010000228881836,0.20727556943893433,5.505934715270996
1219,0,-4.010000228881836,0.16733723878860474,5.049260139465332
1220,1,6.260000228881836,0.6071584820747375,7.490919589996338
1221,0,-6.260000228881836,0.5469111204147339,7.354681968688965
1222,1,6.260000228881836,0.6282235980033875,7.652910232543945
1223,1,6.260000228881836,0.6345067024230957,7.64230489730835
1224,0,-6.260000228881836,0.44300782680511475,7.1321868896484375
1225,0,-6.260000228881836,0.45382237434387207,7.168460845947266
1226,0,-6.260000228881836,0.6657312512397766,7.697556972503662
1227,0,-6.260000228881836,0.6017864942550659,7.165597438812256
1228,0,-6.260000228881836,0.5342023968696594,6.722501277923584
1229,0,-6.260000228881836,0.6189698576927185,7.68951940536499
1230,0,-6.260000228881836,0.595798909664154,7.151167869567871
1231,0,-6.260000228881836,0.6473620533943176,7.613985061645508
1232,0,-6.260000228881836,0.6764259338378906,7.316075325012207
1233,0,-6.260000228881836,0.46422046422958374,6.523049354553223
1234,0,-6.260000228881836,0.46883320808410645,6.5662689208984375
1235,0,-6.260000228881836,0.6754367351531982,7.2576117515563965
1236,0,-6.260000228881836,0.46905580163002014,6.914116859436035
1237,0,-6.260000228881836,0.5124679207801819,6.700355052947998
1238,0,-6.260000228881836,0.36876893043518066,6.843359470367432
1239,0,-6.260000228881836,0.3526928722858429,6.792628288269043
1240,0,-6.260000228881836,0.4136998653411865,6.800463676452637
1241,1,6.260000228881836,0.6452751755714417,7.1445112228393555
1242,1,6.260000228881836,0.6393913626670837,7.103397846221924
1243,0,-6.260000228881836,0.45555946230888367,6.969107627868652
1244,1,6.260000228881836,0.5629785060882568,6.564431190490723
1245,0,-6.260000228881836,0.5102149248123169,7.421120643615723
1246,0,-6.260000228881836,0.52029949426651,6.405283451080322
1247,0,-6.260000228881836,0.4540024399757385,6.496123790740967
1248,0,-6.260000228881836,0.47929102182388306,7.149410724639893
1249,0,-6.260000228881836,0.44509217143058777,6.2266998291015625
1250,0,-6.260000228881836,0.3457726836204529,6.818778038024902
1251,0,-6.260000228881836,0.40749311447143555,6.4258832931518555
1252,0,-6.260000228881836,0.37147679924964905,6.195657253265381
1253,0,-6.260000228881836,0.436434268951416,5.652805805206299
1254,0,-6.260000228881836,0.48156434297561646,5.799245834350586
1255,0,-6.260000228881836,0.3960423469543457,5.914410591125488
1256,0,-6.260000228881836,0.4453286826610565,6.697572708129883
1257,0,-6.260000228881836,0.4757058620452881,6.337008953094482
1258,1,5.21999979019165,0.5590375661849976,4.883294582366943
1259,1,5.21999979019165,0.5331602692604065,4.753574371337891
1260,0,-5.21999979019165,0.6269062757492065,4.923648834228516
1261,0,-5.21999979019165,0.32341742515563965,4.134576797485352
1262,0,-5.21999979019165,0.5659303665161133,4.620095252990723
1263,0,-5.21999979019165,0.28431230783462524,3.666825532913208
1264,0,-5.21999979019165,0.36136794090270996,3.924872636795044
1265,0,-5.21999979019165,0.5094493627548218,4.179412841796875
1266,1,5.21999979019165,0.5733832120895386,4.429681301116943
1267,0,-5.21999979019165,0.2975006401538849,4.3244218826293945
1268,0,-5.21999979019165,0.3479343056678772,3.5095322132110596
1269,0,-5.21999979019165,0.41977205872535706,3.3471274375915527
1270,0,-5.21999979019165,0.5595836043357849,3.889122724533081
1271,0,-5.21999979019165,0.4250815510749817,4.055406093597412
1272,0,-5.21999979019165,0.40808141231536865,3.937520980834961
1273,0,-5.21999979019165,0.5335445404052734,3.884329319000244
1274,0,-5.21999979019165,0.33419424295425415,3.498114585876465
1275,0,-5.21999979019165,0.1937900185585022,4.073360443115234
1276,0,-5.21999979019165,0.2743428945541382,3.2543749809265137
1277,0,-5.21999979019165,0.5001718997955322,4.368999481201172
1278,0,-5.21999979019165,0.3978273272514343,3.5491561889648438
1279,1,5.639999866485596,0.6960172057151794,5.014017581939697
1280,0,-5.639999866485596,0.6926345229148865,5.0208330154418945
1281,1,5.639999866485596,0.5561427474021912,5.375791549682617
1282,0,-5.639999866485596,0.520343005657196,5.397867202758789
1283,1,5.639999866485596,0.5315082669258118,5.549140453338623
1284,0,-5.639999866485596,0.46537572145462036,5.205683708190918
1285,0,-5.639999866485596,0.420418918132782,5.664012908935547
1286,0,-5.639999866485596,0.5176288485527039,5.992053985595703
1287,0,-5.639999866485596,0.32459595799446106,5.0389299392700195
1288,0,-5.639999866485596,0.536737322807312,4.891081809997559
1289,0,-5.639999866485596,0.45386359095573425,6.445741653442383
1290,0,-5.639999866485596,0.3219248056411743,5.975738525390625
1291,0,-5.639999866485596,0.4147697687149048,5.0728559494018555
1292,0,-5.639999866485596,0.48884955048561096,4.96175479888916
1293,0,-5.639999866485596,0.35543012619018555,5.948993682861328
1294,0,-5.639999866485596,0.30473849177360535,5.477208137512207
1295,0,-5.639999866485596,0.26887455582618713,5.4899678230285645
1296,0,-5.639999866485596,0.26402372121810913,5.674496173858643
1297,0,-5.639999866485596,0.35145944356918335,5.32362174987793
1298,0,-5.639999866485596,0.3166012763977051,6.243403434753418
1299,0,-5.639999866485596,0.2878001630306244,6.149616718292236
1300,1,5.820000171661377,0.6106579303741455,6.345937728881836
1301,0,-5.820000171661377,0.5410372018814087,5.858850002288818
1302,0,-5.820000171661377,0.44507503509521484,5.476109981536865
1303,0,-5.820000171661377,0.3009350299835205,5.583288192749023
1304,0,-5.820000171661377,0.48042792081832886,6.007180690765381
1305,0,-5.820000171661377,0.5563995838165283,6.140458583831787
1306,0,-5.820000171661377,0.49434900283813477,6.659456729888916
1307,0,-5.820000171661377,0.6108620166778564,5.958495140075684
1308,0,-5.820000171661377,0.23403720557689667,5.849758148193359
1309,0,-5.820000171661377,0.3753221035003662,6.050950527191162
1310,0,-5.820000171661377,0.4490258991718292,6.2255167961120605
1311,0,-5.820000171661377,0.3761723041534424,5.874612808227539
1312,0,-5.820000171661377,0.3154356777667999,6.114863395690918
1313,0,-5.820000171661377,0.5213602781295776,5.745334625244141
1314,0,-5.820000171661377,0.21890266239643097,5.677405834197998
1315,0,-5.820000171661377,0.37927165627479553,6.059661865234375
1316,0,-5.820000171661377,0.3760342597961426,5.699962615966797
1317,0,-5.820000171661377,0.5893316864967346,6.327298641204834
1318,0,-5.820000171661377,0.27721554040908813,5.283238410949707
1319,0,-5.820000171661377,0.25521236658096313,5.952167510986328
1320,0,-5.820000171661377,0.257284939289093,5.881801605224609
1321,1,9.0,0.4328058660030365,5.215264320373535
1322,1,9.0,0.43385130167007446,5.227479457855225
1323,0,-9.0,0.45999810099601746,5.6739115715026855
1324,0,-9.0,0.5562127828598022,5.688504219055176
1325,0,-9.0,0.4947699308395386,6.398916721343994
1326,0,-9.0,0.3697124719619751,5.501605033874512
1327,0,-9.0,0.38073912262916565,5.746207237243652
1328,0,-9.0,0.5105719566345215,5.8799052238464355
1329,0,-9.0,0.3666277825832367,5.269019603729248
1330,0,-9.0,0.36887189745903015,5.647228717803955
1331,0,-9.0,0.22755587100982666,5.676151752471924
1332,0,-9.0,0.24492032825946808,5.373303413391113
1333,0,-9.0,0.3529984652996063,5.666799068450928
1334,0,-9.0,0.2071656435728073,4.620448589324951
1335,0,-9.0,0.24237874150276184,5.051004409790039
1336,0,-9.0,0.37690645456314087,5.645696640014648
1337,0,-9.0,0.2784426510334015,5.191225051879883
1338,0,-9.0,0.1946752667427063,5.308660984039307
1339,0,-9.0,0.28992679715156555,5.549247741699219
1340,0,-9.0,0.21739022433757782,5.901390552520752
1341,0,-9.0,0.20136013627052307,4.876876354217529
1342,1,7.420000076293945,0.731473982334137,8.562374114990234
1343,1,7.420000076293945,0.7273972034454346,8.480138778686523
1344,0,-7.420000076293945,0.7036084532737732,8.280041694641113
1345,1,7.420000076293945,0.7268854379653931,8.650574684143066
1346,0,-7.420000076293945,0.7176125645637512,8.755972862243652
1347,1,9.300000190734863,0.8072682023048401,8.27603816986084
1348,1,9.300000190734863,0.7957764863967896,8.41280460357666
1349,1,8.109999656677246,0.7838407158851624,7.562920570373535
1350,1,8.109999656677246,0.7925533056259155,8.014992713928223
1351,1,7.440000057220459,0.6355616450309753,7.07222843170166
1352,0,-7.440000057220459,0.6699407696723938,7.249809265136719
1353,0,-7.440000057220459,0.6687120199203491,7.345019340515137
1354,1,7.440000057220459,0.6393643617630005,7.330990791320801
1355,1,7.440000057220459,0.6455378532409668,7.368843078613281
1356,0,-7.440000057220459,0.4341578781604767,7.496433258056641
1357,0,-7.440000057220459,0.1959950476884842,6.567783832550049
1358,0,-7.440000057220459,0.2777857184410095,6.217582702636719
1359,0,-7.440000057220459,0.18049901723861694,6.573955059051514
1360,0,-7.440000057220459,0.48549315333366394,6.88877534866333
1361,0,-7.440000057220459,0.13015621900558472,6.0710649490356445
1362,0,-7.440000057220459,0.17615410685539246,6.4301300048828125
1363,0,-7.440000057220459,0.17557339370250702,6.1286234855651855
1364,0,-7.440000057220459,0.23059414327144623,6.529056072235107
1365,0,-7.440000057220459,0.5027410984039307,6.820123195648193
1366,0,-7.440000057220459,0.5641250014305115,6.956086158752441
1367,0,-7.440000057220459,0.1648075133562088,6.335879802703857
1368,0,-7.440000057220459,0.6006006598472595,6.371379852294922
1369,0,-7.440000057220459,0.5974451899528503,6.153624534606934
1370,0,-7.440000057220459,0.36997994780540466,7.090228080749512
1371,0,-7.440000057220459,0.13980573415756226,6.20020055770874
1372,0,-7.800000190734863,0.4376903474330902,7.8189897537231445
1373,1,7.800000190734863,0.6315944790840149,7.392780303955078
1374,0,-7.800000190734863,0.6037652492523193,7.1436638832092285
1375,0,-7.800000190734863,0.46359312534332275,7.827296257019043
1376,0,-7.800000190734863,0.4151446223258972,7.792399883270264
1377,0,-7.800000190734863,0.5835078954696655,7.27595329284668
1378,0,-7.800000190734863,0.43843403458595276,7.608983039855957
1379,0,-7.800000190734863,0.4528387784957886,8.249914169311523
1380,0,-7.800000190734863,0.28309014439582825,6.924725532531738
1381,0,-7.800000190734863,0.09829714149236679,6.891854763031006
1382,0,-7.800000190734863,0.21938706934452057,7.16315221786499
1383,0,-7.800000190734863,0.36813268065452576,7.5155487060546875
1384,0,-7.800000190734863,0.47302165627479553,8.012633323669434
1385,0,-7.800000190734863,0.20261313021183014,7.5906758308410645
1386,0,-7.800000190734863,0.34206604957580566,6.772218704223633
1387,0,-7.800000190734863,0.12372938543558121,7.262908935546875
1388,0,-7.800000190734863,0.3113684058189392,7.6570048332214355
1389,0,-7.800000190734863,0.15681037306785583,6.997495651245117
1390,0,-7.800000190734863,0.2658977508544922,6.717282772064209
1391,0,-7.800000190734863,0.2454002946615219,7.367259979248047
1392,1,8.300000190734863,0.5237048864364624,8.187993049621582
1393,1,8.300000190734863,0.486717164516449,8.16024398803711
1394,0,-8.300000190734863,0.3459947109222412,7.794558048248291
1395,0,-8.300000190734863,0.20952238142490387,6.989159107208252
1396,0,-8.300000190734863,0.19539260864257812,7.206762313842773
1397,0,-8.300000190734863,0.24413849413394928,6.445572853088379
1398,0,-8.300000190734863,0.16938918828964233,6.781330585479736
1399,0,-8.300000190734863,0.17078012228012085,6.314446926116943
1400,0,-8.300000190734863,0.11675745993852615,6.8788371086120605
1401,0,-8.300000190734863,0.198917418718338,6.3729329109191895
1402,0,-8.300000190734863,0.2356797456741333,7.6798176765441895
1403,0,-8.300000190734863,0.18177489936351776,7.562278747558594
1404,0,-8.300000190734863,0.15100157260894775,7.251695156097412
1405,0,-8.300000190734863,0.13714784383773804,7.192739963531494
1406,0,-8.300000190734863,0.17116475105285645,6.209135055541992
1407,1,6.730000019073486,0.7150318026542664,7.287367820739746
1408,1,6.730000019073486,0.6408125758171082,6.661406517028809
1409,1,6.730000019073486,0.6928147077560425,7.1472673416137695
1410,0,-6.730000019073486,0.5415735840797424,6.301535129547119
1411,0,-6.730000019073486,0.5525105595588684,7.040527820587158
1412,0,-6.730000019073486,0.395626962184906,5.824265480041504
1413,0,-6.730000019073486,0.4449450373649597,5.603991508483887
1414,0,-6.730000019073486,0.5156745314598083,7.220614433288574
1415,0,-6.730000019073486,0.3974589705467224,5.268999099731445
1416,1,7.21999979019165,0.5587982535362244,7.100793838500977
1417,0,-7.21999979019165,0.4316762387752533,5.967979431152344
1418,0,-7.21999979019165,0.431024432182312,5.973747730255127
1419,0,-7.21999979019165,0.4465402364730835,5.651437759399414
1420,0,-7.21999979019165,0.4062292277812958,5.626132965087891
1421,0,-7.21999979019165,0.3997943103313446,5.634748458862305
1422,0,-7.21999979019165,0.3673403561115265,5.483123779296875
1423,0,-7.21999979019165,0.3665026128292084,5.429827690124512
1424,0,-7.21999979019165,0.2951337397098541,5.532459259033203
1425,0,-7.21999979019165,0.4527933597564697,6.8718461990356445
1426,0,-7.21999979019165,0.4201030731201172,5.558441162109375
1427,1,7.21999979019165,0.5738981366157532,7.037886619567871
1428,0,-7.21999979019165,0.3379215896129608,6.922671794891357
1429,0,-7.21999979019165,0.5308570861816406,6.911284446716309
1430,0,-7.21999979019165,0.32262927293777466,4.840311050415039
1431,0,-7.21999979019165,0.3078472912311554,6.701426029205322
1432,0,-7.21999979019165,0.4456636905670166,6.738484859466553
1433,0,-7.21999979019165,0.30862128734588623,6.916031837463379
1434,0,-7.21999979019165,0.5270490646362305,5.499334812164307
1435,0,-7.21999979019165,0.3405764102935791,5.2941765785217285
1436,1,5.920000076293945,0.565742552280426,5.219998359680176
1437,0,-5.920000076293945,0.6026971936225891,4.959739685058594
1438,0,-5.920000076293945,0.5096678137779236,4.961824417114258
1439,1,5.920000076293945,0.6252869367599487,5.216354846954346
1440,0,-5.920000076293945,0.5319643616676331,4.783548355102539
1441,0,-5.920000076293945,0.3164770007133484,4.783407688140869
1442,0,-5.920000076293945,0.4375069737434387,4.262215614318848
1443,0,-5.920000076293945,0.5866923928260803,5.147809028625488
1444,0,-5.920000076293945,0.285435289144516,4.3490471839904785
1445,0,-5.920000076293945,0.38623934984207153,4.4534220695495605
1446,0,-5.920000076293945,0.41665056347846985,4.722570419311523
1447,0,-5.920000076293945,0.5045202970504761,4.992513656616211
1448,0,-5.920000076293945,0.2812274992465973,5.021868705749512
1449,0,-5.920000076293945,0.41241371631622314,4.803949356079102
1450,0,-5.920000076293945,0.2897007465362549,5.130212306976318
1451,0,-5.920000076293945,0.3888431489467621,5.080295085906982
1452,0,-5.920000076293945,0.32806915044784546,4.878910541534424
1453,0,-5.920000076293945,0.3324163556098938,4.427206993103027
1454,0,-5.920000076293945,0.4578859210014343,4.903136253356934
1455,0,-5.920000076293945,0.3325531780719757,4.896234035491943
1456,0,-5.920000076293945,0.2503807842731476,4.643570899963379
1457,1,5.849999904632568,0.5622374415397644,5.543876647949219
1458,0,-5.849999904632568,0.5935668349266052,5.190247058868408
1459,1,5.849999904632568,0.5860142707824707,5.7678751945495605
1460,0,-5.849999904632568,0.5631957054138184,5.767189979553223
1461,1,5.849999904632568,0.5820634961128235,5.622335433959961
1462,0,-5.849999904632568,0.5780766606330872,5.43123197555542
1463,1,5.849999904632568,0.5279470682144165,5.3096089363098145
1464,0,-5.849999904632568,0.5423007607460022,5.604137897491455
1465,0,-5.849999904632568,0.48117581009864807,5.129121780395508
1466,0,-5.849999904632568,0.3862498104572296,5.3993306159973145
1467,0,-5.849999904632568,0.46106216311454773,6.133294582366943
1468,0,-5.849999904632568,0.5420643091201782,6.0132904052734375
1469,0,-5.849999904632568,0.39129772782325745,5.319007873535156
1470,0,-5.849999904632568,0.419348806142807,6.369607448577881
1471,0,-5.849999904632568,0.3484199643135071,5.774073123931885
1472,0,-5.849999904632568,0.3042626976966858,5.956066608428955
1473,0,-5.849999904632568,0.27474212646484375,6.403477668762207
1474,0,-5.849999904632568,0.28936657309532166,6.100307464599609
1475,0,-5.849999904632568,0.32319799065589905,5.6701507568359375
1476,0,-5.849999904632568,0.44056543707847595,6.09124231338501
1477,0,-5.849999904632568,0.2768075168132782,6.340628147125244
1478,1,2.5199999809265137,0.20826713740825653,3.312333822250366
1479,0,-2.5199999809265137,0.4098382592201233,2.7137091159820557
1480,0,-2.5199999809265137,0.5095570087432861,2.9782166481018066
1481,0,-2.5199999809265137,0.2571047842502594,3.1824660301208496
1482,0,-2.5199999809265137,0.3133128881454468,3.0518152713775635
1483,0,-2.5199999809265137,0.27332979440689087,2.8515405654907227
1484,0,-2.5199999809265137,0.3582681715488434,2.4553380012512207
1485,0,-2.5199999809265137,0.23182623088359833,3.253211736679077
1486,0,-2.5199999809265137,0.298890620470047,2.4415671825408936
1487,0,-2.5199999809265137,0.30648937821388245,2.8274364471435547
1488,1,2.5199999809265137,0.20109926164150238,3.102633476257324
1489,0,-2.5199999809265137,0.17081205546855927,3.4862751960754395
1490,0,-2.5199999809265137,0.2854026257991791,2.7358787059783936
1491,0,-2.5199999809265137,0.2798437774181366,3.12355375289917
1492,0,-2.5199999809265137,0.33017587661743164,3.2010555267333984
1493,0,-2.5199999809265137,0.24488888680934906,2.5747475624084473
1494,0,-2.5199999809265137,0.19064542651176453,3.2048912048339844
1495,0,-2.5199999809265137,0.2560453414916992,2.5380918979644775
1496,0,-2.5199999809265137,0.2283008098602295,2.9858248233795166
1497,0,-2.5199999809265137,0.25108471512794495,2.9292960166931152
1498,0,-2.5199999809265137,0.22993558645248413,3.3005824089050293
1499,1,3.299999952316284,0.45641520619392395,3.3648276329040527
1500,1,3.299999952316284,0.4188646972179413,3.441340684890747
1501,0,-3.299999952316284,0.5085591673851013,2.8142316341400146
1502,0,-3.299999952316284,0.528967559337616,2.863800287246704
1503,0,-3.299999952316284,0.47403764724731445,2.984489679336548
1504,0,-3.299999952316284,0.36425480246543884,3.8706932067871094
1505,0,-3.299999952316284,0.4268312156200409,3.1725854873657227
1506,0,-3.299999952316284,0.5793896317481995,3.0665416717529297
1507,0,-3.299999952316284,0.36544492840766907,3.3935532569885254
1508,0,-3.299999952316284,0.48500320315361023,2.989778757095337
1509,0,-3.299999952316284,0.4132876694202423,3.108494520187378
1510,0,-3.299999952316284,0.43503260612487793,3.5673298835754395
1511,0,-3.299999952316284,0.4264735281467438,3.321617841720581
1512,0,-3.299999952316284,0.3287828266620636,3.4884674549102783
1513,0,-3.299999952316284,0.3364362418651581,3.5506064891815186
1514,0,-3.299999952316284,0.4793355464935303,2.933882474899292
1515,0,-3.299999952316284,0.3311822712421417,3.916965961456299
1516,0,-3.299999952316284,0.39469096064567566,3.2252249717712402
1517,0,-3.299999952316284,0.4221882224082947,3.6672022342681885
1518,0,-3.299999952316284,0.45737460255622864,2.95021915435791
1519,1,2.2899999618530273,0.5567302107810974,2.869948387145996
1520,1,2.2899999618530273,0.5468898415565491,2.861820936203003
1521,0,-2.2899999618530273,0.42825865745544434,2.9060869216918945
1522,0,-2.2899999618530273,0.47588780522346497,2.757706642150879
1523,0,-2.2899999618530273,0.4870307445526123,2.8852388858795166
1524,0,-2.2899999618530273,0.5163429975509644,2.83778715133667
1525,0,-2.2899999618530273,0.4275243282318115,2.8148670196533203
1526,0,-2.2899999618530273,0.41518476605415344,2.975649833679199
1527,0,-2.2899999618530273,0.4556270241737366,2.8572423458099365
1528,0,-2.2899999618530273,0.42299044132232666,2.883315086364746
1529,0,-2.2899999618530273,0.3985525965690613,3.0073940753936768
1530,0,-2.2899999618530273,0.4269182085990906,2.8758065700531006
1531,0,-2.2899999618530273,0.42140859365463257,2.9164953231811523
1532,0,-2.2899999618530273,0.38256317377090454,3.3974359035491943
1533,0,-2.2899999618530273,0.3910463750362396,3.0646238327026367
1534,0,-2.2899999618530273,0.3761916160583496,3.0025970935821533
1535,0,-2.2899999618530273,0.42813536524772644,2.985697031021118
1536,0,-2.2899999618530273,0.41449376940727234,3.1714534759521484
1537,0,-2.2899999618530273,0.36938339471817017,3.110891580581665
1538,0,-2.2899999618530273,0.42379096150398254,3.178429126739502
1539,0,-2.2899999618530273,0.378552109003067,3.0051698684692383
1540,1,7.519999980926514,0.6361099481582642,7.624753952026367
1541,1,7.519999980926514,0.6320860385894775,7.594575881958008
1542,0,-7.519999980926514,0.5533425211906433,7.586226940155029
1543,0,-7.519999980926514,0.3598477840423584,6.892011642456055
1544,0,-7.519999980926514,0.25994977355003357,6.978601455688477
1545,0,-7.519999980926514,0.41903263330459595,6.8733391761779785
1546,0,-7.519999980926514,0.29226016998291016,7.171148300170898
1547,0,-7.519999980926514,0.31988027691841125,7.0645246505737305
1548,0,-7.519999980926514,0.3610664904117584,6.920205593109131
1549,0,-7.519999980926514,0.3950979709625244,6.3118743896484375
1550,0,-7.519999980926514,0.3009893000125885,6.849259376525879
1551,0,-7.519999980926514,0.27942225337028503,6.588166236877441
1552,0,-7.519999980926514,0.3428860604763031,6.8466410636901855
1553,0,-7.519999980926514,0.2507387697696686,6.199656009674072
1554,0,-7.519999980926514,0.35454392433166504,5.9978790283203125
1555,0,-7.519999980926514,0.2953771948814392,6.446266174316406
1556,1,5.769999980926514,0.7335829734802246,6.037108421325684
1557,1,5.769999980926514,0.6823650002479553,5.987292766571045
1558,0,-5.769999980926514,0.17348191142082214,5.273186206817627
1559,0,-5.769999980926514,0.23645028471946716,5.226130485534668
1560,0,-5.769999980926514,0.13187958300113678,5.016942977905273
1561,0,-5.769999980926514,0.3864794075489044,4.741208076477051
1562,0,-5.769999980926514,0.2135128676891327,5.374782562255859
1563,0,-5.769999980926514,0.3696582019329071,4.208060264587402
1564,0,-5.769999980926514,0.4316715896129608,5.284805774688721
1565,0,-5.769999980926514,0.20868726074695587,4.831660747528076
1566,0,-5.769999980926514,0.20174932479858398,5.653339862823486
1567,0,-5.769999980926514,0.13888289034366608,5.621669769287109
1568,0,-5.769999980926514,0.20315223932266235,5.917525291442871
1569,0,-5.769999980926514,0.14410968124866486,4.888431549072266
1570,0,-5.769999980926514,0.20582467317581177,5.285390377044678
1571,0,-5.769999980926514,0.20981021225452423,4.833324909210205
1572,0,-5.769999980926514,0.1981869786977768,5.15701961517334
1573,0,-5.769999980926514,0.18886037170886993,5.432589530944824
1574,0,-5.769999980926514,0.13224945962429047,4.699552059173584
1575,0,-5.769999980926514,0.13483035564422607,5.207183837890625
1576,1,2.8399999141693115,0.6225125193595886,3.4440317153930664
1577,1,2.8399999141693115,0.6104608774185181,3.360980272293091
1578,0,-2.8399999141693115,0.5660566091537476,3.7131450176239014
1579,0,-2.8399999141693115,0.6252680420875549,3.1807851791381836
1580,0,-2.8399999141693115,0.31970444321632385,3.4170072078704834
1581,0,-2.8399999141693115,0.5484874248504639,3.194899559020996
1582,0,-2.8399999141693115,0.2762393355369568,3.584003448486328
1583,0,-2.8399999141693115,0.5611671805381775,2.8645265102386475
1584,0,-2.8399999141693115,0.42749935388565063,2.9666810035705566
1585,0,-2.8399999141693115,0.4257766306400299,2.9646010398864746
1586,0,-2.8399999141693115,0.4061773121356964,3.403066635131836
1587,0,-2.8399999141693115,0.3716316521167755,3.398918628692627
1588,0,-2.8399999141693115,0.48756641149520874,2.84671688079834
1589,0,-2.8399999141693115,0.371746301651001,3.1420669555664062
1590,0,-2.8399999141693115,0.44650405645370483,3.2246978282928467
1591,0,-2.8399999141693115,0.43174126744270325,2.89522385597229
1592,0,-2.8399999141693115,0.3696894347667694,3.1574132442474365
1593,0,-2.8399999141693115,0.42790108919143677,2.888576030731201
1594,0,-2.8399999141693115,0.36883342266082764,3.2062196731567383
1595,0,-2.8399999141693115,0.5350823998451233,3.3634583950042725
1596,0,-8.569999694824219,0.5583229660987854,5.954174041748047
1597,1,8.569999694824219,0.7417442798614502,6.82257080078125
1598,0,-8.569999694824219,0.6988319158554077,5.757686614990234
1599,0,-8.569999694824219,0.6929495930671692,5.722278594970703
1600,0,-8.569999694824219,0.602655291557312,6.070493698120117
1601,0,-8.569999694824219,0.2028319388628006,5.705827713012695
1602,0,-8.569999694824219,0.4932662546634674,5.949367046356201
1603,0,-8.569999694824219,0.41358527541160583,5.433162689208984
1604,0,-8.569999694824219,0.20898684859275818,5.496454238891602
1605,0,-8.569999694824219,0.4626602828502655,5.306145668029785
1606,0,-8.569999694824219,0.19151706993579865,5.268314838409424
1607,0,-8.569999694824219,0.25622978806495667,5.776985168457031
1608,0,-8.569999694824219,0.5475228428840637,5.686157703399658
1609,0,-8.569999694824219,0.2650074362754822,5.378706932067871
1610,0,-8.569999694824219,0.29115158319473267,5.581250190734863
1611,0,-8.569999694824219,0.2649894654750824,5.369446277618408
1612,0,-8.569999694824219,0.1959839016199112,5.4358367919921875
1613,0,-8.569999694824219,0.15982800722122192,5.776358604431152
1614,0,-8.569999694824219,0.21338774263858795,5.491772651672363
1615,0,-8.569999694824219,0.13716530799865723,5.741211891174316
1616,0,-8.569999694824219,0.23233307898044586,5.582420349121094
1617,1,7.320000171661377,0.7496383786201477,6.939177513122559
1618,1,7.320000171661377,0.7327387928962708,7.213868141174316
1619,0,-7.320000171661377,0.5739794969558716,6.795718193054199
1620,0,-7.320000171661377,0.5450345277786255,6.271204948425293
1621,0,-7.320000171661377,0.5698696970939636,6.621800422668457
1622,0,-7.320000171661377,0.42790958285331726,7.061728000640869
1623,0,-7.320000171661377,0.5723081827163696,6.943233966827393
1624,0,-7.320000171661377,0.4951951205730438,6.318295478820801
1625,0,-7.320000171661377,0.6262320280075073,6.741851329803467
1626,0,-7.320000171661377,0.43038997054100037,6.096712112426758
1627,0,-7.320000171661377,0.2752206027507782,6.140734672546387
1628,0,-7.320000171661377,0.485414981842041,6.673664569854736
1629,0,-7.320000171661377,0.5249907374382019,6.3358259201049805
1630,1,7.320000171661377,0.6586480140686035,7.37456750869751
1631,0,-7.320000171661377,0.39069876074790955,6.91788911819458
1632,0,-7.320000171661377,0.30241572856903076,6.1267619132995605
1633,0,-7.320000171661377,0.29150283336639404,6.527291297912598
1634,0,-7.320000171661377,0.2153157889842987,5.864125728607178
1635,0,-7.320000171661377,0.4564041197299957,6.656260013580322
1636,0,-7.320000171661377,0.5233684182167053,6.7948408126831055
1637,1,4.300000190734863,0.5781988501548767,5.004441738128662
1638,1,4.300000190734863,0.6143279671669006,5.466714859008789
1639,1,4.300000190734863,0.6513722538948059,5.540374755859375
1640,0,-4.300000190734863,0.6265715956687927,5.9369893074035645
1641,0,-4.300000190734863,0.5014814734458923,5.069248199462891
1642,0,-4.300000190734863,0.41716066002845764,5.554595470428467
1643,0,-4.300000190734863,0.17884068191051483,5.687507629394531
1644,0,-4.300000190734863,0.172763392329216,6.483300685882568
1645,0,-4.300000190734863,0.39549505710601807,6.147401332855225
1646,0,-4.300000190734863,0.3922360837459564,4.994672775268555
1647,0,-4.300000190734863,0.24749909341335297,5.732926368713379
1648,0,-4.300000190734863,0.4488396942615509,5.872138977050781
1649,0,-4.300000190734863,0.26341256499290466,5.5255126953125
1650,0,-4.300000190734863,0.6407507061958313,5.799107074737549
1651,0,-4.300000190734863,0.27741900086402893,5.728982448577881
1652,0,-4.300000190734863,0.2081456333398819,6.033097267150879
1653,0,-4.300000190734863,0.31574249267578125,6.153841972351074
1654,0,-4.300000190734863,0.1601298749446869,5.962683200836182
1655,0,-4.300000190734863,0.35572147369384766,4.721197128295898
1656,0,-4.300000190734863,0.4833282232284546,5.658646583557129
1657,0,-4.300000190734863,0.38959434628486633,4.702093601226807
1658,1,4.429999828338623,0.5449590682983398,5.089160442352295
1659,0,-4.429999828338623,0.5400185585021973,5.020155906677246
1660,0,-4.429999828338623,0.6125796437263489,5.309532642364502
1661,0,-4.429999828338623,0.5798283815383911,4.95304012298584
1662,0,-4.429999828338623,0.47931355237960815,4.857814311981201
1663,0,-4.429999828338623,0.5382878184318542,4.672393798828125
1664,0,-4.429999828338623,0.5160088539123535,5.153197765350342
1665,0,-4.429999828338623,0.5650357007980347,5.114117622375488
1666,0,-4.429999828338623,0.5557208061218262,4.712250232696533
1667,0,-4.429999828338623,0.5632166266441345,5.478774547576904
1668,0,-4.429999828338623,0.523293137550354,5.0734405517578125
1669,0,-4.429999828338623,0.5841066837310791,5.077693939208984
1670,0,-4.429999828338623,0.5866098403930664,5.076101303100586
1671,0,-4.429999828338623,0.5432606935501099,5.274569511413574
1672,1,4.429999828338623,0.5606817603111267,5.1067376136779785
1673,0,-4.429999828338623,0.5700110197067261,5.120691299438477
1674,0,-4.429999828338623,0.5662239789962769,4.971025466918945
1675,0,-4.429999828338623,0.5593060851097107,5.258565425872803
1676,1,4.429999828338623,0.4892905354499817,4.9029130935668945
1677,0,-4.429999828338623,0.4928174912929535,5.174516201019287
1678,1,7.960000038146973,0.29873836040496826,4.652847766876221
1679,1,7.960000038146973,0.31111711263656616,4.902438640594482
1680,0,-7.960000038146973,0.4346591532230377,5.800857067108154
1681,0,-7.960000038146973,0.4052259922027588,5.261343955993652
1682,0,-7.960000038146973,0.4531595706939697,5.8699631690979
1683,0,-7.960000038146973,0.2155904471874237,4.985942840576172
1684,0,-7.960000038146973,0.34783896803855896,5.914945602416992
1685,0,-7.960000038146973,0.2953077256679535,5.6898651123046875
1686,0,-7.960000038146973,0.3296484649181366,5.10675048828125
1687,0,-7.960000038146973,0.37597963213920593,5.022725582122803
1688,0,-7.960000038146973,0.35289502143859863,5.342288017272949
1689,0,-7.960000038146973,0.2948157787322998,4.922428607940674
1690,0,-7.960000038146973,0.30612534284591675,6.029885768890381
1691,0,-7.960000038146973,0.31558957695961,4.759241104125977
1692,0,-7.960000038146973,0.31318068504333496,5.304731369018555
1693,0,-7.960000038146973,0.2552967965602875,4.895364284515381
1694,0,-7.960000038146973,0.22758382558822632,5.304771423339844
1695,0,-7.960000038146973,0.19766904413700104,5.0541462898254395
1696,0,-7.960000038146973,0.2252117395401001,5.136110305786133
1697,0,-7.960000038146973,0.16834627091884613,4.99284553527832
1698,1,7.46999979019165,0.6807442307472229,4.6621904373168945
1699,0,-7.46999979019165,0.7157890200614929,5.201876640319824
1700,0,-7.46999979019165,0.5948664546012878,4.739423751831055
1701,1,7.46999979019165,0.717701256275177,4.7305498123168945
1702,0,-7.46999979019165,0.5625097751617432,5.085079669952393
1703,0,-7.46999979019165,0.6494274735450745,5.013326644897461
1704,0,-7.46999979019165,0.6619928479194641,4.863248825073242
1705,0,-7.46999979019165,0.5907439589500427,4.637575149536133
1706,0,-7.46999979019165,0.4814126193523407,5.3073649406433105
1707,0,-7.46999979019165,0.37352514266967773,5.190486907958984
1708,0,-7.46999979019165,0.3540971577167511,5.190948486328125
1709,0,-7.46999979019165,0.6752598285675049,4.993515968322754
1710,0,-7.46999979019165,0.5114070773124695,4.7981977462768555
1711,0,-7.46999979019165,0.546069324016571,5.665596008300781
1712,0,-7.46999979019165,0.33047041296958923,5.52306604385376
1713,0,-7.46999979019165,0.43918025493621826,4.530401706695557
1714,0,-7.46999979019165,0.38485708832740784,4.53727388381958
1715,0,-7.46999979019165,0.32391661405563354,5.202981948852539
1716,0,-7.46999979019165,0.4093223214149475,5.075568199157715
1717,0,-7.46999979019165,0.35275745391845703,4.582483768463135
1718,0,-7.46999979019165,0.40211257338523865,4.9886555671691895
1719,1,8.520000457763672,0.5161222815513611,7.404885292053223
1720,1,8.520000457763672,0.47487732768058777,7.144028186798096
1721,0,-8.520000457763672,0.2344691902399063,6.017098903656006
1722,0,-8.520000457763672,0.19280162453651428,6.169040679931641
1723,1,2.119999885559082,0.5211831331253052,3.888378858566284
1724,0,-2.119999885559082,0.5154581069946289,3.2826459407806396
1725,0,-2.119999885559082,0.3819125294685364,4.086206912994385
1726,0,-2.119999885559082,0.376535028219223,3.860121726989746
1727,1,2.119999885559082,0.4464227855205536,3.8207359313964844
1728,0,-2.119999885559082,0.34623488783836365,5.105736255645752
1729,0,-2.119999885559082,0.31890711188316345,4.157924652099609
1730,0,-2.119999885559082,0.3763261139392853,3.885871410369873
1731,0,-2.119999885559082,0.3237415552139282,4.686756134033203
1732,0,-2.119999885559082,0.25154194235801697,4.718710422515869
1733,0,-2.119999885559082,0.38663288950920105,4.4822258949279785
1734,0,-2.119999885559082,0.44182533025741577,3.8516478538513184
1735,0,-2.119999885559082,0.29628273844718933,4.3626580238342285
1736,0,-2.119999885559082,0.5254503488540649,3.818688154220581
1737,0,-2.119999885559082,0.29039210081100464,4.837189674377441
1738,0,-2.119999885559082,0.48305532336235046,3.4176387786865234
1739,0,-2.119999885559082,0.35608479380607605,4.388739585876465
1740,0,-2.119999885559082,0.3142618238925934,3.524953603744507
1741,0,-2.119999885559082,0.2980089485645294,3.734528064727783
1742,0,-2.119999885559082,0.24595750868320465,4.769985198974609
1743,0,-2.119999885559082,0.4167298674583435,4.3680291175842285
1744,1,9.539999961853027,0.7349436283111572,8.205266952514648
1745,1,9.539999961853027,0.7334219217300415,8.18506908416748
1746,1,9.539999961853027,0.7356023192405701,8.20409870147705
1747,0,-9.539999961853027,0.7133432030677795,7.979260444641113
1748,0,-9.539999961853027,0.7095857262611389,8.125777244567871
1749,1,7.400000095367432,0.6292940378189087,7.719837188720703
1750,0,-7.400000095367432,0.6273043751716614,7.936933517456055
1751,0,-7.400000095367432,0.6303385496139526,8.100991249084473
1752,0,-7.400000095367432,0.6365809440612793,7.743350505828857
1753,0,-7.400000095367432,0.617378830909729,8.205900192260742
1754,0,-7.400000095367432,0.45099395513534546,6.572887420654297
1755,0,-7.400000095367432,0.6396022439002991,7.2904510498046875
1756,0,-7.400000095367432,0.6099651455879211,7.319037437438965
1757,0,-7.400000095367432,0.5223501324653625,6.3191399574279785
1758,0,-7.400000095367432,0.49184221029281616,6.159030437469482
1759,0,-7.400000095367432,0.49541977047920227,7.020201683044434
1760,0,-7.400000095367432,0.49284255504608154,6.593137264251709
1761,0,-7.400000095367432,0.6224135756492615,6.559791088104248
1762,0,-7.400000095367432,0.5795383453369141,7.955029487609863
1763,0,-7.400000095367432,0.505452036857605,6.8333258628845215
1764,0,-7.400000095367432,0.5514857769012451,6.103427886962891
1765,0,-7.400000095367432,0.6897803544998169,6.05062198638916
1766,0,-7.400000095367432,0.4607169032096863,6.898905277252197
1767,0,-7.400000095367432,0.47634005546569824,5.988315582275391
1768,0,-7.400000095367432,0.4038657546043396,6.30672550201416
1769,0,-7.400000095367432,0.5557158589363098,6.415839195251465
1770,1,7.119999885559082,0.7890446782112122,8.583812713623047
1771,1,7.119999885559082,0.7908837199211121,8.517041206359863
1772,0,-7.119999885559082,0.7801701426506042,8.402284622192383
1773,0,-7.119999885559082,0.8069666624069214,8.891703605651855
1774,0,-7.119999885559082,0.7832221388816833,8.44543743133545
1775,1,2.569999933242798,0.6536677479743958,3.701256036758423
1776,1,2.569999933242798,0.6503150463104248,3.718876361846924
1777,1,2.569999933242798,0.6037819981575012,3.6701791286468506
1778,0,-2.569999933242798,0.412524938583374,5.02053165435791
1779,0,-2.569999933242798,0.37232154607772827,5.03233003616333
1780,1,2.569999933242798,0.4717363119125366,3.823976516723633
1781,0,-2.569999933242798,0.338666707277298,4.729167938232422
1782,1,2.569999933242798,0.5246656537055969,3.7338876724243164
1783,0,-2.569999933242798,0.3164297938346863,4.825957775115967
1784,0,-2.569999933242798,0.33930936455726624,4.719635963439941
1785,0,-2.569999933242798,0.3281530439853668,4.799246788024902
1786,0,-2.569999933242798,0.2879484295845032,4.676230430603027
1787,1,2.569999933242798,0.44047290086746216,3.9308459758758545
1788,1,2.569999933242798,0.43320220708847046,3.976824998855591
1789,0,-2.569999933242798,0.30819281935691833,4.309678077697754
1790,0,-2.569999933242798,0.29712334275245667,4.435638904571533
1791,0,-2.569999933242798,0.28412768244743347,4.3767595291137695
1792,0,-2.569999933242798,0.41217726469039917,4.003920555114746
1793,0,-2.569999933242798,0.271740585565567,4.507521629333496
1794,0,-2.569999933242798,0.3127376139163971,4.139660835266113
1795,1,5.019999980926514,0.7081542611122131,7.993405818939209
1796,1,5.019999980926514,0.6627740859985352,7.646739959716797
1797,0,-5.019999980926514,0.6109040379524231,7.9060540199279785
1798,0,-5.019999980926514,0.2805793285369873,7.270179271697998
1799,0,-5.019999980926514,0.26175782084465027,7.32525634765625
1800,0,-5.019999980926514,0.45821377635002136,8.21212100982666
1801,0,-5.019999980926514,0.3813181519508362,7.548406600952148
1802,0,-5.019999980926514,0.38391730189323425,7.62363338470459
1803,0,-5.019999980926514,0.41130760312080383,8.44629955291748
1804,0,-5.019999980926514,0.35694974660873413,7.372968673706055
1805,0,-5.019999980926514,0.40015387535095215,7.54245662689209
1806,0,-5.019999980926514,0.2568592131137848,7.797191143035889
1807,0,-5.019999980926514,0.3208235502243042,8.009018898010254
1808,0,-5.019999980926514,0.3471401035785675,6.892911911010742
1809,0,-5.019999980926514,0.34427785873413086,7.590611457824707
1810,1,5.960000038146973,0.6811407804489136,6.661165714263916
1811,1,5.960000038146973,0.6738379597663879,6.639346599578857
1812,1,5.960000038146973,0.6126067042350769,6.361340522766113
1813,0,-5.960000038146973,0.6193035840988159,6.687859058380127
1814,0,-5.960000038146973,0.5215765833854675,6.253036975860596
1815,0,-5.960000038146973,0.48827534914016724,5.837149143218994
1816,0,-5.960000038146973,0.410651296377182,6.35404634475708
1817,0,-5.960000038146973,0.5010815858840942,6.272790908813477
1818,0,-5.960000038146973,0.45254257321357727,6.520256996154785
1819,0,-5.960000038146973,0.5485332012176514,6.711918354034424
1820,0,-5.960000038146973,0.3520582616329193,5.558784008026123
1821,0,-5.960000038146973,0.5052852034568787,6.6437153816223145
1822,0,-5.960000038146973,0.4629761874675751,6.078871250152588
1823,0,-5.960000038146973,0.35470402240753174,6.21906042098999
1824,0,-5.960000038146973,0.4172208607196808,6.237915515899658
1825,0,-5.960000038146973,0.32663142681121826,6.074406623840332
1826,1,4.650000095367432,0.6209567785263062,5.368551254272461
1827,1,4.650000095367432,0.6026595830917358,5.3171796798706055
1828,0,-4.650000095367432,0.3996503949165344,5.412688255310059
1829,0,-4.650000095367432,0.3223733603954315,4.983005046844482
1830,0,-4.650000095367432,0.4725227653980255,5.048672676086426
1831,0,-4.650000095367432,0.39972221851348877,4.090295314788818
1832,0,-4.650000095367432,0.5383045673370361,5.366599082946777
1833,0,-4.650000095367432,0.5086255073547363,5.128162384033203
1834,0,-4.650000095367432,0.368195116519928,5.871601104736328
1835,0,-4.650000095367432,0.2134602665901184,5.741580009460449
1836,0,-4.650000095367432,0.3470997214317322,5.902820110321045
1837,0,-4.650000095367432,0.47459709644317627,5.022932529449463
1838,0,-4.650000095367432,0.37708136439323425,6.088799476623535
1839,0,-4.650000095367432,0.3603476285934448,5.993137359619141
1840,0,-4.650000095367432,0.47311723232269287,4.989954471588135
1841,0,-4.650000095367432,0.4198600649833679,5.717662334442139
1842,0,-4.650000095367432,0.4189336895942688,5.410550117492676
1843,0,-4.650000095367432,0.3803924024105072,4.864312171936035
1844,0,-4.650000095367432,0.43112871050834656,4.8852458000183105
1845,0,-4.650000095367432,0.28727900981903076,5.104679107666016
1846,1,8.850000381469727,0.7327861785888672,8.47097110748291
1847,1,8.850000381469727,0.7328895926475525,8.49539852142334
1848,0,-8.850000381469727,0.6930021643638611,8.524909019470215
1849,0,-8.850000381469727,0.7086551785469055,7.7846550941467285
1850,1,8.0,0.7216430902481079,6.309758186340332
1851,1,8.0,0.7226197123527527,6.365757942199707
1852,0,-8.0,0.5885445475578308,7.127761363983154
1853,0,-8.0,0.671377956867218,7.301257133483887
1854,1,4.380000114440918,0.5913293361663818,5.620184898376465
1855,1,4.380000114440918,0.5762545466423035,5.724776268005371
1856,0,-4.380000114440918,0.5563263893127441,5.296244144439697
1857,1,4.380000114440918,0.5799708962440491,5.645523548126221
1858,0,-4.380000114440918,0.5477843284606934,4.964866638183594
1859,0,-4.380000114440918,0.5432448387145996,5.493371963500977
1860,0,-4.380000114440918,0.5681089758872986,4.968320846557617
1861,0,-4.380000114440918,0.5337383151054382,5.451045513153076
1862,0,-4.380000114440918,0.5559311509132385,4.578144073486328
1863,0,-4.380000114440918,0.5289269089698792,4.902742385864258
1864,0,-4.380000114440918,0.5403450727462769,5.087625980377197
1865,0,-4.380000114440918,0.5663321614265442,5.298673152923584
1866,0,-4.380000114440918,0.5474135875701904,5.538417816162109
1867,0,-4.380000114440918,0.5401636362075806,5.164494514465332
1868,0,-4.380000114440918,0.5637791156768799,4.929635047912598
1869,0,-4.380000114440918,0.534723699092865,4.47700309753418
1870,0,-4.380000114440918,0.5531750321388245,4.908714294433594
1871,0,-4.380000114440918,0.5509415864944458,4.80305814743042
1872,0,-4.380000114440918,0.5158656239509583,4.576701641082764
1873,0,-4.380000114440918,0.5471413731575012,4.771271705627441
1874,0,-4.380000114440918,0.5022937059402466,4.984894752502441
1875,1,4.800000190734863,0.6705428957939148,3.506880283355713
1876,1,4.800000190734863,0.6456663012504578,3.467892646789551
1877,0,-4.800000190734863,0.6598796248435974,3.2979774475097656
1878,0,-4.800000190734863,0.4924507737159729,3.846285581588745
1879,0,-4.800000190734863,0.5630618929862976,3.582852602005005
1880,0,-4.800000190734863,0.5045713186264038,4.049618244171143
1881,0,-4.800000190734863,0.519084095954895,4.39779806137085
1882,0,-4.800000190734863,0.5739876627922058,3.9488635063171387
1883,0,-4.800000190734863,0.6468901634216309,3.274609088897705
1884,1,4.800000190734863,0.6222388744354248,3.6712088584899902
1885,0,-4.800000190734863,0.4333888292312622,4.503989219665527
1886,0,-4.800000190734863,0.48187482357025146,4.319162368774414
1887,0,-4.800000190734863,0.4916950762271881,4.515894889831543
1888,0,-4.800000190734863,0.34763675928115845,4.530324459075928
1889,0,-4.800000190734863,0.530403196811676,4.131885051727295
1890,0,-4.800000190734863,0.322404146194458,4.5818071365356445
1891,0,-4.800000190734863,0.48295897245407104,4.478943347930908
1892,0,-4.800000190734863,0.4475998282432556,4.485890865325928
1893,0,-4.800000190734863,0.2999153435230255,4.774030685424805
1894,0,-4.800000190734863,0.3133988380432129,5.018179416656494
1895,0,-4.800000190734863,0.3120226263999939,4.103246688842773
1896,1,8.819999694824219,0.4695523977279663,7.261702537536621
1897,0,-8.819999694824219,0.5260252356529236,7.6459641456604
1898,0,-8.819999694824219,0.4858350455760956,7.60660457611084
1899,0,-8.819999694824219,0.5013121962547302,7.854792594909668
1900,0,-8.819999694824219,0.4995078444480896,7.795347690582275
1901,0,-8.819999694824219,0.45815637707710266,7.770403861999512
1902,0,-8.819999694824219,0.5460407137870789,7.225427150726318
1903,0,-8.819999694824219,0.4894150197505951,7.616901397705078
1904,0,-8.819999694824219,0.41415414214134216,7.25656270980835
1905,0,-8.819999694824219,0.4097878336906433,6.99432897567749
1906,0,-8.819999694824219,0.4727315604686737,7.372013568878174
1907,0,-8.819999694824219,0.5371421575546265,7.7967023849487305
1908,0,-8.819999694824219,0.38064202666282654,7.482755661010742
1909,0,-8.819999694824219,0.5047045350074768,7.242393493652344
1910,0,-8.819999694824219,0.4940683841705322,7.693741798400879
1911,1,8.819999694824219,0.4444333016872406,7.092802047729492
1912,0,-8.819999694824219,0.5443882942199707,7.578042030334473
1913,0,-8.819999694824219,0.3826870024204254,7.368719100952148
1914,0,-8.819999694824219,0.48617246747016907,7.454226493835449
1915,1,8.819999694824219,0.47899994254112244,7.196694850921631
1916,0,-8.819999694824219,0.29943740367889404,7.143518447875977
1917,1,6.869999885559082,0.5370097160339355,7.832995891571045
1918,0,-6.869999885559082,0.5934969186782837,7.53350830078125
1919,0,-6.869999885559082,0.5686860680580139,7.740877151489258
1920,0,-6.869999885559082,0.5409016013145447,7.588464736938477
1921,1,6.869999885559082,0.6003381013870239,7.452853202819824
1922,1,6.869999885559082,0.5446702837944031,7.627044677734375
1923,1,6.869999885559082,0.5334986448287964,8.045343399047852
1924,1,6.869999885559082,0.4865311086177826,7.645201683044434
1925,1,6.869999885559082,0.47277161478996277,7.518855571746826
1926,0,-6.869999885559082,0.5615555644035339,7.568584442138672
1927,0,-6.869999885559082,0.5427060723304749,7.790175437927246
1928,0,-6.869999885559082,0.3604731261730194,7.22101354598999
1929,0,-6.869999885559082,0.6079946160316467,7.887108325958252
1930,0,-6.869999885559082,0.5341302752494812,7.952419281005859
1931,0,-6.869999885559082,0.42599523067474365,7.339864730834961
1932,0,-6.869999885559082,0.35699814558029175,7.669549942016602
1933,1,6.869999885559082,0.5169284343719482,7.693005561828613
1934,0,-6.869999885559082,0.6603811383247375,7.016376495361328
1935,0,-6.869999885559082,0.5112887620925903,7.3011322021484375
1936,1,11.220000267028809,0.5800386667251587,7.677427291870117
1937,1,11.220000267028809,0.5706275701522827,7.626726150512695
1938,0,-11.220000267028809,0.5714277625083923,7.905888080596924
1939,0,-11.220000267028809,0.5621187090873718,7.95001220703125
1940,0,-11.220000267028809,0.5569402575492859,8.031347274780273
1941,0,-11.220000267028809,0.489239901304245,7.903713226318359
1942,0,-11.220000267028809,0.5275779366493225,7.359238147735596
1943,0,-11.220000267028809,0.46208029985427856,7.54106330871582
1944,0,-11.220000267028809,0.5654599666595459,8.000545501708984
1945,0,-11.220000267028809,0.3601452708244324,7.247806549072266
1946,0,-11.220000267028809,0.5542545914649963,7.344939231872559
1947,0,-11.220000267028809,0.381811261177063,7.049773693084717
1948,0,-11.220000267028809,0.44772106409072876,7.730916976928711
1949,0,-11.220000267028809,0.4218651354312897,7.326203346252441
1950,0,-11.220000267028809,0.44073596596717834,7.2168192863464355
1951,0,-11.220000267028809,0.44487446546554565,6.778408527374268
1952,0,-11.220000267028809,0.43569809198379517,7.647702217102051
1953,0,-11.220000267028809,0.31637129187583923,7.216766834259033
1954,0,-11.220000267028809,0.26777905225753784,6.608119487762451
1955,0,-11.220000267028809,0.436152845621109,7.4322004318237305
1956,0,-11.220000267028809,0.3881738483905792,7.550145149230957
1957,1,4.550000190734863,0.6692681908607483,4.873419284820557
1958,1,4.550000190734863,0.6678199172019958,4.876408576965332
1959,0,-4.550000190734863,0.5755818486213684,4.198530197143555
1960,0,-4.550000190734863,0.41236403584480286,4.160796165466309
1961,0,-4.550000190734863,0.4190501570701599,4.7385358810424805
1962,0,-4.550000190734863,0.23148149251937866,5.237241744995117
1963,0,-4.550000190734863,0.1801866739988327,5.334630489349365
1964,0,-4.550000190734863,0.38963499665260315,4.650407791137695
1965,0,-4.550000190734863,0.1824367642402649,5.153997421264648
1966,0,-4.550000190734863,0.36353224515914917,4.902705192565918
1967,0,-4.550000190734863,0.2962855100631714,4.565426826477051
1968,0,-4.550000190734863,0.21656981110572815,5.088231086730957
1969,0,-4.550000190734863,0.16975395381450653,4.884406566619873
1970,0,-4.550000190734863,0.37300828099250793,4.625188827514648
1971,0,-4.550000190734863,0.30598312616348267,4.637933254241943
1972,0,-4.550000190734863,0.26897451281547546,4.807068824768066
1973,0,-4.550000190734863,0.262977659702301,4.939180374145508
1974,0,-4.550000190734863,0.2665822207927704,5.039890289306641
1975,0,-4.550000190734863,0.3582025170326233,4.697433948516846
1976,0,-4.550000190734863,0.3191877007484436,5.041836738586426
1977,1,9.220000267028809,0.6621827483177185,8.355411529541016
1978,1,9.220000267028809,0.6540495157241821,8.325043678283691
1979,0,-9.220000267028809,0.35159358382225037,7.606611251831055
1980,0,-9.220000267028809,0.3561827838420868,7.654637813568115
1981,0,-9.220000267028809,0.3869691789150238,7.695448875427246
1982,0,-9.220000267028809,0.393131822347641,7.511372089385986
1983,0,-9.220000267028809,0.36948081851005554,8.026702880859375
1984,0,-9.220000267028809,0.3714561462402344,7.183947563171387
1985,0,-9.220000267028809,0.26945704221725464,7.642459869384766
1986,0,-9.220000267028809,0.3386400640010834,7.539125442504883
1987,0,-9.220000267028809,0.2513772249221802,7.224215984344482
1988,0,-9.220000267028809,0.17602184414863586,7.304333209991455
1989,0,-9.220000267028809,0.42841270565986633,8.082987785339355
1990,0,-9.220000267028809,0.13926741480827332,6.464484691619873
1991,0,-9.220000267028809,0.45634400844573975,7.580374717712402
1992,0,-9.220000267028809,0.23094923794269562,7.715185165405273
1993,0,-9.220000267028809,0.20787498354911804,6.920090198516846
1994,0,-9.220000267028809,0.18849754333496094,7.271823883056641
1995,0,-9.220000267028809,0.2240929752588272,7.249485492706299
1996,0,-9.220000267028809,0.18978682160377502,6.850414276123047
1997,0,-9.220000267028809,0.18936099112033844,7.573201656341553
1998,1,7.659999847412109,0.7545467019081116,9.07548999786377
1999,1,7.659999847412109,0.7550817728042603,9.039996147155762
2000,0,-7.659999847412109,0.7385373115539551,8.828455924987793
2001,0,-7.659999847412109,0.7694312334060669,9.0077543258667
2002,1,6.659999847412109,0.7524868845939636,5.344021797180176
2003,1,6.659999847412109,0.7501122951507568,5.347241401672363
2004,0,-6.659999847412109,0.5124562382698059,4.31045389175415
2005,0,-6.659999847412109,0.5822610259056091,4.230332374572754
2006,0,-6.659999847412109,0.5073225498199463,4.409259796142578
2007,0,-6.659999847412109,0.5110177993774414,4.356011390686035
2008,0,-6.659999847412109,0.3686898648738861,4.364501953125
2009,0,-6.659999847412109,0.37141934037208557,4.503355026245117
2010,0,-6.659999847412109,0.39645740389823914,4.5973711013793945
2011,0,-4.449999809265137,0.644352912902832,5.816874027252197
2012,0,-4.449999809265137,0.3895926773548126,4.961789131164551
2013,0,-4.449999809265137,0.3880821466445923,5.416975975036621
2014,0,-4.449999809265137,0.38094937801361084,5.404266357421875
2015,0,-4.449999809265137,0.6877083778381348,5.796777248382568
2016,0,-4.449999809265137,0.38012146949768066,5.304060935974121
2017,0,-4.449999809265137,0.6093369126319885,5.795191287994385
2018,0,-4.449999809265137,0.2700839936733246,4.8275251388549805
2019,0,-4.449999809265137,0.2730260193347931,5.281557559967041
2020,0,-4.449999809265137,0.2768944203853607,5.453410625457764
2021,0,-4.449999809265137,0.35793453454971313,4.76707649230957
2022,0,-4.449999809265137,0.4039658308029175,4.503001689910889
2023,0,-4.449999809265137,0.45669564604759216,5.175804615020752
2024,0,-4.449999809265137,0.22303487360477448,4.340712070465088
2025,0,-4.449999809265137,0.26843810081481934,5.1257829666137695
2026,0,-4.449999809265137,0.4933635890483856,4.854313373565674
2027,0,-4.449999809265137,0.34277400374412537,4.961742401123047
2028,0,-4.449999809265137,0.4130788743495941,4.876332759857178
2029,0,-4.449999809265137,0.22514566779136658,4.923041820526123
2030,0,-4.449999809265137,0.40624096989631653,4.915782928466797
2031,0,-4.449999809265137,0.33614581823349,4.692358493804932
2032,1,7.409999847412109,0.6991562247276306,7.612496852874756
2033,1,7.409999847412109,0.6989911794662476,7.6143269538879395
2034,0,-7.409999847412109,0.6181297898292542,7.273567199707031
2035,0,-7.409999847412109,0.6127431392669678,7.806177616119385
2036,0,-7.409999847412109,0.645479142665863,7.059683322906494
2037,1,4.820000171661377,0.7700136303901672,5.82699728012085
2038,1,4.820000171661377,0.7668179273605347,5.7471113204956055
2039,0,-4.820000171661377,0.7584509253501892,5.817264556884766
2040,0,-4.820000171661377,0.7423768043518066,5.488562107086182
2041,0,-4.820000171661377,0.52235347032547,4.339689254760742
2042,0,-4.820000171661377,0.5366888046264648,4.422212600708008
2043,0,-4.820000171661377,0.5037598609924316,3.872758388519287
2044,0,-4.820000171661377,0.47984805703163147,4.322969436645508
2045,1,5.480000019073486,0.763085663318634,6.488605976104736
2046,1,5.480000019073486,0.7640620470046997,6.500919818878174
2047,0,-5.480000019073486,0.7376881837844849,6.3342084884643555
2048,0,-5.480000019073486,0.6798402667045593,6.182053089141846
2049,0,-5.480000019073486,0.7147624492645264,6.068359375
2050,0,-5.480000019073486,0.6934299468994141,5.746511936187744
2051,0,-5.480000019073486,0.6967198848724365,6.030670642852783
2052,0,-5.480000019073486,0.6185907125473022,5.09469747543335
2053,0,-5.480000019073486,0.4038671851158142,4.531420707702637
2054,0,-5.480000019073486,0.40051618218421936,4.400616645812988
2055,0,-5.480000019073486,0.29531124234199524,4.386275291442871
2056,0,-5.480000019073486,0.5370416641235352,5.348626613616943
2057,0,-5.480000019073486,0.3840547204017639,4.064028739929199
2058,0,-5.480000019073486,0.3611085116863251,4.704508304595947
2059,0,-5.480000019073486,0.3670428693294525,4.238236427307129
2060,0,-5.480000019073486,0.46033430099487305,4.5806427001953125
2061,0,-5.480000019073486,0.29765942692756653,4.57729434967041
2062,0,-5.480000019073486,0.31762418150901794,5.0346574783325195
2063,0,-5.480000019073486,0.4621795117855072,4.558062553405762
2064,1,6.579999923706055,0.6124736666679382,6.986663341522217
2065,0,-6.579999923706055,0.6303092837333679,7.0090508460998535
2066,0,-6.579999923706055,0.5548774600028992,6.907990455627441
2067,0,-6.579999923706055,0.14315064251422882,6.830041408538818
2068,0,-6.579999923706055,0.13957007229328156,6.930660724639893
2069,0,-6.579999923706055,0.5183696746826172,6.955751419067383
2070,0,-6.579999923706055,0.11424028873443604,7.01145076751709
2071,0,-6.579999923706055,0.18601244688034058,6.417872428894043
2072,0,-6.579999923706055,0.10320619493722916,7.40727424621582
2073,0,-6.579999923706055,0.24562761187553406,7.080506801605225
2074,0,-6.579999923706055,0.23181578516960144,6.661043643951416
2075,0,-6.579999923706055,0.17231108248233795,7.408915042877197
2076,0,-6.579999923706055,0.12441693991422653,6.20754337310791
2077,0,-6.579999923706055,0.09174439311027527,7.173941612243652
2078,0,-6.579999923706055,0.1501999944448471,6.173304080963135
2079,0,-6.579999923706055,0.08961363136768341,6.684667587280273
2080,0,-6.579999923706055,0.129909485578537,6.932873249053955
2081,0,-6.579999923706055,0.1573277711868286,5.928438186645508
2082,0,-6.579999923706055,0.18318317830562592,7.520527362823486
2083,0,-6.579999923706055,0.1560191512107849,7.03873872756958
2084,0,-6.579999923706055,0.10118609666824341,6.0401692390441895
2085,0,-7.820000171661377,0.4718792140483856,7.964173793792725
2086,0,-7.820000171661377,0.3425914943218231,8.355502128601074
2087,0,-7.820000171661377,0.16295747458934784,7.824012756347656
2088,0,-7.820000171661377,0.4555515646934509,8.331212043762207
2089,0,-7.820000171661377,0.357688844203949,8.094651222229004
2090,0,-7.820000171661377,0.4117647409439087,7.522970199584961
2091,0,-7.820000171661377,0.1480737179517746,7.962445259094238
2092,0,-7.820000171661377,0.32261496782302856,8.759724617004395
2093,0,-7.820000171661377,0.11022038757801056,7.466376304626465
2094,0,-7.820000171661377,0.4853304922580719,8.428742408752441
2095,0,-7.820000171661377,0.2646532952785492,7.68848991394043
2096,0,-7.820000171661377,0.21171709895133972,8.46574592590332
2097,0,-7.820000171661377,0.5217919945716858,8.324913024902344
2098,0,-7.820000171661377,0.3419016897678375,8.08487319946289
2099,0,-7.820000171661377,0.15296511352062225,7.639248847961426
2100,0,-7.820000171661377,0.31466564536094666,7.963118553161621
2101,0,-7.820000171661377,0.24387654662132263,9.236770629882812
2102,0,-7.820000171661377,0.38900330662727356,8.804256439208984
2103,0,-7.820000171661377,0.23393136262893677,9.187871932983398
2104,0,-7.820000171661377,0.27398979663848877,8.766940116882324
2105,0,-7.099999904632568,0.4806262254714966,6.097742557525635
2106,0,-7.099999904632568,0.48385632038116455,6.051165580749512
2107,0,-7.099999904632568,0.4811464846134186,6.073812484741211
2108,0,-7.099999904632568,0.4864951968193054,6.042234897613525
2109,0,-7.099999904632568,0.47851845622062683,6.08687162399292
2110,0,-7.099999904632568,0.47951623797416687,6.0329790115356445
2111,0,-7.099999904632568,0.4838179647922516,6.0427470207214355
2112,0,-7.099999904632568,0.4865871071815491,6.105619430541992
2113,0,-7.099999904632568,0.49115049839019775,6.04827356338501
2114,0,-7.099999904632568,0.4860014319419861,6.107928276062012
2115,0,-7.099999904632568,0.47881534695625305,6.071527481079102
2116,0,-7.099999904632568,0.4880579113960266,6.091601371765137
2117,0,-7.099999904632568,0.4806690216064453,6.097052574157715
2118,0,-7.099999904632568,0.4795108437538147,6.033174991607666
2119,0,-7.099999904632568,0.48454007506370544,6.137738227844238
2120,0,-7.099999904632568,0.4831755459308624,6.140421390533447
2121,0,-7.099999904632568,0.4795495569705963,6.082546710968018
2122,0,-7.099999904632568,0.48865675926208496,6.053527355194092
2123,0,-7.099999904632568,0.4823954999446869,6.063786506652832
2124,0,-7.099999904632568,0.48597779870033264,6.072945594787598
2125,0,-7.099999904632568,0.4799688756465912,6.118746757507324
2126,1,9.0,0.6232510805130005,6.889736652374268
2127,0,-9.0,0.6436688899993896,6.659999370574951
2128,0,-9.0,0.6019508242607117,7.239835262298584
2129,0,-9.0,0.5042328834533691,6.778164386749268
2130,0,-9.0,0.5713258981704712,7.038687705993652
2131,0,-9.0,0.4040600061416626,5.9365315437316895
2132,0,-9.0,0.2995186150074005,6.655972957611084
2133,0,-9.0,0.42024239897727966,5.933659076690674
2134,0,-9.0,0.618286669254303,7.030803680419922
2135,0,-9.0,0.4374793469905853,7.87593936920166
2136,0,-9.0,0.30994942784309387,6.484708786010742
2137,0,-9.0,0.4120516777038574,5.65699577331543
2138,0,-9.0,0.3445606231689453,7.305106163024902
2139,0,-9.0,0.35565000772476196,6.308854579925537
2140,0,-9.0,0.2894560396671295,5.899820804595947
2141,0,-9.0,0.26650238037109375,6.14096212387085
2142,0,-9.0,0.364778995513916,6.351273536682129
2143,0,-9.0,0.27966782450675964,6.711068153381348
2144,0,-9.0,0.20836526155471802,6.81564998626709
2145,0,-9.0,0.3157537877559662,6.597079277038574
2146,0,-9.0,0.21761523187160492,6.16536283493042
2147,1,6.53000020980835,0.7552819848060608,8.170965194702148
2148,1,6.53000020980835,0.751804530620575,7.9593119621276855
2149,0,-6.53000020980835,0.6811257600784302,7.715933799743652
2150,0,-6.53000020980835,0.7129135131835938,7.670212745666504
2151,0,-6.53000020980835,0.7587530016899109,8.029879570007324
2152,0,-6.53000020980835,0.6945083141326904,8.005095481872559
2153,1,3.2799999713897705,0.5953992009162903,3.210216522216797
2154,1,3.2799999713897705,0.5763523578643799,3.2659809589385986
2155,1,3.2799999713897705,0.579837441444397,3.259570598602295
2156,0,-3.2799999713897705,0.5201218724250793,3.393714427947998
2157,0,-3.2799999713897705,0.4778291583061218,3.545421838760376
2158,0,-3.2799999713897705,0.365475058555603,4.227289199829102
2159,0,-3.2799999713897705,0.3668389916419983,4.075775146484375
2160,0,-3.2799999713897705,0.37703263759613037,4.273592948913574
2161,0,-3.2799999713897705,0.38051554560661316,4.59251070022583
2162,0,-3.2799999713897705,0.39808452129364014,4.15446662902832
2163,0,-3.2799999713897705,0.38868555426597595,3.8158295154571533
2164,0,-3.2799999713897705,0.36070138216018677,3.987867832183838
2165,0,-3.2799999713897705,0.41396477818489075,5.086688995361328
2166,0,-3.2799999713897705,0.35301339626312256,4.51411771774292
2167,0,-3.2799999713897705,0.36607837677001953,3.9330108165740967
2168,0,-3.2799999713897705,0.3071686029434204,5.583708763122559
2169,0,-3.2799999713897705,0.3283132314682007,4.501070976257324
2170,1,3.2799999713897705,0.41035717725753784,3.777637243270874
2171,0,-3.2799999713897705,0.35492438077926636,4.369232654571533
2172,0,-3.2799999713897705,0.30101528763771057,4.469039440155029
2173,0,-3.2799999713897705,0.3935196101665497,4.150008201599121
2174,1,8.149999618530273,0.6146822571754456,7.579219818115234
2175,1,8.149999618530273,0.6190599799156189,7.6515398025512695
2176,1,8.149999618530273,0.5530602335929871,7.16403865814209
2177,0,-8.149999618530273,0.565702497959137,6.79457950592041
2178,0,-8.149999618530273,0.25301384925842285,6.057880401611328
2179,0,-8.149999618530273,0.3068319857120514,6.330196380615234
2180,0,-8.149999618530273,0.22300000488758087,5.757883548736572
2181,0,-8.149999618530273,0.40029096603393555,6.24267053604126
2182,0,-8.149999618530273,0.2078009396791458,6.311546325683594
2183,0,-8.149999618530273,0.3608555495738983,6.163426399230957
2184,0,-8.149999618530273,0.49635034799575806,6.8254523277282715
2185,0,-8.149999618530273,0.40236419439315796,6.309518814086914
2186,0,-8.149999618530273,0.4826579689979553,6.503863334655762
2187,0,-8.149999618530273,0.4121864438056946,6.945839881896973
2188,0,-8.149999618530273,0.27361103892326355,6.441783905029297
2189,0,-8.149999618530273,0.3716907203197479,6.567174911499023
2190,0,-8.149999618530273,0.3794301748275757,6.2827911376953125
2191,0,-8.149999618530273,0.37392088770866394,6.566702365875244
2192,0,-8.149999618530273,0.3260738253593445,6.028145790100098
2193,1,6.829999923706055,0.7500964999198914,8.697503089904785
2194,1,6.829999923706055,0.7499568462371826,8.67973518371582
2195,1,6.829999923706055,0.5996108651161194,7.660130977630615
2196,0,-6.829999923706055,0.7850934863090515,8.642027854919434
2197,0,-6.829999923706055,0.5843407511711121,6.170191287994385
2198,0,-6.829999923706055,0.6636386513710022,7.336692810058594
2199,0,-6.829999923706055,0.5294786691665649,6.672125339508057
2200,0,-6.829999923706055,0.6395207643508911,6.789438724517822
2201,0,-6.829999923706055,0.731419563293457,8.502250671386719
2202,0,-6.829999923706055,0.3228343725204468,5.399756908416748
2203,0,-6.829999923706055,0.673544704914093,6.877242565155029
2204,0,-6.829999923706055,0.5009909272193909,6.145531177520752
2205,0,-6.829999923706055,0.5594797730445862,5.954663276672363
2206,1,3.1600000858306885,0.7477904558181763,6.94240140914917
2207,1,3.1600000858306885,0.7463866472244263,6.906849384307861
2208,0,-3.1600000858306885,0.6900439858436584,6.0026535987854
2209,0,-3.1600000858306885,0.7500989437103271,7.543713092803955
2210,0,-3.1600000858306885,0.6825190186500549,6.146780490875244
2211,1,3.1600000858306885,0.6811811327934265,6.590003967285156
2212,0,-3.1600000858306885,0.692996084690094,6.472501754760742
2213,0,-3.1600000858306885,0.757710874080658,7.228078842163086
2214,0,-3.1600000858306885,0.6764790415763855,6.077888011932373
2215,0,-3.1600000858306885,0.7319762706756592,7.222171783447266
2216,1,2.7699999809265137,0.6631045341491699,4.299001216888428
2217,1,2.7699999809265137,0.6576696634292603,4.357556343078613
2218,0,-2.7699999809265137,0.5971778631210327,4.300105094909668
2219,0,-2.7699999809265137,0.5371609926223755,5.067640781402588
2220,0,-2.7699999809265137,0.5779980421066284,4.394120216369629
2221,0,-2.7699999809265137,0.5729403495788574,4.37620735168457
2222,0,-2.7699999809265137,0.5780554413795471,4.792978763580322
2223,0,-2.7699999809265137,0.5981788635253906,4.831288814544678
2224,0,-2.7699999809265137,0.4982682168483734,5.138655662536621
2225,0,-2.7699999809265137,0.46113401651382446,5.646215915679932
2226,0,-2.7699999809265137,0.5236764550209045,5.09982442855835
2227,0,-2.7699999809265137,0.5170069336891174,4.8516011238098145
2228,0,-2.7699999809265137,0.4547913670539856,5.935950756072998
2229,0,-2.7699999809265137,0.4554203152656555,5.516746997833252
2230,0,-2.7699999809265137,0.4192904829978943,5.6507768630981445
2231,0,-2.7699999809265137,0.5014182925224304,4.425339698791504
2232,0,-2.7699999809265137,0.3971659243106842,5.928035259246826
2233,0,-2.7699999809265137,0.4016326367855072,5.919988632202148
2234,0,-2.7699999809265137,0.43660473823547363,5.64323091506958
2235,0,-2.7699999809265137,0.446708619594574,5.460873126983643
2236,0,-2.7699999809265137,0.36538925766944885,5.655810356140137
2237,1,9.699999809265137,0.5803179740905762,9.575820922851562
2238,1,9.699999809265137,0.5790974497795105,9.495981216430664
2239,0,-9.699999809265137,0.512917697429657,9.249393463134766
2240,0,-9.699999809265137,0.22460556030273438,8.505972862243652
2241,0,-9.699999809265137,0.22493013739585876,8.080415725708008
2242,0,-9.699999809265137,0.3876284956932068,8.161236763000488
2243,0,-9.699999809265137,0.26412224769592285,7.435764789581299
2244,0,-9.699999809265137,0.35610896348953247,8.147895812988281
2245,0,-9.699999809265137,0.2313426434993744,7.786130905151367
2246,0,-9.699999809265137,0.5480125546455383,8.647858619689941
2247,0,-9.699999809265137,0.4183028042316437,8.474238395690918
2248,0,-9.699999809265137,0.2263728827238083,8.271868705749512
2249,0,-9.699999809265137,0.23939228057861328,8.045967102050781
2250,1,4.03000020980835,0.4202028512954712,5.208270072937012
2251,0,-4.03000020980835,0.42153140902519226,5.193200588226318
2252,0,-4.03000020980835,0.41570550203323364,5.221266269683838
2253,0,-4.03000020980835,0.3228893280029297,5.051874160766602
2254,0,-4.03000020980835,0.3887289762496948,5.335524559020996
2255,0,-4.03000020980835,0.4099002480506897,5.075927257537842
2256,0,-4.03000020980835,0.43288537859916687,4.981222152709961
2257,0,-4.03000020980835,0.39602160453796387,4.904721736907959
2258,0,-4.03000020980835,0.3708745837211609,5.055656909942627
2259,0,-4.03000020980835,0.4052208960056305,5.543641567230225
2260,0,-4.03000020980835,0.3847993314266205,5.440285682678223
2261,0,-4.03000020980835,0.4596460461616516,4.790887832641602
2262,0,-4.03000020980835,0.36831292510032654,5.139017105102539
2263,0,-4.03000020980835,0.40421831607818604,5.745449066162109
2264,0,-4.03000020980835,0.4334277808666229,5.173384189605713
2265,0,-4.03000020980835,0.3706469237804413,5.225761890411377
2266,0,-4.03000020980835,0.38637876510620117,5.320455551147461
2267,0,-4.03000020980835,0.3721748888492584,5.070446968078613
2268,0,-4.03000020980835,0.3381766080856323,5.022117614746094
2269,0,-4.03000020980835,0.3403064012527466,5.593288421630859
2270,0,-4.03000020980835,0.38344091176986694,5.623998165130615
2271,1,9.100000381469727,0.6456114053726196,7.747267246246338
2272,1,9.100000381469727,0.6323112845420837,7.735503196716309
2273,1,9.100000381469727,0.49390923976898193,7.690891742706299
2274,0,-9.100000381469727,0.10068420320749283,6.539585113525391
2275,0,-9.100000381469727,0.1468101441860199,6.573618412017822
2276,0,-9.100000381469727,0.08991240710020065,5.890183448791504
2277,0,-9.100000381469727,0.13352921605110168,6.26394510269165
2278,0,-9.100000381469727,0.1440621316432953,6.1824951171875
2279,0,-9.100000381469727,0.2731379270553589,6.457862377166748
2280,0,-9.100000381469727,0.11841575801372528,6.4462504386901855
2281,0,-9.100000381469727,0.20938746631145477,6.764139175415039
2282,1,5.820000171661377,0.6039639711380005,4.85366153717041
2283,0,-5.820000171661377,0.48489460349082947,4.649794578552246
2284,0,-5.820000171661377,0.48227834701538086,4.657946586608887
2285,1,5.820000171661377,0.6126978993415833,4.911754608154297
2286,0,-5.820000171661377,0.5443534851074219,4.5283403396606445
2287,0,-5.820000171661377,0.549462080001831,4.528860569000244
2288,1,5.820000171661377,0.602479100227356,4.920216083526611
2289,0,-5.820000171661377,0.4383184611797333,4.593868255615234
2290,0,-5.820000171661377,0.4370797574520111,4.838261604309082
2291,0,-5.820000171661377,0.4351137578487396,4.695816516876221
2292,0,-5.820000171661377,0.46709543466567993,4.961875915527344
2293,0,-5.820000171661377,0.3306426405906677,4.9654316902160645
2294,0,-5.820000171661377,0.43206268548965454,5.063440799713135
2295,0,-5.820000171661377,0.36234986782073975,5.003970146179199
2296,0,-5.820000171661377,0.3370476961135864,4.7746124267578125
2297,0,-5.820000171661377,0.3909568786621094,5.175430774688721
2298,0,-5.820000171661377,0.45675575733184814,4.773046016693115
2299,0,-5.820000171661377,0.34261319041252136,4.938148498535156
2300,0,-5.820000171661377,0.36990857124328613,4.823144912719727
2301,0,-5.820000171661377,0.3567614257335663,4.614645957946777
2302,0,-5.820000171661377,0.3599136471748352,4.7376179695129395
2303,0,-7.599999904632568,0.6013017296791077,7.5413665771484375
2304,0,-7.599999904632568,0.515020489692688,7.162308216094971
2305,0,-7.599999904632568,0.6344011425971985,7.84621524810791
2306,0,-7.599999904632568,0.6047700047492981,7.2939453125
2307,0,-7.599999904632568,0.6078761219978333,7.832021713256836
2308,0,-7.599999904632568,0.6000185608863831,7.311672210693359
2309,1,7.599999904632568,0.5910409092903137,7.540792465209961
2310,0,-7.599999904632568,0.6392419338226318,6.9774274826049805
2311,0,-7.599999904632568,0.5353953242301941,6.946479320526123
2312,0,-7.599999904632568,0.4452606737613678,6.791295051574707
2313,0,-7.599999904632568,0.5618981719017029,6.838810443878174
2314,0,-7.599999904632568,0.6045733094215393,7.405182838439941
2315,0,-7.599999904632568,0.5640274882316589,6.7003397941589355
2316,1,7.599999904632568,0.6118550300598145,7.454567909240723
2317,0,-7.599999904632568,0.5721370577812195,7.422120094299316
2318,0,-7.599999904632568,0.5217577219009399,6.22946310043335
2319,0,-7.599999904632568,0.46455395221710205,6.529492378234863
2320,0,-7.599999904632568,0.5067931413650513,5.947455406188965
2321,0,-7.599999904632568,0.4527810513973236,6.365675926208496
2322,0,-7.599999904632568,0.4830077588558197,6.945018291473389
2323,0,-7.599999904632568,0.46025174856185913,6.936208248138428
2324,1,4.690000057220459,0.7289533615112305,8.17324447631836
2325,1,4.690000057220459,0.7276394963264465,8.14089298248291
2326,1,4.690000057220459,0.7284518480300903,8.156113624572754
2327,1,4.690000057220459,0.7256561517715454,8.065980911254883
2328,1,4.690000057220459,0.7265010476112366,8.072135925292969
2329,1,4.690000057220459,0.7239105105400085,8.088127136230469
2330,1,4.690000057220459,0.7301346659660339,8.157727241516113
2331,0,-4.690000057220459,0.7068582773208618,7.4984612464904785
2332,1,4.690000057220459,0.6930133700370789,7.794528961181641
2333,0,-4.690000057220459,0.7037353515625,7.484105587005615
2334,0,-4.690000057220459,0.7263236045837402,7.685209274291992
2335,1,2.8499999046325684,0.6846211552619934,3.925589084625244
2336,1,2.8499999046325684,0.6829550266265869,3.928342580795288
2337,0,-2.8499999046325684,0.5126232504844666,3.731240749359131
2338,0,-2.8499999046325684,0.5833365321159363,4.092185974121094
2339,0,-2.8499999046325684,0.44611406326293945,3.7183728218078613
2340,0,-2.8499999046325684,0.33299264311790466,4.231174945831299
2341,0,-2.8499999046325684,0.5776012539863586,3.990010976791382
2342,0,-2.8499999046325684,0.5274242162704468,4.139389991760254
2343,0,-2.8499999046325684,0.5292311310768127,4.0480499267578125
2344,0,-2.8499999046325684,0.4903244376182556,4.094938278198242
2345,0,-2.8499999046325684,0.4103891849517822,3.9806528091430664
2346,0,-2.8499999046325684,0.27251994609832764,4.716916561126709
2347,0,-2.8499999046325684,0.5135634541511536,3.978090763092041
2348,0,-2.8499999046325684,0.5011236071586609,4.098466873168945
2349,0,-2.8499999046325684,0.3432370126247406,4.211503982543945
2350,0,-2.8499999046325684,0.3463827967643738,4.248950958251953
2351,0,-2.8499999046325684,0.5068676471710205,3.5586001873016357
2352,0,-2.8499999046325684,0.28315651416778564,4.259389877319336
2353,0,-2.8499999046325684,0.3968461751937866,3.8995611667633057
2354,0,-2.8499999046325684,0.3008461892604828,4.076805591583252
2355,0,-2.8499999046325684,0.5323764681816101,3.9536538124084473
2356,1,2.299999952316284,0.36483317613601685,4.520076274871826
2357,0,-2.299999952316284,0.34770268201828003,4.023781776428223
2358,0,-2.299999952316284,0.34691593050956726,4.030710697174072
2359,0,-2.299999952316284,0.3856598734855652,3.8945024013519287
2360,1,2.299999952316284,0.4609125256538391,4.267061233520508
2361,0,-2.299999952316284,0.46044257283210754,4.201188087463379
2362,1,2.299999952316284,0.3936954140663147,4.385038375854492
2363,1,2.299999952316284,0.401054710149765,4.624452114105225
2364,0,-2.299999952316284,0.39099299907684326,4.344560623168945
2365,1,2.299999952316284,0.39777931571006775,4.733444690704346
2366,0,-2.299999952316284,0.31492215394973755,3.9543440341949463
2367,0,-2.299999952316284,0.3043591380119324,4.405096054077148
2368,0,-2.299999952316284,0.32769331336021423,4.197563171386719
2369,0,-2.299999952316284,0.3241030275821686,4.127390384674072
2370,0,-2.299999952316284,0.2775215804576874,4.9107584953308105
2371,0,-2.299999952316284,0.29330500960350037,4.339365005493164
2372,0,-2.299999952316284,0.30299708247184753,4.3619384765625
2373,1,2.299999952316284,0.286358118057251,5.162814617156982
2374,0,-2.299999952316284,0.3184918761253357,4.932387351989746
2375,0,-2.299999952316284,0.3130558729171753,4.709863662719727
2376,0,-2.299999952316284,0.3248884081840515,4.8905720710754395
2377,1,9.520000457763672,0.7186685800552368,9.054862022399902
2378,1,9.520000457763672,0.7070436477661133,9.049320220947266
2379,0,-9.520000457763672,0.5175740122795105,7.730358600616455
2380,0,-9.520000457763672,0.44188782572746277,7.133833408355713
2381,0,-9.520000457763672,0.6882548928260803,8.707700729370117
2382,0,-9.520000457763672,0.42440423369407654,7.252783298492432
2383,0,-9.520000457763672,0.6666197180747986,8.048700332641602
2384,0,-9.520000457763672,0.661683201789856,8.105108261108398
2385,0,-9.520000457763672,0.5239111185073853,7.556456089019775
2386,0,-9.520000457763672,0.4102063477039337,6.806734085083008
2387,0,-9.520000457763672,0.6700148582458496,8.013916969299316
2388,0,-9.520000457763672,0.26850855350494385,7.001439571380615
2389,0,-9.520000457763672,0.345983624458313,6.766302585601807
2390,0,-9.520000457763672,0.2937339246273041,6.776392936706543
2391,0,-9.520000457763672,0.5587549805641174,7.190508842468262
2392,0,-9.520000457763672,0.24552591145038605,7.443364143371582
2393,0,-9.520000457763672,0.424547016620636,7.845309734344482
2394,1,10.0,0.7433414459228516,9.358331680297852
2395,1,10.0,0.7426766753196716,9.36665153503418
2396,1,10.0,0.7407183647155762,9.124082565307617
2397,0,-10.0,0.5844451189041138,8.442244529724121
2398,0,-10.0,0.6088577508926392,8.068123817443848
2399,0,-10.0,0.7085466980934143,9.326736450195312
2400,0,-10.0,0.60239577293396,8.22490119934082
2401,0,-10.0,0.6904338598251343,8.558906555175781
2402,0,-10.0,0.5348530411720276,7.894081115722656
2403,0,-10.0,0.4058069884777069,7.4542460441589355
2404,0,-10.0,0.6952160596847534,8.512001037597656
2405,0,-10.0,0.4955592453479767,7.551921367645264
2406,0,-10.0,0.5873721241950989,7.970668315887451
2407,0,-10.0,0.5746126174926758,7.810047626495361
2408,0,-10.0,0.6529162526130676,8.070098876953125
2409,0,-10.0,0.4377170503139496,8.048185348510742
2410,1,5.059999942779541,0.503994882106781,5.801206588745117
2411,1,5.059999942779541,0.5004037022590637,5.652709484100342
2412,0,-5.059999942779541,0.39956799149513245,5.082525253295898
2413,0,-5.059999942779541,0.38715866208076477,5.392131328582764
2414,0,-5.059999942779541,0.38097548484802246,5.7971930503845215
2415,0,-5.059999942779541,0.3107856810092926,5.082669734954834
2416,0,-5.059999942779541,0.2960905432701111,5.415982723236084
2417,0,-5.059999942779541,0.26881954073905945,5.412850379943848
2418,0,-5.059999942779541,0.26950258016586304,5.462535381317139
2419,0,-5.059999942779541,0.279263973236084,5.139274597167969
2420,0,-5.059999942779541,0.2189670205116272,5.420811176300049
2421,0,-5.059999942779541,0.24890141189098358,5.471635818481445
2422,0,-5.059999942779541,0.26176825165748596,5.277313709259033
2423,0,-5.059999942779541,0.23355647921562195,5.415744304656982
2424,0,-5.059999942779541,0.17871512472629547,5.786593437194824
2425,0,-5.059999942779541,0.2526877224445343,5.602075576782227
2426,0,-5.059999942779541,0.23141179978847504,5.643754959106445
2427,0,-5.059999942779541,0.26864463090896606,5.2320876121521
2428,0,-5.059999942779541,0.25431129336357117,5.699066162109375
2429,0,-5.059999942779541,0.26489341259002686,5.529044151306152
2430,1,6.170000076293945,0.6484875679016113,6.275065898895264
2431,1,6.170000076293945,0.6371116042137146,6.355024337768555
2432,0,-6.170000076293945,0.3638373911380768,7.210774898529053
2433,0,-6.170000076293945,0.2963978052139282,7.330713748931885
2434,0,-6.170000076293945,0.36827483773231506,7.0815348625183105
2435,0,-6.170000076293945,0.31667226552963257,6.823522567749023
2436,0,-6.170000076293945,0.2776624858379364,6.715701580047607
2437,0,-6.170000076293945,0.2958567142486572,7.157711982727051
2438,0,-6.170000076293945,0.3124961853027344,7.068504810333252
2439,0,-6.170000076293945,0.31148234009742737,6.7102179527282715
2440,0,-6.170000076293945,0.34525927901268005,6.711854934692383
2441,0,-6.170000076293945,0.2674559950828552,6.825428009033203
2442,0,-6.170000076293945,0.2582148313522339,7.160313129425049
2443,0,-6.170000076293945,0.2896063029766083,6.556461811065674
2444,0,-6.170000076293945,0.33068418502807617,7.420835494995117
2445,0,-6.170000076293945,0.25358134508132935,7.133733749389648
2446,0,-6.170000076293945,0.2613372206687927,6.846551895141602
2447,0,-6.170000076293945,0.2453238070011139,7.1356000900268555
2448,1,5.159999847412109,0.5687822103500366,5.513191223144531
2449,1,5.159999847412109,0.567324697971344,5.534618377685547
2450,1,5.159999847412109,0.4196285307407379,5.171778678894043
2451,0,-5.159999847412109,0.191694974899292,5.5659284591674805
2452,0,-5.159999847412109,0.3320508599281311,5.75659704208374
2453,0,-5.159999847412109,0.2877122461795807,5.3996124267578125
2454,0,-5.159999847412109,0.4445473253726959,6.054112911224365
2455,0,-5.159999847412109,0.29557138681411743,5.368190288543701
2456,0,-5.159999847412109,0.21401479840278625,5.25837516784668
2457,0,-5.159999847412109,0.4173899292945862,6.08835506439209
2458,0,-5.159999847412109,0.32655394077301025,5.791594505310059
2459,0,-5.159999847412109,0.2994043529033661,5.485767841339111
2460,0,-5.159999847412109,0.24925857782363892,5.616676330566406
2461,0,-5.159999847412109,0.24153341352939606,5.410843849182129
2462,0,-5.159999847412109,0.29139167070388794,5.1149821281433105
2463,0,-5.159999847412109,0.21192346513271332,6.13193416595459
2464,0,-5.159999847412109,0.28703218698501587,5.2586822509765625
2465,0,-5.159999847412109,0.27802643179893494,5.117559909820557
2466,0,-5.159999847412109,0.3618527948856354,5.368828773498535
2467,0,-5.159999847412109,0.17654576897621155,5.719677925109863
2468,1,6.0,0.33588746190071106,4.668468475341797
2469,0,-6.0,0.306650847196579,5.0428924560546875
2470,0,-6.0,0.3759196400642395,4.226152420043945
2471,0,-6.0,0.341037780046463,4.473353385925293
2472,0,-6.0,0.2913912236690521,4.604340076446533
2473,0,-6.0,0.2903282344341278,4.787492275238037
2474,0,-6.0,0.39095833897590637,4.690878868103027
2475,0,-6.0,0.3164239525794983,4.7683610916137695
2476,0,-6.0,0.3261210024356842,5.354633331298828
2477,0,-6.0,0.38830801844596863,4.914607048034668
2478,0,-6.0,0.2763279974460602,4.720458507537842
2479,0,-6.0,0.31352412700653076,4.290056228637695
2480,0,-6.0,0.2909538745880127,4.75647497177124
2481,0,-6.0,0.35164350271224976,4.643021106719971
2482,0,-6.0,0.32173845171928406,5.060057163238525
2483,0,-6.0,0.35273244976997375,4.808640956878662
2484,0,-6.0,0.2934834361076355,4.648515224456787
2485,0,-6.0,0.3483246862888336,4.828110694885254
2486,0,-6.0,0.38501471281051636,4.416509628295898
2487,0,-6.0,0.2801329493522644,4.792708396911621
2488,1,6.0,0.3131239712238312,4.712610244750977
2489,0,-7.150000095367432,0.27840784192085266,6.891906261444092
2490,0,-7.150000095367432,0.48210322856903076,7.967304706573486
2491,0,-7.150000095367432,0.5230664610862732,7.692505836486816
2492,0,-7.150000095367432,0.3866703510284424,6.7103271484375
2493,0,-7.150000095367432,0.46446919441223145,7.95972204208374
2494,0,-7.150000095367432,0.500105619430542,7.696934223175049
2495,0,-7.150000095367432,0.37550488114356995,7.445539951324463
2496,0,-7.150000095367432,0.4757975935935974,7.707110404968262
2497,0,-7.150000095367432,0.31308871507644653,7.269552707672119
2498,0,-7.150000095367432,0.3316822052001953,7.342531204223633
2499,0,-7.150000095367432,0.2840787470340729,6.978142738342285
2500,0,-7.150000095367432,0.43848857283592224,6.825953960418701
2501,0,-7.150000095367432,0.2744646668434143,7.233607292175293
2502,0,-7.150000095367432,0.30512315034866333,6.872501850128174
2503,0,-7.150000095367432,0.3099304139614105,7.405707836151123
2504,0,-7.150000095367432,0.2913118898868561,7.512882232666016
2505,0,-7.150000095367432,0.32251134514808655,7.22921895980835
2506,0,-7.150000095367432,0.269429475069046,7.449522972106934
2507,0,-7.150000095367432,0.41314518451690674,6.527225971221924
2508,0,-7.150000095367432,0.33658894896507263,7.543118476867676
2509,0,-7.150000095367432,0.3560352921485901,6.957167625427246
2510,0,-6.400000095367432,0.36484062671661377,6.538538932800293
2511,0,-6.400000095367432,0.6958605647087097,7.084453105926514
2512,0,-6.400000095367432,0.38228070735931396,6.7576003074646
2513,0,-6.400000095367432,0.7335975170135498,7.3980393409729
2514,0,-6.400000095367432,0.3600080907344818,6.97507381439209
2515,0,-6.400000095367432,0.5721392035484314,6.62710428237915
2516,0,-6.400000095367432,0.32346734404563904,6.897846221923828
2517,1,6.400000095367432,0.3165126442909241,6.632085800170898
2518,1,6.400000095367432,0.4283362925052643,6.4290995597839355
2519,0,-6.400000095367432,0.28653013706207275,6.245327472686768
2520,0,-6.400000095367432,0.5359079241752625,6.819786548614502
2521,0,-6.400000095367432,0.3774576187133789,6.594498634338379
2522,0,-6.400000095367432,0.342650443315506,5.278109550476074
2523,0,-5.639999866485596,0.30538585782051086,5.075171947479248
2524,0,-5.639999866485596,0.38188987970352173,5.363216400146484
2525,0,-5.639999866485596,0.46988701820373535,5.620874881744385
2526,0,-5.639999866485596,0.3697519898414612,5.437633991241455
2527,0,-5.639999866485596,0.33719009160995483,5.470290184020996
2528,0,-5.639999866485596,0.3627537190914154,5.498415470123291
2529,0,-5.639999866485596,0.34084057807922363,5.756626129150391
2530,0,-5.639999866485596,0.30820366740226746,5.834504127502441
2531,0,-5.639999866485596,0.3270488679409027,5.7132182121276855
2532,1,5.639999866485596,0.3666084408760071,5.739399433135986
2533,0,-5.639999866485596,0.38748300075531006,5.570381164550781
2534,0,-5.639999866485596,0.37018996477127075,5.7011847496032715
2535,0,-5.639999866485596,0.3333736062049866,5.764618873596191
2536,1,5.639999866485596,0.3333836793899536,5.724265098571777
2537,0,-5.639999866485596,0.33441486954689026,5.898227214813232
2538,0,-5.639999866485596,0.38894814252853394,5.527719497680664
2539,0,-5.639999866485596,0.27898481488227844,5.902867317199707
2540,0,-5.639999866485596,0.4336709976196289,5.969450950622559
2541,0,-5.639999866485596,0.2867487668991089,5.688945293426514
2542,0,-5.639999866485596,0.2805175483226776,5.858615875244141
2543,1,3.2200000286102295,0.5140044689178467,4.361321926116943
2544,0,-3.2200000286102295,0.5027430057525635,4.227217674255371
2545,0,-3.2200000286102295,0.5668158531188965,4.182987213134766
2546,1,3.2200000286102295,0.5843831300735474,4.226620674133301
2547,0,-3.2200000286102295,0.48864060640335083,4.341461658477783
2548,0,-3.2200000286102295,0.6230225563049316,3.8772950172424316
2549,0,-3.2200000286102295,0.4747578501701355,4.08529806137085
2550,0,-3.2200000286102295,0.36730489134788513,4.276744842529297
2551,0,-3.2200000286102295,0.5017685890197754,4.479369163513184
2552,0,-3.2200000286102295,0.47554540634155273,4.6263017654418945
2553,0,-3.2200000286102295,0.4456157684326172,4.08502197265625
2554,0,-3.2200000286102295,0.40444180369377136,4.439862251281738
2555,0,-3.2200000286102295,0.3348967134952545,4.273627281188965
2556,0,-3.2200000286102295,0.47282662987709045,4.518888473510742
2557,0,-3.2200000286102295,0.48551666736602783,3.862865447998047
2558,0,-3.2200000286102295,0.5016303062438965,3.864635944366455
2559,0,-3.2200000286102295,0.3503439724445343,4.2152910232543945
2560,0,-3.2200000286102295,0.33682364225387573,4.242801666259766
2561,0,-3.2200000286102295,0.25826123356819153,4.929490089416504
2562,0,-3.2200000286102295,0.44071900844573975,4.5941901206970215
2563,0,-3.2200000286102295,0.32644715905189514,4.383227825164795
2564,1,11.329999923706055,0.6630746126174927,8.510162353515625
2565,1,11.329999923706055,0.6630451083183289,8.4501953125
2566,0,-11.329999923706055,0.6067749857902527,7.991492748260498
2567,0,-11.329999923706055,0.7170402407646179,8.515353202819824
2568,0,-11.329999923706055,0.46080347895622253,7.066944122314453
2569,0,-11.329999923706055,0.4935592710971832,7.048876762390137
2570,1,3.6700000762939453,0.434028297662735,5.1750617027282715
2571,0,-3.6700000762939453,0.4394180178642273,6.773375034332275
2572,1,3.6700000762939453,0.5038572549819946,5.6321001052856445
2573,0,-3.6700000762939453,0.4346541166305542,6.7813591957092285
2574,0,-3.6700000762939453,0.2724878787994385,6.049520015716553
2575,0,-3.6700000762939453,0.2544756829738617,6.118553638458252
2576,0,-3.6700000762939453,0.2751133143901825,5.4765825271606445
2577,0,-3.6700000762939453,0.321585088968277,6.353059768676758
2578,0,-3.6700000762939453,0.29847651720046997,6.308977127075195
2579,0,-3.6700000762939453,0.26238128542900085,6.0179033279418945
2580,0,-3.6700000762939453,0.281661719083786,6.051540374755859
2581,0,-3.6700000762939453,0.34677472710609436,5.524900913238525
2582,0,-3.6700000762939453,0.33643224835395813,5.38346004486084
2583,0,-3.6700000762939453,0.31260350346565247,6.225732803344727
2584,0,-3.6700000762939453,0.29095458984375,6.271341323852539
2585,0,-3.6700000762939453,0.2765553891658783,6.368467330932617
2586,0,-3.6700000762939453,0.3831639885902405,5.848231792449951
2587,0,-3.6700000762939453,0.25599774718284607,5.554682731628418
2588,0,-3.6700000762939453,0.3436431884765625,5.809199333190918
2589,0,-3.6700000762939453,0.3808230459690094,6.541636943817139
2590,0,-3.6700000762939453,0.27566418051719666,6.153886795043945
2591,1,7.800000190734863,0.6871758103370667,8.308998107910156
2592,1,7.800000190734863,0.7269403338432312,8.252869606018066
2593,1,7.800000190734863,0.7285358905792236,8.253098487854004
2594,0,-7.800000190734863,0.6934049725532532,8.326311111450195
2595,0,-7.800000190734863,0.17113594710826874,7.737986087799072
2596,0,-7.800000190734863,0.3466365933418274,7.531191349029541
2597,0,-7.800000190734863,0.3447994291782379,7.47634220123291
2598,0,-7.800000190734863,0.1447516679763794,7.728311538696289
2599,0,-7.800000190734863,0.5197097063064575,7.887123107910156
2600,0,-7.800000190734863,0.5417473316192627,8.053958892822266
2601,0,-7.800000190734863,0.22714322805404663,7.82844877243042
2602,0,-7.800000190734863,0.3027587831020355,6.849594593048096
2603,0,-7.800000190734863,0.34852030873298645,7.1008758544921875
2604,1,7.800000190734863,0.39637303352355957,7.665292263031006
2605,0,-7.800000190734863,0.22577854990959167,6.986992359161377
2606,0,-7.800000190734863,0.2252425253391266,7.4660258293151855
2607,0,-7.800000190734863,0.18240077793598175,7.104785919189453
2608,0,-7.800000190734863,0.27857083082199097,6.870599746704102
2609,0,-7.800000190734863,0.22894617915153503,6.734346389770508
2610,0,-7.800000190734863,0.23033671081066132,6.093862056732178
2611,0,-7.800000190734863,0.1926577091217041,7.572704315185547
2612,1,7.849999904632568,0.6543208360671997,5.781722068786621
2613,1,7.849999904632568,0.6655774116516113,5.848081588745117
2614,0,-7.849999904632568,0.19856110215187073,5.053417205810547
2615,0,-7.849999904632568,0.19617362320423126,5.307200908660889
2616,0,-7.849999904632568,0.3712064325809479,5.7530412673950195
2617,0,-7.849999904632568,0.2841990292072296,5.482542991638184
2618,0,-7.849999904632568,0.14392516016960144,5.803006172180176
2619,0,-7.849999904632568,0.1540636271238327,5.300108909606934
2620,0,-7.849999904632568,0.1743498295545578,4.901088714599609
2621,0,-7.849999904632568,0.15864364802837372,5.408846855163574
2622,0,-7.849999904632568,0.24224743247032166,5.151452541351318
2623,0,-7.849999904632568,0.23938840627670288,4.741334915161133
2624,0,-7.849999904632568,0.2442493438720703,4.800004005432129
2625,0,-7.849999904632568,0.1976556032896042,4.836039066314697
2626,0,-7.849999904632568,0.14976821839809418,5.336159706115723
2627,0,-7.849999904632568,0.16841043531894684,5.023992538452148
2628,0,-7.849999904632568,0.14708532392978668,4.880992412567139
2629,0,-7.849999904632568,0.13479647040367126,5.133182525634766
2630,0,-7.849999904632568,0.15035809576511383,5.555922031402588
2631,0,-7.849999904632568,0.10439833998680115,4.578869342803955
2632,1,8.430000305175781,0.528480052947998,6.3077073097229
2633,1,8.430000305175781,0.4883519113063812,6.289703845977783
2634,1,8.430000305175781,0.3196507692337036,5.561774253845215
2635,0,-8.430000305175781,0.2973508834838867,5.5747270584106445
2636,0,-8.430000305175781,0.10552894324064255,6.925792217254639
2637,0,-8.430000305175781,0.10581962019205093,6.228154182434082
2638,0,-8.430000305175781,0.13234436511993408,6.9221954345703125
2639,0,-8.430000305175781,0.10946474969387054,7.342811584472656
2640,0,-8.430000305175781,0.08898118138313293,6.589562892913818
2641,0,-8.430000305175781,0.1218920424580574,4.955482006072998
2642,1,7.590000152587891,0.7947545051574707,6.610095024108887
2643,1,7.590000152587891,0.7937206625938416,6.71362829208374
2644,0,-7.590000152587891,0.6790904402732849,5.151514053344727
2645,0,-7.590000152587891,0.4786405563354492,4.1330766677856445
2646,0,-7.590000152587891,0.719468355178833,5.191714763641357
2647,0,-7.590000152587891,0.48124825954437256,4.655429363250732
2648,0,-7.590000152587891,0.3008485436439514,3.9591283798217773
2649,1,9.399999618530273,0.7417217493057251,9.855574607849121
2650,1,9.399999618530273,0.7416976094245911,9.85538101196289
2651,0,-9.399999618530273,0.4211578667163849,6.26463508605957
2652,0,-9.399999618530273,0.46436285972595215,6.679974555969238
2653,0,-9.399999618530273,0.5601200461387634,6.961031913757324
2654,0,-9.399999618530273,0.7149930000305176,9.091119766235352
2655,0,-9.399999618530273,0.642362117767334,7.693395137786865
2656,0,-9.399999618530273,0.48473483324050903,6.299775123596191
2657,0,-9.399999618530273,0.4639703333377838,5.965756893157959
2658,0,-9.399999618530273,0.27358487248420715,5.649569511413574
2659,1,6.800000190734863,0.7114753723144531,7.281994819641113
2660,1,6.800000190734863,0.6888750791549683,7.333212375640869
2661,0,-6.800000190734863,0.4883047044277191,6.878391265869141
2662,0,-6.800000190734863,0.3116387128829956,7.001344680786133
2663,0,-6.800000190734863,0.44118455052375793,7.073379993438721
2664,0,-6.800000190734863,0.3870442807674408,7.156868934631348
2665,0,-6.800000190734863,0.39687734842300415,7.112703323364258
2666,0,-6.800000190734863,0.3735571503639221,7.710609436035156
2667,0,-6.800000190734863,0.5153622627258301,7.080911159515381
2668,0,-6.800000190734863,0.38859137892723083,7.681033611297607
2669,0,-6.800000190734863,0.37607887387275696,6.493242263793945
2670,0,-6.800000190734863,0.4222845435142517,7.56373405456543
2671,1,4.889999866485596,0.7331211566925049,7.822700023651123
2672,1,4.889999866485596,0.6932750344276428,7.8695502281188965
2673,0,-4.889999866485596,0.5856634378433228,7.605898857116699
2674,0,-4.889999866485596,0.5628374218940735,7.528043746948242
2675,0,-4.889999866485596,0.7047858238220215,7.941433906555176
2676,1,4.889999866485596,0.590481162071228,7.614242076873779
2677,0,-4.889999866485596,0.5914701819419861,7.520359516143799
2678,0,-4.889999866485596,0.4740156829357147,7.016530990600586
2679,0,-4.889999866485596,0.5687099695205688,7.665680885314941
2680,0,-4.889999866485596,0.5741342902183533,7.72178316116333
2681,0,-4.889999866485596,0.5698909759521484,8.066372871398926
2682,0,-4.889999866485596,0.5759593844413757,8.059806823730469
2683,0,-4.889999866485596,0.5264331102371216,7.800234794616699
2684,0,-4.889999866485596,0.5078271627426147,7.917600631713867
2685,0,-4.889999866485596,0.4975820481777191,7.234648704528809
2686,0,-4.889999866485596,0.5568382143974304,7.263931751251221
2687,0,-4.889999866485596,0.5357136726379395,7.61137056350708
2688,0,-9.210000038146973,0.5332592129707336,6.6925272941589355
2689,1,9.210000038146973,0.5652540922164917,6.801128387451172
2690,0,-9.210000038146973,0.46489882469177246,6.741196155548096
2691,1,9.210000038146973,0.4932933747768402,6.8569440841674805
2692,0,-9.210000038146973,0.3133506178855896,6.402042865753174
2693,0,-9.210000038146973,0.29085421562194824,6.745487213134766
2694,0,-9.210000038146973,0.15699055790901184,6.865968227386475
2695,0,-9.210000038146973,0.19831664860248566,6.428365707397461
2696,0,-9.210000038146973,0.13165853917598724,6.839712142944336
2697,0,-9.210000038146973,0.12099316716194153,7.072284698486328
2698,0,-9.210000038146973,0.14934635162353516,6.145886421203613
2699,0,-9.210000038146973,0.12743690609931946,6.913246154785156
2700,0,-9.210000038146973,0.11135257035493851,6.4267659187316895
2701,0,-9.210000038146973,0.17011000216007233,7.432400703430176
2702,0,-9.210000038146973,0.13863906264305115,6.83050012588501
2703,0,-9.210000038146973,0.11033034324645996,7.351459980010986
2704,0,-9.210000038146973,0.15379442274570465,6.555397033691406
2705,0,-9.210000038146973,0.1508120894432068,6.563478469848633
2706,0,-7.699999809265137,0.7200378179550171,5.586523532867432
2707,0,-7.699999809265137,0.7010464668273926,5.800561428070068
2708,0,-7.699999809265137,0.7010235786437988,5.874001979827881
2709,0,-7.699999809265137,0.7086966037750244,5.379624366760254
2710,0,-7.699999809265137,0.7037200331687927,6.098334312438965
2711,0,-7.699999809265137,0.7008198499679565,6.0639729499816895
2712,1,6.900000095367432,0.7322861552238464,8.107539176940918
2713,1,6.900000095367432,0.7290647029876709,8.093609809875488
2714,1,6.900000095367432,0.6768526434898376,8.140058517456055
2715,0,-6.900000095367432,0.5447958111763,8.165279388427734
2716,0,-6.900000095367432,0.6659777760505676,7.352312088012695
2717,0,-6.900000095367432,0.565112292766571,7.951897144317627
2718,1,11.819999694824219,0.8120119571685791,10.736631393432617
2719,1,11.819999694824219,0.797253429889679,10.706513404846191
2720,0,-11.819999694824219,0.5404731035232544,8.166045188903809
2721,0,-11.819999694824219,0.8003963232040405,10.86123275756836
2722,0,-11.819999694824219,0.4666951894760132,7.66909122467041
2723,0,-11.819999694824219,0.6189067959785461,7.9242706298828125
2724,0,-11.819999694824219,0.6810089349746704,9.34478759765625
2725,0,-11.819999694824219,0.4284442961215973,7.529747009277344
2726,0,-9.100000381469727,0.6731847524642944,7.563076496124268
2727,0,-9.100000381469727,0.6521682143211365,7.4337053298950195
2728,0,-9.100000381469727,0.6411040425300598,7.817429542541504
2729,0,-9.100000381469727,0.6043499112129211,6.993090629577637
2730,0,-9.100000381469727,0.646828830242157,7.336976051330566
2731,0,-9.100000381469727,0.6626953482627869,7.566622257232666
2732,0,-9.100000381469727,0.5902149677276611,6.938414096832275
2733,1,9.100000381469727,0.6709539294242859,7.23239803314209
2734,0,-9.100000381469727,0.6000263094902039,7.250399589538574
2735,0,-9.100000381469727,0.6724643111228943,7.569343566894531
2736,0,-9.100000381469727,0.5851922035217285,6.899379730224609
2737,0,-9.100000381469727,0.6811045408248901,8.329482078552246
2738,0,-9.100000381469727,0.6259002685546875,7.525172233581543
2739,0,-9.100000381469727,0.6637288331985474,7.880514144897461
2740,0,-9.100000381469727,0.6670950055122375,8.089181900024414
2741,0,-9.100000381469727,0.6586046814918518,7.913664817810059
2742,0,-9.100000381469727,0.5441430807113647,6.300439834594727
2743,0,-9.100000381469727,0.6311232447624207,7.165969371795654
2744,0,-9.100000381469727,0.5923960208892822,6.7329792976379395
2745,0,-9.100000381469727,0.578666627407074,6.530866622924805
2746,1,8.399999618530273,0.8079403042793274,9.704902648925781
2747,1,8.399999618530273,0.8040993809700012,9.603759765625
2748,0,-8.399999618530273,0.7990643382072449,9.723634719848633
2749,1,6.460000038146973,0.6090689301490784,6.363865375518799
2750,0,-6.460000038146973,0.41729745268821716,5.8679094314575195
2751,0,-6.460000038146973,0.3983522951602936,5.680068492889404
2752,0,-6.460000038146973,0.5642263293266296,6.198794841766357
2753,0,-6.460000038146973,0.3253128230571747,5.438552379608154
2754,0,-6.460000038146973,0.4975242614746094,6.168263912200928
2755,0,-6.460000038146973,0.322197824716568,5.454428672790527
2756,0,-6.460000038146973,0.533137321472168,6.402437210083008
2757,0,-6.460000038146973,0.5348740220069885,6.254287242889404
2758,0,-6.460000038146973,0.4706626534461975,5.724642753601074
2759,0,-6.460000038146973,0.5377413034439087,6.065066814422607
2760,0,-6.460000038146973,0.4831438362598419,6.650880336761475
2761,0,-6.460000038146973,0.5938525199890137,6.028763771057129
2762,0,-6.460000038146973,0.3830433785915375,5.693526744842529
2763,0,-6.460000038146973,0.3128329813480377,5.992972373962402
2764,0,-6.460000038146973,0.46578964591026306,5.572227478027344
2765,0,-6.460000038146973,0.47223755717277527,5.874171733856201
2766,0,-6.460000038146973,0.4463563561439514,6.317506790161133
2767,0,-6.460000038146973,0.5197840929031372,6.109174728393555
2768,0,-6.460000038146973,0.3702579140663147,5.126021385192871
2769,0,-6.460000038146973,0.5504339933395386,6.3803606033325195
2770,1,5.190000057220459,0.8024764657020569,7.073521614074707
2771,1,5.190000057220459,0.8038544058799744,7.056170463562012
2772,0,-5.190000057220459,0.7647061944007874,7.303823947906494
2773,0,-5.190000057220459,0.7995644211769104,7.219742774963379
2774,0,-5.190000057220459,0.8053128123283386,7.121406555175781
2775,1,3.700000047683716,0.7319011688232422,5.361186981201172
2776,1,3.700000047683716,0.7317262887954712,5.3452935218811035
2777,1,3.700000047683716,0.7114861607551575,5.238156318664551
2778,0,-3.700000047683716,0.7131762504577637,5.20622444152832
2779,0,-3.700000047683716,0.717475175857544,5.2889556884765625
2780,0,-3.700000047683716,0.6286605000495911,4.709526062011719
2781,0,-3.700000047683716,0.6459400653839111,5.31807279586792
2782,0,-3.700000047683716,0.6908488869667053,5.044184684753418
2783,0,-3.700000047683716,0.4990965723991394,5.287784576416016
2784,0,-3.700000047683716,0.6541544198989868,4.532947063446045
2785,0,-3.700000047683716,0.565771222114563,5.08969783782959
2786,0,-3.700000047683716,0.6094199419021606,5.240230560302734
2787,0,-3.700000047683716,0.4845280647277832,5.185697555541992
2788,1,6.849999904632568,0.7917399406433105,6.704909324645996
2789,1,6.849999904632568,0.7993804812431335,6.853463172912598
2790,1,6.849999904632568,0.79584139585495,6.887292861938477
2791,0,-6.849999904632568,0.7718461751937866,6.605312347412109
2792,0,-6.849999904632568,0.5425628423690796,5.061789512634277
2793,0,-6.849999904632568,0.7555800676345825,5.7215447425842285
2794,0,-6.849999904632568,0.59784334897995,5.533350467681885
2795,0,-6.849999904632568,0.5087113380432129,4.445407867431641
2796,0,-6.849999904632568,0.647675633430481,6.491066932678223
2797,1,3.619999885559082,0.6796541213989258,5.7491607666015625
2798,1,3.619999885559082,0.6284472942352295,5.724279880523682
2799,0,-3.619999885559082,0.6351495981216431,5.893475532531738
2800,0,-3.619999885559082,0.5998799800872803,5.6153106689453125
2801,0,-3.619999885559082,0.524049699306488,6.409836769104004
2802,0,-3.619999885559082,0.49911394715309143,6.138394355773926
2803,0,-3.619999885559082,0.5645561218261719,6.170650005340576
2804,0,-3.619999885559082,0.5652717351913452,5.666563987731934
2805,0,-3.619999885559082,0.5339041352272034,6.427669525146484
2806,0,-3.619999885559082,0.5714588761329651,6.1532487869262695
2807,0,-3.619999885559082,0.4749244153499603,5.4640421867370605
2808,0,-3.619999885559082,0.47019216418266296,6.949497222900391
2809,0,-3.619999885559082,0.4684971570968628,5.846604824066162
2810,0,-3.619999885559082,0.5204370617866516,6.113064289093018
2811,0,-3.619999885559082,0.4610026180744171,6.234873294830322
2812,0,-3.619999885559082,0.41823819279670715,5.39762544631958
2813,0,-3.619999885559082,0.4758574366569519,6.072817802429199
2814,0,-3.619999885559082,0.35008180141448975,5.8615217208862305
2815,0,-3.619999885559082,0.33007729053497314,5.284755229949951
2816,0,-3.619999885559082,0.43043071031570435,5.762479782104492
2817,1,8.25,0.7006242275238037,8.416862487792969
2818,1,8.25,0.6987206339836121,8.402830123901367
2819,0,-8.25,0.6622219681739807,8.01550006866455
2820,1,3.569999933242798,0.6247299909591675,3.5376360416412354
2821,0,-3.569999933242798,0.33990830183029175,4.2228240966796875
2822,1,3.569999933242798,0.6076673865318298,3.548841953277588
2823,0,-3.569999933242798,0.37174996733665466,4.254006385803223
2824,0,-3.569999933242798,0.3049616515636444,4.300772666931152
2825,0,-3.569999933242798,0.36348414421081543,4.247779846191406
2826,0,-3.569999933242798,0.27980419993400574,4.694101810455322
2827,0,-3.569999933242798,0.329379677772522,3.913597583770752
2828,0,-3.569999933242798,0.3065081536769867,4.2810773849487305
2829,0,-3.569999933242798,0.2786361873149872,4.270455360412598
2830,1,3.569999933242798,0.4215225279331207,3.6107778549194336
2831,0,-3.569999933242798,0.3510420322418213,4.687213897705078
2832,0,-3.569999933242798,0.47792309522628784,3.6122517585754395
2833,0,-3.569999933242798,0.25801265239715576,4.666920185089111
2834,0,-3.569999933242798,0.23485921323299408,4.419623374938965
2835,0,-3.569999933242798,0.25372129678726196,4.5760602951049805
2836,0,-3.569999933242798,0.25756049156188965,4.0836992263793945
2837,0,-3.569999933242798,0.25328728556632996,4.151890754699707
2838,0,-3.569999933242798,0.25148844718933105,4.711215496063232
2839,0,-3.569999933242798,0.268594354391098,5.086869716644287
2840,0,-3.569999933242798,0.2620755434036255,5.047068119049072
2841,1,7.960000038146973,0.348538875579834,8.410198211669922
2842,1,7.960000038146973,0.3302488923072815,8.502985000610352
2843,1,7.960000038146973,0.37129950523376465,8.092975616455078
2844,0,-7.960000038146973,0.37666550278663635,8.47482681274414
2845,0,-7.960000038146973,0.19250157475471497,7.214043617248535
2846,0,-7.960000038146973,0.23210717737674713,7.510297775268555
2847,0,-7.960000038146973,0.08964478224515915,6.365788459777832
2848,1,9.270000457763672,0.744561493396759,8.408642768859863
2849,1,9.270000457763672,0.743011474609375,8.496969223022461
2850,1,9.270000457763672,0.7359336018562317,8.053135871887207
2851,1,2.4000000953674316,0.6360339522361755,3.3227274417877197
2852,1,2.4000000953674316,0.6371163129806519,3.3436663150787354
2853,1,2.4000000953674316,0.5619506239891052,3.081744432449341
2854,0,-2.4000000953674316,0.46109911799430847,3.7773337364196777
2855,0,-2.4000000953674316,0.46525365114212036,3.962550401687622
2856,0,-2.4000000953674316,0.32926949858665466,4.245511054992676
2857,0,-2.4000000953674316,0.5121580958366394,3.989755392074585
2858,0,-2.4000000953674316,0.428811252117157,3.292555570602417
2859,0,-2.4000000953674316,0.3905586004257202,5.07260799407959
2860,0,-2.4000000953674316,0.3822023570537567,4.72517204284668
2861,0,-2.4000000953674316,0.29143521189689636,4.4213995933532715
2862,0,-2.4000000953674316,0.3242731988430023,5.294349670410156
2863,0,-2.4000000953674316,0.5360047817230225,3.943953037261963
2864,0,-2.4000000953674316,0.3759448826313019,3.9009344577789307
2865,1,9.039999961853027,0.7122771143913269,7.865851402282715
2866,1,9.039999961853027,0.7094749212265015,7.868559837341309
2867,0,-9.039999961853027,0.6814887523651123,7.407377243041992
2868,1,9.039999961853027,0.6970599889755249,7.491776466369629
2869,0,-9.039999961853027,0.6652727723121643,7.084166049957275
2870,0,-9.039999961853027,0.651339590549469,7.186285495758057
2871,0,-9.039999961853027,0.6927926540374756,7.657723426818848
2872,0,-9.039999961853027,0.6237771511077881,7.314741611480713
2873,0,-9.039999961853027,0.6551896333694458,7.036645889282227
2874,0,-9.039999961853027,0.6009260416030884,6.887850761413574
2875,0,-9.039999961853027,0.6145150661468506,7.184568405151367
2876,0,-9.039999961853027,0.6552277207374573,7.1809258460998535
2877,1,6.320000171661377,0.7171775102615356,6.075285911560059
2878,0,-6.320000171661377,0.7176462411880493,6.3596510887146
2879,0,-6.320000171661377,0.747506856918335,7.635957717895508
2880,0,-6.320000171661377,0.7193674445152283,6.787853717803955
2881,1,6.320000171661377,0.7163496613502502,6.038132667541504
2882,0,-6.320000171661377,0.6476112008094788,6.003960609436035
2883,0,-6.320000171661377,0.6847071051597595,6.118889331817627
2884,1,6.320000171661377,0.7175086140632629,5.909267902374268
2885,0,-6.320000171661377,0.6539938449859619,5.840701580047607
2886,0,-6.320000171661377,0.7452123165130615,7.219055652618408
2887,0,-6.320000171661377,0.7126271724700928,7.521999359130859
2888,0,-6.320000171661377,0.5247154235839844,5.381724834442139
2889,0,-6.320000171661377,0.6872786283493042,5.43475866317749
2890,0,-6.320000171661377,0.37425535917282104,5.964629650115967
2891,0,-6.320000171661377,0.7426198124885559,6.94015645980835
2892,0,-6.320000171661377,0.4726165533065796,5.2837934494018555
2893,0,-6.320000171661377,0.35525786876678467,4.983685493469238
2894,0,-6.320000171661377,0.2874792218208313,5.174228191375732
2895,0,-6.320000171661377,0.32097211480140686,4.656385898590088
2896,0,-6.320000171661377,0.267844021320343,5.1981048583984375
2897,0,-6.320000171661377,0.30317455530166626,4.826999187469482
2898,1,8.520000457763672,0.5504640340805054,6.51979923248291
2899,0,-8.520000457763672,0.5395111441612244,5.841465950012207
2900,0,-8.520000457763672,0.5882905125617981,6.262500762939453
2901,0,-8.520000457763672,0.5369511246681213,6.529079437255859
2902,0,-8.520000457763672,0.5672969818115234,6.46955680847168
2903,0,-8.520000457763672,0.5838751792907715,6.623430252075195
2904,0,-8.520000457763672,0.41247525811195374,6.467117786407471
2905,0,-8.520000457763672,0.5237816572189331,6.189781188964844
2906,0,-8.520000457763672,0.4800029993057251,6.2063093185424805
2907,0,-8.520000457763672,0.4827708899974823,6.4989471435546875
2908,0,-8.520000457763672,0.49060511589050293,6.091135025024414
2909,0,-8.520000457763672,0.42910653352737427,6.235632419586182
2910,0,-8.520000457763672,0.4856284558773041,6.3722758293151855
2911,0,-8.520000457763672,0.48582524061203003,6.283349514007568
2912,0,-8.520000457763672,0.50713050365448,6.348175525665283
2913,0,-8.520000457763672,0.33802586793899536,6.3697733879089355
2914,0,-8.520000457763672,0.4362252652645111,6.394447326660156
2915,0,-8.520000457763672,0.3302026689052582,6.581697940826416
2916,0,-8.520000457763672,0.5044475793838501,6.483677387237549
2917,0,-8.520000457763672,0.37046095728874207,6.536078453063965
2918,0,-8.520000457763672,0.3857487440109253,6.367047309875488
2919,1,3.6600000858306885,0.671570897102356,4.1518964767456055
2920,1,3.6600000858306885,0.6564509272575378,4.235518455505371
2921,1,3.6600000858306885,0.4041355550289154,4.883432388305664
2922,0,-3.6600000858306885,0.37813833355903625,5.2752299308776855
2923,1,3.6600000858306885,0.3935377895832062,4.965103626251221
2924,0,-3.6600000858306885,0.6031610369682312,4.08037805557251
2925,0,-3.6600000858306885,0.3712325096130371,5.539633274078369
2926,0,-3.6600000858306885,0.4589623808860779,4.900132179260254
2927,0,-3.6600000858306885,0.4328407347202301,4.9963483810424805
2928,0,-3.6600000858306885,0.37592801451683044,5.170600414276123
2929,0,-3.6600000858306885,0.3093315362930298,5.772294521331787
2930,0,-3.6600000858306885,0.3628876805305481,5.150962829589844
2931,0,-3.6600000858306885,0.5986678600311279,4.607403755187988
2932,1,3.6600000858306885,0.5007093548774719,4.633959770202637
2933,0,-3.6600000858306885,0.49176493287086487,4.867353439331055
2934,0,-3.6600000858306885,0.2572040855884552,5.88965368270874
2935,0,-3.6600000858306885,0.28727999329566956,5.52010440826416
2936,0,-3.6600000858306885,0.39060869812965393,5.110634803771973
2937,0,-3.6600000858306885,0.2400084137916565,5.89602518081665
2938,0,-3.6600000858306885,0.3545530140399933,5.30816650390625
2939,0,-3.6600000858306885,0.4167933762073517,5.076821327209473
2940,1,4.820000171661377,0.45713862776756287,3.761169672012329
2941,0,-4.820000171661377,0.409066379070282,3.653085947036743
2942,0,-4.820000171661377,0.38664233684539795,3.3832767009735107
2943,0,-4.820000171661377,0.4051230251789093,3.5496129989624023
2944,0,-4.820000171661377,0.3816796839237213,4.070474147796631
2945,1,4.820000171661377,0.4440824091434479,3.6948435306549072
2946,0,-4.820000171661377,0.39895984530448914,3.8240671157836914
2947,0,-4.820000171661377,0.5340026021003723,3.526217460632324
2948,0,-4.820000171661377,0.37512272596359253,3.3997802734375
2949,0,-4.820000171661377,0.4329197108745575,3.6455636024475098
2950,0,-4.820000171661377,0.3489946722984314,3.3501617908477783
2951,0,-4.820000171661377,0.3917420208454132,3.8308115005493164
2952,0,-4.820000171661377,0.3448704183101654,3.42209529876709
2953,0,-4.820000171661377,0.4170375168323517,3.655724048614502
2954,0,-4.820000171661377,0.3929523229598999,4.202648162841797
2955,0,-4.820000171661377,0.2925838828086853,4.1930012702941895
2956,0,-4.820000171661377,0.47503289580345154,3.618809700012207
2957,0,-4.820000171661377,0.320443719625473,3.4273953437805176
2958,0,-4.820000171661377,0.38368740677833557,3.6450045108795166
2959,1,4.820000171661377,0.3642030954360962,3.9009013175964355
2960,0,-4.820000171661377,0.285744309425354,3.694265604019165
2961,1,8.65999984741211,0.6972658634185791,7.879937171936035
2962,1,8.65999984741211,0.6736846566200256,7.651142120361328
2963,0,-8.65999984741211,0.6928707361221313,7.796726703643799
2964,0,-8.65999984741211,0.4416981339454651,5.578174591064453
2965,0,-8.65999984741211,0.4616146683692932,5.979121685028076
2966,0,-8.65999984741211,0.28784677386283875,4.47285270690918
2967,0,-8.65999984741211,0.28561264276504517,4.541137218475342
2968,0,-8.65999984741211,0.38725781440734863,5.526921272277832
2969,0,-8.65999984741211,0.49500206112861633,5.7657551765441895
2970,0,-8.65999984741211,0.6605911254882812,6.552304744720459
2971,0,-8.65999984741211,0.33310091495513916,5.226595401763916
2972,0,-8.65999984741211,0.352705717086792,5.4849019050598145
2973,0,-8.65999984741211,0.22803248465061188,4.46574068069458
2974,1,10.170000076293945,0.7514545917510986,8.905904769897461
2975,1,10.170000076293945,0.7523778080940247,8.90109634399414
2976,0,-10.170000076293945,0.7666400074958801,8.75345230102539
2977,0,-10.170000076293945,0.25408032536506653,5.7710862159729
2978,0,-10.170000076293945,0.2509172856807709,5.6770429611206055
2979,1,8.100000381469727,0.6887720227241516,7.388513088226318
2980,1,8.100000381469727,0.6863206028938293,7.404770851135254
2981,0,-8.100000381469727,0.6029311418533325,7.856564521789551
2982,1,8.100000381469727,0.6371889114379883,7.255561828613281
2983,0,-8.100000381469727,0.643667459487915,8.073710441589355
2984,0,-8.100000381469727,0.36620330810546875,6.548986434936523
2985,0,-7.170000076293945,0.555772602558136,7.929595947265625
2986,0,-7.170000076293945,0.5765060782432556,8.665748596191406
2987,0,-7.170000076293945,0.63184654712677,9.130128860473633
2988,0,-7.170000076293945,0.612450897693634,8.926310539245605
2989,1,7.170000076293945,0.5882152915000916,8.464643478393555
2990,0,-7.170000076293945,0.7092852592468262,7.814375400543213
2991,0,-7.170000076293945,0.570818305015564,8.957112312316895
2992,0,-7.170000076293945,0.5373823046684265,8.457328796386719
2993,0,-7.170000076293945,0.5822272300720215,8.603617668151855
2994,0,-7.170000076293945,0.556215226650238,8.403043746948242
2995,0,-7.170000076293945,0.5104207396507263,8.342925071716309
2996,0,-7.170000076293945,0.592124879360199,8.718915939331055
2997,0,-7.170000076293945,0.5752041935920715,8.334131240844727
2998,0,-7.170000076293945,0.5876243710517883,8.801667213439941
2999,0,-7.170000076293945,0.31925585865974426,7.194126605987549
3000,0,-7.170000076293945,0.5848402976989746,8.188810348510742
3001,0,-7.170000076293945,0.6068623065948486,8.305209159851074
3002,0,-7.170000076293945,0.2691555619239807,7.640599727630615
3003,0,-7.170000076293945,0.21745233237743378,6.539039611816406
3004,0,-7.170000076293945,0.15248174965381622,6.730662822723389
3005,1,5.789999961853027,0.7368274331092834,7.007619857788086
3006,0,-5.789999961853027,0.7440220713615417,6.876128673553467
3007,1,5.789999961853027,0.704482913017273,6.8845930099487305
3008,0,-5.789999961853027,0.40732914209365845,6.299454212188721
3009,0,-5.789999961853027,0.3747248649597168,6.983609199523926
3010,0,-5.789999961853027,0.3036123812198639,6.5036115646362305
3011,0,-5.789999961853027,0.2595592737197876,6.685328483581543
3012,0,-5.789999961853027,0.4585917592048645,7.116034507751465
3013,0,-5.789999961853027,0.5035418272018433,5.913383960723877
3014,0,-5.789999961853027,0.302033007144928,6.075235366821289
3015,0,-5.789999961853027,0.4345903694629669,5.77578592300415
3016,0,-5.789999961853027,0.41518813371658325,5.876223564147949
3017,0,-5.789999961853027,0.3493586480617523,6.744941234588623
3018,0,-5.789999961853027,0.3570791780948639,6.610957622528076
3019,0,-5.789999961853027,0.28758350014686584,6.378565311431885
3020,0,-5.789999961853027,0.23721589148044586,6.130330562591553
3021,0,-5.789999961853027,0.1923857182264328,6.355024337768555
3022,0,-5.789999961853027,0.21680277585983276,5.379570007324219
3023,0,-5.789999961853027,0.4042343199253082,6.21002721786499
3024,0,-5.789999961853027,0.2567724883556366,5.7005534172058105
3025,0,-5.789999961853027,0.24001871049404144,6.065214157104492
3026,1,7.800000190734863,0.7447240352630615,7.999587059020996
3027,1,7.800000190734863,0.7538645267486572,7.97383451461792
3028,1,7.800000190734863,0.7254045009613037,8.183107376098633
3029,0,-7.800000190734863,0.6405580043792725,8.266464233398438
3030,0,-7.800000190734863,0.6112899780273438,8.288289070129395
3031,0,-7.800000190734863,0.6712669730186462,8.544037818908691
3032,0,-7.800000190734863,0.6430976390838623,8.503613471984863
3033,0,-7.800000190734863,0.5959969758987427,8.654061317443848
3034,1,9.520000457763672,0.7561721801757812,8.414636611938477
3035,1,9.520000457763672,0.7578537464141846,8.43006420135498
3036,0,-9.520000457763672,0.7627880573272705,8.555789947509766
3037,1,3.0999999046325684,0.5788559913635254,4.993552207946777
3038,1,3.0999999046325684,0.579841673374176,4.980001926422119
3039,0,-3.0999999046325684,0.5921254754066467,5.097019195556641
3040,0,-3.0999999046325684,0.5257921814918518,4.707507610321045
3041,0,-3.0999999046325684,0.5550820827484131,4.459134101867676
3042,0,-3.0999999046325684,0.5070313215255737,4.781116008758545
3043,0,-3.0999999046325684,0.47790223360061646,5.130030632019043
3044,0,-3.0999999046325684,0.4875531494617462,4.943477630615234
3045,0,-3.0999999046325684,0.4457297921180725,5.019567489624023
3046,0,-3.0999999046325684,0.4467895030975342,4.811193466186523
3047,0,-3.0999999046325684,0.3864094913005829,5.30206298828125
3048,0,-3.0999999046325684,0.36673620343208313,4.772470474243164
3049,0,-3.0999999046325684,0.432116836309433,4.790382385253906
3050,0,-3.0999999046325684,0.4485073983669281,4.702510356903076
3051,0,-3.0999999046325684,0.4789336919784546,5.058498382568359
3052,0,-3.0999999046325684,0.39572158455848694,4.859902381896973
3053,0,-3.0999999046325684,0.3740752041339874,4.636680603027344
3054,0,-3.0999999046325684,0.33503448963165283,4.875999927520752
3055,0,-3.0999999046325684,0.30092906951904297,5.3212890625
3056,0,-3.0999999046325684,0.3862724006175995,5.068943023681641
3057,0,-3.0999999046325684,0.39110130071640015,5.097058296203613
3058,1,8.770000457763672,0.7310794591903687,8.861371040344238
3059,1,8.770000457763672,0.7315651178359985,8.972833633422852
3060,1,8.770000457763672,0.7438622117042542,8.968900680541992
3061,0,-8.770000457763672,0.7148036956787109,8.785672187805176
3062,0,-8.770000457763672,0.7052168250083923,8.32925033569336
3063,1,2.890000104904175,0.5944586992263794,5.189678192138672
3064,0,-2.890000104904175,0.5386919379234314,4.350305557250977
3065,0,-2.890000104904175,0.5175300240516663,4.329914093017578
3066,0,-2.890000104904175,0.5326566696166992,4.194181442260742
3067,0,-2.890000104904175,0.5691755414009094,4.923774719238281
3068,0,-2.890000104904175,0.4871697425842285,4.141373157501221
3069,0,-2.890000104904175,0.5865556001663208,4.708539962768555
3070,0,-2.890000104904175,0.515692412853241,4.812528610229492
3071,0,-2.890000104904175,0.524372398853302,4.361051559448242
3072,1,2.890000104904175,0.5346014499664307,5.088629245758057
3073,0,-2.890000104904175,0.49951794743537903,4.293932914733887
3074,0,-2.890000104904175,0.4994513988494873,4.400851249694824
3075,0,-2.890000104904175,0.5490894913673401,4.866778373718262
3076,0,-2.890000104904175,0.5410504937171936,5.347352027893066
3077,0,-2.890000104904175,0.5136234760284424,4.507637023925781
3078,0,-2.890000104904175,0.5141536593437195,4.229600429534912
3079,0,-2.890000104904175,0.4900636672973633,4.448058128356934
3080,0,-2.890000104904175,0.5057142972946167,5.610194206237793
3081,0,-2.890000104904175,0.504145622253418,4.660398483276367
3082,0,-2.890000104904175,0.5390925407409668,4.339038848876953
3083,0,-2.890000104904175,0.429083913564682,3.7030773162841797
3084,1,2.9200000762939453,0.5747524499893188,3.8886775970458984
3085,0,-2.9200000762939453,0.5712469220161438,4.484376907348633
3086,0,-2.9200000762939453,0.5671088099479675,4.116218566894531
3087,0,-2.9200000762939453,0.465687096118927,4.040283203125
3088,1,2.9200000762939453,0.6140896081924438,4.5374555587768555
3089,0,-2.9200000762939453,0.3782811760902405,5.006584167480469
3090,0,-2.9200000762939453,0.6102193593978882,4.263592720031738
3091,0,-2.9200000762939453,0.3994755744934082,4.108545303344727
3092,0,-2.9200000762939453,0.5457822680473328,3.839639663696289
3093,0,-2.9200000762939453,0.5018613338470459,4.129885196685791
3094,0,-2.9200000762939453,0.49256497621536255,4.646784782409668
3095,0,-2.9200000762939453,0.5453663468360901,3.8192601203918457
3096,0,-2.9200000762939453,0.31275707483291626,4.848255157470703
3097,0,-2.9200000762939453,0.460222452878952,4.394061088562012
3098,0,-2.9200000762939453,0.4715719223022461,4.846635818481445
3099,0,-2.9200000762939453,0.546008825302124,4.174500465393066
3100,1,6.5,0.6532702445983887,7.246155261993408
3101,1,6.5,0.6526414155960083,7.253717422485352
3102,0,-6.5,0.5420092940330505,6.121273994445801
3103,0,-6.5,0.5587930679321289,6.370838165283203
3104,0,-6.5,0.5810584425926208,6.562468528747559
3105,0,-6.5,0.5225021839141846,6.090860366821289
3106,0,-6.5,0.5243564248085022,5.93787145614624
3107,0,-6.5,0.5674147605895996,6.397516250610352
3108,0,-6.5,0.5849277377128601,6.3956403732299805
3109,1,5.369999885559082,0.5528512001037598,4.848386764526367
3110,0,-5.369999885559082,0.6232724785804749,4.256723403930664
3111,1,5.369999885559082,0.5570646524429321,4.869182586669922
3112,0,-5.369999885559082,0.6075157523155212,4.670347213745117
3113,0,-5.369999885559082,0.6443648934364319,4.6102294921875
3114,0,-5.369999885559082,0.5458199977874756,4.618662357330322
3115,0,-5.369999885559082,0.5994709134101868,5.168752670288086
3116,0,-5.369999885559082,0.5075333714485168,4.902325630187988
3117,1,6.480000019073486,0.6657298803329468,6.042132377624512
3118,0,-6.480000019073486,0.6661030054092407,5.89677095413208
3119,0,-6.480000019073486,0.6314023733139038,5.481906890869141
3120,0,-6.480000019073486,0.6286998391151428,6.112252235412598
3121,1,6.480000019073486,0.6635656952857971,6.004504203796387
3122,1,6.480000019073486,0.6463819742202759,5.584342956542969
3123,0,-6.480000019073486,0.6484634876251221,6.506230354309082
3124,0,-6.480000019073486,0.6343515515327454,6.23446798324585
3125,0,-6.480000019073486,0.6284396648406982,6.3518829345703125
3126,0,-6.480000019073486,0.57847660779953,6.074277877807617
3127,1,5.099999904632568,0.6499320864677429,5.038944244384766
3128,1,5.099999904632568,0.6505700945854187,5.040765762329102
3129,0,-5.099999904632568,0.4183576703071594,4.626262664794922
3130,0,-5.099999904632568,0.4152994751930237,4.628684997558594
3131,1,5.099999904632568,0.6194944977760315,4.838386535644531
3132,1,5.099999904632568,0.3835713863372803,5.024597644805908
3133,0,-5.099999904632568,0.3718794286251068,4.937702655792236
3134,0,-5.099999904632568,0.19226065278053284,5.388094425201416
3135,0,-5.099999904632568,0.20252211391925812,5.186426639556885
3136,0,-5.099999904632568,0.20027445256710052,5.310615062713623
3137,0,-5.099999904632568,0.16926178336143494,5.297733306884766
3138,0,-5.099999904632568,0.1905619353055954,5.258025646209717
3139,0,-5.099999904632568,0.1914394348859787,5.306680679321289
3140,0,-5.099999904632568,0.16377870738506317,5.262585639953613
3141,0,-5.099999904632568,0.22922077775001526,5.125331878662109
3142,0,-5.099999904632568,0.1758100539445877,5.232326507568359
3143,0,-5.099999904632568,0.18992063403129578,5.112835884094238
3144,0,-5.099999904632568,0.15989774465560913,5.41478967666626
3145,0,-5.099999904632568,0.15822452306747437,4.862584114074707
3146,0,-5.099999904632568,0.19233869016170502,5.338818550109863
3147,1,4.659999847412109,0.5102760791778564,5.473571300506592
3148,0,-4.659999847412109,0.6046130061149597,5.671666622161865
3149,0,-4.659999847412109,0.5746853351593018,5.358572483062744
3150,0,-4.659999847412109,0.5675962567329407,5.2542405128479
3151,0,-4.659999847412109,0.5217002034187317,5.577458381652832
3152,0,-4.659999847412109,0.5495419502258301,5.587298393249512
3153,1,4.659999847412109,0.5137451887130737,5.197324275970459
3154,0,-4.659999847412109,0.5444817543029785,4.532096862792969
3155,0,-4.659999847412109,0.5653350353240967,4.679493427276611
3156,0,-4.659999847412109,0.4991113841533661,4.9626851081848145
3157,0,-4.659999847412109,0.567816972732544,4.698284149169922
3158,0,-4.659999847412109,0.47543925046920776,4.3999528884887695
3159,0,-4.659999847412109,0.5311508774757385,4.453920841217041
3160,0,-4.659999847412109,0.4891006648540497,4.747653007507324
3161,0,-4.659999847412109,0.4150923788547516,5.311373710632324
3162,0,-4.659999847412109,0.4025058448314667,4.451155662536621
3163,0,-4.659999847412109,0.4157610535621643,4.154487133026123
3164,0,-4.659999847412109,0.3287229835987091,5.05604362487793
3165,0,-4.659999847412109,0.39839479327201843,4.178835868835449
3166,1,2.069999933242798,0.6904307007789612,2.760464906692505
3167,1,2.069999933242798,0.7064052820205688,2.781872272491455
3168,1,2.069999933242798,0.6887423396110535,2.7873830795288086
3169,1,2.069999933242798,0.5927793979644775,2.7504773139953613
3170,0,-2.069999933242798,0.6059076189994812,2.9197914600372314
3171,0,-2.069999933242798,0.627164363861084,2.8603062629699707
3172,0,-2.069999933242798,0.6091073155403137,3.006840705871582
3173,0,-2.069999933242798,0.5462799072265625,2.776299238204956
3174,0,-2.069999933242798,0.5025259852409363,3.099529504776001
3175,0,-2.069999933242798,0.47399574518203735,3.0876903533935547
3176,0,-2.069999933242798,0.529459536075592,3.084488868713379
3177,0,-2.069999933242798,0.6148631572723389,2.977509021759033
3178,0,-2.069999933242798,0.547738254070282,2.784794569015503
3179,0,-2.069999933242798,0.4727034270763397,2.9525489807128906
3180,0,-2.069999933242798,0.4301415681838989,3.217353105545044
3181,0,-2.069999933242798,0.4771783947944641,3.2995946407318115
3182,0,-2.069999933242798,0.4390190839767456,3.2493505477905273
3183,0,-2.069999933242798,0.49906155467033386,2.9615793228149414
3184,0,-2.069999933242798,0.43411991000175476,2.9107415676116943
3185,0,-2.069999933242798,0.4520856738090515,2.840501546859741
3186,1,10.920000076293945,0.6610022187232971,9.006545066833496
3187,1,10.920000076293945,0.671218991279602,9.04395580291748
3188,0,-10.920000076293945,0.6811031103134155,8.819578170776367
3189,0,-10.920000076293945,0.7062746286392212,9.102835655212402
3190,0,-10.920000076293945,0.24498169124126434,8.957671165466309
3191,0,-10.920000076293945,0.13598065078258514,8.747882843017578
3192,0,-10.920000076293945,0.40184327960014343,8.63707447052002
3193,0,-10.920000076293945,0.5191646218299866,8.457229614257812
3194,0,-10.920000076293945,0.2578512132167816,9.060633659362793
3195,0,-10.920000076293945,0.36672016978263855,8.773749351501465
3196,0,-10.920000076293945,0.3678630590438843,8.78036117553711
3197,0,-10.920000076293945,0.3462883234024048,8.37746810913086
3198,0,-10.920000076293945,0.09558383375406265,6.834652423858643
3199,0,-10.920000076293945,0.2697325050830841,8.00816535949707
3200,0,-10.920000076293945,0.42501917481422424,8.760169982910156
3201,0,-10.920000076293945,0.16950339078903198,7.941758155822754
3202,0,-10.920000076293945,0.21843820810317993,8.943100929260254
3203,0,-10.920000076293945,0.381176620721817,8.278362274169922
3204,0,-10.920000076293945,0.15359848737716675,7.792813777923584
3205,0,-10.920000076293945,0.2449454367160797,7.915037155151367
3206,1,8.0,0.7161303162574768,7.121326446533203
3207,1,8.0,0.7123765349388123,7.144394874572754
3208,1,8.0,0.6664291620254517,7.34862756729126
3209,0,-8.0,0.6826608777046204,7.472078323364258
3210,1,2.819999933242798,0.5655121207237244,5.419416427612305
3211,0,-2.819999933242798,0.6751344799995422,4.6950788497924805
3212,0,-2.819999933242798,0.6677724123001099,4.680380821228027
3213,0,-2.819999933242798,0.6020516753196716,5.207144737243652
3214,1,2.819999933242798,0.5672131776809692,5.290897369384766
3215,0,-2.819999933242798,0.5867785215377808,4.530586242675781
3216,1,2.819999933242798,0.5630923509597778,5.304372310638428
3217,0,-2.819999933242798,0.6421483159065247,4.176270484924316
3218,0,-2.819999933242798,0.6010414361953735,4.646129608154297
3219,0,-2.819999933242798,0.5832046270370483,4.752430438995361
3220,0,-2.819999933242798,0.5027830600738525,5.916815757751465
3221,0,-2.819999933242798,0.5031371116638184,5.930149078369141
3222,0,-2.819999933242798,0.46044808626174927,5.329554080963135
3223,0,-2.819999933242798,0.41945716738700867,5.967080116271973
3224,0,-2.819999933242798,0.4475603401660919,5.679978370666504
3225,0,-2.819999933242798,0.3898003399372101,6.055151462554932
3226,0,-2.819999933242798,0.4445054829120636,5.3189239501953125
3227,0,-2.819999933242798,0.33706825971603394,5.932256698608398
3228,0,-2.819999933242798,0.3771180510520935,6.324554920196533
3229,0,-2.819999933242798,0.28096243739128113,5.388566017150879
3230,0,-2.819999933242798,0.2913596034049988,5.3699822425842285
3231,1,3.0999999046325684,0.4124278724193573,6.526418685913086
3232,0,-3.0999999046325684,0.40772518515586853,6.570777416229248
3233,0,-3.0999999046325684,0.40417084097862244,6.536069869995117
3234,0,-3.0999999046325684,0.40699124336242676,6.6132073402404785
3235,0,-3.0999999046325684,0.406080961227417,6.423891544342041
3236,0,-3.0999999046325684,0.402296781539917,6.577935695648193
3237,0,-3.0999999046325684,0.4048447012901306,6.533012866973877
3238,0,-3.0999999046325684,0.4023853838443756,6.49354887008667
3239,0,-3.0999999046325684,0.39840981364250183,6.5717453956604
3240,0,-3.0999999046325684,0.4022636115550995,6.556364059448242
3241,0,-3.0999999046325684,0.4067932963371277,6.5040411949157715
3242,0,-3.0999999046325684,0.4071435332298279,6.536365509033203
3243,0,-3.0999999046325684,0.4088281989097595,6.534106731414795
3244,0,-3.0999999046325684,0.4075820744037628,6.572193622589111
3245,0,-3.0999999046325684,0.40882056951522827,6.467316150665283
3246,0,-3.0999999046325684,0.4064352512359619,6.5312323570251465
3247,0,-3.0999999046325684,0.4003327488899231,6.565180778503418
3248,0,-3.0999999046325684,0.40590089559555054,6.5410356521606445
3249,0,-3.0999999046325684,0.40329834818840027,6.624845504760742
3250,0,-3.0999999046325684,0.40141788125038147,6.575517654418945
3251,0,-3.0999999046325684,0.4035506844520569,6.5010175704956055
3252,1,2.890000104904175,0.5523545742034912,3.0730175971984863
3253,1,2.890000104904175,0.5666138529777527,3.3302488327026367
3254,1,2.890000104904175,0.566245436668396,3.3307933807373047
3255,1,2.890000104904175,0.5489823222160339,3.0622031688690186
3256,0,-2.890000104904175,0.5409228801727295,2.9685120582580566
3257,0,-2.890000104904175,0.5442814826965332,2.9931373596191406
3258,0,-2.890000104904175,0.5212087035179138,2.9301626682281494
3259,0,-2.890000104904175,0.5053143501281738,2.9825990200042725
3260,1,2.890000104904175,0.5575078129768372,2.8976287841796875
3261,0,-2.890000104904175,0.4777441918849945,3.0713565349578857
3262,0,-2.890000104904175,0.5890905261039734,2.929164171218872
3263,0,-2.890000104904175,0.5539406538009644,2.882667064666748
3264,0,-2.890000104904175,0.4907119870185852,3.034688949584961
3265,0,-2.890000104904175,0.5033313632011414,3.0077133178710938
3266,0,-2.890000104904175,0.5742614269256592,2.7364790439605713
3267,0,-2.890000104904175,0.5413484573364258,2.861832618713379
3268,0,-2.890000104904175,0.5003011226654053,3.0694239139556885
3269,0,-2.890000104904175,0.41142627596855164,3.3933863639831543
3270,0,-2.890000104904175,0.4653691053390503,3.428791046142578
3271,0,-2.890000104904175,0.4651596248149872,3.473022699356079
3272,0,-2.890000104904175,0.46782320737838745,3.096935272216797
3273,1,9.460000038146973,0.7175961136817932,8.91353988647461
3274,1,9.460000038146973,0.7173601984977722,8.921673774719238
3275,0,-9.460000038146973,0.7004528641700745,8.90443229675293
3276,1,2.2799999713897705,0.6857260465621948,5.501458644866943
3277,0,-2.2799999713897705,0.29615622758865356,4.725708484649658
3278,0,-2.2799999713897705,0.50462806224823,4.410520553588867
3279,0,-2.2799999713897705,0.31133830547332764,5.020876884460449
3280,0,-2.2799999713897705,0.3534652888774872,4.592456817626953
3281,0,-2.2799999713897705,0.3033703565597534,4.956539154052734
3282,0,-2.2799999713897705,0.26690712571144104,4.941252708435059
3283,0,-2.2799999713897705,0.27687549591064453,4.940304756164551
3284,0,-2.2799999713897705,0.2904186248779297,4.719390869140625
3285,0,-2.2799999713897705,0.2631588280200958,5.019526481628418
3286,0,-2.2799999713897705,0.2651768624782562,4.962222576141357
3287,0,-2.2799999713897705,0.24999751150608063,5.086935997009277
3288,0,-2.2799999713897705,0.28959062695503235,5.268355846405029
3289,0,-2.2799999713897705,0.40043148398399353,4.8744707107543945
3290,0,-2.2799999713897705,0.3053756058216095,5.04850959777832
3291,0,-2.2799999713897705,0.33820512890815735,4.9184160232543945
3292,0,-2.2799999713897705,0.23358005285263062,4.887030124664307
3293,0,-2.2799999713897705,0.29722705483436584,5.122003555297852
3294,0,-2.2799999713897705,0.2944273352622986,4.5072550773620605
3295,0,-2.2799999713897705,0.2779984772205353,5.061253547668457
3296,0,-2.2799999713897705,0.43365979194641113,4.581723213195801
3297,1,6.510000228881836,0.6465153694152832,4.666098594665527
3298,0,-6.510000228881836,0.6928470134735107,5.019344806671143
3299,0,-6.510000228881836,0.39017853140830994,5.197388648986816
3300,1,6.510000228881836,0.6553312540054321,4.952022075653076
3301,0,-6.510000228881836,0.44496724009513855,5.156123161315918
3302,0,-6.510000228881836,0.518539309501648,5.2434492111206055
3303,0,-6.510000228881836,0.4945347011089325,5.354994297027588
3304,0,-6.510000228881836,0.42024898529052734,5.389379978179932
3305,0,-6.510000228881836,0.4596872627735138,4.199599266052246
3306,0,-6.510000228881836,0.44672486186027527,4.1876373291015625
3307,0,-6.510000228881836,0.37901052832603455,5.034538745880127
3308,0,-6.510000228881836,0.35584381222724915,4.670676231384277
3309,0,-6.510000228881836,0.4214904308319092,5.260228157043457
3310,0,-6.510000228881836,0.5823573470115662,4.416619777679443
3311,0,-6.510000228881836,0.39846503734588623,4.41836404800415
3312,0,-6.510000228881836,0.4328128397464752,4.153285503387451
3313,0,-6.510000228881836,0.47128525376319885,4.018291473388672
3314,0,-6.510000228881836,0.3047410249710083,4.903295516967773
3315,0,-6.510000228881836,0.4424152374267578,4.256586074829102
3316,0,-6.510000228881836,0.3661139905452728,4.5151238441467285
3317,0,-6.510000228881836,0.2433243989944458,4.72387170791626
3318,1,5.139999866485596,0.4905950427055359,8.161991119384766
3319,0,-5.139999866485596,0.45032745599746704,7.807832717895508
3320,0,-5.139999866485596,0.37987300753593445,7.835191249847412
3321,0,-5.139999866485596,0.33284232020378113,7.129184722900391
3322,1,5.139999866485596,0.3538224697113037,7.861231803894043
3323,0,-5.139999866485596,0.40265902876853943,7.14145040512085
3324,1,5.139999866485596,0.40474942326545715,8.136205673217773
3325,0,-5.139999866485596,0.38004040718078613,7.889899730682373
3326,0,-5.139999866485596,0.20475125312805176,6.879700183868408
3327,0,-5.139999866485596,0.22632735967636108,6.846590995788574
3328,0,-5.139999866485596,0.18620023131370544,6.754495620727539
3329,0,-5.139999866485596,0.3759460747241974,8.276591300964355
3330,0,-5.139999866485596,0.48143288493156433,7.756865501403809
3331,0,-5.139999866485596,0.24240867793560028,7.1239752769470215
3332,0,-5.139999866485596,0.265747994184494,6.4615349769592285
3333,0,-5.139999866485596,0.2870253324508667,7.521864414215088
3334,0,-5.139999866485596,0.23993301391601562,6.402674198150635
3335,0,-5.139999866485596,0.22261320054531097,6.511232376098633
3336,0,-5.139999866485596,0.18273890018463135,5.903557300567627
3337,0,-5.139999866485596,0.2065543234348297,6.897255897521973
3338,0,-5.139999866485596,0.2068922519683838,6.826359748840332
3339,1,4.860000133514404,0.5507209300994873,6.043388366699219
3340,0,-4.860000133514404,0.3205595910549164,6.096183776855469
3341,1,4.860000133514404,0.565707266330719,6.414064884185791
3342,0,-4.860000133514404,0.4616732597351074,6.206967353820801
3343,0,-4.860000133514404,0.5092802047729492,6.1259331703186035
3344,1,4.860000133514404,0.47108185291290283,5.698537826538086
3345,0,-4.860000133514404,0.2758777439594269,5.690085411071777
3346,0,-4.860000133514404,0.41028645634651184,5.681301116943359
3347,0,-4.860000133514404,0.42761045694351196,6.715494632720947
3348,0,-4.860000133514404,0.3404560387134552,5.883981704711914
3349,0,-4.860000133514404,0.42353883385658264,6.25653600692749
3350,0,-4.860000133514404,0.2265419214963913,5.991604804992676
3351,0,-4.860000133514404,0.31622791290283203,6.323050498962402
3352,0,-4.860000133514404,0.2725721001625061,5.914714336395264
3353,0,-4.860000133514404,0.4966777265071869,6.05963134765625
3354,0,-4.860000133514404,0.5160256624221802,6.937868595123291
3355,0,-4.860000133514404,0.4855210781097412,5.6728739738464355
3356,0,-4.860000133514404,0.33631187677383423,6.262766361236572
3357,0,-4.860000133514404,0.19757334887981415,6.202324390411377
3358,0,-4.860000133514404,0.22418683767318726,6.09805965423584
3359,0,-4.860000133514404,0.20895788073539734,6.435318946838379
3360,1,7.960000038146973,0.6807008385658264,7.600951194763184
3361,1,7.960000038146973,0.6972325444221497,7.668577671051025
3362,0,-7.960000038146973,0.7281162142753601,7.819696426391602
3363,0,-7.960000038146973,0.7232738733291626,7.805446624755859
3364,0,-7.960000038146973,0.5799943804740906,7.22332763671875
3365,1,6.539999961853027,0.6919942498207092,5.425716400146484
3366,0,-6.539999961853027,0.5842683911323547,5.015428066253662
3367,0,-6.539999961853027,0.4745863676071167,5.197558403015137
3368,0,-6.539999961853027,0.6694295406341553,5.226248741149902
3369,0,-6.539999961853027,0.575925350189209,5.121642589569092
3370,0,-6.539999961853027,0.42645540833473206,5.1214280128479
3371,0,-6.539999961853027,0.41072776913642883,4.8239617347717285
3372,1,6.539999961853027,0.6766543388366699,5.291016578674316
3373,0,-6.539999961853027,0.42818373441696167,5.055291175842285
3374,0,-6.539999961853027,0.39538484811782837,5.0424065589904785
3375,0,-6.539999961853027,0.3811231553554535,5.087283134460449
3376,0,-6.539999961853027,0.2402680516242981,4.986569404602051
3377,0,-6.539999961853027,0.27650386095046997,4.814853668212891
3378,0,-6.539999961853027,0.42056483030319214,5.179988861083984
3379,0,-6.539999961853027,0.38642650842666626,5.154293060302734
3380,0,-6.539999961853027,0.3504676818847656,4.711973190307617
3381,0,-6.539999961853027,0.35571736097335815,4.677833557128906
3382,0,-6.539999961853027,0.5504955053329468,5.428299903869629
3383,0,-6.539999961853027,0.42674875259399414,4.266393661499023
3384,0,-6.539999961853027,0.19309189915657043,5.001357555389404
3385,0,-6.539999961853027,0.24300697445869446,5.298680305480957
3386,1,5.71999979019165,0.6792864799499512,5.1062164306640625
3387,1,5.71999979019165,0.6800408959388733,5.178853988647461
3388,1,5.71999979019165,0.5968503952026367,5.382021427154541
3389,0,-5.71999979019165,0.6149349212646484,4.957651615142822
3390,0,-5.71999979019165,0.5032371282577515,5.169850826263428
3391,0,-5.71999979019165,0.6211239099502563,5.2011308670043945
3392,0,-5.71999979019165,0.3376372456550598,5.656342029571533
3393,0,-5.71999979019165,0.3788483440876007,5.372043609619141
3394,0,-5.71999979019165,0.4934788942337036,5.844607830047607
3395,0,-5.71999979019165,0.28393223881721497,5.524663925170898
3396,0,-5.71999979019165,0.49670642614364624,5.989767074584961
3397,0,-5.71999979019165,0.48146235942840576,5.551939010620117
3398,0,-5.71999979019165,0.35817277431488037,6.151886940002441
3399,0,-5.71999979019165,0.22970324754714966,5.312571048736572
3400,0,-5.71999979019165,0.366737961769104,5.892392158508301
3401,0,-5.71999979019165,0.3534265458583832,6.300901412963867
3402,0,-5.71999979019165,0.32906216382980347,5.06927490234375
3403,0,-5.71999979019165,0.34613877534866333,5.850955963134766
3404,0,-5.71999979019165,0.27388763427734375,5.770373821258545
3405,0,-5.71999979019165,0.38894304633140564,5.6921586990356445
3406,0,-5.71999979019165,0.24872611463069916,5.272129058837891
3407,1,2.9600000381469727,0.33394941687583923,4.593181133270264
3408,0,-2.9600000381469727,0.37000975012779236,3.8123693466186523
3409,0,-2.9600000381469727,0.33191150426864624,4.624781131744385
3410,0,-2.9600000381469727,0.3219079375267029,4.6754889488220215
3411,0,-2.9600000381469727,0.3778113126754761,3.9509053230285645
3412,0,-2.9600000381469727,0.31302595138549805,4.789440631866455
3413,0,-2.9600000381469727,0.37201210856437683,3.9495115280151367
3414,1,2.9600000381469727,0.32774630188941956,4.605855941772461
3415,0,-2.9600000381469727,0.35920190811157227,4.505181312561035
3416,0,-2.9600000381469727,0.32696011662483215,4.452327728271484
3417,0,-2.9600000381469727,0.2778926193714142,4.431441783905029
3418,0,-2.9600000381469727,0.3935007154941559,4.906472682952881
3419,0,-2.9600000381469727,0.38668739795684814,3.9819822311401367
3420,0,-2.9600000381469727,0.3590741753578186,5.182667255401611
3421,0,-2.9600000381469727,0.3261462450027466,4.858729839324951
3422,0,-2.9600000381469727,0.32377758622169495,3.9134209156036377
3423,0,-2.9600000381469727,0.3334279954433441,4.935174942016602
3424,0,-2.9600000381469727,0.310709148645401,4.48569393157959
3425,0,-2.9600000381469727,0.31187358498573303,4.419973373413086
3426,0,-2.9600000381469727,0.3094820976257324,4.505467891693115
3427,0,-2.9600000381469727,0.24130108952522278,4.682684898376465
3428,1,6.940000057220459,0.6193093657493591,7.12555456161499
3429,1,6.940000057220459,0.6152251958847046,7.049072742462158
3430,0,-6.940000057220459,0.4954664409160614,6.5743279457092285
3431,0,-6.940000057220459,0.5000406503677368,6.583362102508545
3432,0,-6.940000057220459,0.46469971537590027,6.243053436279297
3433,0,-6.940000057220459,0.37836799025535583,5.720258712768555
3434,0,-6.940000057220459,0.4014947712421417,5.919588565826416
3435,0,-6.940000057220459,0.4322338104248047,5.552292346954346
3436,1,7.199999809265137,0.7057953476905823,7.892535209655762
3437,0,-7.199999809265137,0.7141839861869812,7.82699728012085
3438,0,-7.199999809265137,0.6322363018989563,6.965507984161377
3439,0,-7.199999809265137,0.15729334950447083,6.3021087646484375
3440,0,-7.199999809265137,0.1683371365070343,5.944934844970703
3441,0,-7.199999809265137,0.17289596796035767,6.4545698165893555
3442,0,-7.199999809265137,0.1536153256893158,5.699824333190918
3443,0,-7.199999809265137,0.1540762335062027,6.5922980308532715
3444,0,-7.199999809265137,0.1558094173669815,6.0718817710876465
3445,0,-7.199999809265137,0.13288827240467072,5.998983860015869
3446,0,-7.199999809265137,0.2990344762802124,6.47341251373291
3447,0,-7.199999809265137,0.10678105801343918,6.218730449676514
3448,0,-7.199999809265137,0.19889265298843384,6.070374488830566
3449,0,-7.199999809265137,0.16321828961372375,6.303403377532959
3450,0,-7.199999809265137,0.1038803830742836,6.148591041564941
3451,0,-7.199999809265137,0.10969868302345276,6.249319553375244
3452,1,4.760000228881836,0.6413106918334961,6.387879848480225
3453,1,4.760000228881836,0.6402496099472046,6.394065856933594
3454,0,-4.760000228881836,0.6406541466712952,6.428175926208496
3455,0,-4.760000228881836,0.6465450525283813,6.442746162414551
3456,1,4.760000228881836,0.6369054913520813,6.422115802764893
3457,0,-4.760000228881836,0.6464476585388184,5.850597858428955
3458,1,6.119999885559082,0.7841238379478455,5.779045104980469
3459,1,6.119999885559082,0.7743570804595947,5.58675479888916
3460,0,-6.119999885559082,0.5139792561531067,4.409252643585205
3461,0,-6.119999885559082,0.3191901743412018,4.576862812042236
3462,0,-6.119999885559082,0.3795735538005829,4.225444793701172
3463,0,-6.119999885559082,0.4043479859828949,4.226613998413086
3464,0,-6.119999885559082,0.3486813008785248,4.376507759094238
3465,0,-6.119999885559082,0.3819314241409302,4.210358142852783
3466,0,-6.119999885559082,0.2326376587152481,4.492940902709961
3467,0,-6.119999885559082,0.4383191168308258,4.163235187530518
3468,0,-6.119999885559082,0.32384857535362244,4.324916839599609
3469,0,-6.119999885559082,0.25214335322380066,4.58603572845459
3470,0,-6.119999885559082,0.34779438376426697,4.2424516677856445
3471,0,-6.119999885559082,0.19271312654018402,4.549695014953613
3472,0,-6.119999885559082,0.21272075176239014,4.500875949859619
3473,0,-6.119999885559082,0.46288713812828064,4.283313751220703
3474,0,-6.119999885559082,0.19216352701187134,4.369277477264404
3475,0,-6.119999885559082,0.1849794089794159,4.406475067138672
3476,0,-6.119999885559082,0.16314218938350677,4.57881498336792
3477,0,-6.119999885559082,0.19939018785953522,4.485503196716309
3478,0,-6.119999885559082,0.15230000019073486,4.336957931518555
3479,1,4.110000133514404,0.3482946753501892,4.084221839904785
3480,1,4.110000133514404,0.3712784945964813,4.025599479675293
3481,1,4.110000133514404,0.37782126665115356,4.346029281616211
3482,0,-4.110000133514404,0.46387866139411926,4.467377662658691
3483,0,-4.110000133514404,0.4606834650039673,4.426219940185547
3484,0,-4.110000133514404,0.41296595335006714,4.22247838973999
3485,0,-4.110000133514404,0.24570532143115997,4.837402820587158
3486,0,-4.110000133514404,0.18578438460826874,5.286537170410156
3487,0,-4.110000133514404,0.2480485737323761,4.731619358062744
3488,0,-4.110000133514404,0.28587597608566284,4.496573448181152
3489,0,-4.110000133514404,0.36997920274734497,3.613992929458618
3490,0,-4.110000133514404,0.2928270101547241,4.135608673095703
3491,0,-4.110000133514404,0.18192334473133087,4.7139973640441895
3492,0,-4.110000133514404,0.22342151403427124,4.658754825592041
3493,0,-4.110000133514404,0.23375645279884338,4.414455890655518
3494,0,-4.110000133514404,0.22977538406848907,5.193230628967285
3495,0,-4.110000133514404,0.23350748419761658,4.2428083419799805
3496,0,-4.110000133514404,0.2396268993616104,5.093199253082275
3497,0,-4.110000133514404,0.2471158653497696,4.872607231140137
3498,0,-4.110000133514404,0.19554241001605988,5.241960048675537
3499,0,-4.110000133514404,0.17444780468940735,4.946319103240967
3500,1,5.239999771118164,0.5473194718360901,5.418417930603027
3501,1,5.239999771118164,0.5472462177276611,5.416753768920898
3502,0,-5.239999771118164,0.4870327413082123,5.033727645874023
3503,0,-5.239999771118164,0.4270480275154114,5.225475788116455
3504,0,-5.239999771118164,0.46373385190963745,5.508221626281738
3505,0,-5.239999771118164,0.3492979407310486,5.397630214691162
3506,0,-5.239999771118164,0.3640022277832031,5.475226879119873
3507,0,-5.239999771118164,0.39918339252471924,5.52651309967041
3508,0,-5.239999771118164,0.4479133188724518,4.958756446838379
3509,0,-5.239999771118164,0.3869328498840332,5.483905792236328
3510,0,-5.239999771118164,0.38459116220474243,4.861405372619629
3511,0,-5.239999771118164,0.3945906162261963,5.539362907409668
3512,0,-5.239999771118164,0.3929385244846344,5.281679630279541
3513,0,-5.239999771118164,0.3736555874347687,4.755899429321289
3514,0,-5.239999771118164,0.3399769961833954,5.081010341644287
3515,0,-5.239999771118164,0.3536452651023865,5.576318264007568
3516,0,-5.239999771118164,0.3463135063648224,4.902346611022949
3517,0,-5.239999771118164,0.3815810978412628,4.285928249359131
3518,0,-5.239999771118164,0.29500657320022583,5.57651424407959
3519,0,-5.239999771118164,0.316079705953598,4.055600166320801
3520,0,-5.239999771118164,0.310640811920166,4.723592758178711
3521,1,5.269999980926514,0.5985695123672485,4.466663837432861
3522,0,-5.269999980926514,0.5174639821052551,4.868321418762207
3523,0,-5.269999980926514,0.4292905032634735,4.797615051269531
3524,0,-5.269999980926514,0.4420831501483917,4.65886116027832
3525,0,-5.269999980926514,0.3192482888698578,4.961236000061035
3526,0,-5.269999980926514,0.20406949520111084,5.865413665771484
3527,0,-5.269999980926514,0.3386666476726532,4.918886661529541
3528,0,-5.269999980926514,0.2823008894920349,5.231435775756836
3529,0,-5.269999980926514,0.2795352339744568,5.7070488929748535
3530,0,-5.269999980926514,0.24548980593681335,5.642865180969238
3531,0,-5.269999980926514,0.33918747305870056,5.338975429534912
3532,0,-5.269999980926514,0.24916118383407593,5.592323303222656
3533,0,-5.269999980926514,0.18568240106105804,5.586162567138672
3534,0,-5.269999980926514,0.22934743762016296,5.4009857177734375
3535,0,-5.269999980926514,0.2271163910627365,5.626190662384033
3536,0,-5.269999980926514,0.29627111554145813,5.310741901397705
3537,0,-5.269999980926514,0.20882274210453033,5.415187835693359
3538,0,-5.269999980926514,0.30323848128318787,5.455680847167969
3539,0,-5.269999980926514,0.22712929546833038,5.383652687072754
3540,0,-5.269999980926514,0.21513129770755768,5.377622604370117
3541,0,-5.269999980926514,0.237762451171875,5.575588226318359
3542,1,5.519999980926514,0.5048625469207764,5.560847282409668
3543,1,5.519999980926514,0.4532768130302429,5.653153419494629
3544,1,5.519999980926514,0.5009347796440125,5.738493919372559
3545,0,-5.519999980926514,0.2931070923805237,5.5501909255981445
3546,0,-5.519999980926514,0.3575432300567627,5.461239337921143
3547,0,-5.519999980926514,0.19453097879886627,5.417168617248535
3548,0,-5.519999980926514,0.3636479675769806,5.409171104431152
3549,0,-5.519999980926514,0.22149501740932465,5.248103141784668
3550,0,-5.519999980926514,0.21434949338436127,5.417867183685303
3551,0,-5.519999980926514,0.34392592310905457,5.616145133972168
3552,0,-5.519999980926514,0.20376691222190857,4.863525390625
3553,0,-5.519999980926514,0.2793991267681122,5.106382369995117
3554,0,-5.519999980926514,0.3719003200531006,4.967830657958984
3555,0,-5.519999980926514,0.21125267446041107,6.001636505126953
3556,0,-5.519999980926514,0.18689154088497162,5.188835620880127
3557,0,-5.519999980926514,0.20355762541294098,5.078153610229492
3558,0,-5.519999980926514,0.20173464715480804,5.538855075836182
3559,0,-5.519999980926514,0.17956432700157166,5.186287879943848
3560,0,-5.519999980926514,0.2978686988353729,5.415460586547852
3561,0,-5.519999980926514,0.26598045229911804,5.076904296875
3562,0,-5.519999980926514,0.3109070062637329,5.647956848144531
3563,1,4.119999885559082,0.5611831545829773,5.399313926696777
3564,1,4.119999885559082,0.5110676288604736,5.414358615875244
3565,0,-4.119999885559082,0.47929665446281433,5.101494312286377
3566,0,-4.119999885559082,0.5052973628044128,5.6237993240356445
3567,1,4.119999885559082,0.46712467074394226,5.406915187835693
3568,0,-4.119999885559082,0.3982827663421631,5.065485000610352
3569,0,-4.119999885559082,0.3467903137207031,4.907430171966553
3570,0,-4.119999885559082,0.3565504252910614,5.214686870574951
3571,0,-4.119999885559082,0.4202501177787781,5.450690269470215
3572,0,-4.119999885559082,0.2132905274629593,5.177619934082031
3573,0,-4.119999885559082,0.4568404257297516,5.495062828063965
3574,0,-4.119999885559082,0.23821210861206055,4.730010032653809
3575,0,-4.119999885559082,0.3636679947376251,5.078230857849121
3576,0,-4.119999885559082,0.31067293882369995,5.514589309692383
3577,0,-4.119999885559082,0.368160605430603,5.3289361000061035
3578,0,-4.119999885559082,0.301841139793396,4.753993034362793
3579,0,-4.119999885559082,0.33661001920700073,4.938348770141602
3580,0,-4.119999885559082,0.2541217803955078,5.320268154144287
3581,0,-4.119999885559082,0.3003990948200226,4.598121643066406
3582,0,-4.119999885559082,0.2510761022567749,4.721611976623535
3583,0,-4.119999885559082,0.30062544345855713,4.497172832489014
3584,1,5.960000038146973,0.4721938967704773,5.202960014343262
3585,1,5.960000038146973,0.4951672852039337,5.257895469665527
3586,1,5.960000038146973,0.3561437726020813,4.989892959594727
3587,1,5.960000038146973,0.3250177502632141,4.91880464553833
3588,0,-5.960000038146973,0.30661919713020325,5.231276512145996
3589,0,-5.960000038146973,0.32405292987823486,5.165284156799316
3590,0,-5.960000038146973,0.26400724053382874,5.093210697174072
3591,0,-5.960000038146973,0.2976352870464325,5.1627373695373535
3592,0,-5.960000038146973,0.19198428094387054,5.320610523223877
3593,0,-5.960000038146973,0.18158385157585144,4.3960723876953125
3594,0,-5.960000038146973,0.24037793278694153,5.342533111572266
3595,0,-5.960000038146973,0.216451495885849,5.148311614990234
3596,0,-5.960000038146973,0.3004150390625,3.7844276428222656
3597,0,-5.960000038146973,0.2784867584705353,5.0861334800720215
3598,0,-5.960000038146973,0.26346808671951294,4.919820785522461
3599,0,-5.960000038146973,0.2308618724346161,4.856307506561279
3600,0,-5.960000038146973,0.26803627610206604,4.240036964416504
3601,0,-5.960000038146973,0.16423550248146057,4.502621650695801
3602,0,-5.960000038146973,0.18074209988117218,5.0248026847839355
3603,0,-5.960000038146973,0.20145882666110992,3.6680076122283936
3604,0,-5.960000038146973,0.1720486879348755,4.971743583679199
3605,1,6.679999828338623,0.552715003490448,6.443304538726807
3606,1,6.679999828338623,0.5422350764274597,6.461954593658447
3607,0,-6.679999828338623,0.4526429772377014,6.800454139709473
3608,0,-6.679999828338623,0.3856276571750641,6.667652130126953
3609,0,-6.679999828338623,0.31382596492767334,5.406688690185547
3610,0,-6.679999828338623,0.28962770104408264,5.689940929412842
3611,0,-6.679999828338623,0.2886471748352051,5.538998603820801
3612,0,-6.679999828338623,0.33822184801101685,5.801946640014648
3613,0,-6.679999828338623,0.33904117345809937,6.254682540893555
3614,0,-6.679999828338623,0.2799471318721771,5.350993633270264
3615,0,-6.679999828338623,0.20571087300777435,5.743951797485352
3616,0,-6.679999828338623,0.1879156082868576,5.343371868133545
3617,0,-6.679999828338623,0.24317513406276703,5.985867023468018
3618,0,-6.679999828338623,0.2820029854774475,5.992437362670898
3619,0,-6.679999828338623,0.20420578122138977,5.734975814819336
3620,0,-6.679999828338623,0.18236945569515228,5.619565010070801
3621,0,-6.679999828338623,0.21776431798934937,5.795605182647705
3622,0,-6.679999828338623,0.23502129316329956,5.531668663024902
3623,0,-6.679999828338623,0.19620932638645172,6.016195297241211
3624,0,-6.679999828338623,0.16726887226104736,5.460296154022217
3625,0,-6.679999828338623,0.22656545042991638,5.849953651428223
3626,1,6.860000133514404,0.722390353679657,5.90633487701416
3627,1,6.860000133514404,0.7239515781402588,5.918767929077148
3628,1,6.860000133514404,0.7129986882209778,5.82705020904541
3629,0,-6.860000133514404,0.6044305562973022,5.799314975738525
3630,0,-6.860000133514404,0.43105173110961914,4.533282279968262
3631,0,-6.860000133514404,0.3856501877307892,4.963294982910156
3632,0,-6.860000133514404,0.34654924273490906,4.625347137451172
3633,0,-6.860000133514404,0.49010026454925537,5.24208402633667
3634,0,-6.860000133514404,0.4637055993080139,4.410671234130859
3635,0,-6.860000133514404,0.41728898882865906,4.770763397216797
3636,0,-6.860000133514404,0.386400043964386,4.807380676269531
3637,0,-6.860000133514404,0.31626588106155396,4.923910140991211
3638,0,-6.860000133514404,0.45625895261764526,5.614358901977539
3639,0,-6.860000133514404,0.25766563415527344,5.217866897583008
3640,0,-6.860000133514404,0.3999788761138916,4.483985424041748
3641,0,-6.860000133514404,0.4916384518146515,5.0639824867248535
3642,0,-6.860000133514404,0.5494634509086609,5.059459686279297
3643,0,-6.860000133514404,0.610573947429657,5.055653095245361
3644,0,-6.860000133514404,0.32234567403793335,5.39487886428833
3645,0,-6.860000133514404,0.38842806220054626,4.410930633544922
3646,1,5.099999904632568,0.6899295449256897,4.866537094116211
3647,1,5.099999904632568,0.6865618228912354,4.8261566162109375
3648,0,-5.099999904632568,0.6141027808189392,6.237184524536133
3649,0,-5.099999904632568,0.4291154742240906,5.922211170196533
3650,0,-5.099999904632568,0.5328205823898315,6.3174052238464355
3651,0,-5.099999904632568,0.5397993326187134,4.596251487731934
3652,0,-5.099999904632568,0.45666399598121643,4.948790550231934
3653,0,-5.099999904632568,0.5662040114402771,6.415177345275879
3654,1,5.170000076293945,0.6890067458152771,5.15540075302124
3655,0,-5.170000076293945,0.4865891933441162,5.149608612060547
3656,0,-5.170000076293945,0.5108420848846436,5.093223571777344
3657,0,-5.170000076293945,0.4874286949634552,4.947865009307861
3658,1,5.170000076293945,0.6783534288406372,5.005756378173828
3659,0,-5.170000076293945,0.6426992416381836,5.056694507598877
3660,0,-5.170000076293945,0.3731388449668884,5.184023857116699
3661,0,-5.170000076293945,0.6014275550842285,5.139223098754883
3662,0,-5.170000076293945,0.43651968240737915,4.392790794372559
3663,0,-5.170000076293945,0.3218589723110199,5.094114780426025
3664,0,-5.170000076293945,0.5582982301712036,4.852953910827637
3665,0,-5.170000076293945,0.293584942817688,5.140160083770752
3666,0,-5.170000076293945,0.5281591415405273,5.033213138580322
3667,0,-5.170000076293945,0.4035009741783142,4.8206586837768555
3668,0,-5.170000076293945,0.46146056056022644,4.689770221710205
3669,0,-5.170000076293945,0.5302878618240356,4.643762111663818
3670,0,-5.170000076293945,0.3375683128833771,4.91494083404541
3671,0,-5.170000076293945,0.4405467212200165,4.776673316955566
3672,0,-5.170000076293945,0.4768332540988922,4.901692867279053
3673,0,-5.170000076293945,0.37115854024887085,4.803129196166992
3674,0,-5.170000076293945,0.32304057478904724,5.055462837219238
3675,1,11.819999694824219,0.7212750911712646,10.897449493408203
3676,0,-11.819999694824219,0.31454187631607056,10.3448486328125
3677,1,11.819999694824219,0.35385626554489136,10.27553653717041
3678,0,-11.819999694824219,0.22411945462226868,10.199016571044922
3679,0,-11.819999694824219,0.29749879240989685,10.25100326538086
3680,0,-11.819999694824219,0.32723140716552734,10.259515762329102
3681,0,-11.819999694824219,0.3771825134754181,10.711172103881836
3682,0,-11.819999694824219,0.21647001802921295,10.160083770751953
3683,0,-11.819999694824219,0.09688450396060944,9.835912704467773
3684,0,-11.819999694824219,0.19175373017787933,9.900460243225098
3685,0,-11.819999694824219,0.2925717234611511,9.349676132202148
3686,0,-11.819999694824219,0.32989901304244995,10.281665802001953
3687,0,-11.819999694824219,0.11088164150714874,10.24632453918457
3688,0,-11.819999694824219,0.19279123842716217,10.256637573242188
3689,0,-11.819999694824219,0.09555213898420334,9.717456817626953
3690,0,-11.819999694824219,0.28754717111587524,9.388069152832031
3691,0,-11.819999694824219,0.16895127296447754,9.654092788696289
3692,0,-11.819999694824219,0.1776987463235855,10.756784439086914
3693,0,-11.819999694824219,0.2120533287525177,10.404041290283203
3694,0,-11.819999694824219,0.2608342468738556,10.49937915802002
3695,0,-8.350000381469727,0.6725833415985107,7.71670389175415
3696,0,-8.350000381469727,0.6530855298042297,7.450566291809082
3697,0,-8.350000381469727,0.6599738597869873,7.854043960571289
3698,0,-8.350000381469727,0.6117183566093445,7.489406585693359
3699,0,-8.350000381469727,0.6438190937042236,7.787655353546143
3700,0,-8.350000381469727,0.6154708862304688,7.585556507110596
3701,0,-8.350000381469727,0.6284362077713013,7.119023323059082
3702,0,-8.350000381469727,0.6578256487846375,7.978915691375732
3703,0,-8.350000381469727,0.597213625907898,6.904829025268555
3704,1,8.350000381469727,0.6573382616043091,7.337315559387207
3705,0,-8.350000381469727,0.590268611907959,7.033372402191162
3706,0,-8.350000381469727,0.5674991011619568,7.196352005004883
3707,0,-8.350000381469727,0.6146958470344543,6.896042823791504
3708,0,-8.350000381469727,0.6209627389907837,7.858148574829102
3709,0,-8.350000381469727,0.6336673498153687,7.236883640289307
3710,0,-8.350000381469727,0.5434449315071106,6.878307342529297
3711,0,-8.350000381469727,0.6413296461105347,7.473762512207031
3712,1,8.350000381469727,0.6257888674736023,7.142533779144287
3713,0,-8.350000381469727,0.5723063945770264,6.4983110427856445
3714,0,-8.350000381469727,0.4818263351917267,6.393566131591797
3715,1,6.630000114440918,0.5678219795227051,6.304982662200928
3716,0,-6.630000114440918,0.5130963325500488,5.60440731048584
3717,0,-6.630000114440918,0.5311209559440613,5.936343193054199
3718,0,-6.630000114440918,0.27479439973831177,6.145537853240967
3719,0,-6.630000114440918,0.3435753285884857,6.4321064949035645
3720,1,6.630000114440918,0.5536908507347107,6.391440391540527
3721,0,-6.630000114440918,0.30350229144096375,5.1653523445129395
3722,0,-6.630000114440918,0.51288241147995,5.611569404602051
3723,0,-6.630000114440918,0.25033390522003174,5.373768329620361
3724,0,-6.630000114440918,0.36676424741744995,6.0046234130859375
3725,0,-6.630000114440918,0.3608856797218323,6.241715908050537
3726,0,-6.630000114440918,0.16016244888305664,5.672513008117676
3727,0,-6.630000114440918,0.28322726488113403,6.070006847381592
3728,0,-6.630000114440918,0.42814189195632935,6.787743091583252
3729,0,-6.630000114440918,0.3802526891231537,6.3883256912231445
3730,0,-6.630000114440918,0.31284794211387634,5.937108516693115
3731,0,-6.630000114440918,0.3031763732433319,6.541402816772461
3732,0,-6.630000114440918,0.20640040934085846,4.767760753631592
3733,0,-6.630000114440918,0.22889447212219238,6.147069454193115
3734,0,-6.630000114440918,0.19948993623256683,5.896747589111328
3735,1,4.099999904632568,0.6316981315612793,3.3367667198181152
3736,0,-4.099999904632568,0.6126831769943237,3.4033379554748535
3737,1,4.099999904632568,0.554898738861084,3.4495561122894287
3738,0,-4.099999904632568,0.6366114020347595,3.1801226139068604
3739,0,-4.099999904632568,0.4801218807697296,3.3802528381347656
3740,0,-4.099999904632568,0.4293518364429474,3.4686648845672607
3741,0,-4.099999904632568,0.44599971175193787,3.5833210945129395
3742,0,-4.099999904632568,0.4005240201950073,3.702441930770874
3743,0,-4.099999904632568,0.27066946029663086,3.9805660247802734
3744,0,-4.099999904632568,0.3290484547615051,4.038403511047363
3745,0,-4.099999904632568,0.28267523646354675,4.2696428298950195
3746,0,-4.099999904632568,0.32502153515815735,3.76889705657959
3747,0,-4.099999904632568,0.2727411091327667,3.7494330406188965
3748,0,-4.099999904632568,0.3348086178302765,3.356307029724121
3749,0,-4.099999904632568,0.372793585062027,3.606236457824707
3750,0,-4.099999904632568,0.31736549735069275,3.224731922149658
3751,0,-4.099999904632568,0.3394988775253296,3.0227012634277344
3752,0,-4.099999904632568,0.2435065656900406,3.9028427600860596
3753,0,-4.099999904632568,0.25321051478385925,4.387709617614746
3754,0,-4.099999904632568,0.2572038769721985,3.588268756866455
3755,0,-7.21999979019165,0.4914582371711731,7.929685592651367
3756,0,-7.21999979019165,0.5687119364738464,7.845980167388916
3757,1,7.21999979019165,0.6892216801643372,8.39865779876709
3758,0,-7.21999979019165,0.3704496920108795,7.509036540985107
3759,0,-7.21999979019165,0.536878764629364,7.779797554016113
3760,1,7.21999979019165,0.3955719470977783,7.7712483406066895
3761,0,-7.21999979019165,0.254943311214447,6.980867862701416
3762,0,-7.21999979019165,0.3247445225715637,7.701946258544922
3763,0,-7.21999979019165,0.3448016047477722,7.614013671875
3764,0,-7.21999979019165,0.2638804018497467,8.002981185913086
3765,0,-7.21999979019165,0.4125339388847351,7.686889171600342
3766,0,-7.21999979019165,0.23491601645946503,7.8026275634765625
3767,0,-7.21999979019165,0.31575754284858704,7.862799167633057
3768,0,-7.21999979019165,0.22869223356246948,8.015671730041504
3769,0,-7.21999979019165,0.4089719355106354,7.916863441467285
3770,0,-7.21999979019165,0.17137661576271057,7.906228542327881
3771,0,-7.21999979019165,0.2620532810688019,7.722441673278809
3772,0,-7.21999979019165,0.18101592361927032,7.640884876251221
3773,0,-7.21999979019165,0.15667572617530823,6.822948932647705
3774,0,-7.21999979019165,0.309215784072876,7.075020790100098
3775,1,8.720000267028809,0.6091655492782593,8.71414566040039
3776,0,-8.720000267028809,0.6133726239204407,8.308951377868652
3777,0,-8.720000267028809,0.3272761404514313,8.126337051391602
3778,1,8.720000267028809,0.4213293492794037,7.790993690490723
3779,0,-8.720000267028809,0.3479205369949341,7.63084602355957
3780,1,8.720000267028809,0.4701968729496002,8.187538146972656
3781,0,-8.720000267028809,0.4855242669582367,8.24755859375
3782,0,-8.720000267028809,0.29234063625335693,7.031460285186768
3783,0,-8.720000267028809,0.46173977851867676,8.027765274047852
3784,0,-8.720000267028809,0.44242438673973083,7.761763572692871
3785,0,-8.720000267028809,0.5565507411956787,8.36987018585205
3786,0,-8.720000267028809,0.15261965990066528,7.142888069152832
3787,0,-8.720000267028809,0.13159503042697906,7.819248676300049
3788,0,-8.720000267028809,0.16973011195659637,8.077370643615723
3789,0,-8.720000267028809,0.26600971817970276,8.004834175109863
3790,0,-8.720000267028809,0.2922700345516205,7.854031562805176
3791,0,-8.720000267028809,0.21203380823135376,6.418759346008301
3792,0,-8.720000267028809,0.13684464991092682,7.0836381912231445
3793,0,-8.720000267028809,0.15329048037528992,7.258136749267578
3794,0,-8.720000267028809,0.2619645893573761,8.458717346191406
3795,0,-8.720000267028809,0.1642979085445404,7.587489128112793
3796,1,3.759999990463257,0.3303605616092682,4.023781776428223
3797,0,-3.759999990463257,0.5235024094581604,4.245672702789307
3798,0,-3.759999990463257,0.3201356828212738,3.8954834938049316
3799,0,-3.759999990463257,0.54679274559021,4.198917865753174
3800,0,-3.759999990463257,0.3480836749076843,4.090980529785156
3801,0,-3.759999990463257,0.27887630462646484,4.114834785461426
3802,0,-3.759999990463257,0.3703985810279846,4.740771770477295
3803,0,-3.759999990463257,0.18823495507240295,4.929859161376953
3804,0,-3.759999990463257,0.27258580923080444,4.256274223327637
3805,0,-3.759999990463257,0.2586946189403534,4.275393962860107
3806,0,-3.759999990463257,0.35616862773895264,4.064828872680664
3807,0,-3.759999990463257,0.324015349149704,4.671413898468018
3808,0,-3.759999990463257,0.2866714298725128,4.241418361663818
3809,0,-3.759999990463257,0.22969599068164825,4.1158976554870605
3810,0,-3.759999990463257,0.28969618678092957,3.992185592651367
3811,0,-3.759999990463257,0.16578905284404755,4.334645748138428
3812,0,-3.759999990463257,0.24858389794826508,4.038198471069336
3813,0,-3.759999990463257,0.2665681540966034,3.804654836654663
3814,0,-3.759999990463257,0.2426990121603012,4.125064849853516
3815,0,-3.759999990463257,0.14773869514465332,3.9288508892059326
3816,0,-3.759999990463257,0.20016837120056152,3.6962451934814453
3817,1,8.739999771118164,0.44814714789390564,7.629310131072998
3818,1,8.739999771118164,0.46693840622901917,7.654016494750977
3819,0,-8.739999771118164,0.3704288601875305,7.248118877410889
3820,0,-8.739999771118164,0.28864312171936035,7.44085693359375
3821,1,8.739999771118164,0.3837798535823822,7.686594009399414
3822,0,-8.739999771118164,0.3039289712905884,6.853117942810059
3823,0,-8.739999771118164,0.278348833322525,7.2605767250061035
3824,0,-8.739999771118164,0.2960765063762665,7.108818531036377
3825,0,-8.739999771118164,0.2917782664299011,7.12400484085083
3826,1,7.400000095367432,0.6314318180084229,7.6432671546936035
3827,0,-7.400000095367432,0.7191399931907654,7.981096267700195
3828,1,7.400000095367432,0.6118710041046143,7.627222061157227
3829,0,-7.400000095367432,0.5120254158973694,6.904882907867432
3830,0,-7.400000095367432,0.6449285745620728,7.596020698547363
3831,0,-7.400000095367432,0.6551427841186523,7.823323726654053
3832,0,-7.400000095367432,0.4511427879333496,7.358302116394043
3833,0,-7.400000095367432,0.39417701959609985,6.824746608734131
3834,0,-7.400000095367432,0.22114309668540955,6.631516933441162
3835,0,-7.400000095367432,0.38537028431892395,6.344176769256592
3836,0,-7.400000095367432,0.31406307220458984,6.949512481689453
3837,0,-7.400000095367432,0.5206173062324524,6.8993144035339355
3838,0,-7.400000095367432,0.30385977029800415,7.487203598022461
3839,0,-7.400000095367432,0.2446795552968979,6.6953043937683105
3840,0,-7.400000095367432,0.39049625396728516,6.462110996246338
3841,0,-7.400000095367432,0.36810508370399475,6.667959690093994
3842,0,-7.400000095367432,0.49801692366600037,6.95046329498291
3843,0,-7.400000095367432,0.3066796660423279,7.429211616516113
3844,0,-7.400000095367432,0.3425700068473816,7.5564961433410645
3845,0,-7.400000095367432,0.48551425337791443,6.595059871673584
3846,0,-7.400000095367432,0.46905165910720825,7.646320343017578
3847,1,8.399999618530273,0.7442041039466858,7.383575439453125
3848,1,8.399999618530273,0.7461385130882263,7.476608753204346
3849,0,-8.399999618530273,0.739277184009552,7.30232572555542
3850,0,-8.399999618530273,0.6157499551773071,6.038778781890869
3851,0,-8.399999618530273,0.6536107063293457,6.22446870803833
3852,0,-8.399999618530273,0.5886333584785461,6.957043647766113
3853,0,-8.399999618530273,0.6121944189071655,6.335340976715088
3854,1,11.149999618530273,0.5722832083702087,9.32961654663086
3855,1,11.149999618530273,0.6137405633926392,8.990739822387695
3856,1,11.149999618530273,0.5472133159637451,9.031590461730957
3857,0,-11.149999618530273,0.3432806432247162,8.272224426269531
3858,0,-11.149999618530273,0.32625889778137207,8.386748313903809
3859,0,-11.149999618530273,0.3582499623298645,8.942254066467285
3860,0,-11.149999618530273,0.1403673142194748,8.194007873535156
3861,0,-11.149999618530273,0.1375831514596939,8.253203392028809
3862,0,-11.149999618530273,0.2884502112865448,8.370222091674805
3863,0,-11.149999618530273,0.22628401219844818,8.098130226135254
3864,0,-11.149999618530273,0.14933963119983673,8.239006996154785
3865,0,-11.149999618530273,0.08994315564632416,7.8733978271484375
3866,0,-11.149999618530273,0.12006402015686035,7.840576171875
3867,0,-11.149999618530273,0.13041964173316956,8.120709419250488
3868,0,-11.149999618530273,0.10282891988754272,8.271479606628418
3869,0,-11.149999618530273,0.07394827902317047,7.620774745941162
3870,0,-11.149999618530273,0.09864646941423416,7.821774482727051
3871,0,-11.149999618530273,0.07958775758743286,7.552156448364258
3872,0,-11.149999618530273,0.10025426000356674,7.481113433837891
3873,0,-11.149999618530273,0.1685342788696289,8.781340599060059
3874,0,-11.149999618530273,0.08664631843566895,7.896096229553223
3875,1,8.960000038146973,0.6829338073730469,7.924598693847656
3876,1,8.960000038146973,0.679826021194458,7.923155784606934
3877,0,-8.960000038146973,0.5487473607063293,7.262914657592773
3878,0,-8.960000038146973,0.5735180377960205,8.035005569458008
3879,0,-8.960000038146973,0.5590607523918152,7.804677486419678
3880,0,-8.960000038146973,0.5997204780578613,7.663896560668945
3881,0,-8.960000038146973,0.44197747111320496,7.628819942474365
3882,0,-8.960000038146973,0.4626731276512146,7.712674617767334
3883,0,-8.960000038146973,0.3573889136314392,7.245076656341553
3884,0,-8.960000038146973,0.4025751054286957,7.32275390625
3885,0,-8.960000038146973,0.2424263060092926,6.457305908203125
3886,0,-8.960000038146973,0.3133653998374939,7.072578430175781
3887,0,-8.960000038146973,0.3975551128387451,7.5315260887146
3888,0,-8.960000038146973,0.33529555797576904,6.912400245666504
3889,0,-8.960000038146973,0.35632631182670593,7.292529106140137
3890,0,-8.960000038146973,0.41347751021385193,6.801511287689209
3891,0,-8.960000038146973,0.2053748518228531,6.39066743850708
3892,0,-8.960000038146973,0.3498310148715973,7.2370829582214355
3893,0,-8.960000038146973,0.27838683128356934,7.033530235290527
3894,1,9.520000457763672,0.6631729602813721,8.532744407653809
3895,0,-9.520000457763672,0.4335840046405792,8.735967636108398
3896,0,-9.520000457763672,0.5249064564704895,8.889548301696777
3897,0,-9.520000457763672,0.3301827311515808,8.584756851196289
3898,0,-9.520000457763672,0.15176087617874146,8.097896575927734
3899,0,-9.520000457763672,0.3385965824127197,8.011363983154297
3900,0,-9.520000457763672,0.2807762920856476,8.528219223022461
3901,0,-9.520000457763672,0.4011836647987366,8.56190013885498
3902,0,-9.520000457763672,0.261568158864975,8.065009117126465
3903,0,-9.520000457763672,0.4159422814846039,8.226032257080078
3904,0,-9.520000457763672,0.23037658631801605,8.208807945251465
3905,0,-9.520000457763672,0.37357884645462036,8.38406753540039
3906,0,-9.520000457763672,0.40219590067863464,8.484594345092773
3907,0,-9.520000457763672,0.3194907307624817,8.465850830078125
3908,0,-9.520000457763672,0.352997750043869,8.365952491760254
3909,0,-9.520000457763672,0.37378838658332825,8.550424575805664
3910,0,-9.520000457763672,0.3624311685562134,7.826959133148193
3911,0,-9.520000457763672,0.3491755425930023,8.767216682434082
3912,0,-9.520000457763672,0.4407658278942108,8.419571876525879
3913,0,-9.520000457763672,0.22146283090114594,8.454599380493164
3914,0,-9.520000457763672,0.16755549609661102,8.216261863708496
3915,1,8.399999618530273,0.5689665675163269,6.483863830566406
3916,1,8.399999618530273,0.5827591419219971,6.46482515335083
3917,0,-8.399999618530273,0.5492928624153137,6.189187049865723
3918,0,-8.399999618530273,0.18095442652702332,6.518078327178955
3919,0,-8.399999618530273,0.1899595558643341,6.361701488494873
3920,1,8.399999618530273,0.39153051376342773,6.58392333984375
3921,0,-8.399999618530273,0.17542679607868195,6.418545722961426
3922,0,-8.399999618530273,0.1424093395471573,6.394222736358643
3923,0,-8.399999618530273,0.16500015556812286,6.574775218963623
3924,0,-8.399999618530273,0.1775033324956894,6.288163661956787
3925,0,-8.399999618530273,0.11573262512683868,6.632014274597168
3926,0,-8.399999618530273,0.11983539909124374,6.4842376708984375
3927,0,-8.399999618530273,0.13473761081695557,6.078059196472168
3928,0,-8.399999618530273,0.16885937750339508,6.479494094848633
3929,0,-8.399999618530273,0.17686927318572998,6.965465068817139
3930,0,-8.399999618530273,0.11187053471803665,6.405335903167725
3931,0,-8.399999618530273,0.13076463341712952,6.488197326660156
3932,0,-8.399999618530273,0.1922731101512909,6.382155418395996
3933,0,-8.399999618530273,0.128153458237648,6.110621452331543
3934,0,-8.399999618530273,0.15310658514499664,5.726605415344238
3935,0,-8.399999618530273,0.14466938376426697,6.290372371673584
3936,1,6.329999923706055,0.7344980835914612,7.134977340698242
3937,0,-6.329999923706055,0.7500548958778381,6.822576999664307
3938,0,-6.329999923706055,0.7038047909736633,6.462175369262695
3939,0,-6.329999923706055,0.708659827709198,6.724201679229736
3940,0,-6.329999923706055,0.3620956540107727,6.294175624847412
3941,0,-6.329999923706055,0.44137558341026306,6.0896100997924805
3942,0,-6.329999923706055,0.2821314334869385,6.4112958908081055
3943,0,-6.329999923706055,0.5572549104690552,6.6441545486450195
3944,0,-6.329999923706055,0.3834587633609772,6.689364433288574
3945,0,-6.329999923706055,0.45578131079673767,6.687460899353027
3946,0,-6.329999923706055,0.6008015275001526,6.415722846984863
3947,0,-6.329999923706055,0.5191318392753601,6.702624320983887
3948,0,-6.329999923706055,0.258343368768692,6.142437934875488
3949,0,-6.329999923706055,0.37443989515304565,6.535396099090576
3950,0,-6.329999923706055,0.587709903717041,6.235663890838623
3951,0,-6.329999923706055,0.16415679454803467,6.193017959594727
3952,0,-6.329999923706055,0.472199410200119,6.36251163482666
3953,0,-6.329999923706055,0.15574130415916443,6.157323360443115
3954,0,-6.329999923706055,0.21893125772476196,5.62333345413208
3955,0,-6.329999923706055,0.2640155255794525,6.081606864929199
3956,0,-6.329999923706055,0.24663613736629486,6.352104187011719
3957,1,7.260000228881836,0.6445292234420776,7.267049789428711
3958,1,7.260000228881836,0.6379172801971436,7.331721782684326
3959,0,-7.260000228881836,0.6738681793212891,7.382723331451416
3960,1,7.260000228881836,0.6166157126426697,7.233415126800537
3961,0,-7.260000228881836,0.6097097992897034,7.258164405822754
3962,0,-7.260000228881836,0.39932340383529663,6.238621234893799
3963,0,-7.260000228881836,0.3469288945198059,6.271454811096191
3964,0,-7.260000228881836,0.463528037071228,5.851065158843994
3965,0,-7.260000228881836,0.2722918391227722,5.780900478363037
3966,0,-7.260000228881836,0.3425332009792328,5.395797252655029
3967,0,-7.260000228881836,0.3059730529785156,6.463960647583008
3968,0,-7.260000228881836,0.5215250253677368,6.831085205078125
3969,0,-7.260000228881836,0.2947128713130951,5.381115913391113
3970,0,-7.260000228881836,0.2418377548456192,5.955243110656738
3971,0,-7.260000228881836,0.36284583806991577,6.211397647857666
3972,0,-8.050000190734863,0.09058808535337448,7.474506378173828
3973,0,-8.050000190734863,0.05095316469669342,7.674920082092285
3974,0,-8.050000190734863,0.07251368463039398,7.679989337921143
3975,0,-8.050000190734863,0.07506568729877472,7.489521026611328
3976,0,-8.050000190734863,0.0813089981675148,7.523290634155273
3977,0,-8.050000190734863,0.09153471142053604,7.609659671783447
3978,0,-8.050000190734863,0.11745224893093109,7.545185089111328
3979,0,-8.050000190734863,0.07938910275697708,7.453893661499023
3980,0,-8.050000190734863,0.07474952191114426,7.5723772048950195
3981,0,-8.050000190734863,0.08312121033668518,7.670742511749268
3982,0,-8.050000190734863,0.07353845983743668,7.289088726043701
3983,0,-8.050000190734863,0.0835498794913292,7.351678848266602
3984,0,-8.050000190734863,0.11589294672012329,7.37674617767334
3985,0,-8.050000190734863,0.09079492837190628,7.730228424072266
3986,0,-8.050000190734863,0.0441647544503212,7.921680450439453
3987,0,-8.050000190734863,0.0856400653719902,7.57645320892334
3988,0,-8.050000190734863,0.0806586891412735,7.441397666931152
3989,0,-8.050000190734863,0.07085701078176498,7.7263946533203125
3990,0,-8.050000190734863,0.07279609143733978,7.518309593200684
3991,0,-8.050000190734863,0.06986775994300842,7.931621074676514
3992,1,4.409999847412109,0.6758220195770264,4.614724159240723
3993,1,4.409999847412109,0.6711391806602478,4.66093635559082
3994,0,-4.409999847412109,0.48605844378471375,5.2646164894104
3995,0,-4.409999847412109,0.532893180847168,4.4783196449279785
3996,0,-4.409999847412109,0.6519685983657837,4.860078811645508
3997,0,-4.409999847412109,0.5769256949424744,5.02597713470459
3998,0,-4.409999847412109,0.3827429413795471,5.3502302169799805
3999,0,-4.409999847412109,0.31659576296806335,5.5291571617126465
4000,0,-4.409999847412109,0.62059485912323,5.1409759521484375
4001,0,-4.409999847412109,0.5787267088890076,5.245209217071533
4002,0,-4.409999847412109,0.5136417746543884,5.2255401611328125
4003,0,-4.409999847412109,0.44301894307136536,4.602036476135254
4004,0,-4.409999847412109,0.2768601179122925,5.523543357849121
4005,0,-4.409999847412109,0.5267170667648315,5.161040306091309
4006,0,-4.409999847412109,0.3312225043773651,5.208963394165039
4007,0,-4.409999847412109,0.3791583776473999,5.096578121185303
4008,0,-4.409999847412109,0.3010031282901764,5.418659687042236
4009,0,-4.409999847412109,0.29598402976989746,5.504936218261719
4010,0,-4.409999847412109,0.3301626145839691,5.438752174377441
4011,0,-4.409999847412109,0.397710382938385,5.274069786071777
4012,0,-4.409999847412109,0.28825071454048157,5.424722671508789
4013,1,4.889999866485596,0.646770179271698,4.365112781524658
4014,1,4.889999866485596,0.6897465586662292,4.635636329650879
4015,0,-4.889999866485596,0.6044331192970276,4.167463302612305
4016,0,-4.889999866485596,0.6833450198173523,4.911308765411377
4017,0,-4.889999866485596,0.2745342254638672,4.2882561683654785
4018,0,-4.889999866485596,0.39938944578170776,4.228425025939941
4019,0,-4.889999866485596,0.22094690799713135,4.775254726409912
4020,0,-4.889999866485596,0.2265867441892624,4.463228225708008
4021,0,-4.889999866485596,0.2608913481235504,4.711681365966797
4022,0,-4.889999866485596,0.24343490600585938,4.805605411529541
4023,0,-4.889999866485596,0.24611668288707733,4.682905673980713
4024,0,-4.889999866485596,0.2473539561033249,4.536463737487793
4025,0,-4.889999866485596,0.48711395263671875,4.1764984130859375
4026,0,-4.889999866485596,0.33197712898254395,4.78528356552124
4027,0,-4.889999866485596,0.20361272990703583,5.174622535705566
4028,0,-4.889999866485596,0.22066520154476166,5.016639232635498
4029,0,-4.889999866485596,0.24799828231334686,5.045533657073975
4030,0,-4.889999866485596,0.21194733679294586,5.115547180175781
4031,0,-4.889999866485596,0.26764532923698425,4.895051956176758
4032,0,-4.889999866485596,0.20527547597885132,5.13058614730835
4033,0,-4.889999866485596,0.18205279111862183,5.192696571350098
4034,1,6.889999866485596,0.7512664198875427,7.957009792327881
4035,0,-6.889999866485596,0.7518341541290283,7.967007160186768
4036,1,6.889999866485596,0.7527149319648743,7.9597697257995605
4037,0,-6.889999866485596,0.741172194480896,8.066246032714844
4038,0,-6.889999866485596,0.7348427176475525,7.714413166046143
4039,0,-6.889999866485596,0.7272596955299377,7.404149055480957
4040,0,-6.889999866485596,0.7371066808700562,7.005466461181641
4041,0,-6.889999866485596,0.7470579743385315,7.587251663208008
4042,0,-6.889999866485596,0.658940851688385,7.247763633728027
4043,0,-6.889999866485596,0.7114970684051514,6.596060276031494
4044,0,-6.889999866485596,0.6530527472496033,7.042169570922852
4045,0,-6.889999866485596,0.7223989367485046,7.697885036468506
4046,0,-6.889999866485596,0.7154067158699036,7.55960750579834
4047,0,-6.889999866485596,0.735935628414154,7.67034912109375
4048,0,-6.889999866485596,0.7060607075691223,7.0835347175598145
4049,0,-6.889999866485596,0.6626260876655579,7.394902229309082
4050,0,-6.889999866485596,0.6969457864761353,7.5513458251953125
4051,0,-6.889999866485596,0.6845548748970032,7.525277614593506
4052,0,-6.889999866485596,0.6941516995429993,7.699469089508057
4053,0,-6.889999866485596,0.6692339777946472,7.46591854095459
4054,0,-6.889999866485596,0.5921807885169983,6.804400444030762
4055,1,8.359999656677246,0.6949052810668945,7.984656810760498
4056,0,-8.359999656677246,0.7253178954124451,8.216370582580566
4057,1,8.359999656677246,0.6919565200805664,7.9667582511901855
4058,0,-8.359999656677246,0.28113430738449097,6.640432834625244
4059,0,-8.359999656677246,0.3090558648109436,6.295513153076172
4060,0,-8.359999656677246,0.6846473813056946,7.809996604919434
4061,0,-8.359999656677246,0.31565359234809875,6.337768077850342
4062,0,-8.359999656677246,0.4621078670024872,7.432179927825928
4063,0,-8.359999656677246,0.7304527163505554,7.814701080322266
4064,0,-8.359999656677246,0.24929124116897583,5.611848831176758
4065,1,8.359999656677246,0.6707561612129211,7.8526835441589355
4066,0,-8.359999656677246,0.6796130537986755,7.388182163238525
4067,0,-8.359999656677246,0.28034549951553345,6.3435211181640625
4068,0,-8.359999656677246,0.2681575119495392,6.6483378410339355
4069,0,-8.359999656677246,0.29180872440338135,6.695710182189941
4070,0,-8.359999656677246,0.33366063237190247,6.314143657684326
4071,0,-8.359999656677246,0.3182046413421631,6.036990642547607
4072,0,-8.359999656677246,0.5462279319763184,7.525606632232666
4073,0,-8.359999656677246,0.45186343789100647,5.347179412841797
4074,0,-8.359999656677246,0.2359832525253296,6.041421890258789
4075,1,4.050000190734863,0.7018612027168274,4.455786228179932
4076,0,-4.050000190734863,0.6721163392066956,4.429098606109619
4077,0,-4.050000190734863,0.4764748811721802,4.295246124267578
4078,0,-4.050000190734863,0.5513946413993835,4.263024806976318
4079,0,-4.050000190734863,0.5185920596122742,4.038427352905273
4080,0,-4.050000190734863,0.4173732101917267,4.246028900146484
4081,0,-4.050000190734863,0.34623536467552185,4.159050941467285
4082,0,-4.050000190734863,0.4029772877693176,4.170618057250977
4083,0,-4.050000190734863,0.5664694309234619,4.770356178283691
4084,0,-4.050000190734863,0.32968366146087646,4.317826271057129
4085,0,-4.050000190734863,0.703458309173584,4.56942081451416
4086,0,-4.050000190734863,0.46149924397468567,4.078737258911133
4087,0,-4.050000190734863,0.35467013716697693,4.146965026855469
4088,0,-4.050000190734863,0.31384819746017456,4.165249824523926
4089,0,-4.050000190734863,0.43891000747680664,3.937631368637085
4090,1,6.059999942779541,0.3474903702735901,6.840538024902344
4091,0,-6.059999942779541,0.2714216411113739,6.349044322967529
4092,0,-6.059999942779541,0.4463929235935211,6.267300605773926
4093,0,-6.059999942779541,0.4555562138557434,6.63881254196167
4094,0,-6.059999942779541,0.24219775199890137,6.8003926277160645
4095,0,-6.059999942779541,0.3074222803115845,6.658125400543213
4096,0,-6.059999942779541,0.2585873603820801,6.810842037200928
4097,0,-6.059999942779541,0.2711084485054016,6.620494365692139
4098,0,-6.059999942779541,0.3574381172657013,6.764403343200684
4099,0,-6.059999942779541,0.4590112268924713,6.318307399749756
4100,0,-6.059999942779541,0.3592197597026825,5.490718364715576
4101,0,-6.059999942779541,0.3594248592853546,6.264064311981201
4102,0,-6.059999942779541,0.3380442261695862,6.6121697425842285
4103,0,-6.059999942779541,0.3324093520641327,6.583985805511475
4104,0,-6.059999942779541,0.3957058787345886,6.753713130950928
4105,0,-6.059999942779541,0.2999575734138489,6.22775411605835
4106,0,-6.059999942779541,0.3859744668006897,6.372997283935547
4107,0,-6.059999942779541,0.19097650051116943,6.579655170440674
4108,0,-6.059999942779541,0.23825877904891968,7.141417980194092
4109,0,-6.059999942779541,0.3614959418773651,6.686751365661621
4110,0,-6.059999942779541,0.4094083607196808,6.073271751403809
4111,1,5.599999904632568,0.5791944861412048,7.5823493003845215
4112,0,-5.599999904632568,0.5236366987228394,8.25562858581543
4113,0,-5.599999904632568,0.3492893874645233,5.6331329345703125
4114,0,-5.599999904632568,0.3325670063495636,6.369486331939697
4115,0,-5.599999904632568,0.4223395884037018,7.590135097503662
4116,0,-5.599999904632568,0.2795361280441284,5.3263936042785645
4117,0,-5.599999904632568,0.39486241340637207,5.942804336547852
4118,0,-5.599999904632568,0.17469732463359833,5.36387300491333
4119,0,-5.599999904632568,0.27138206362724304,5.530706405639648
4120,0,-5.599999904632568,0.23773710429668427,5.115047454833984
4121,0,-5.599999904632568,0.46798357367515564,6.377774715423584
4122,0,-5.599999904632568,0.24905674159526825,5.761972904205322
4123,0,-5.599999904632568,0.17895634472370148,6.18520975112915
4124,0,-5.599999904632568,0.20059789717197418,4.8161301612854
4125,0,-5.599999904632568,0.15587304532527924,4.8595781326293945
4126,0,-5.599999904632568,0.21695546805858612,5.478215217590332
4127,0,-5.599999904632568,0.15237677097320557,5.267691135406494
4128,0,-5.599999904632568,0.1385229378938675,5.6043291091918945
4129,0,-5.599999904632568,0.13167674839496613,5.2458720207214355
4130,0,-5.599999904632568,0.15696673095226288,5.3197245597839355
4131,0,-5.599999904632568,0.24319207668304443,6.390729904174805
4132,1,5.440000057220459,0.7176916599273682,6.087247371673584
4133,1,5.440000057220459,0.7233731150627136,6.087203502655029
4134,0,-5.440000057220459,0.6873921751976013,5.458838939666748
4135,1,5.440000057220459,0.6112567186355591,5.961632251739502
4136,0,-5.440000057220459,0.5488154888153076,5.3565754890441895
4137,1,9.550000190734863,0.7557229399681091,9.057571411132812
4138,0,-9.550000190734863,0.6223093271255493,9.116472244262695
4139,0,-9.550000190734863,0.6523497700691223,9.012306213378906
4140,0,-9.550000190734863,0.6866292953491211,9.037125587463379
4141,0,-9.550000190734863,0.5359915494918823,9.169529914855957
4142,0,-9.550000190734863,0.6132878065109253,8.904858589172363
4143,0,-9.550000190734863,0.6405678987503052,9.043197631835938
4144,0,-9.550000190734863,0.5567161440849304,9.236554145812988
4145,0,-9.550000190734863,0.5544746518135071,9.42351245880127
4146,0,-9.550000190734863,0.5855175852775574,9.350759506225586
4147,0,-9.550000190734863,0.6079757213592529,8.952558517456055
4148,0,-9.550000190734863,0.5535562038421631,9.107105255126953
4149,0,-9.550000190734863,0.594041109085083,8.997932434082031
4150,0,-9.550000190734863,0.5558843612670898,8.820758819580078
4151,0,-9.550000190734863,0.5243760347366333,9.000080108642578
4152,0,-9.550000190734863,0.6491748094558716,8.939655303955078
4153,0,-9.550000190734863,0.2778257429599762,8.000728607177734
4154,0,-9.550000190734863,0.39337119460105896,7.937554359436035
4155,1,8.720000267028809,0.7533658146858215,9.06436538696289
4156,1,8.720000267028809,0.7528085112571716,9.035195350646973
4157,1,8.720000267028809,0.7402576208114624,8.80648422241211
4158,0,-8.720000267028809,0.7279471158981323,9.010393142700195
4159,0,-8.720000267028809,0.684734582901001,8.419189453125
4160,0,-8.720000267028809,0.6392872929573059,8.613636016845703
4161,0,-8.720000267028809,0.6194977760314941,7.968655586242676
4162,0,-8.720000267028809,0.6854100823402405,8.424858093261719
4163,0,-8.720000267028809,0.5081558227539062,8.133530616760254
4164,0,-8.720000267028809,0.6317745447158813,8.278837203979492
4165,0,-8.720000267028809,0.6493067741394043,8.24569320678711
4166,0,-8.720000267028809,0.6885766386985779,7.822026252746582
4167,0,-8.720000267028809,0.3955496847629547,7.5874481201171875
4168,0,-8.720000267028809,0.30998796224594116,7.647970676422119
4169,0,-8.720000267028809,0.6140487194061279,8.320512771606445
4170,1,9.720000267028809,0.7029459476470947,8.17467975616455
4171,1,9.720000267028809,0.6871993541717529,7.649092197418213
4172,0,-9.720000267028809,0.5639199018478394,7.166873931884766
4173,0,-9.720000267028809,0.5605045557022095,8.113533020019531
4174,0,-9.720000267028809,0.16623231768608093,7.097643852233887
4175,0,-9.720000267028809,0.3400300443172455,7.529403209686279
4176,0,-9.720000267028809,0.3296028971672058,6.986910343170166
4177,0,-9.720000267028809,0.3140844702720642,7.4389848709106445
4178,1,5.150000095367432,0.6690271496772766,6.258185386657715
4179,1,5.150000095367432,0.668822169303894,6.252623081207275
4180,0,-5.150000095367432,0.5493606925010681,5.729796409606934
4181,0,-5.150000095367432,0.4269568920135498,5.560384750366211
4182,0,-5.150000095367432,0.2715434432029724,5.131882190704346
4183,0,-5.150000095367432,0.18699246644973755,6.095486164093018
4184,0,-5.150000095367432,0.23999279737472534,5.758267879486084
4185,0,-5.150000095367432,0.28605666756629944,5.771978378295898
4186,0,-5.150000095367432,0.16994543373584747,5.804764270782471
4187,0,-5.150000095367432,0.22954319417476654,5.0989909172058105
4188,0,-5.150000095367432,0.20151080191135406,5.4160284996032715
4189,0,-5.150000095367432,0.24024438858032227,5.84460973739624
4190,0,-5.150000095367432,0.3954920172691345,4.9762468338012695
4191,0,-5.150000095367432,0.18378978967666626,5.965490341186523
4192,0,-5.150000095367432,0.19735415279865265,5.841802597045898
4193,0,-5.150000095367432,0.3488099277019501,5.031149864196777
4194,0,-5.150000095367432,0.19603827595710754,6.000053405761719
4195,0,-5.150000095367432,0.2607792019844055,5.896152973175049
4196,0,-5.150000095367432,0.2092217206954956,6.354177474975586
4197,0,-5.150000095367432,0.20824219286441803,6.284618377685547
4198,0,-7.159999847412109,0.7181474566459656,6.956723690032959
4199,0,-7.159999847412109,0.740098774433136,8.060935974121094
4200,0,-7.159999847412109,0.7679320573806763,6.736371040344238
4201,1,6.019999980926514,0.7982400059700012,7.3664069175720215
4202,1,6.019999980926514,0.7955596446990967,7.512707233428955
4203,1,6.019999980926514,0.7952627539634705,7.512284755706787
4204,1,6.019999980926514,0.7993686199188232,7.3529486656188965
4205,1,6.019999980926514,0.7830544710159302,7.626187801361084
4206,1,6.019999980926514,0.730008065700531,7.419766426086426
4207,0,-6.019999980926514,0.7899194359779358,7.615821361541748
4208,0,-4.190000057220459,0.6322959661483765,4.96677303314209
4209,0,-4.190000057220459,0.7088266015052795,4.659730911254883
4210,0,-4.190000057220459,0.6794911026954651,4.244861602783203
4211,0,-4.190000057220459,0.6294459700584412,4.131568908691406
4212,1,6.320000171661377,0.6055554151535034,8.169008255004883
4213,1,6.320000171661377,0.6178993582725525,7.881768226623535
4214,1,6.320000171661377,0.5747830867767334,7.46622371673584
4215,0,-6.320000171661377,0.48969560861587524,6.706503391265869
4216,0,-6.320000171661377,0.5103548169136047,6.3741655349731445
4217,0,-6.320000171661377,0.4658726155757904,6.347250461578369
4218,0,-6.320000171661377,0.4641926884651184,6.179281234741211
4219,0,-6.320000171661377,0.3304508328437805,5.992982387542725
4220,0,-6.320000171661377,0.4958694577217102,6.304629325866699
4221,1,5.099999904632568,0.45746827125549316,4.671724319458008
4222,0,-5.099999904632568,0.4307149350643158,5.077528953552246
4223,0,-5.099999904632568,0.39750587940216064,4.966498374938965
4224,0,-5.099999904632568,0.415277361869812,5.106513023376465
4225,0,-5.099999904632568,0.42903268337249756,5.491214275360107
4226,0,-5.099999904632568,0.35154038667678833,5.048437118530273
4227,0,-5.099999904632568,0.34535011649131775,5.259554862976074
4228,0,-5.099999904632568,0.4341110289096832,5.303091049194336
4229,0,-5.099999904632568,0.38490384817123413,5.120235443115234
4230,0,-5.099999904632568,0.3688182234764099,5.5002217292785645
4231,0,-5.099999904632568,0.3420157730579376,5.200417995452881
4232,0,-5.099999904632568,0.44776228070259094,5.514655590057373
4233,0,-5.099999904632568,0.4095507860183716,4.848249435424805
4234,0,-5.099999904632568,0.30756545066833496,5.245802879333496
4235,0,-5.099999904632568,0.33050820231437683,5.382081031799316
4236,0,-5.099999904632568,0.38719111680984497,4.911944389343262
4237,0,-5.099999904632568,0.2922007143497467,5.731277942657471
4238,0,-5.099999904632568,0.21780993044376373,5.204419136047363
4239,0,-5.099999904632568,0.23402529954910278,5.37019681930542
4240,0,-5.099999904632568,0.26171237230300903,5.096264839172363
4241,0,-5.099999904632568,0.24470920860767365,5.265113353729248
4242,1,7.960000038146973,0.6250596642494202,6.784517288208008
4243,1,7.960000038146973,0.5895126461982727,6.797332763671875
4244,1,7.960000038146973,0.5471668839454651,6.6377644538879395
4245,1,7.960000038146973,0.5494275689125061,6.347564697265625
4246,0,-7.960000038146973,0.4605655372142792,6.650620460510254
4247,0,-7.960000038146973,0.3405923843383789,6.304627895355225
4248,0,-7.960000038146973,0.547089695930481,6.752635478973389
4249,0,-7.960000038146973,0.26869869232177734,6.876616954803467
4250,0,-7.960000038146973,0.36014923453330994,6.131405830383301
4251,0,-7.960000038146973,0.27741265296936035,6.275979518890381
4252,0,-7.960000038146973,0.46572184562683105,6.885674476623535
4253,0,-7.960000038146973,0.4664056897163391,6.990918159484863
4254,0,-7.960000038146973,0.19115161895751953,6.521822452545166
4255,0,-7.960000038146973,0.16921456158161163,6.671027660369873
4256,0,-7.960000038146973,0.15998044610023499,6.019668102264404
4257,1,4.849999904632568,0.7111708521842957,5.823760986328125
4258,1,4.849999904632568,0.6837562918663025,5.9553093910217285
4259,0,-4.849999904632568,0.524430513381958,5.843321323394775
4260,0,-4.849999904632568,0.43179330229759216,5.407894134521484
4261,0,-4.849999904632568,0.4548974335193634,5.277923583984375
4262,0,-4.849999904632568,0.3239048421382904,5.64046573638916
4263,0,-4.849999904632568,0.26038414239883423,4.284117698669434
4264,0,-4.849999904632568,0.3298815190792084,4.825124263763428
4265,0,-4.849999904632568,0.192160502076149,4.484122276306152
4266,0,-4.849999904632568,0.2811655104160309,5.410292148590088
4267,0,-4.849999904632568,0.32625168561935425,5.669532299041748
4268,0,-4.849999904632568,0.2255299985408783,4.062419891357422
4269,0,-4.849999904632568,0.579870879650116,6.254745960235596
4270,0,-4.849999904632568,0.23164618015289307,4.280799865722656
4271,0,-4.849999904632568,0.3946148753166199,5.989969253540039
4272,0,-4.849999904632568,0.3353889286518097,5.276156425476074
4273,0,-4.849999904632568,0.36638736724853516,4.560487747192383
4274,0,-4.849999904632568,0.2875831723213196,6.022991180419922
4275,0,-4.849999904632568,0.22138778865337372,4.013699531555176
4276,0,-4.849999904632568,0.332196980714798,5.5508575439453125
4277,0,-4.849999904632568,0.20104342699050903,3.9805006980895996
4278,1,6.110000133514404,0.7976911664009094,6.270864486694336
4279,1,6.110000133514404,0.820861279964447,6.409062385559082
4280,1,6.110000133514404,0.8227402567863464,6.413933753967285
4281,0,-6.110000133514404,0.47204768657684326,5.935207843780518
4282,0,-6.110000133514404,0.47104695439338684,5.9305572509765625
4283,0,-6.110000133514404,0.2676529884338379,6.243719100952148
4284,0,-6.110000133514404,0.6824800968170166,6.254591941833496
4285,0,-6.110000133514404,0.6935876607894897,6.269638538360596
4286,0,-6.110000133514404,0.2673819065093994,6.248636245727539
4287,1,6.110000133514404,0.7426301836967468,6.290128231048584
4288,0,-6.110000133514404,0.38059014081954956,6.506465435028076
4289,0,-6.110000133514404,0.1914757788181305,6.318877220153809
4290,0,-6.110000133514404,0.46516749262809753,6.30040168762207
4291,0,-6.110000133514404,0.2725980579853058,6.244584560394287
4292,0,-6.110000133514404,0.2899286150932312,6.23712682723999
4293,0,-6.110000133514404,0.23285019397735596,6.414417266845703
4294,0,-6.110000133514404,0.5437614321708679,6.396474838256836
4295,0,-6.110000133514404,0.32992109656333923,6.127659797668457
4296,1,5.570000171661377,0.5718222856521606,5.929135322570801
4297,1,5.570000171661377,0.5918222665786743,5.928389549255371
4298,0,-5.570000171661377,0.5834342241287231,6.072286605834961
4299,0,-5.570000171661377,0.5348266959190369,6.07806396484375
4300,0,-5.570000171661377,0.15714769065380096,8.002034187316895
4301,0,-5.570000171661377,0.43237534165382385,6.037791728973389
4302,0,-5.570000171661377,0.39030012488365173,7.29081916809082
4303,0,-5.570000171661377,0.19041714072227478,7.843449592590332
4304,0,-5.570000171661377,0.5067870020866394,5.942417144775391
4305,0,-5.570000171661377,0.22603002190589905,7.319773197174072
4306,0,-5.570000171661377,0.2514359951019287,7.457880973815918
4307,0,-5.570000171661377,0.4175946116447449,6.643258571624756
4308,0,-5.570000171661377,0.4873107969760895,6.716738700866699
4309,0,-5.570000171661377,0.21504151821136475,7.982550621032715
4310,0,-5.570000171661377,0.2546277940273285,8.009737968444824
4311,0,-5.570000171661377,0.44634339213371277,7.627151966094971
4312,0,-5.570000171661377,0.3974289298057556,7.513051986694336
4313,0,-5.570000171661377,0.13150112330913544,7.686614990234375
4314,0,-5.570000171661377,0.1746395081281662,7.734569072723389
4315,0,-5.570000171661377,0.3492545187473297,6.2776408195495605
4316,0,-5.570000171661377,0.26321062445640564,7.590468883514404
4317,1,6.019999980926514,0.5902789235115051,6.007105350494385
4318,1,6.019999980926514,0.5858140587806702,5.985797882080078
4319,0,-6.019999980926514,0.21047544479370117,8.002174377441406
4320,0,-6.019999980926514,0.17898376286029816,8.07048511505127
4321,0,-6.019999980926514,0.17724297940731049,7.811976432800293
4322,0,-6.019999980926514,0.5130277872085571,5.693103313446045
4323,0,-6.019999980926514,0.5300617814064026,5.601020812988281
4324,0,-6.019999980926514,0.5059723854064941,6.319587707519531
4325,0,-6.019999980926514,0.33548396825790405,7.563540935516357
4326,0,-6.019999980926514,0.5510991811752319,6.956999778747559
4327,0,-6.019999980926514,0.1272081732749939,7.831518173217773
4328,0,-6.019999980926514,0.49492788314819336,7.599818229675293
4329,0,-6.019999980926514,0.11731469631195068,7.989200115203857
4330,0,-6.019999980926514,0.4397673010826111,7.046630859375
4331,0,-6.019999980926514,0.22959639132022858,6.586999893188477
4332,0,-6.019999980926514,0.20304661989212036,7.769888877868652
4333,0,-7.800000190734863,0.3886563181877136,4.964362144470215
4334,0,-7.800000190734863,0.4641913175582886,5.550612449645996
4335,0,-7.800000190734863,0.4979337155818939,5.420853137969971
4336,0,-7.800000190734863,0.47906070947647095,5.213160514831543
4337,0,-7.800000190734863,0.13733574748039246,5.625207901000977
4338,0,-7.800000190734863,0.2213982343673706,5.550882816314697
4339,0,-7.800000190734863,0.2759765684604645,5.394314765930176
4340,0,-7.800000190734863,0.42071428894996643,5.12550163269043
4341,0,-7.800000190734863,0.2542645037174225,4.74798059463501
4342,0,-7.800000190734863,0.3286260962486267,5.1241044998168945
4343,0,-7.800000190734863,0.4610813558101654,6.136219501495361
4344,0,-7.800000190734863,0.41564351320266724,6.023373126983643
4345,0,-7.800000190734863,0.5482845902442932,5.888852119445801
4346,0,-7.800000190734863,0.21725024282932281,5.78352689743042
4347,0,-7.800000190734863,0.33797651529312134,5.095975875854492
4348,0,-7.800000190734863,0.2053169310092926,5.762735366821289
4349,0,-7.800000190734863,0.39290639758110046,5.103439807891846
4350,0,-7.800000190734863,0.4126293361186981,5.477492332458496
4351,0,-7.800000190734863,0.5923171043395996,6.51536226272583
4352,0,-7.800000190734863,0.40969669818878174,5.575949192047119
4353,1,2.4000000953674316,0.46313244104385376,4.063460350036621
4354,0,-2.4000000953674316,0.5215855240821838,4.008378982543945
4355,0,-2.4000000953674316,0.32323652505874634,4.343076705932617
4356,0,-2.4000000953674316,0.45385465025901794,3.329840898513794
4357,0,-2.4000000953674316,0.5455141067504883,3.8419578075408936
4358,0,-2.4000000953674316,0.2609320878982544,3.559464931488037
4359,0,-2.4000000953674316,0.4425404369831085,3.8154313564300537
4360,0,-2.4000000953674316,0.3974404036998749,4.126588821411133
4361,0,-2.4000000953674316,0.38657087087631226,4.170103549957275
4362,0,-2.4000000953674316,0.24673369526863098,4.302217483520508
4363,0,-2.4000000953674316,0.5155544877052307,3.9877769947052
4364,0,-2.4000000953674316,0.28002989292144775,4.132264137268066
4365,0,-2.4000000953674316,0.2826005816459656,3.9106948375701904
4366,0,-2.4000000953674316,0.22691310942173004,4.0911054611206055
4367,0,-2.4000000953674316,0.44205209612846375,4.122716903686523
4368,0,-2.4000000953674316,0.28785279393196106,3.561012029647827
4369,0,-2.4000000953674316,0.47435393929481506,3.869432210922241
4370,0,-2.4000000953674316,0.28298982977867126,3.360022783279419
4371,0,-2.4000000953674316,0.3597915768623352,3.6171679496765137
4372,0,-2.4000000953674316,0.44928011298179626,3.655911445617676
4373,0,-2.4000000953674316,0.3340816795825958,3.5369009971618652
4374,1,3.5799999237060547,0.7164195775985718,5.6353583335876465
4375,0,-3.5799999237060547,0.7538447380065918,6.149226188659668
4376,0,-3.5799999237060547,0.7159557342529297,5.5783209800720215
4377,0,-3.5799999237060547,0.5741304159164429,4.7132463455200195
4378,0,-3.5799999237060547,0.4784832000732422,4.364157199859619
4379,0,-3.5799999237060547,0.5627968907356262,4.68661642074585
4380,0,-3.5799999237060547,0.41182073950767517,4.494102954864502
4381,0,-3.5799999237060547,0.5577355623245239,4.699437618255615
4382,0,-3.5799999237060547,0.5454291105270386,4.652243614196777
4383,0,-3.5799999237060547,0.4005271792411804,4.747890949249268
4384,0,-3.5799999237060547,0.3259209096431732,4.6131792068481445
4385,0,-3.5799999237060547,0.3115611672401428,4.655389308929443
4386,0,-3.5799999237060547,0.3173919916152954,4.545440673828125
4387,0,-3.5799999237060547,0.30510759353637695,4.602408409118652
4388,0,-3.5799999237060547,0.33709579706192017,4.544076919555664
4389,0,-3.5799999237060547,0.376993864774704,4.71397590637207
4390,0,-3.5799999237060547,0.3101656436920166,4.616301536560059
4391,0,-3.5799999237060547,0.3005428910255432,4.804616928100586
4392,1,6.820000171661377,0.6531918048858643,5.211318492889404
4393,0,-6.820000171661377,0.6532519459724426,5.468399524688721
4394,0,-6.820000171661377,0.18844519555568695,4.799767017364502
4395,0,-6.820000171661377,0.26568856835365295,4.250674247741699
4396,0,-6.820000171661377,0.17170333862304688,4.907871246337891
4397,0,-6.820000171661377,0.24483127892017365,4.399772644042969
4398,0,-6.820000171661377,0.1883036196231842,5.060562610626221
4399,0,-6.820000171661377,0.19982701539993286,4.586831092834473
4400,0,-6.820000171661377,0.24133481085300446,4.491264820098877
4401,0,-6.820000171661377,0.3119058310985565,4.191835880279541
4402,0,-6.820000171661377,0.20001326501369476,4.870980262756348
4403,0,-6.820000171661377,0.17084701359272003,4.97689151763916
4404,0,-6.820000171661377,0.1985207051038742,4.720999240875244
4405,0,-6.820000171661377,0.19436292350292206,4.689875602722168
4406,0,-6.820000171661377,0.15217146277427673,4.9571733474731445
4407,0,-6.820000171661377,0.16907811164855957,5.075660705566406
4408,0,-6.820000171661377,0.19675059616565704,4.431613922119141
4409,0,-6.820000171661377,0.19858364760875702,4.934057235717773
4410,0,-6.820000171661377,0.23918083310127258,4.6091461181640625
4411,0,-6.820000171661377,0.17019040882587433,4.798953056335449
4412,0,-6.820000171661377,0.25176340341567993,4.321881294250488
4413,1,7.090000152587891,0.514999508857727,8.536712646484375
4414,0,-7.090000152587891,0.6079070568084717,9.232542037963867
4415,0,-7.090000152587891,0.39094334840774536,8.559216499328613
4416,0,-7.090000152587891,0.39766353368759155,8.710772514343262
4417,0,-7.090000152587891,0.3047170341014862,8.985210418701172
4418,0,-7.090000152587891,0.3309684991836548,8.697036743164062
4419,0,-7.090000152587891,0.14189571142196655,7.670845985412598
4420,0,-7.090000152587891,0.21119296550750732,8.140767097473145
4421,0,-7.090000152587891,0.41977328062057495,8.764665603637695
4422,0,-7.090000152587891,0.3605372905731201,8.595088958740234
4423,0,-7.090000152587891,0.2862562835216522,8.533863067626953
4424,0,-7.090000152587891,0.3074776828289032,8.66769790649414
4425,0,-7.090000152587891,0.203629270195961,8.251301765441895
4426,0,-7.090000152587891,0.2503140866756439,8.529760360717773
4427,0,-7.090000152587891,0.25984418392181396,7.87653112411499
4428,0,-7.090000152587891,0.1270293891429901,6.915940284729004
4429,0,-7.090000152587891,0.40807661414146423,8.446500778198242
4430,0,-7.090000152587891,0.15780828893184662,7.818747043609619
4431,0,-7.090000152587891,0.275302916765213,8.144950866699219
4432,0,-7.090000152587891,0.1808091253042221,7.961222171783447
4433,0,-7.090000152587891,0.26964834332466125,8.051003456115723
4434,1,8.479999542236328,0.6774492859840393,7.923995494842529
4435,1,8.479999542236328,0.6711430549621582,7.824851989746094
4436,0,-8.479999542236328,0.5728000402450562,7.584640026092529
4437,0,-8.479999542236328,0.6175046563148499,7.704202651977539
4438,0,-8.479999542236328,0.6923792958259583,7.841494560241699
4439,0,-8.479999542236328,0.4808878004550934,7.1664934158325195
4440,0,-8.479999542236328,0.5247407555580139,7.559884071350098
4441,0,-8.479999542236328,0.655615508556366,7.494063377380371
4442,0,-8.479999542236328,0.6929270625114441,8.124807357788086
4443,0,-8.479999542236328,0.6621554493904114,7.800787925720215
4444,0,-8.479999542236328,0.4627992510795593,7.412631988525391
4445,0,-8.479999542236328,0.424460768699646,6.978626728057861
4446,0,-8.479999542236328,0.38376736640930176,6.265139102935791
4447,0,-8.479999542236328,0.5073665380477905,7.442749500274658
4448,1,8.300000190734863,0.5726465582847595,7.815145492553711
4449,0,-8.300000190734863,0.20940905809402466,7.193047523498535
4450,0,-8.300000190734863,0.3637131154537201,7.732460021972656
4451,0,-8.300000190734863,0.2380201667547226,6.876180648803711
4452,0,-8.300000190734863,0.3442270755767822,7.48976469039917
4453,0,-8.300000190734863,0.11975856870412827,7.376323699951172
4454,0,-8.300000190734863,0.18228289484977722,6.8915510177612305
4455,0,-8.300000190734863,0.31977081298828125,7.963922023773193
4456,0,-8.300000190734863,0.09872714430093765,7.5572428703308105
4457,0,-8.300000190734863,0.26001349091529846,8.086874008178711
4458,0,-8.300000190734863,0.1728803813457489,7.608011245727539
4459,0,-8.300000190734863,0.2807134687900543,7.539302349090576
4460,0,-8.300000190734863,0.16053587198257446,7.622274875640869
4461,0,-8.300000190734863,0.15146809816360474,7.51745080947876
4462,0,-8.300000190734863,0.14208640158176422,7.7425079345703125
4463,0,-8.300000190734863,0.19935564696788788,7.574039459228516
4464,0,-8.300000190734863,0.35671502351760864,7.171053409576416
4465,0,-8.300000190734863,0.10186772793531418,7.283060073852539
4466,0,-8.300000190734863,0.16194771230220795,7.790063381195068
4467,0,-8.300000190734863,0.19309908151626587,7.870955944061279
4468,0,-8.300000190734863,0.1491309404373169,7.251519203186035
4469,1,10.300000190734863,0.7591030597686768,9.033974647521973
4470,1,10.300000190734863,0.75894695520401,9.015422821044922
4471,0,-10.300000190734863,0.723461925983429,7.825773239135742
4472,0,-10.300000190734863,0.7453323006629944,8.222868919372559
4473,1,4.760000228881836,0.4407602846622467,4.255501747131348
4474,0,-4.760000228881836,0.5264699459075928,5.06443452835083
4475,0,-4.760000228881836,0.5172117352485657,5.099140167236328
4476,0,-4.760000228881836,0.5190054774284363,5.09570837020874
4477,0,-4.760000228881836,0.4806442856788635,5.414721488952637
4478,0,-4.760000228881836,0.5176224708557129,5.150026798248291
4479,0,-4.760000228881836,0.42970705032348633,4.832134246826172
4480,1,4.760000228881836,0.5090571045875549,3.979276657104492
4481,0,-4.760000228881836,0.326168417930603,4.259377479553223
4482,0,-4.760000228881836,0.39450860023498535,4.491822242736816
4483,0,-4.760000228881836,0.3152303099632263,5.143136978149414
4484,0,-4.760000228881836,0.2377559393644333,5.057464599609375
4485,0,-4.760000228881836,0.2621876299381256,4.981395721435547
4486,0,-4.760000228881836,0.22136899828910828,5.017846584320068
4487,0,-4.760000228881836,0.3386893570423126,4.5834479331970215
4488,0,-4.760000228881836,0.24047887325286865,4.9611968994140625
4489,0,-4.760000228881836,0.20431704819202423,4.812933444976807
4490,0,-4.760000228881836,0.24836845695972443,4.955816745758057
4491,0,-4.760000228881836,0.2506408095359802,5.130401611328125
4492,0,-4.760000228881836,0.2669703960418701,3.569898843765259
4493,1,5.960000038146973,0.6165447235107422,5.669366359710693
4494,1,5.960000038146973,0.6147533059120178,5.643047332763672
4495,0,-5.960000038146973,0.4474850296974182,4.863458633422852
4496,0,-5.960000038146973,0.636757493019104,5.960783004760742
4497,0,-5.960000038146973,0.35903021693229675,4.0926008224487305
4498,0,-5.960000038146973,0.37706804275512695,4.772251605987549
4499,0,-5.960000038146973,0.33348506689071655,4.932107925415039
4500,0,-5.960000038146973,0.4558282196521759,4.5410308837890625
4501,0,-5.960000038146973,0.3435198664665222,4.582208633422852
4502,0,-5.960000038146973,0.24993719160556793,5.034646034240723
4503,0,-5.960000038146973,0.1679575890302658,4.878643989562988
4504,0,-5.960000038146973,0.19475753605365753,5.005375862121582
4505,0,-5.960000038146973,0.5404490828514099,4.792168617248535
4506,0,-5.960000038146973,0.16216929256916046,3.8191323280334473
4507,0,-5.960000038146973,0.44065532088279724,4.753450393676758
4508,0,-5.960000038146973,0.21588420867919922,4.591314792633057
4509,0,-5.960000038146973,0.20218847692012787,5.107712745666504
4510,0,-5.960000038146973,0.14460140466690063,5.2180938720703125
4511,0,-5.960000038146973,0.4467361271381378,5.659121990203857
4512,0,-5.960000038146973,0.5927609205245972,5.106653690338135
4513,0,-5.960000038146973,0.17533613741397858,4.435695648193359
4514,0,-7.320000171661377,0.2606821060180664,7.286602020263672
4515,1,7.320000171661377,0.3784775733947754,8.068286895751953
4516,0,-7.320000171661377,0.17309781908988953,6.961592197418213
4517,0,-7.320000171661377,0.3615574240684509,7.774561882019043
4518,0,-7.320000171661377,0.15385304391384125,7.090436935424805
4519,0,-7.320000171661377,0.32968246936798096,7.059315204620361
4520,0,-7.320000171661377,0.17341388761997223,6.75143575668335
4521,0,-7.320000171661377,0.25200483202934265,7.181648254394531
4522,0,-7.320000171661377,0.4552449584007263,6.803976535797119
4523,0,-7.320000171661377,0.24801312386989594,7.431400299072266
4524,0,-7.320000171661377,0.33666718006134033,7.204174995422363
4525,0,-7.320000171661377,0.1938089281320572,6.8667755126953125
4526,0,-7.320000171661377,0.2830958366394043,7.011654853820801
4527,0,-7.320000171661377,0.2342153638601303,6.892902851104736
4528,0,-7.320000171661377,0.31278282403945923,6.275402069091797
4529,0,-7.320000171661377,0.17901954054832458,6.565091133117676
4530,0,-7.320000171661377,0.1514366865158081,7.135793209075928
4531,0,-7.320000171661377,0.3301033079624176,7.1499786376953125
4532,0,-7.320000171661377,0.21349090337753296,6.735145092010498
4533,0,-7.320000171661377,0.32463714480400085,6.547536849975586
4534,1,6.300000190734863,0.6123590469360352,6.7138471603393555
4535,0,-6.300000190734863,0.6895957589149475,6.5782246589660645
4536,0,-6.300000190734863,0.6554843187332153,6.853048324584961
4537,0,-6.300000190734863,0.6696487665176392,6.955378532409668
4538,0,-6.300000190734863,0.6525800228118896,7.0877814292907715
4539,0,-6.300000190734863,0.5815521478652954,6.812258243560791
4540,1,6.300000190734863,0.5882214903831482,6.8121771812438965
4541,0,-6.300000190734863,0.6337007880210876,7.45585823059082
4542,0,-6.300000190734863,0.5385500192642212,6.3522419929504395
4543,1,6.300000190734863,0.5950192809104919,7.030128002166748
4544,0,-6.300000190734863,0.5824479460716248,6.795353412628174
4545,0,-6.300000190734863,0.5037465691566467,6.77471923828125
4546,0,-6.300000190734863,0.430147260427475,6.180608749389648
4547,0,-6.300000190734863,0.4783340394496918,6.525495529174805
4548,0,-6.300000190734863,0.6180214881896973,6.761128902435303
4549,0,-6.300000190734863,0.6558766961097717,7.086085796356201
4550,0,-6.300000190734863,0.6210319399833679,7.012806415557861
4551,0,-6.300000190734863,0.5959779620170593,6.937231063842773
4552,0,-6.300000190734863,0.3165713846683502,5.536220073699951
4553,0,-6.300000190734863,0.2887318432331085,5.742354869842529
4554,0,-6.300000190734863,0.3264354467391968,6.293008327484131
4555,0,-4.690000057220459,0.515316903591156,5.834288120269775
4556,0,-4.690000057220459,0.4605109989643097,5.798234462738037
4557,0,-4.690000057220459,0.45441001653671265,5.520009994506836
4558,0,-4.690000057220459,0.47737917304039,5.6812639236450195
4559,0,-4.690000057220459,0.291466623544693,5.898601055145264
4560,0,-4.690000057220459,0.17869414389133453,6.414156436920166
4561,0,-4.690000057220459,0.33601322770118713,5.947969436645508
4562,0,-4.690000057220459,0.2832406759262085,5.057623863220215
4563,0,-4.690000057220459,0.2700923979282379,6.000858783721924
4564,0,-4.690000057220459,0.31586953997612,6.250583171844482
4565,0,-4.690000057220459,0.30532529950141907,5.07182502746582
4566,0,-4.690000057220459,0.22941996157169342,5.504060745239258
4567,0,-4.690000057220459,0.26696667075157166,5.90739107131958
4568,0,-4.690000057220459,0.3115081489086151,4.96578311920166
4569,0,-4.690000057220459,0.23141233623027802,5.533202171325684
4570,0,-4.690000057220459,0.2550681531429291,5.07946252822876
4571,0,-4.690000057220459,0.2557152509689331,4.994672775268555
4572,0,-4.690000057220459,0.22900137305259705,5.309993267059326
4573,0,-4.690000057220459,0.31439071893692017,4.841604709625244
4574,0,-4.690000057220459,0.4534894824028015,4.979588985443115
4575,0,-4.690000057220459,0.1961824893951416,5.687463760375977
4576,0,-5.010000228881836,0.5172639489173889,4.80620002746582
4577,0,-5.010000228881836,0.4878031015396118,4.83034610748291
4578,0,-5.010000228881836,0.5365806221961975,4.507950782775879
4579,0,-5.010000228881836,0.19786743819713593,5.872249126434326
4580,0,-5.010000228881836,0.2867729365825653,5.188950538635254
4581,0,-5.010000228881836,0.48882555961608887,4.898797988891602
4582,0,-5.010000228881836,0.33320075273513794,5.022805690765381
4583,0,-5.010000228881836,0.2665068507194519,5.347797870635986
4584,0,-5.010000228881836,0.31138932704925537,5.316404819488525
4585,0,-5.010000228881836,0.3020949065685272,5.159616947174072
4586,0,-5.010000228881836,0.2745157480239868,4.248741149902344
4587,0,-5.010000228881836,0.2574503719806671,4.902422904968262
4588,0,-5.010000228881836,0.2577887773513794,4.400064468383789
4589,0,-5.010000228881836,0.2468692511320114,4.881355285644531
4590,0,-5.010000228881836,0.27429136633872986,5.521589279174805
4591,0,-5.010000228881836,0.2776941955089569,4.2299652099609375
4592,0,-5.010000228881836,0.25879380106925964,4.883491039276123
4593,0,-5.010000228881836,0.21169954538345337,4.881430625915527
4594,0,-5.010000228881836,0.19237539172172546,4.628304481506348
4595,0,-5.010000228881836,0.2628850042819977,4.244316101074219
4596,0,-5.010000228881836,0.2618327736854553,5.5037336349487305
4597,1,3.9700000286102295,0.5571610331535339,4.339170932769775
4598,1,3.9700000286102295,0.5501742362976074,4.594654083251953
4599,0,-3.9700000286102295,0.4902883768081665,4.213661193847656
4600,0,-3.9700000286102295,0.45066264271736145,3.983692169189453
4601,0,-3.9700000286102295,0.18799956142902374,4.99983024597168
4602,0,-3.9700000286102295,0.2244635969400406,4.979380130767822
4603,0,-3.9700000286102295,0.2025642693042755,5.0813775062561035
4604,0,-3.9700000286102295,0.23406203091144562,5.594627380371094
4605,0,-3.9700000286102295,0.19183048605918884,5.191720008850098
4606,0,-3.9700000286102295,0.19877152144908905,5.358731269836426
4607,0,-3.9700000286102295,0.19309306144714355,5.689411163330078
4608,0,-3.9700000286102295,0.4393366575241089,3.6836767196655273
4609,0,-3.9700000286102295,0.2189200520515442,4.574394226074219
4610,0,-3.9700000286102295,0.22954770922660828,5.249757766723633
4611,0,-3.9700000286102295,0.24113529920578003,5.583131790161133
4612,0,-3.9700000286102295,0.22676604986190796,4.934459209442139
4613,0,-3.9700000286102295,0.19335028529167175,5.078740119934082
4614,0,-3.9700000286102295,0.25444847345352173,4.700759410858154
4615,0,-3.9700000286102295,0.19869393110275269,5.192521095275879
4616,0,-3.9700000286102295,0.19080394506454468,5.269360065460205
4617,0,-3.9700000286102295,0.22677849233150482,4.352598190307617
