index,label,affinity_true,p_good,affinity_pred
0,1,3.2799999713897705,0.4713177978992462,5.031689643859863
1,0,-3.2799999713897705,0.651072084903717,6.120361328125
2,0,-3.2799999713897705,0.4778398275375366,5.3986005783081055
3,0,-3.2799999713897705,0.39782124757766724,6.019146919250488
4,0,-3.2799999713897705,0.23443831503391266,6.560876369476318
5,0,-3.2799999713897705,0.32390210032463074,6.340718746185303
6,0,-3.2799999713897705,0.3101629912853241,5.817874431610107
7,0,-3.2799999713897705,0.37387797236442566,5.913369178771973
8,0,-3.2799999713897705,0.4635655879974365,4.460159778594971
9,0,-3.2799999713897705,0.43302085995674133,6.522988796234131
10,0,-3.2799999713897705,0.5143594145774841,5.092049598693848
11,0,-3.2799999713897705,0.3195441663265228,5.234813690185547
12,0,-3.2799999713897705,0.47658485174179077,6.515974998474121
13,0,-3.2799999713897705,0.3975927233695984,4.890331268310547
14,0,-3.2799999713897705,0.48269087076187134,5.887188911437988
15,1,3.2799999713897705,0.40859341621398926,5.483798027038574
16,0,-3.2799999713897705,0.35302382707595825,5.281528472900391
17,0,-3.2799999713897705,0.448127418756485,5.69026517868042
18,0,-3.2799999713897705,0.45564791560173035,6.74534273147583
19,0,-3.2799999713897705,0.5753659605979919,5.010968208312988
20,0,-3.2799999713897705,0.3942064642906189,5.900552749633789
21,1,3.5199999809265137,0.7623336315155029,5.033327579498291
22,1,3.5199999809265137,0.7758694887161255,4.929186820983887
23,1,3.5199999809265137,0.653574526309967,4.85956335067749
24,0,-3.5199999809265137,0.7143545150756836,5.102084159851074
25,0,-3.5199999809265137,0.5648865103721619,4.123023986816406
26,0,-3.5199999809265137,0.5968191027641296,4.397867202758789
27,1,7.050000190734863,0.7274593710899353,7.294620990753174
28,1,7.050000190734863,0.7246984839439392,7.269584655761719
29,0,-7.050000190734863,0.7584985494613647,7.820896148681641
30,0,-7.050000190734863,0.5503430366516113,6.715446472167969
31,0,-7.050000190734863,0.2861177325248718,5.746827125549316
32,0,-7.050000190734863,0.44877517223358154,5.457289218902588
33,0,-7.050000190734863,0.5561597943305969,6.173349857330322
34,0,-7.050000190734863,0.40403953194618225,6.554393768310547
35,0,-7.050000190734863,0.45047521591186523,5.094427108764648
36,0,-7.050000190734863,0.5710760354995728,7.172704696655273
37,0,-7.050000190734863,0.3486393094062805,7.285444259643555
38,0,-7.050000190734863,0.3282955288887024,6.394096851348877
39,0,-7.050000190734863,0.3698091208934784,5.718987464904785
40,0,-7.050000190734863,0.3168388307094574,5.676954746246338
41,0,-7.050000190734863,0.31346404552459717,5.46755313873291
42,0,-7.050000190734863,0.4104310870170593,5.504308700561523
43,0,-7.050000190734863,0.39840570092201233,5.6227569580078125
44,0,-7.050000190734863,0.2617885172367096,5.539671897888184
45,0,-7.050000190734863,0.4536404311656952,6.2248735427856445
46,0,-7.050000190734863,0.3210870921611786,5.791119575500488
47,0,-7.050000190734863,0.334438294172287,5.648160934448242
48,1,6.5,0.8040379285812378,7.139732360839844
49,1,6.5,0.8027843832969666,7.176676273345947
50,0,-6.5,0.817106306552887,6.673603057861328
51,0,-6.5,0.841306746006012,7.826358795166016
52,0,-6.5,0.7775976657867432,6.902365684509277
53,0,-6.5,0.5970691442489624,5.939507484436035
54,0,-6.5,0.743845522403717,7.215238571166992
55,0,-6.5,0.6940603852272034,6.799707412719727
56,0,-6.5,0.5911378264427185,6.417320728302002
57,0,-6.5,0.5556868314743042,6.829779148101807
58,0,-6.5,0.5657246708869934,6.425251007080078
59,0,-6.5,0.48280149698257446,6.822230339050293
60,0,-6.5,0.7049998044967651,7.189196586608887
61,0,-6.5,0.43295538425445557,6.131649971008301
62,0,-6.5,0.46472498774528503,6.10646915435791
63,0,-6.5,0.5251169800758362,7.214271068572998
64,0,-6.5,0.5105271935462952,6.178995132446289
65,0,-6.5,0.45569804310798645,4.634775638580322
66,0,-6.5,0.40732342004776,5.592964172363281
67,0,-6.5,0.3596460521221161,6.016446113586426
68,0,-6.5,0.35271555185317993,5.126474857330322
69,1,8.020000457763672,0.8012697696685791,8.326251983642578
70,0,-8.020000457763672,0.4152824580669403,6.2801690101623535
71,0,-8.020000457763672,0.5368057489395142,5.245988845825195
72,0,-8.020000457763672,0.35716336965560913,5.585185527801514
73,0,-8.020000457763672,0.35601353645324707,6.066893100738525
74,0,-8.020000457763672,0.44310739636421204,5.52370548248291
75,0,-8.020000457763672,0.41881492733955383,5.432898998260498
76,0,-8.020000457763672,0.3771623969078064,5.641827583312988
77,0,-8.020000457763672,0.4431692361831665,5.193965911865234
78,0,-8.020000457763672,0.3832491934299469,5.339223384857178
79,0,-8.020000457763672,0.41501063108444214,5.052637100219727
80,0,-8.020000457763672,0.5082838535308838,6.4214911460876465
81,0,-8.020000457763672,0.6572095155715942,6.791480541229248
82,0,-8.020000457763672,0.28831809759140015,5.884594917297363
83,0,-8.020000457763672,0.3714921474456787,4.179168701171875
84,0,-8.020000457763672,0.34086984395980835,5.47955846786499
85,0,-8.020000457763672,0.35470208525657654,4.688248634338379
86,0,-8.020000457763672,0.49109360575675964,4.769296169281006
87,0,-8.020000457763672,0.28138062357902527,5.162111759185791
88,0,-8.020000457763672,0.3106302320957184,5.332102298736572
89,0,-8.020000457763672,0.31681954860687256,5.009960174560547
90,1,2.9800000190734863,0.5264081358909607,4.6607255935668945
91,0,-2.9800000190734863,0.6177847385406494,4.952183246612549
92,1,2.9800000190734863,0.5158310532569885,4.642875671386719
93,0,-2.9800000190734863,0.4179808497428894,5.900486469268799
94,0,-2.9800000190734863,0.40616941452026367,5.804713249206543
95,0,-2.9800000190734863,0.2877751588821411,6.198146820068359
96,0,-2.9800000190734863,0.42915886640548706,5.698329925537109
97,0,-2.9800000190734863,0.49259892106056213,5.011740684509277
98,0,-2.9800000190734863,0.38313916325569153,5.326931476593018
99,0,-2.9800000190734863,0.4232887923717499,5.820958614349365
100,0,-2.9800000190734863,0.4567371904850006,6.525835990905762
101,0,-2.9800000190734863,0.3907461166381836,4.481097221374512
102,0,-2.9800000190734863,0.4232858121395111,5.895915985107422
103,0,-2.9800000190734863,0.3923328220844269,5.94893217086792
104,0,-2.9800000190734863,0.3678464889526367,5.869450569152832
105,0,-2.9800000190734863,0.4503380358219147,5.469204425811768
106,0,-2.9800000190734863,0.4604361355304718,5.52028226852417
107,0,-2.9800000190734863,0.31160229444503784,6.740378379821777
108,0,-2.9800000190734863,0.46439170837402344,5.8413615226745605
109,0,-2.9800000190734863,0.45874494314193726,5.87324857711792
110,0,-2.9800000190734863,0.4127751588821411,5.70972204208374
111,1,8.640000343322754,0.5927352905273438,7.006852626800537
112,0,-8.640000343322754,0.6609532833099365,7.018527984619141
113,1,8.640000343322754,0.5710670351982117,7.017127513885498
114,0,-8.640000343322754,0.7087972164154053,6.703285217285156
115,0,-8.640000343322754,0.6562708020210266,6.318156719207764
116,0,-8.640000343322754,0.6650527119636536,6.405998706817627
117,0,-8.640000343322754,0.6922041773796082,6.734778881072998
118,0,-8.640000343322754,0.5612098574638367,6.590816020965576
119,0,-8.640000343322754,0.45546960830688477,5.949334144592285
120,0,-8.640000343322754,0.6453856825828552,6.2563700675964355
121,0,-8.640000343322754,0.6158295273780823,6.8807172775268555
122,0,-8.640000343322754,0.5709874033927917,6.688304424285889
123,0,-8.640000343322754,0.6793275475502014,6.290772438049316
124,0,-8.640000343322754,0.6242606043815613,5.438569068908691
125,0,-8.640000343322754,0.4276147782802582,5.682706832885742
126,0,-8.640000343322754,0.5493077635765076,6.839812755584717
127,0,-8.640000343322754,0.44564542174339294,6.500734329223633
128,0,-8.640000343322754,0.24701955914497375,6.708156585693359
129,0,-8.640000343322754,0.332468181848526,6.368815898895264
130,0,-8.640000343322754,0.3765456974506378,5.807765483856201
131,0,-8.640000343322754,0.2574084401130676,6.181617736816406
132,1,6.420000076293945,0.776723325252533,6.313837051391602
133,1,6.420000076293945,0.7760274410247803,6.309552192687988
134,0,-6.420000076293945,0.44705358147621155,4.783550262451172
135,0,-6.420000076293945,0.5356264114379883,4.384182453155518
136,0,-6.420000076293945,0.41034355759620667,4.903388500213623
137,0,-6.420000076293945,0.3693763017654419,4.51685905456543
138,0,-6.420000076293945,0.4203166663646698,4.501626491546631
139,0,-6.420000076293945,0.3707338273525238,4.060029029846191
140,0,-6.420000076293945,0.5539547801017761,4.4340410232543945
141,0,-6.420000076293945,0.38009485602378845,4.309356689453125
142,0,-6.420000076293945,0.24975496530532837,4.245182037353516
143,0,-6.420000076293945,0.4904060363769531,4.731499671936035
144,0,-6.420000076293945,0.38098955154418945,4.173005104064941
145,0,-6.420000076293945,0.3961293697357178,4.577665328979492
146,0,-6.420000076293945,0.4481618106365204,4.138271331787109
147,0,-6.420000076293945,0.21337157487869263,4.107587814331055
148,0,-6.420000076293945,0.44783419370651245,4.387013912200928
149,0,-6.420000076293945,0.35689979791641235,4.2649335861206055
150,0,-6.420000076293945,0.23908169567584991,4.540564060211182
151,0,-6.420000076293945,0.29537397623062134,4.400494575500488
152,0,-6.420000076293945,0.29022178053855896,4.155759811401367
153,1,7.190000057220459,0.790713906288147,6.407065391540527
154,0,-7.190000057220459,0.6745105385780334,6.423576354980469
155,0,-7.190000057220459,0.7493854761123657,6.269351482391357
156,0,-7.190000057220459,0.7248677611351013,6.440592288970947
157,0,-7.190000057220459,0.6745564341545105,5.909317970275879
158,0,-7.190000057220459,0.6481698155403137,6.047107219696045
159,0,-7.190000057220459,0.5053704380989075,4.792755126953125
160,0,-7.190000057220459,0.7152369022369385,5.5091447830200195
161,0,-7.190000057220459,0.5594844818115234,5.4801859855651855
162,0,-7.190000057220459,0.24935787916183472,5.1300482749938965
163,0,-7.190000057220459,0.30184850096702576,4.4176836013793945
164,0,-7.190000057220459,0.41430947184562683,4.487521648406982
165,0,-7.190000057220459,0.4731881618499756,4.856648921966553
166,0,-7.190000057220459,0.35921964049339294,4.44732666015625
167,0,-7.190000057220459,0.3963482975959778,4.2379679679870605
168,0,-7.190000057220459,0.26481205224990845,4.310429573059082
169,0,-7.190000057220459,0.24758999049663544,4.16304874420166
170,0,-7.190000057220459,0.21050027012825012,4.713037490844727
171,0,-7.190000057220459,0.3294147849082947,4.950664520263672
172,0,-7.190000057220459,0.17129702866077423,4.320556640625
173,0,-7.190000057220459,0.3262656629085541,4.155849456787109
174,1,5.889999866485596,0.7009798884391785,6.531590461730957
175,0,-5.889999866485596,0.7504952549934387,6.0686492919921875
176,0,-5.889999866485596,0.6055095195770264,6.052953720092773
177,0,-5.889999866485596,0.6432029008865356,6.156466484069824
178,0,-5.889999866485596,0.6699025630950928,6.03839111328125
179,1,5.889999866485596,0.7209664583206177,6.328582763671875
180,0,-5.889999866485596,0.7072473168373108,5.72900390625
181,0,-5.889999866485596,0.5338563919067383,6.483992576599121
182,0,-5.889999866485596,0.5237255692481995,5.772501468658447
183,0,-5.889999866485596,0.6303394436836243,5.355204105377197
184,0,-5.889999866485596,0.5983784794807434,5.261203765869141
185,0,-5.889999866485596,0.5287282466888428,5.553499698638916
186,0,-5.889999866485596,0.4223145842552185,5.7133402824401855
187,0,-5.889999866485596,0.5599431991577148,5.000783443450928
188,0,-5.889999866485596,0.48774072527885437,5.401056289672852
189,0,-5.889999866485596,0.6116076707839966,5.436888217926025
190,0,-5.889999866485596,0.4475089907646179,5.742218017578125
191,0,-5.889999866485596,0.39088302850723267,5.134459972381592
192,0,-5.889999866485596,0.5367708802223206,4.7684736251831055
193,1,5.239999771118164,0.530695378780365,5.424327850341797
194,0,-5.239999771118164,0.5900242924690247,6.271596431732178
195,0,-5.239999771118164,0.62326979637146,5.838066577911377
196,0,-5.239999771118164,0.6192774176597595,6.162580490112305
197,0,-5.239999771118164,0.613174319267273,5.662124156951904
198,0,-5.239999771118164,0.6120285987854004,6.321703910827637
199,1,5.239999771118164,0.5410879254341125,5.003106594085693
200,0,-5.239999771118164,0.6292440295219421,6.523177146911621
201,1,5.239999771118164,0.5741055607795715,5.317121505737305
202,0,-5.239999771118164,0.5506539344787598,5.724000453948975
203,0,-5.239999771118164,0.7120712399482727,4.942491054534912
204,1,5.239999771118164,0.6006643176078796,4.716361999511719
205,0,-5.239999771118164,0.6049612760543823,4.877130031585693
206,0,-5.239999771118164,0.5732653737068176,4.910029411315918
207,0,-5.239999771118164,0.45696112513542175,5.2345170974731445
208,0,-5.239999771118164,0.43812307715415955,5.280736923217773
209,0,-5.239999771118164,0.5258039832115173,4.524569034576416
210,0,-5.239999771118164,0.38287949562072754,5.309963226318359
211,0,-5.239999771118164,0.48634767532348633,5.51629114151001
212,0,-5.239999771118164,0.36669838428497314,5.250118732452393
213,0,-5.239999771118164,0.4428849518299103,4.833556175231934
214,0,-6.920000076293945,0.7194838523864746,7.204195499420166
215,0,-6.920000076293945,0.6932029724121094,7.086181640625
216,0,-6.920000076293945,0.7154200673103333,7.156271457672119
217,0,-6.920000076293945,0.6362576484680176,6.946103572845459
218,0,-6.920000076293945,0.6478956341743469,6.88077449798584
219,0,-6.920000076293945,0.6615247130393982,6.772892951965332
220,0,-6.920000076293945,0.7057406902313232,6.964145183563232
221,0,-6.920000076293945,0.6830804347991943,6.778989315032959
222,0,-6.920000076293945,0.7139148712158203,7.212663650512695
223,0,-6.920000076293945,0.6998880505561829,6.888172149658203
224,0,-6.920000076293945,0.6168308258056641,6.859773635864258
225,0,-6.920000076293945,0.5792466402053833,6.647110939025879
226,1,6.920000076293945,0.7135242223739624,7.012513637542725
227,0,-6.920000076293945,0.5513854026794434,6.442570686340332
228,0,-6.920000076293945,0.5772957801818848,6.782166481018066
229,0,-6.920000076293945,0.6385442018508911,6.592747688293457
230,0,-6.920000076293945,0.6472267508506775,6.378278732299805
231,0,-6.920000076293945,0.6310476064682007,6.687941074371338
232,0,-6.920000076293945,0.5360422134399414,6.607369899749756
233,0,-6.920000076293945,0.5501764416694641,6.76967191696167
234,0,-6.920000076293945,0.5338804721832275,5.797943592071533
235,1,6.880000114440918,0.7760013341903687,7.079531669616699
236,1,6.880000114440918,0.7734045386314392,6.668142318725586
237,0,-6.880000114440918,0.7363529801368713,5.772584438323975
238,0,-6.880000114440918,0.6296247839927673,6.763909339904785
239,0,-6.880000114440918,0.6982223987579346,6.986104965209961
240,0,-6.880000114440918,0.7159959673881531,5.863900184631348
241,0,-6.880000114440918,0.6846693754196167,6.84104061126709
242,0,-6.880000114440918,0.6143633127212524,4.913771629333496
243,0,-6.880000114440918,0.42941755056381226,5.773344039916992
244,0,-6.880000114440918,0.63014155626297,6.804250717163086
245,0,-6.880000114440918,0.6603991389274597,6.7390265464782715
246,0,-6.880000114440918,0.5670360326766968,4.663606643676758
247,0,-6.880000114440918,0.4756758511066437,5.358672142028809
248,0,-6.880000114440918,0.3536486029624939,5.47383975982666
249,0,-6.880000114440918,0.4420121908187866,4.671357154846191
250,1,6.789999961853027,0.6346496343612671,7.313726902008057
251,0,-6.789999961853027,0.6603997945785522,7.666985511779785
252,0,-6.789999961853027,0.6723933219909668,7.131633281707764
253,0,-6.789999961853027,0.6488314867019653,7.065333366394043
254,0,-6.789999961853027,0.5612191557884216,7.2596516609191895
255,0,-6.789999961853027,0.678057849407196,7.572503089904785
256,0,-6.789999961853027,0.6297355890274048,7.130806922912598
257,0,-6.789999961853027,0.6091787815093994,7.450250148773193
258,0,-6.789999961853027,0.6232863664627075,7.105262756347656
259,0,-6.789999961853027,0.5063698291778564,7.040727615356445
260,0,-6.789999961853027,0.623121440410614,7.465169906616211
261,0,-6.789999961853027,0.6615159511566162,7.239140510559082
262,0,-6.789999961853027,0.637277364730835,7.253175735473633
263,0,-6.789999961853027,0.4223865866661072,6.806229114532471
264,0,-6.789999961853027,0.5549808740615845,6.870643615722656
265,0,-6.789999961853027,0.4457269012928009,6.5514607429504395
266,0,-6.789999961853027,0.3428797423839569,6.810108184814453
267,0,-6.789999961853027,0.44417160749435425,6.26458740234375
268,0,-6.789999961853027,0.5360935926437378,7.506488800048828
269,0,-6.789999961853027,0.33181655406951904,6.488779067993164
270,0,-6.789999961853027,0.4225473701953888,6.516924858093262
271,1,4.920000076293945,0.7505280375480652,5.738957405090332
272,0,-4.920000076293945,0.7542109489440918,5.838554382324219
273,0,-4.920000076293945,0.7632560729980469,5.437193870544434
274,0,-4.920000076293945,0.7080796360969543,4.620146751403809
275,1,4.920000076293945,0.7067621350288391,4.977348327636719
276,0,-4.920000076293945,0.7456616163253784,5.41185998916626
277,0,-4.920000076293945,0.6980634331703186,4.947530269622803
278,0,-4.920000076293945,0.6321383118629456,4.972264766693115
279,0,-4.920000076293945,0.6128356456756592,4.726387977600098
280,0,-4.920000076293945,0.6077386140823364,5.35894250869751
281,0,-4.920000076293945,0.6976847648620605,6.099483013153076
282,0,-4.920000076293945,0.5867149233818054,5.174989700317383
283,0,-4.920000076293945,0.5433050394058228,5.786558151245117
284,0,-4.920000076293945,0.48678356409072876,6.162059307098389
285,0,-4.920000076293945,0.5562957525253296,4.345229148864746
286,0,-4.920000076293945,0.5218322277069092,4.746408462524414
287,0,-4.920000076293945,0.6146066188812256,6.173583030700684
288,0,-4.920000076293945,0.441853791475296,4.7822346687316895
289,0,-4.920000076293945,0.560976505279541,5.597758769989014
290,0,-4.920000076293945,0.4691162407398224,4.503525733947754
291,0,-4.920000076293945,0.36547234654426575,5.466753005981445
292,1,6.630000114440918,0.6512191295623779,6.056792259216309
293,1,6.630000114440918,0.6755943894386292,6.04332971572876
294,0,-6.630000114440918,0.5235106348991394,6.384467601776123
295,0,-6.630000114440918,0.35491442680358887,6.352592468261719
296,0,-6.630000114440918,0.5058029890060425,5.128971576690674
297,0,-6.630000114440918,0.6034291982650757,6.084892272949219
298,0,-6.630000114440918,0.4001636505126953,5.925958156585693
299,0,-6.630000114440918,0.5149909853935242,6.141005992889404
300,0,-6.630000114440918,0.4623601734638214,6.487238883972168
301,0,-6.630000114440918,0.5871350765228271,5.285013675689697
302,0,-6.630000114440918,0.509401261806488,5.752960205078125
303,0,-6.630000114440918,0.49992892146110535,4.756414413452148
304,0,-6.630000114440918,0.3487614095211029,6.025720119476318
305,0,-6.630000114440918,0.5076568126678467,6.485103130340576
306,0,-6.630000114440918,0.32013314962387085,6.423505783081055
307,0,-6.630000114440918,0.4429689049720764,4.959852695465088
308,0,-6.630000114440918,0.6191621422767639,6.133611679077148
309,0,-6.630000114440918,0.5128240585327148,6.075841426849365
310,0,-6.630000114440918,0.2810473144054413,6.393092632293701
311,0,-6.630000114440918,0.4317990839481354,6.30161714553833
312,0,-6.630000114440918,0.464491069316864,5.99807596206665
313,1,8.399999618530273,0.7285030484199524,7.398046970367432
314,1,8.399999618530273,0.7335340976715088,7.403684616088867
315,1,8.399999618530273,0.7002253532409668,7.033355712890625
316,0,-8.399999618530273,0.7214846611022949,7.5327558517456055
317,0,-8.399999618530273,0.43785253167152405,7.327061176300049
318,0,-8.399999618530273,0.28787896037101746,7.654760837554932
319,0,-8.399999618530273,0.3041031062602997,7.765149116516113
320,0,-8.399999618530273,0.14779339730739594,7.8746490478515625
321,0,-8.399999618530273,0.47097787261009216,7.43864631652832
322,0,-8.399999618530273,0.38535231351852417,8.082432746887207
323,0,-8.399999618530273,0.21694472432136536,7.414648532867432
324,0,-8.399999618530273,0.22942928969860077,7.53401517868042
325,0,-8.399999618530273,0.21953630447387695,7.405174255371094
326,1,10.699999809265137,0.7313920855522156,7.2387518882751465
327,0,-10.699999809265137,0.36940690875053406,6.401854515075684
328,0,-10.699999809265137,0.7392629981040955,7.243034839630127
329,0,-10.699999809265137,0.4415978193283081,6.560492038726807
330,1,10.699999809265137,0.7321535348892212,7.2347187995910645
331,0,-10.699999809265137,0.524375319480896,6.563133239746094
332,0,-10.699999809265137,0.2152365893125534,6.095091819763184
333,1,10.699999809265137,0.7216323018074036,7.173257350921631
334,0,-10.699999809265137,0.4521588087081909,5.440431118011475
335,0,-10.699999809265137,0.32083073258399963,6.589097499847412
336,0,-10.699999809265137,0.30960580706596375,7.308961868286133
337,0,-10.699999809265137,0.6385716199874878,6.849696159362793
338,0,-10.699999809265137,0.2827761173248291,6.270308017730713
339,0,-10.699999809265137,0.4995444416999817,6.245724678039551
340,0,-10.699999809265137,0.3004101812839508,6.536659240722656
341,0,-10.699999809265137,0.6475225687026978,6.994907855987549
342,0,-10.699999809265137,0.4785726070404053,6.898988246917725
343,0,-10.699999809265137,0.36712053418159485,6.191915988922119
344,0,-10.699999809265137,0.47250425815582275,5.761958599090576
345,0,-10.699999809265137,0.37606871128082275,5.458066940307617
346,0,-10.699999809265137,0.31190791726112366,6.427770137786865
347,1,11.300000190734863,0.8036324977874756,10.33906078338623
348,1,11.300000190734863,0.8042764067649841,10.345560073852539
349,0,-11.300000190734863,0.7870520949363708,10.280142784118652
350,0,-11.300000190734863,0.5815367698669434,6.075198173522949
351,0,-11.300000190734863,0.6266427040100098,7.535648822784424
352,0,-11.300000190734863,0.659015953540802,6.012965679168701
353,0,-11.300000190734863,0.7403867840766907,9.942635536193848
354,0,-11.300000190734863,0.7744207978248596,10.236717224121094
355,1,10.109999656677246,0.7629008889198303,10.20801067352295
356,1,10.109999656677246,0.7673560976982117,10.23818588256836
357,0,-10.109999656677246,0.7729793190956116,10.128669738769531
358,1,7.150000095367432,0.7609351277351379,6.794550895690918
359,1,7.150000095367432,0.7491644620895386,6.563032627105713
360,0,-7.150000095367432,0.7559584379196167,6.578700542449951
361,0,-7.150000095367432,0.6570376753807068,6.681679725646973
362,0,-7.150000095367432,0.601766049861908,6.366401195526123
363,0,-7.150000095367432,0.5669735074043274,5.728808403015137
364,0,-7.150000095367432,0.6597772836685181,6.701495170593262
365,0,-7.150000095367432,0.6522453427314758,6.769322395324707
366,0,-7.150000095367432,0.46350786089897156,6.608904838562012
367,0,-7.150000095367432,0.4069395661354065,5.38377046585083
368,0,-7.150000095367432,0.4670010805130005,6.674342155456543
369,0,-7.150000095367432,0.6148943901062012,5.867675304412842
370,0,-7.150000095367432,0.5916772484779358,6.697278022766113
371,0,-7.150000095367432,0.389718621969223,4.510498523712158
372,0,-7.150000095367432,0.5064652562141418,5.5209431648254395
373,0,-7.150000095367432,0.6584147810935974,6.425631523132324
374,0,-7.150000095367432,0.42198359966278076,5.454121112823486
375,0,-7.150000095367432,0.4817435145378113,5.152522087097168
376,0,-7.150000095367432,0.5560837388038635,6.702958106994629
377,0,-7.150000095367432,0.48211869597435,5.503108024597168
378,0,-7.150000095367432,0.4597163498401642,5.759212017059326
379,1,7.239999771118164,0.6431564688682556,7.251362323760986
380,0,-7.239999771118164,0.512576699256897,7.589191436767578
381,0,-7.239999771118164,0.3214980363845825,7.306728363037109
382,0,-7.239999771118164,0.33124709129333496,8.133172988891602
383,0,-7.239999771118164,0.262105256319046,7.327706336975098
384,0,-7.239999771118164,0.22820667922496796,7.955127716064453
385,0,-7.239999771118164,0.4986826479434967,7.410094261169434
386,0,-7.239999771118164,0.4742373824119568,7.264895915985107
387,0,-7.239999771118164,0.41955241560935974,7.5114641189575195
388,0,-7.239999771118164,0.2641286849975586,7.70140266418457
389,0,-7.239999771118164,0.19298428297042847,7.2320942878723145
390,0,-7.239999771118164,0.1571778804063797,8.059895515441895
391,0,-7.239999771118164,0.26914966106414795,7.715232849121094
392,0,-7.239999771118164,0.48059630393981934,7.728989124298096
393,0,-7.239999771118164,0.32005172967910767,7.2652764320373535
394,0,-7.239999771118164,0.6243783235549927,7.614278793334961
395,0,-7.239999771118164,0.48222291469573975,7.3678975105285645
396,0,-7.239999771118164,0.20861630141735077,7.9105730056762695
397,0,-7.239999771118164,0.2903141379356384,7.7713303565979
398,0,-7.239999771118164,0.2694374918937683,7.9856061935424805
399,0,-7.239999771118164,0.1814257800579071,7.012239456176758
400,1,10.050000190734863,0.7395296096801758,7.837718963623047
401,1,10.050000190734863,0.7334092855453491,7.819910526275635
402,0,-10.050000190734863,0.7482501864433289,7.870285511016846
403,0,-10.050000190734863,0.6968184113502502,7.763359069824219
404,0,-10.050000190734863,0.6992994546890259,7.50175142288208
405,0,-10.050000190734863,0.685944139957428,7.770410060882568
406,0,-10.050000190734863,0.6989532709121704,7.734659194946289
407,0,-10.050000190734863,0.69329833984375,7.697388172149658
408,0,-10.770000457763672,0.5087655782699585,8.0313720703125
409,0,-10.770000457763672,0.5749765634536743,8.199928283691406
410,0,-10.770000457763672,0.351437509059906,8.159460067749023
411,0,-10.770000457763672,0.507638692855835,8.417945861816406
412,0,-10.770000457763672,0.45144322514533997,8.024181365966797
413,0,-10.770000457763672,0.2309819459915161,7.46211576461792
414,0,-10.770000457763672,0.30979493260383606,8.11263370513916
415,0,-10.770000457763672,0.5964189171791077,7.490830421447754
416,0,-10.770000457763672,0.4762553870677948,6.223146915435791
417,0,-10.770000457763672,0.35326316952705383,6.966423511505127
418,0,-10.770000457763672,0.5972149968147278,7.2227020263671875
419,0,-10.770000457763672,0.49142757058143616,7.879478454589844
420,0,-10.770000457763672,0.2104506939649582,7.425265789031982
421,0,-10.770000457763672,0.3568010628223419,6.983928680419922
422,0,-10.770000457763672,0.43229618668556213,7.061229228973389
423,0,-10.770000457763672,0.5620501637458801,6.866769790649414
424,0,-10.770000457763672,0.46621638536453247,6.944173812866211
425,0,-10.770000457763672,0.27285346388816833,7.303554534912109
426,0,-10.770000457763672,0.6404112577438354,7.538654327392578
427,0,-10.770000457763672,0.2524126470088959,7.178439140319824
428,1,7.260000228881836,0.837317168712616,6.208986759185791
429,1,7.260000228881836,0.8344159126281738,6.228021144866943
430,0,-7.260000228881836,0.4967922866344452,6.397243976593018
431,0,-7.260000228881836,0.7093127369880676,6.967785835266113
432,0,-7.260000228881836,0.4851281940937042,6.58252477645874
433,0,-7.260000228881836,0.3869698643684387,5.635210990905762
434,0,-7.260000228881836,0.594876229763031,4.5955305099487305
435,0,-7.260000228881836,0.5385491251945496,7.0643486976623535
436,0,-7.260000228881836,0.493766725063324,5.087579250335693
437,0,-7.260000228881836,0.464173823595047,5.8208842277526855
438,0,-7.260000228881836,0.416750431060791,5.189902305603027
439,0,-7.260000228881836,0.3101373314857483,5.403388977050781
440,0,-7.260000228881836,0.37263262271881104,5.6106743812561035
441,0,-7.260000228881836,0.14887818694114685,5.678379058837891
442,0,-7.260000228881836,0.2781892716884613,5.45540714263916
443,0,-7.260000228881836,0.1859758049249649,5.279956817626953
444,1,4.079999923706055,0.19604332745075226,8.429603576660156
445,0,-4.079999923706055,0.16022028028964996,7.733574390411377
446,0,-4.079999923706055,0.24018333852291107,8.16952896118164
447,0,-4.079999923706055,0.19395245611667633,8.333266258239746
448,0,-4.079999923706055,0.13013708591461182,7.726019859313965
449,0,-4.079999923706055,0.23139451444149017,8.18234634399414
450,0,-4.079999923706055,0.21214032173156738,7.5510663986206055
451,0,-4.079999923706055,0.21915113925933838,8.500762939453125
452,0,-4.079999923706055,0.34897521138191223,7.827460289001465
453,0,-4.079999923706055,0.1494690477848053,7.425162315368652
454,0,-4.079999923706055,0.1715485006570816,8.028554916381836
455,0,-4.079999923706055,0.3373245894908905,7.6563215255737305
456,0,-4.079999923706055,0.3029543459415436,7.979577541351318
457,0,-4.079999923706055,0.2722516357898712,7.849471569061279
458,0,-4.079999923706055,0.21298100054264069,7.58434534072876
459,0,-4.079999923706055,0.32032665610313416,7.321719169616699
460,0,-4.079999923706055,0.2495630979537964,6.851352214813232
461,0,-4.079999923706055,0.21944858133792877,7.561275482177734
462,0,-4.079999923706055,0.26874440908432007,7.259921073913574
463,0,-4.079999923706055,0.1908344030380249,7.825244426727295
464,0,-4.079999923706055,0.13821032643318176,6.545558452606201
465,1,6.699999809265137,0.7429240345954895,7.8113603591918945
466,1,6.699999809265137,0.739898145198822,7.778496265411377
467,1,6.699999809265137,0.7500359416007996,7.673335075378418
468,0,-6.699999809265137,0.7501806616783142,7.039945125579834
469,0,-6.699999809265137,0.7243853807449341,7.153157711029053
470,0,-6.699999809265137,0.5478131175041199,4.883398056030273
471,0,-6.699999809265137,0.6860901713371277,6.999922752380371
472,0,-6.699999809265137,0.7271184325218201,6.4960737228393555
473,0,-6.699999809265137,0.21869508922100067,6.309150218963623
474,0,-6.699999809265137,0.26717737317085266,6.694800853729248
475,0,-6.699999809265137,0.27454873919487,5.818746089935303
476,0,-6.699999809265137,0.32084721326828003,6.9240498542785645
477,0,-6.699999809265137,0.1864953488111496,6.136063575744629
478,0,-6.699999809265137,0.32814857363700867,6.976512908935547
479,0,-6.699999809265137,0.391092449426651,5.272170066833496
480,0,-6.699999809265137,0.2938126027584076,5.652180194854736
481,0,-6.699999809265137,0.2851240336894989,4.978888511657715
482,0,-6.699999809265137,0.23857185244560242,6.292686462402344
483,0,-6.699999809265137,0.421531081199646,5.210289001464844
484,0,-6.699999809265137,0.2872534692287445,5.974906921386719
485,1,6.309999942779541,0.6341284513473511,4.9344377517700195
486,0,-6.309999942779541,0.6244344711303711,6.081386089324951
487,0,-6.309999942779541,0.7199528813362122,5.425288200378418
488,0,-6.309999942779541,0.672460675239563,6.668447971343994
489,0,-6.309999942779541,0.7105863094329834,6.7624688148498535
490,0,-6.309999942779541,0.5507269501686096,6.353180885314941
491,0,-6.309999942779541,0.681877851486206,6.56955623626709
492,0,-6.309999942779541,0.7047128081321716,6.567444324493408
493,0,-6.309999942779541,0.7118333578109741,6.729160785675049
494,0,-6.309999942779541,0.6312270164489746,5.261813640594482
495,0,-6.309999942779541,0.58807373046875,6.448233604431152
496,0,-6.309999942779541,0.5097931623458862,6.308379173278809
497,0,-6.309999942779541,0.4526357650756836,6.354552268981934
498,0,-6.309999942779541,0.610822319984436,5.905787467956543
499,0,-6.309999942779541,0.538261890411377,6.036571979522705
500,1,6.309999942779541,0.5954993963241577,6.8097028732299805
501,0,-6.309999942779541,0.6926219463348389,6.2602410316467285
502,0,-6.309999942779541,0.7425467371940613,6.373659133911133
503,0,-6.309999942779541,0.4383520781993866,4.685983180999756
504,0,-6.309999942779541,0.4570113718509674,5.726058006286621
505,0,-6.309999942779541,0.440308153629303,6.341092586517334
506,1,6.119999885559082,0.7626040577888489,6.877652168273926
507,1,6.119999885559082,0.7618467807769775,6.166635036468506
508,1,6.119999885559082,0.7513155937194824,5.92711067199707
509,1,5.0,0.7665780186653137,7.193381309509277
510,1,5.0,0.7520950436592102,7.253697872161865
511,0,-5.0,0.7868687510490417,6.194053649902344
512,0,-5.0,0.744818389415741,7.128222942352295
513,0,-5.0,0.7581138014793396,5.280587196350098
514,1,7.300000190734863,0.7776331901550293,6.793766498565674
515,1,7.300000190734863,0.7689710855484009,7.0182294845581055
516,0,-7.300000190734863,0.769810140132904,5.652207374572754
517,0,-7.300000190734863,0.6230898499488831,4.637999534606934
518,0,-7.300000190734863,0.7036057710647583,4.6899919509887695
519,0,-7.300000190734863,0.6275177001953125,4.758328437805176
520,1,6.71999979019165,0.6817429661750793,6.4686598777771
521,1,6.71999979019165,0.717342734336853,6.6614251136779785
522,1,6.71999979019165,0.6272203326225281,6.61504602432251
523,0,-6.71999979019165,0.6124087572097778,6.1522297859191895
524,0,-6.71999979019165,0.4358009994029999,5.672277927398682
525,0,-6.71999979019165,0.4690367877483368,5.346208095550537
526,0,-6.71999979019165,0.623349130153656,6.7514448165893555
527,0,-6.71999979019165,0.22830010950565338,6.362036228179932
528,0,-6.71999979019165,0.4614270031452179,5.450165271759033
529,0,-6.71999979019165,0.45255306363105774,6.031111717224121
530,0,-6.71999979019165,0.4032018184661865,5.849136829376221
531,0,-6.71999979019165,0.4436192512512207,5.522767066955566
532,0,-6.71999979019165,0.4932067394256592,6.6087236404418945
533,0,-6.71999979019165,0.3162683844566345,5.602535247802734
534,0,-6.71999979019165,0.33698099851608276,6.09172248840332
535,0,-6.71999979019165,0.40747886896133423,5.4430060386657715
536,0,-6.71999979019165,0.4846162497997284,5.608909606933594
537,0,-6.71999979019165,0.3169911503791809,5.192162990570068
538,0,-6.71999979019165,0.2215598076581955,5.291249752044678
539,0,-6.71999979019165,0.3000697195529938,5.119327545166016
540,1,3.799999952316284,0.6847650408744812,4.173785209655762
541,1,3.799999952316284,0.7628950476646423,4.528110027313232
542,0,-3.799999952316284,0.6072107553482056,4.4567484855651855
543,1,3.799999952316284,0.6453613042831421,4.083103179931641
544,0,-3.799999952316284,0.6336901783943176,4.277033805847168
545,0,-3.799999952316284,0.5518017411231995,4.192201614379883
546,0,-3.799999952316284,0.4079095423221588,5.3117170333862305
547,0,-3.799999952316284,0.6025999188423157,4.0416717529296875
548,0,-3.799999952316284,0.569487452507019,4.163281440734863
549,0,-3.799999952316284,0.48515141010284424,4.949316501617432
550,0,-3.799999952316284,0.4778924882411957,3.918280601501465
551,0,-3.799999952316284,0.7974567413330078,5.329996109008789
552,0,-3.799999952316284,0.40839046239852905,3.9631261825561523
553,0,-3.799999952316284,0.4125235080718994,4.140743255615234
554,0,-3.799999952316284,0.3857128918170929,4.5277419090271
555,0,-3.799999952316284,0.41428911685943604,4.064359664916992
556,0,-3.799999952316284,0.46153661608695984,3.9358246326446533
557,0,-3.799999952316284,0.44683313369750977,3.8290088176727295
558,0,-3.799999952316284,0.4550774097442627,3.5961012840270996
559,1,4.71999979019165,0.6976234912872314,5.415778636932373
560,0,-4.71999979019165,0.5323835015296936,5.485033988952637
561,1,4.71999979019165,0.6727233529090881,5.562371730804443
562,0,-4.71999979019165,0.3105076253414154,6.1503729820251465
563,0,-4.71999979019165,0.32566192746162415,5.586366653442383
564,0,-4.71999979019165,0.4096887409687042,5.58542537689209
565,0,-4.71999979019165,0.42908281087875366,5.222480297088623
566,0,-4.71999979019165,0.565457284450531,5.981820106506348
567,0,-4.71999979019165,0.2577376961708069,5.4345574378967285
568,0,-4.71999979019165,0.4664978086948395,5.329201698303223
569,0,-4.71999979019165,0.5597689747810364,5.616384506225586
570,0,-4.71999979019165,0.37324726581573486,5.793391704559326
571,0,-4.71999979019165,0.565655529499054,5.7980804443359375
572,0,-4.71999979019165,0.2746742367744446,5.557746410369873
573,0,-4.71999979019165,0.45894840359687805,5.535994529724121
574,0,-4.71999979019165,0.3521275520324707,5.31179141998291
575,0,-4.71999979019165,0.3897818326950073,5.179128170013428
576,0,-4.71999979019165,0.33082252740859985,5.115049362182617
577,0,-4.71999979019165,0.3982677459716797,5.462914943695068
578,0,-4.71999979019165,0.3194792568683624,5.763404846191406
579,0,-4.71999979019165,0.3220064640045166,5.332372665405273
580,1,9.890000343322754,0.7470115423202515,7.5568437576293945
581,1,9.890000343322754,0.7392517924308777,7.500020980834961
582,1,10.0,0.755638599395752,7.920721054077148
583,1,10.0,0.7464953064918518,7.785398960113525
584,0,-10.0,0.7223162055015564,7.601611137390137
585,0,-10.0,0.47167152166366577,7.355597496032715
586,0,-10.0,0.6416125297546387,7.162467956542969
587,1,10.0,0.7042056918144226,7.570673942565918
588,0,-10.0,0.4854680001735687,5.0315375328063965
589,0,-10.0,0.3569028079509735,6.290205478668213
590,0,-10.0,0.45336857438087463,5.989352226257324
591,0,-10.0,0.51231849193573,5.773377895355225
592,0,-10.0,0.7327014803886414,7.665200710296631
593,0,-10.0,0.3787945508956909,5.548849582672119
594,0,-10.0,0.43135008215904236,6.488414764404297
595,0,-10.0,0.3081982135772705,5.64109468460083
596,0,-10.0,0.22965098917484283,6.156340599060059
597,0,-10.0,0.31608134508132935,5.084808349609375
598,0,-10.0,0.325926810503006,5.630035877227783
599,1,5.699999809265137,0.7222418785095215,5.8684492111206055
600,0,-5.699999809265137,0.7249714732170105,5.805743217468262
601,1,5.699999809265137,0.7410053014755249,5.972092151641846
602,0,-5.699999809265137,0.30307644605636597,6.215054988861084
603,1,5.699999809265137,0.7547517418861389,6.222363471984863
604,0,-5.699999809265137,0.27372679114341736,6.236113548278809
605,0,-5.699999809265137,0.2961108088493347,5.5544257164001465
606,0,-5.699999809265137,0.48551145195961,4.688022136688232
607,0,-5.699999809265137,0.2563810348510742,6.532052040100098
608,0,-5.699999809265137,0.34428146481513977,6.125121116638184
609,0,-5.699999809265137,0.3370400667190552,6.444794178009033
610,0,-5.699999809265137,0.5939457416534424,4.568720817565918
611,0,-5.699999809265137,0.2797403633594513,5.3296308517456055
612,0,-5.699999809265137,0.21966515481472015,6.257142066955566
613,0,-5.699999809265137,0.20030814409255981,6.1680707931518555
614,0,-5.699999809265137,0.3040770888328552,4.972303867340088
615,0,-5.699999809265137,0.2848806083202362,4.855017185211182
616,0,-5.699999809265137,0.40318939089775085,4.036304473876953
617,0,-5.699999809265137,0.19797180593013763,5.9732666015625
618,0,-5.699999809265137,0.32080206274986267,5.2461676597595215
619,0,-5.699999809265137,0.19486837089061737,5.427310466766357
620,1,6.300000190734863,0.7907605767250061,8.136937141418457
621,0,-6.300000190734863,0.39349693059921265,7.054427146911621
622,1,6.300000190734863,0.7755512595176697,8.051570892333984
623,0,-6.300000190734863,0.6838805079460144,7.279658317565918
624,0,-6.300000190734863,0.3426976799964905,7.112666130065918
625,0,-6.300000190734863,0.6039523482322693,6.9582695960998535
626,0,-6.300000190734863,0.3018225133419037,7.9891533851623535
627,0,-6.300000190734863,0.36762043833732605,6.376906394958496
628,0,-6.300000190734863,0.19662326574325562,6.959519863128662
629,0,-6.300000190734863,0.25118526816368103,6.9865522384643555
630,0,-6.300000190734863,0.36631277203559875,6.92515754699707
631,0,-6.300000190734863,0.3323383331298828,6.694188594818115
632,0,-6.300000190734863,0.38356637954711914,6.895904064178467
633,0,-6.300000190734863,0.4651415944099426,7.889073848724365
634,0,-6.300000190734863,0.267429381608963,5.777801513671875
635,0,-6.300000190734863,0.3786909878253937,7.234796047210693
636,0,-6.300000190734863,0.4524083435535431,6.763421535491943
637,0,-6.300000190734863,0.3073042035102844,7.5893402099609375
638,0,-6.300000190734863,0.25405949354171753,7.182951927185059
639,0,-6.300000190734863,0.24707728624343872,5.957855701446533
640,0,-6.300000190734863,0.5084887742996216,7.912125587463379
641,1,2.2699999809265137,0.698846697807312,3.537452459335327
642,1,2.2699999809265137,0.7164592146873474,3.4712581634521484
643,1,2.2699999809265137,0.714728832244873,3.468902826309204
644,1,2.2699999809265137,0.6645564436912537,3.612696886062622
645,0,-2.2699999809265137,0.6267865896224976,3.2563319206237793
646,0,-2.2699999809265137,0.5617449879646301,3.2457985877990723
647,0,-2.2699999809265137,0.5380516648292542,3.625239849090576
648,0,-2.2699999809265137,0.5679363012313843,3.681674003601074
649,1,2.2699999809265137,0.41902241110801697,4.052845001220703
650,1,2.2699999809265137,0.36441391706466675,4.454511642456055
651,0,-2.2699999809265137,0.45132535696029663,3.620074510574341
652,0,-2.2699999809265137,0.471614271402359,3.4881513118743896
653,0,-2.2699999809265137,0.39781472086906433,4.095563888549805
654,0,-2.2699999809265137,0.38839781284332275,4.054806709289551
655,0,-2.2699999809265137,0.4428001642227173,3.7835540771484375
656,0,-2.2699999809265137,0.45012542605400085,3.7113754749298096
657,0,-2.2699999809265137,0.46994560956954956,4.042785167694092
658,0,-2.2699999809265137,0.44008925557136536,3.778877019882202
659,0,-2.2699999809265137,0.4186198115348816,3.939589262008667
660,0,-2.2699999809265137,0.40696948766708374,4.009044647216797
661,0,-2.2699999809265137,0.3986775279045105,3.9349024295806885
662,1,5.619999885559082,0.6381911039352417,7.013174533843994
663,1,5.619999885559082,0.6937691569328308,7.07871675491333
664,0,-5.619999885559082,0.5752646327018738,7.072854995727539
665,0,-5.619999885559082,0.6990013718605042,6.945090293884277
666,0,-5.619999885559082,0.6480173468589783,6.6429033279418945
667,0,-5.619999885559082,0.5945305824279785,7.200960159301758
668,0,-5.619999885559082,0.6103818416595459,5.480926513671875
669,0,-5.619999885559082,0.4397831857204437,6.726747035980225
670,1,5.619999885559082,0.6754631400108337,7.11083984375
671,0,-5.619999885559082,0.43364691734313965,6.851316928863525
672,0,-5.619999885559082,0.5969484448432922,6.449814796447754
673,0,-5.619999885559082,0.5068415403366089,6.583482265472412
674,1,5.820000171661377,0.6781003475189209,6.696653366088867
675,0,-5.820000171661377,0.6559628248214722,7.033148765563965
676,1,5.820000171661377,0.6401492953300476,6.903713226318359
677,0,-5.820000171661377,0.4300585389137268,6.746495246887207
678,0,-5.820000171661377,0.2909098267555237,6.2577104568481445
679,0,-5.820000171661377,0.5992788076400757,5.341378688812256
680,0,-5.820000171661377,0.3972438871860504,5.831185340881348
681,0,-5.820000171661377,0.4023197293281555,6.24039363861084
682,0,-5.820000171661377,0.324895441532135,6.401919841766357
683,0,-5.820000171661377,0.3021792471408844,6.181386470794678
684,0,-5.820000171661377,0.2907390892505646,6.442404747009277
685,0,-5.820000171661377,0.41230329871177673,6.406236171722412
686,0,-5.820000171661377,0.6039119958877563,6.623402118682861
687,0,-5.820000171661377,0.27362629771232605,6.580913543701172
688,0,-5.820000171661377,0.3210585117340088,6.175317764282227
689,0,-5.820000171661377,0.27111926674842834,6.715250492095947
690,0,-5.820000171661377,0.31768926978111267,6.343957424163818
691,0,-5.820000171661377,0.36370518803596497,5.040192604064941
692,0,-5.820000171661377,0.2266748696565628,6.046209335327148
693,0,-5.820000171661377,0.3700379729270935,6.390767574310303
694,0,-5.820000171661377,0.2292490005493164,6.761994361877441
695,1,4.130000114440918,0.7573128938674927,6.899227619171143
696,1,4.130000114440918,0.7624027729034424,6.792827606201172
697,0,-4.130000114440918,0.7264418005943298,6.63485860824585
698,0,-4.130000114440918,0.707284688949585,7.231947898864746
699,0,-4.130000114440918,0.7765383124351501,7.718223571777344
700,0,-4.130000114440918,0.6832050681114197,6.801504135131836
701,0,-4.130000114440918,0.7288082838058472,6.501082897186279
702,0,-4.130000114440918,0.7503474950790405,7.82088041305542
703,0,-4.130000114440918,0.614786684513092,6.833708763122559
704,0,-4.130000114440918,0.6892917156219482,6.785212516784668
705,1,5.329999923706055,0.7160283923149109,6.203970909118652
706,1,5.329999923706055,0.7457160949707031,5.773394584655762
707,1,5.329999923706055,0.6785010695457458,6.075770378112793
708,0,-5.329999923706055,0.714836061000824,6.049473762512207
709,0,-5.329999923706055,0.6788278222084045,5.259984493255615
710,0,-5.329999923706055,0.5178000330924988,6.037368297576904
711,0,-5.329999923706055,0.7501513361930847,4.79799747467041
712,0,-5.329999923706055,0.6438376903533936,7.071545124053955
713,0,-5.329999923706055,0.6745110154151917,6.426993370056152
714,0,-5.329999923706055,0.68743896484375,6.08400297164917
715,0,-5.329999923706055,0.5008373856544495,5.670228004455566
716,0,-5.329999923706055,0.4424804747104645,5.891561985015869
717,0,-5.329999923706055,0.43542012572288513,4.926884174346924
718,0,-5.329999923706055,0.4222458302974701,5.805825233459473
719,0,-5.329999923706055,0.6169043779373169,5.3921098709106445
720,0,-5.329999923706055,0.4618121087551117,6.381433010101318
721,0,-5.329999923706055,0.6915442943572998,6.560539722442627
722,0,-5.329999923706055,0.5032427310943604,5.420608043670654
723,0,-5.329999923706055,0.46980389952659607,5.1616950035095215
724,1,8.100000381469727,0.7368998527526855,7.805836200714111
725,1,8.100000381469727,0.6431344151496887,7.454148292541504
726,0,-8.100000381469727,0.5526247024536133,7.170851230621338
727,0,-8.100000381469727,0.5610775351524353,7.209571361541748
728,0,-8.100000381469727,0.6596073508262634,6.859247207641602
729,0,-8.100000381469727,0.734144389629364,7.367947101593018
730,0,-8.100000381469727,0.49134448170661926,7.308396816253662
731,0,-8.100000381469727,0.13643309473991394,7.783541679382324
732,0,-8.100000381469727,0.10486935079097748,7.486934185028076
733,0,-8.100000381469727,0.40094253420829773,6.855112075805664
734,0,-8.100000381469727,0.488014817237854,7.3958234786987305
735,0,-8.100000381469727,0.2050996571779251,7.460471153259277
736,0,-8.100000381469727,0.4695424735546112,8.159850120544434
737,0,-8.100000381469727,0.2080075889825821,6.800127983093262
738,0,-8.100000381469727,0.3316405713558197,6.375908851623535
739,0,-8.100000381469727,0.18841929733753204,6.1125969886779785
740,0,-8.100000381469727,0.23766985535621643,7.140924453735352
741,0,-8.100000381469727,0.17100244760513306,7.894376754760742
742,0,-8.100000381469727,0.23919954895973206,6.163544654846191
743,0,-8.100000381469727,0.2475813329219818,5.320215225219727
744,0,-8.100000381469727,0.14499709010124207,6.848354816436768
745,0,-2.359999895095825,0.7478541731834412,5.330470561981201
746,0,-2.359999895095825,0.6813069581985474,4.61295747756958
747,0,-2.359999895095825,0.6316433548927307,4.664168834686279
748,0,-2.359999895095825,0.6999938488006592,4.431918144226074
749,0,-2.359999895095825,0.7187855243682861,4.837302207946777
750,0,-2.359999895095825,0.7122233510017395,4.971615791320801
751,0,-2.359999895095825,0.6273223161697388,4.695730686187744
752,0,-2.359999895095825,0.6340915560722351,4.57857084274292
753,0,-2.359999895095825,0.6206278204917908,3.673035144805908
754,0,-2.359999895095825,0.6329979300498962,4.633602619171143
755,0,-2.359999895095825,0.5620669722557068,4.371861934661865
756,0,-2.359999895095825,0.5949658155441284,5.16288948059082
757,0,-2.359999895095825,0.39356234669685364,4.132684707641602
758,0,-2.359999895095825,0.7605409622192383,5.655322074890137
759,0,-2.359999895095825,0.5110709071159363,4.374325752258301
760,0,-2.359999895095825,0.4534265995025635,4.7072906494140625
761,0,-2.359999895095825,0.4808636009693146,4.25539493560791
762,0,-2.359999895095825,0.47988560795783997,5.0265703201293945
763,0,-2.359999895095825,0.5640736818313599,4.273530006408691
764,0,-2.359999895095825,0.7058324217796326,4.893096923828125
765,0,-2.359999895095825,0.5507742166519165,3.7980403900146484
766,1,4.090000152587891,0.7289309501647949,4.483522891998291
767,1,4.090000152587891,0.6902002096176147,4.128298282623291
768,0,-4.090000152587891,0.5429894328117371,4.496030807495117
769,1,4.090000152587891,0.5168187618255615,4.26259708404541
770,0,-4.090000152587891,0.36611679196357727,4.710119247436523
771,0,-4.090000152587891,0.4275394082069397,4.640467643737793
772,0,-4.090000152587891,0.5194577574729919,4.224126815795898
773,0,-4.090000152587891,0.4731237292289734,4.709035873413086
774,0,-4.090000152587891,0.5148971676826477,4.050713539123535
775,0,-4.090000152587891,0.6208212971687317,4.242430686950684
776,0,-4.090000152587891,0.3787786662578583,4.324008941650391
777,0,-4.090000152587891,0.440308153629303,4.264426231384277
778,0,-4.090000152587891,0.4120869040489197,4.689572811126709
779,0,-4.090000152587891,0.5061754584312439,4.306312561035156
780,0,-4.090000152587891,0.5333345532417297,4.89131498336792
781,0,-4.090000152587891,0.4824795722961426,5.266534805297852
782,0,-4.090000152587891,0.3494594395160675,5.0425519943237305
783,0,-4.090000152587891,0.4530715048313141,4.756568908691406
784,0,-4.090000152587891,0.4352880120277405,4.147585868835449
785,1,6.460000038146973,0.7901922464370728,5.38002347946167
786,0,-6.460000038146973,0.7354477047920227,4.9957122802734375
787,1,6.460000038146973,0.788043737411499,5.337926387786865
788,0,-6.460000038146973,0.5763595700263977,3.642730236053467
789,0,-6.460000038146973,0.5531286001205444,4.460223197937012
790,0,-6.460000038146973,0.43394267559051514,4.0126752853393555
791,0,-6.460000038146973,0.45721814036369324,3.951995611190796
792,0,-6.460000038146973,0.3996415138244629,4.406481742858887
793,0,-6.460000038146973,0.400613397359848,4.1275954246521
794,0,-6.460000038146973,0.5085578560829163,4.045740604400635
795,0,-6.460000038146973,0.3542572855949402,5.628480434417725
796,0,-6.460000038146973,0.4140457808971405,3.9815547466278076
797,0,-6.460000038146973,0.29599249362945557,4.758160591125488
798,0,-6.460000038146973,0.391759991645813,4.531605243682861
799,0,-6.460000038146973,0.4821180999279022,4.010778427124023
800,0,-6.460000038146973,0.29064345359802246,5.404884338378906
801,0,-6.460000038146973,0.37685927748680115,4.385417938232422
802,0,-6.460000038146973,0.43123069405555725,4.0444183349609375
803,0,-6.460000038146973,0.33182215690612793,5.277217388153076
804,0,-6.460000038146973,0.3369237184524536,4.513011932373047
805,0,-6.460000038146973,0.3039535582065582,4.553767204284668
806,1,9.0,0.774882972240448,7.771695137023926
807,1,9.0,0.7714213728904724,7.807442665100098
808,0,-9.0,0.7322207689285278,7.598835468292236
809,0,-9.0,0.6223978400230408,6.747542381286621
810,0,-9.0,0.6161262392997742,7.460434913635254
811,0,-9.0,0.5762355327606201,7.097216606140137
812,0,-9.0,0.5528863668441772,7.7192463874816895
813,0,-9.0,0.6825730800628662,7.241365909576416
814,0,-9.0,0.6737388372421265,7.125692367553711
815,0,-9.0,0.7084294557571411,7.319746971130371
816,0,-9.0,0.6515550017356873,7.3787126541137695
817,1,8.229999542236328,0.6588490605354309,7.2274169921875
818,1,8.229999542236328,0.7183894515037537,7.688394069671631
819,1,8.229999542236328,0.6671726703643799,7.482102870941162
820,1,8.229999542236328,0.6501365900039673,7.213665008544922
821,0,-8.229999542236328,0.23744165897369385,6.848371505737305
822,0,-8.229999542236328,0.4380532205104828,7.091840744018555
823,0,-8.229999542236328,0.30922961235046387,6.277113914489746
824,0,-8.229999542236328,0.3529182970523834,5.413856506347656
825,0,-8.229999542236328,0.32699427008628845,6.5178422927856445
826,0,-8.229999542236328,0.3051924705505371,6.150341033935547
827,0,-8.229999542236328,0.2971699833869934,5.550931453704834
828,0,-8.229999542236328,0.27287647128105164,7.1083550453186035
829,0,-8.229999542236328,0.32496994733810425,6.267575263977051
830,0,-8.229999542236328,0.35447871685028076,5.686882019042969
831,0,-8.229999542236328,0.27988699078559875,5.887096405029297
832,0,-8.229999542236328,0.1703009158372879,6.385153770446777
833,0,-8.229999542236328,0.27847355604171753,6.505966663360596
834,0,-8.229999542236328,0.3673965632915497,5.767996311187744
835,0,-8.229999542236328,0.22685278952121735,6.249140739440918
836,0,-8.229999542236328,0.4078909754753113,5.532537460327148
837,0,-8.229999542236328,0.13329365849494934,6.335414886474609
838,1,5.119999885559082,0.5965530276298523,5.217433452606201
839,1,5.119999885559082,0.5634562373161316,5.708179950714111
840,0,-5.119999885559082,0.6452773213386536,5.437538146972656
841,0,-5.119999885559082,0.5662775635719299,6.827704906463623
842,0,-5.119999885559082,0.3447782099246979,6.993985652923584
843,0,-5.119999885559082,0.43205514550209045,6.755526542663574
844,0,-5.119999885559082,0.513751745223999,7.386685371398926
845,0,-5.119999885559082,0.4267244338989258,6.327385425567627
846,0,-5.119999885559082,0.41627246141433716,6.982778549194336
847,0,-5.119999885559082,0.45331937074661255,6.570943355560303
848,0,-5.119999885559082,0.37872710824012756,6.317153453826904
849,0,-5.119999885559082,0.3130335211753845,6.504738807678223
850,0,-5.119999885559082,0.4438624083995819,7.010784149169922
851,0,-5.119999885559082,0.4079256057739258,6.597448348999023
852,0,-5.119999885559082,0.6905300617218018,6.6641082763671875
853,0,-5.119999885559082,0.6112836003303528,7.141724586486816
854,0,-5.119999885559082,0.4583398997783661,5.799052715301514
855,0,-5.119999885559082,0.36314526200294495,6.404650688171387
856,0,-5.119999885559082,0.3479194641113281,6.992833137512207
857,0,-5.119999885559082,0.477634072303772,5.187290668487549
858,0,-5.119999885559082,0.5306132435798645,6.426753997802734
859,0,-4.739999771118164,0.36367174983024597,5.296187400817871
860,0,-4.739999771118164,0.33232197165489197,5.137608528137207
861,0,-4.739999771118164,0.3572932779788971,5.218916893005371
862,0,-4.739999771118164,0.37308254837989807,5.324332237243652
863,0,-4.739999771118164,0.3442080020904541,5.133665561676025
864,0,-4.739999771118164,0.2971299886703491,5.084476470947266
865,0,-4.739999771118164,0.3585437536239624,5.730064868927002
866,0,-4.739999771118164,0.35963305830955505,5.437654495239258
867,0,-4.739999771118164,0.3423561453819275,5.32443380355835
868,0,-4.739999771118164,0.3073631227016449,5.269688129425049
869,0,-4.739999771118164,0.33105960488319397,5.3270649909973145
870,0,-4.739999771118164,0.3599327802658081,5.420046806335449
871,0,-4.739999771118164,0.32630655169487,5.116198539733887
872,0,-4.739999771118164,0.3636309802532196,5.493042945861816
873,0,-4.739999771118164,0.32291504740715027,5.031266212463379
874,0,-4.739999771118164,0.3380454182624817,5.131221294403076
875,0,-4.739999771118164,0.33839863538742065,5.546572685241699
876,0,-4.739999771118164,0.3008842170238495,5.147705554962158
877,0,-4.739999771118164,0.3889060914516449,5.475612163543701
878,0,-4.739999771118164,0.27900683879852295,4.83559513092041
879,1,5.610000133514404,0.6555525064468384,4.632626533508301
880,1,5.610000133514404,0.6356981992721558,4.601357460021973
881,0,-5.610000133514404,0.5203630328178406,4.939292907714844
882,1,5.610000133514404,0.671024739742279,4.9296650886535645
883,0,-5.610000133514404,0.5944739580154419,5.80152702331543
884,0,-5.610000133514404,0.6386796832084656,5.023746490478516
885,0,-5.610000133514404,0.5021318197250366,4.641315937042236
886,0,-5.610000133514404,0.5176362991333008,6.738006591796875
887,0,-5.610000133514404,0.4789932072162628,4.779294967651367
888,0,-5.610000133514404,0.49092674255371094,4.89155387878418
889,0,-5.610000133514404,0.5152101516723633,4.85661506652832
890,0,-5.610000133514404,0.502212405204773,5.253943920135498
891,0,-5.610000133514404,0.41027575731277466,5.612460613250732
892,0,-5.610000133514404,0.36662909388542175,5.571280002593994
893,0,-5.610000133514404,0.3669221103191376,5.5329179763793945
894,0,-5.610000133514404,0.5308387875556946,6.098277568817139
895,0,-5.610000133514404,0.4769466519355774,5.412049293518066
896,0,-5.610000133514404,0.3445354998111725,5.458005428314209
897,0,-5.610000133514404,0.41537073254585266,5.209683418273926
898,0,-5.610000133514404,0.41959041357040405,5.601998329162598
899,0,-5.610000133514404,0.4121254086494446,4.748047828674316
900,1,5.909999847412109,0.6616947650909424,6.6171064376831055
901,1,5.909999847412109,0.6509790420532227,6.497021675109863
902,0,-5.909999847412109,0.5747482776641846,6.407568454742432
903,0,-5.909999847412109,0.6228045225143433,6.1265716552734375
904,0,-5.909999847412109,0.4868879020214081,5.667473793029785
905,0,-5.909999847412109,0.3930245637893677,6.088119029998779
906,0,-5.909999847412109,0.4886401891708374,5.828120708465576
907,0,-5.909999847412109,0.4490509331226349,5.121193885803223
908,0,-5.909999847412109,0.4035888612270355,5.531076431274414
909,0,-5.909999847412109,0.3154137134552002,5.535969257354736
910,0,-5.909999847412109,0.40174776315689087,5.643974781036377
911,0,-5.909999847412109,0.445833295583725,5.648913383483887
912,1,8.739999771118164,0.7392179369926453,7.909031867980957
913,0,-8.739999771118164,0.6896453499794006,7.695583343505859
914,0,-8.739999771118164,0.733598530292511,7.739316463470459
915,0,-8.739999771118164,0.7176384329795837,7.545515537261963
916,0,-8.739999771118164,0.7658324837684631,7.92540979385376
917,0,-8.739999771118164,0.33952653408050537,6.759435653686523
918,0,-8.739999771118164,0.3773956298828125,7.202873229980469
919,0,-8.739999771118164,0.3847467005252838,7.266026973724365
920,0,-8.739999771118164,0.2740647792816162,7.178175449371338
921,0,-8.739999771118164,0.2637459635734558,7.546207427978516
922,0,-8.739999771118164,0.22713451087474823,7.729270935058594
923,0,-8.739999771118164,0.20952047407627106,7.085780143737793
924,0,-8.739999771118164,0.6316378116607666,7.37672758102417
925,1,9.0,0.8111966252326965,7.775760650634766
926,1,9.0,0.8109699487686157,7.768235206604004
927,1,9.0,0.7531828880310059,7.383473873138428
928,0,-9.0,0.758987545967102,7.579537391662598
929,0,-9.0,0.5456440448760986,6.322261333465576
930,0,-9.0,0.6977868676185608,7.071202278137207
931,0,-9.0,0.6204403638839722,6.604675769805908
932,0,-9.0,0.44599395990371704,5.9919915199279785
933,0,-9.0,0.1916196197271347,5.790830612182617
934,0,-9.0,0.555237352848053,6.830924034118652
935,0,-9.0,0.6933701038360596,6.9942851066589355
936,0,-9.0,0.5103124380111694,6.883870601654053
937,0,-9.0,0.3107578754425049,5.738570690155029
938,0,-9.0,0.5159820318222046,6.3756489753723145
939,0,-9.0,0.33707180619239807,6.020236968994141
940,0,-9.0,0.27210262417793274,6.248051643371582
941,0,-9.0,0.384262353181839,6.756146430969238
942,0,-9.0,0.32759279012680054,4.8626389503479
943,0,-9.0,0.2629431486129761,5.233683109283447
944,0,-9.0,0.23515048623085022,5.497161865234375
945,0,-9.0,0.376010924577713,4.803640842437744
946,1,6.099999904632568,0.7994961738586426,6.368919372558594
947,1,6.099999904632568,0.7907728552818298,6.799230098724365
948,0,-6.099999904632568,0.726177990436554,5.735309600830078
949,0,-6.099999904632568,0.7617764472961426,6.320498466491699
950,0,-6.099999904632568,0.7430785894393921,6.407936096191406
951,0,-6.099999904632568,0.7000348567962646,5.539061069488525
952,1,3.569999933242798,0.5731171369552612,5.12322473526001
953,0,-3.569999933242798,0.5837417840957642,5.40534782409668
954,0,-3.569999933242798,0.4789862036705017,4.982132434844971
955,0,-3.569999933242798,0.565332293510437,5.227320671081543
956,0,-3.569999933242798,0.5773721933364868,5.5977959632873535
957,0,-3.569999933242798,0.46579793095588684,5.323693752288818
958,0,-3.569999933242798,0.4377604126930237,5.696073532104492
959,0,-3.569999933242798,0.46366021037101746,5.4072794914245605
960,0,-3.569999933242798,0.4538523554801941,4.886425018310547
961,0,-3.569999933242798,0.38072994351387024,5.1187334060668945
962,0,-3.569999933242798,0.46272069215774536,5.271944522857666
963,0,-3.569999933242798,0.42320919036865234,6.190692901611328
964,0,-3.569999933242798,0.39021536707878113,5.218276500701904
965,0,-3.569999933242798,0.3105751872062683,5.540363311767578
966,0,-3.569999933242798,0.34380874037742615,5.138975143432617
967,0,-3.569999933242798,0.4262283742427826,5.213008880615234
968,0,-3.569999933242798,0.34077921509742737,5.17788553237915
969,0,-3.569999933242798,0.3949318528175354,5.469170570373535
970,0,-3.569999933242798,0.36690381169319153,5.142404556274414
971,0,-3.569999933242798,0.33932825922966003,5.172543525695801
972,1,6.5,0.6973923444747925,6.734587669372559
973,1,6.5,0.6958774328231812,6.73530387878418
974,0,-6.5,0.6443601250648499,6.36627721786499
975,0,-6.5,0.6442563533782959,5.492048740386963
976,0,-6.5,0.5019100904464722,5.066726207733154
977,1,6.440000057220459,0.6923677325248718,7.675034999847412
978,0,-6.440000057220459,0.7378804087638855,8.03155517578125
979,0,-6.440000057220459,0.6954379677772522,7.766027450561523
980,0,-6.440000057220459,0.6467821598052979,8.413983345031738
981,0,-6.440000057220459,0.7104678750038147,8.055074691772461
982,0,-6.440000057220459,0.6426978707313538,7.005056858062744
983,0,-6.440000057220459,0.6451104283332825,7.681088447570801
984,0,-6.440000057220459,0.6045753359794617,8.053864479064941
985,0,-6.440000057220459,0.6439607739448547,7.460488796234131
986,0,-6.440000057220459,0.4144212603569031,8.153748512268066
987,0,-6.440000057220459,0.6429911851882935,6.965574264526367
988,1,6.440000057220459,0.6337770223617554,7.26621150970459
989,0,-6.440000057220459,0.406692236661911,8.012847900390625
990,0,-6.440000057220459,0.38360491394996643,5.555500507354736
991,0,-6.440000057220459,0.5136944651603699,7.889062404632568
992,0,-6.440000057220459,0.504672646522522,7.60325288772583
993,0,-6.440000057220459,0.3348953127861023,5.454792499542236
994,0,-6.440000057220459,0.3632492125034332,6.938250541687012
995,0,-6.440000057220459,0.48445218801498413,8.079537391662598
996,0,-6.440000057220459,0.6229842901229858,7.291001796722412
997,0,-6.440000057220459,0.35484418272972107,5.710555553436279
998,1,8.520000457763672,0.7586699724197388,7.564633369445801
999,0,-8.520000457763672,0.2672747075557709,7.374248504638672
1000,0,-8.520000457763672,0.40209707617759705,7.3485798835754395
1001,0,-8.520000457763672,0.487934410572052,6.853076934814453
1002,0,-8.520000457763672,0.4392080307006836,5.5349297523498535
1003,0,-8.520000457763672,0.40833455324172974,7.421732425689697
1004,0,-8.520000457763672,0.19566982984542847,7.142396926879883
1005,0,-8.520000457763672,0.374924898147583,6.266375541687012
1006,0,-8.520000457763672,0.18818135559558868,6.929919719696045
1007,0,-8.520000457763672,0.4413703978061676,6.776679992675781
1008,0,-8.520000457763672,0.2991313636302948,6.631964683532715
1009,0,-8.520000457763672,0.4206787645816803,7.034186363220215
1010,0,-8.520000457763672,0.23712550103664398,8.146941184997559
1011,0,-8.520000457763672,0.28423964977264404,6.3406982421875
1012,0,-8.520000457763672,0.2990548610687256,6.813500881195068
1013,0,-8.520000457763672,0.2961150109767914,7.380594730377197
1014,0,-8.520000457763672,0.39760053157806396,7.600590229034424
1015,0,-8.520000457763672,0.32822349667549133,6.373810291290283
1016,0,-8.520000457763672,0.14100931584835052,6.511649131774902
1017,0,-8.520000457763672,0.30284813046455383,7.598293781280518
1018,0,-8.520000457763672,0.37442412972450256,6.804971218109131
1019,1,8.699999809265137,0.8077870607376099,7.089897155761719
1020,1,8.699999809265137,0.8128134608268738,7.2159929275512695
1021,0,-8.699999809265137,0.6967970132827759,7.054509162902832
1022,1,8.699999809265137,0.8027854561805725,7.287968158721924
1023,0,-8.699999809265137,0.4677409529685974,6.989227294921875
1024,0,-8.699999809265137,0.3022952973842621,6.817357063293457
1025,0,-8.699999809265137,0.6794900894165039,6.952160835266113
1026,0,-8.699999809265137,0.32439225912094116,6.294103622436523
1027,0,-8.699999809265137,0.31926316022872925,6.565750598907471
1028,0,-8.699999809265137,0.24991972744464874,6.559708118438721
1029,0,-8.699999809265137,0.2336529940366745,6.078593730926514
1030,0,-8.699999809265137,0.31550461053848267,6.8821187019348145
1031,1,7.920000076293945,0.6173543334007263,7.237661838531494
1032,0,-7.920000076293945,0.590141236782074,6.656978607177734
1033,0,-7.920000076293945,0.674329400062561,7.055148601531982
1034,0,-7.920000076293945,0.4736625850200653,6.839192867279053
1035,0,-7.920000076293945,0.7151198983192444,7.416042327880859
1036,0,-7.920000076293945,0.4698214828968048,5.723725318908691
1037,0,-7.920000076293945,0.3173256814479828,5.868494987487793
1038,1,7.920000076293945,0.5098405480384827,6.43088960647583
1039,0,-7.920000076293945,0.3741961717605591,6.237616539001465
1040,0,-7.920000076293945,0.46462178230285645,7.097074031829834
1041,0,-7.920000076293945,0.42695748805999756,7.359174728393555
1042,0,-7.920000076293945,0.4491177201271057,5.770752429962158
1043,0,-7.920000076293945,0.4304957389831543,6.493420124053955
1044,0,-7.920000076293945,0.45365825295448303,6.50921630859375
1045,0,-7.920000076293945,0.24863968789577484,6.367666244506836
1046,0,-7.920000076293945,0.23812928795814514,5.796215057373047
1047,0,-7.920000076293945,0.3221138119697571,5.351264953613281
1048,0,-7.920000076293945,0.42951998114585876,6.455820083618164
1049,0,-7.920000076293945,0.3950307369232178,6.054477214813232
1050,0,-7.920000076293945,0.2322133332490921,5.980280876159668
1051,0,-7.920000076293945,0.2727096974849701,5.916334629058838
1052,0,-7.400000095367432,0.6371994018554688,7.036556243896484
1053,1,7.400000095367432,0.6377427577972412,5.97599458694458
1054,0,-7.400000095367432,0.6276705265045166,6.727428436279297
1055,1,7.400000095367432,0.540996253490448,6.081930160522461
1056,0,-7.400000095367432,0.3519797623157501,5.40403413772583
1057,0,-7.400000095367432,0.2973006069660187,5.254931449890137
1058,0,-7.400000095367432,0.35617882013320923,6.026414394378662
1059,1,7.400000095367432,0.475267231464386,5.574525356292725
1060,0,-7.400000095367432,0.3128172755241394,5.449423313140869
1061,0,-7.400000095367432,0.18649914860725403,5.717926025390625
1062,0,-7.400000095367432,0.3921204209327698,5.664436340332031
1063,0,-7.400000095367432,0.28729814291000366,5.741820812225342
1064,0,-7.400000095367432,0.23280330002307892,5.565814018249512
1065,0,-7.400000095367432,0.25410544872283936,5.163202285766602
1066,0,-7.400000095367432,0.3800729513168335,4.508908271789551
1067,0,-7.400000095367432,0.24340316653251648,5.134568214416504
1068,0,-7.400000095367432,0.13862073421478271,5.476337432861328
1069,0,-7.400000095367432,0.20395520329475403,5.490375518798828
1070,0,-7.400000095367432,0.2867812216281891,5.6571736335754395
1071,1,6.519999980926514,0.7140504121780396,7.057342529296875
1072,0,-6.519999980926514,0.4990721642971039,7.485539436340332
1073,0,-6.519999980926514,0.45506125688552856,7.113238334655762
1074,0,-6.519999980926514,0.5888583660125732,7.612310409545898
1075,1,6.519999980926514,0.6738274097442627,6.951754570007324
1076,0,-6.519999980926514,0.6597963571548462,7.002129554748535
1077,0,-6.519999980926514,0.3713732659816742,7.658039569854736
1078,0,-6.519999980926514,0.31637832522392273,6.571164608001709
1079,1,6.519999980926514,0.7256378531455994,6.925522804260254
1080,0,-6.519999980926514,0.35505473613739014,7.434593677520752
1081,0,-6.519999980926514,0.44460028409957886,7.024365425109863
1082,0,-6.519999980926514,0.31871873140335083,7.031999111175537
1083,0,-6.519999980926514,0.4632125198841095,6.988243579864502
1084,0,-6.519999980926514,0.260347455739975,6.592331886291504
1085,0,-6.519999980926514,0.3574599325656891,7.292500019073486
1086,0,-6.519999980926514,0.30264270305633545,5.906067371368408
1087,0,-6.519999980926514,0.33548206090927124,6.344918727874756
1088,0,-6.519999980926514,0.23136352002620697,6.615888595581055
1089,0,-6.519999980926514,0.29900872707366943,6.499760150909424
1090,0,-6.519999980926514,0.2846773564815521,6.293166637420654
1091,0,-6.519999980926514,0.35800787806510925,5.888230800628662
1092,1,5.519999980926514,0.6561111807823181,7.246691703796387
1093,1,5.519999980926514,0.6556006669998169,7.242846488952637
1094,0,-5.519999980926514,0.3504447638988495,6.4840569496154785
1095,0,-5.519999980926514,0.21818234026432037,6.092470169067383
1096,0,-5.519999980926514,0.33332887291908264,7.4996843338012695
1097,0,-5.519999980926514,0.39544403553009033,7.167142391204834
1098,0,-5.519999980926514,0.6890324354171753,7.312740802764893
1099,0,-5.519999980926514,0.3596121370792389,6.401254177093506
1100,0,-5.519999980926514,0.42377737164497375,6.812868118286133
1101,0,-5.519999980926514,0.1830722689628601,6.085621356964111
1102,0,-5.519999980926514,0.2813471853733063,5.601400375366211
1103,0,-5.519999980926514,0.46077999472618103,7.257145404815674
1104,0,-5.519999980926514,0.14487013220787048,5.570857048034668
1105,0,-5.519999980926514,0.10860258340835571,6.423418045043945
1106,0,-5.519999980926514,0.22799859941005707,7.558850288391113
1107,0,-5.519999980926514,0.14634990692138672,6.231945991516113
1108,0,-5.519999980926514,0.19555537402629852,5.841612339019775
1109,0,-5.519999980926514,0.09411405771970749,6.244408130645752
1110,0,-5.519999980926514,0.08807516098022461,6.351710796356201
1111,0,-5.519999980926514,0.3440558910369873,6.470418930053711
1112,0,-5.519999980926514,0.08914398401975632,6.686049461364746
1113,1,7.320000171661377,0.5828550457954407,8.24232292175293
1114,0,-7.320000171661377,0.42822912335395813,8.01943302154541
1115,0,-7.320000171661377,0.40659424662590027,7.659295558929443
1116,0,-7.320000171661377,0.45739954710006714,5.9589948654174805
1117,0,-7.320000171661377,0.46777215600013733,6.971935272216797
1118,0,-7.320000171661377,0.37023574113845825,6.361997127532959
1119,0,-7.320000171661377,0.5051146745681763,6.688221454620361
1120,0,-7.320000171661377,0.5585136413574219,8.129288673400879
1121,0,-7.320000171661377,0.2383246272802353,7.094846725463867
1122,0,-7.320000171661377,0.16847901046276093,8.279277801513672
1123,0,-7.320000171661377,0.17814446985721588,7.573498725891113
1124,0,-7.320000171661377,0.27309921383857727,6.728839874267578
1125,0,-7.320000171661377,0.12104717642068863,7.751511096954346
1126,0,-7.320000171661377,0.09311331808567047,8.069478034973145
1127,0,-7.320000171661377,0.3710901439189911,7.623349189758301
1128,0,-7.320000171661377,0.0878911092877388,6.3876495361328125
1129,0,-7.320000171661377,0.28972765803337097,7.5286359786987305
1130,0,-7.320000171661377,0.3228800296783447,6.6511311531066895
1131,0,-7.320000171661377,0.3312954604625702,7.506261825561523
1132,0,-7.320000171661377,0.3388809859752655,6.919390678405762
1133,1,3.9200000762939453,0.46714505553245544,5.174238204956055
1134,0,-3.9200000762939453,0.46023029088974,5.069427967071533
1135,0,-3.9200000762939453,0.38271769881248474,5.045409679412842
1136,0,-3.9200000762939453,0.4197351336479187,4.893461227416992
1137,0,-3.9200000762939453,0.4093760550022125,4.668091773986816
1138,0,-3.9200000762939453,0.4406599700450897,4.544693946838379
1139,0,-3.9200000762939453,0.45947304368019104,4.809006214141846
1140,0,-3.9200000762939453,0.4169206917285919,4.558290958404541
1141,0,-3.9200000762939453,0.47904616594314575,5.589581489562988
1142,0,-3.9200000762939453,0.4183818995952606,5.338675022125244
1143,0,-3.9200000762939453,0.41675108671188354,4.340214252471924
1144,0,-3.9200000762939453,0.43231165409088135,5.311854362487793
1145,0,-3.9200000762939453,0.41338130831718445,4.919024467468262
1146,0,-3.9200000762939453,0.4213639199733734,4.977738380432129
1147,0,-3.9200000762939453,0.3745241165161133,5.064160346984863
1148,0,-3.9200000762939453,0.41033700108528137,5.262557029724121
1149,0,-3.9200000762939453,0.3902038335800171,4.695376396179199
1150,0,-3.9200000762939453,0.4435277283191681,5.017782211303711
1151,0,-3.9200000762939453,0.4766780436038971,5.428581237792969
1152,0,-3.9200000762939453,0.40806978940963745,5.370968818664551
1153,0,-3.9200000762939453,0.4357309937477112,3.857950210571289
1154,1,5.659999847412109,0.5926530361175537,4.720122814178467
1155,1,5.659999847412109,0.590483546257019,4.674604415893555
1156,0,-5.659999847412109,0.7130617499351501,4.645897388458252
1157,0,-5.659999847412109,0.7338760495185852,4.389748573303223
1158,1,5.659999847412109,0.5741491913795471,4.7533721923828125
1159,0,-5.659999847412109,0.5397713780403137,4.430058002471924
1160,0,-5.659999847412109,0.56313556432724,4.131110191345215
1161,0,-5.659999847412109,0.6671432256698608,4.240362167358398
1162,0,-5.659999847412109,0.5903369188308716,3.855307102203369
1163,0,-5.659999847412109,0.5785574316978455,4.487214088439941
1164,0,-5.659999847412109,0.4985015094280243,4.194779396057129
1165,0,-5.659999847412109,0.4293668270111084,4.717310905456543
1166,0,-5.659999847412109,0.4956153929233551,4.377033233642578
1167,0,-5.659999847412109,0.7192166447639465,4.7598490715026855
1168,0,-5.659999847412109,0.5169320106506348,4.32578182220459
1169,0,-5.659999847412109,0.3705867528915405,4.499879360198975
1170,0,-5.659999847412109,0.5498682260513306,4.280778884887695
1171,0,-5.659999847412109,0.47204506397247314,4.153029918670654
1172,0,-5.659999847412109,0.4356060028076172,4.553204536437988
1173,0,-5.659999847412109,0.4235208332538605,4.458425521850586
1174,0,-5.659999847412109,0.5173879861831665,4.53270149230957
1175,0,-11.09000015258789,0.3936039209365845,6.587507247924805
1176,0,-11.09000015258789,0.3882867395877838,6.406928062438965
1177,0,-11.09000015258789,0.3772961497306824,6.392919063568115
1178,0,-11.09000015258789,0.36535152792930603,6.117065906524658
1179,0,-11.09000015258789,0.4267699122428894,6.2053608894348145
1180,0,-11.09000015258789,0.3887427747249603,6.13677978515625
1181,0,-11.09000015258789,0.37115925550460815,6.3039422035217285
1182,0,-11.09000015258789,0.39236703515052795,6.093776226043701
1183,0,-11.09000015258789,0.36626651883125305,6.005232334136963
1184,0,-11.09000015258789,0.4106878340244293,6.275772571563721
1185,0,-11.09000015258789,0.3846375346183777,6.359560012817383
1186,0,-11.09000015258789,0.3462207317352295,5.9689621925354
1187,0,-11.09000015258789,0.3667898178100586,5.963005542755127
1188,0,-11.09000015258789,0.36369383335113525,6.096429824829102
1189,0,-11.09000015258789,0.35263749957084656,5.932402610778809
1190,0,-11.09000015258789,0.37373602390289307,6.106679916381836
1191,0,-11.09000015258789,0.3685992658138275,6.4493842124938965
1192,0,-11.09000015258789,0.4256782829761505,6.310286998748779
1193,0,-11.09000015258789,0.44046708941459656,6.540126800537109
1194,0,-11.09000015258789,0.3506660461425781,6.171853542327881
1195,0,-11.09000015258789,0.4103994071483612,6.365513801574707
1196,1,5.639999866485596,0.8377358913421631,7.275498390197754
1197,1,5.639999866485596,0.8241430521011353,7.344387054443359
1198,0,-5.639999866485596,0.8272368311882019,7.2142486572265625
1199,1,5.639999866485596,0.8501062393188477,7.070711612701416
1200,0,-5.639999866485596,0.7408545613288879,6.0552239418029785
1201,1,4.010000228881836,0.7591235041618347,3.959944486618042
1202,1,4.010000228881836,0.7617560625076294,3.9905614852905273
1203,1,4.010000228881836,0.761779248714447,3.9920294284820557
1204,0,-4.010000228881836,0.5678534507751465,3.6617159843444824
1205,0,-4.010000228881836,0.563347339630127,3.6006555557250977
1206,1,4.010000228881836,0.6671249270439148,3.5614571571350098
1207,0,-4.010000228881836,0.5121674537658691,3.6082382202148438
1208,0,-4.010000228881836,0.4777171015739441,3.6448326110839844
1209,0,-4.010000228881836,0.43680092692375183,4.025945663452148
1210,0,-4.010000228881836,0.6744163632392883,3.778158664703369
1211,0,-4.010000228881836,0.45358097553253174,3.906118154525757
1212,0,-4.010000228881836,0.47574642300605774,3.9181292057037354
1213,0,-4.010000228881836,0.4491043984889984,3.891305923461914
1214,0,-4.010000228881836,0.4092743992805481,3.9426589012145996
1215,0,-4.010000228881836,0.4076023995876312,3.978278160095215
1216,0,-4.010000228881836,0.35174989700317383,4.260964393615723
1217,0,-4.010000228881836,0.38455983996391296,4.041162014007568
1218,0,-4.010000228881836,0.4031742215156555,3.6912848949432373
1219,0,-4.010000228881836,0.35639944672584534,4.4406633377075195
1220,1,6.260000228881836,0.5545350313186646,5.93572998046875
1221,0,-6.260000228881836,0.6027217507362366,6.2750067710876465
1222,1,6.260000228881836,0.6219760179519653,6.524702548980713
1223,1,6.260000228881836,0.6352558135986328,6.311802864074707
1224,0,-6.260000228881836,0.39635273814201355,5.877775192260742
1225,0,-6.260000228881836,0.4063003361225128,5.886727333068848
1226,0,-6.260000228881836,0.6795406341552734,7.1152801513671875
1227,0,-6.260000228881836,0.6394908428192139,6.720725059509277
1228,0,-6.260000228881836,0.4411134719848633,6.073012828826904
1229,0,-6.260000228881836,0.6150214076042175,7.137514114379883
1230,0,-6.260000228881836,0.6231374740600586,6.696476459503174
1231,0,-6.260000228881836,0.6813521981239319,7.05609655380249
1232,0,-6.260000228881836,0.6631538271903992,6.522645473480225
1233,0,-6.260000228881836,0.3717234432697296,5.4718780517578125
1234,0,-6.260000228881836,0.3845108151435852,5.473489284515381
1235,0,-6.260000228881836,0.6690691113471985,6.4247212409973145
1236,0,-6.260000228881836,0.40209564566612244,5.740909576416016
1237,0,-6.260000228881836,0.419168084859848,5.2925028800964355
1238,0,-6.260000228881836,0.32992103695869446,6.171464443206787
1239,0,-6.260000228881836,0.3241403102874756,6.1406402587890625
1240,0,-6.260000228881836,0.3986068069934845,5.344456195831299
1241,1,6.260000228881836,0.5578368306159973,6.95805025100708
1242,1,6.260000228881836,0.5543611645698547,6.941305160522461
1243,0,-6.260000228881836,0.41316816210746765,6.867895126342773
1244,1,6.260000228881836,0.5072362422943115,7.010032653808594
1245,0,-6.260000228881836,0.47729572653770447,7.161998748779297
1246,0,-6.260000228881836,0.4276510775089264,6.656982421875
1247,0,-6.260000228881836,0.3698451817035675,7.2669525146484375
1248,0,-6.260000228881836,0.5013646483421326,7.2921624183654785
1249,0,-6.260000228881836,0.3167336583137512,7.5189361572265625
1250,0,-6.260000228881836,0.31177595257759094,6.563101768493652
1251,0,-6.260000228881836,0.3950159251689911,6.802069664001465
1252,0,-6.260000228881836,0.37498167157173157,6.775709629058838
1253,0,-6.260000228881836,0.33405646681785583,6.964712619781494
1254,0,-6.260000228881836,0.3151724934577942,7.07937479019165
1255,0,-6.260000228881836,0.35949018597602844,6.589107990264893
1256,0,-6.260000228881836,0.440324991941452,6.612063407897949
1257,0,-6.260000228881836,0.43637850880622864,7.157286643981934
1258,1,5.21999979019165,0.6451150178909302,4.925680160522461
1259,1,5.21999979019165,0.6025379300117493,5.050585746765137
1260,0,-5.21999979019165,0.5833080410957336,4.557055473327637
1261,0,-5.21999979019165,0.4912649691104889,4.244348526000977
1262,0,-5.21999979019165,0.5554712414741516,4.299590110778809
1263,0,-5.21999979019165,0.37276172637939453,4.446171283721924
1264,0,-5.21999979019165,0.5201892256736755,3.9282898902893066
1265,0,-5.21999979019165,0.6757485270500183,4.510997295379639
1266,1,5.21999979019165,0.549940288066864,4.299674034118652
1267,0,-5.21999979019165,0.5259615182876587,5.125438690185547
1268,0,-5.21999979019165,0.33934783935546875,4.987117290496826
1269,0,-5.21999979019165,0.47051042318344116,5.416747570037842
1270,0,-5.21999979019165,0.49317923188209534,4.825394630432129
1271,0,-5.21999979019165,0.41138553619384766,4.6815948486328125
1272,0,-5.21999979019165,0.4158816337585449,4.702394008636475
1273,0,-5.21999979019165,0.5250194072723389,4.593421936035156
1274,0,-5.21999979019165,0.3876211643218994,5.1331071853637695
1275,0,-5.21999979019165,0.42271748185157776,4.422593116760254
1276,0,-5.21999979019165,0.27553486824035645,5.944337844848633
1277,0,-5.21999979019165,0.5495937466621399,4.268899440765381
1278,0,-5.21999979019165,0.38125887513160706,4.523207664489746
1279,1,5.639999866485596,0.7376859784126282,5.946595191955566
1280,0,-5.639999866485596,0.745952844619751,6.228180408477783
1281,1,5.639999866485596,0.5708086490631104,6.328551769256592
1282,0,-5.639999866485596,0.6272876262664795,4.790682792663574
1283,1,5.639999866485596,0.602493166923523,6.549261569976807
1284,0,-5.639999866485596,0.5571237802505493,5.063913345336914
1285,0,-5.639999866485596,0.5396239161491394,4.626636505126953
1286,0,-5.639999866485596,0.5820534825325012,5.046378135681152
1287,0,-5.639999866485596,0.49535292387008667,4.886567115783691
1288,0,-5.639999866485596,0.609916090965271,6.150768280029297
1289,0,-5.639999866485596,0.4235366880893707,5.094865322113037
1290,0,-5.639999866485596,0.5102416276931763,5.298556327819824
1291,0,-5.639999866485596,0.4103545844554901,6.071148872375488
1292,0,-5.639999866485596,0.584379255771637,4.967652320861816
1293,0,-5.639999866485596,0.4321773052215576,5.870110511779785
1294,0,-5.639999866485596,0.5326002240180969,4.289486885070801
1295,0,-5.639999866485596,0.5550578832626343,4.337944030761719
1296,0,-5.639999866485596,0.3766076862812042,4.714040279388428
1297,0,-5.639999866485596,0.5849693417549133,4.496264934539795
1298,0,-5.639999866485596,0.5706909894943237,4.585660934448242
1299,0,-5.639999866485596,0.4444928765296936,4.2591094970703125
1300,1,5.820000171661377,0.7513884902000427,6.7766242027282715
1301,0,-5.820000171661377,0.6025038361549377,5.355909824371338
1302,0,-5.820000171661377,0.5662143230438232,4.870249271392822
1303,0,-5.820000171661377,0.4285197854042053,5.251450061798096
1304,0,-5.820000171661377,0.609399139881134,5.857627868652344
1305,0,-5.820000171661377,0.39845773577690125,5.53299617767334
1306,0,-5.820000171661377,0.4861372113227844,5.678616046905518
1307,0,-5.820000171661377,0.5394759178161621,5.160439968109131
1308,0,-5.820000171661377,0.28620046377182007,6.367992877960205
1309,0,-5.820000171661377,0.24313890933990479,6.086611747741699
1310,0,-5.820000171661377,0.40326306223869324,5.249454975128174
1311,0,-5.820000171661377,0.4169183373451233,6.396890640258789
1312,0,-5.820000171661377,0.46949970722198486,5.822233200073242
1313,0,-5.820000171661377,0.4239777624607086,5.964399337768555
1314,0,-5.820000171661377,0.2613554894924164,6.006737232208252
1315,0,-5.820000171661377,0.3476879298686981,5.928072929382324
1316,0,-5.820000171661377,0.41366416215896606,6.012681484222412
1317,0,-5.820000171661377,0.50152587890625,5.455852508544922
1318,0,-5.820000171661377,0.40738946199417114,4.980434417724609
1319,0,-5.820000171661377,0.2087501585483551,5.7627482414245605
1320,0,-5.820000171661377,0.1525394320487976,6.4067277908325195
1321,1,9.0,0.716727077960968,7.1165080070495605
1322,1,9.0,0.7112717628479004,7.078297138214111
1323,0,-9.0,0.47514069080352783,5.445196151733398
1324,0,-9.0,0.636533796787262,5.798677921295166
1325,0,-9.0,0.4780324399471283,6.192225456237793
1326,0,-9.0,0.3320681154727936,6.3070759773254395
1327,0,-9.0,0.4825417101383209,5.171350002288818
1328,0,-9.0,0.3833940327167511,5.772195816040039
1329,0,-9.0,0.5047628879547119,4.528347015380859
1330,0,-9.0,0.20389626920223236,6.3231306076049805
1331,0,-9.0,0.3107457160949707,7.143126010894775
1332,0,-9.0,0.18401004374027252,6.397508144378662
1333,0,-9.0,0.23574452102184296,6.053371429443359
1334,0,-9.0,0.33834969997406006,6.215977191925049
1335,0,-9.0,0.2623099386692047,6.392400741577148
1336,0,-9.0,0.45718932151794434,5.229155540466309
1337,0,-9.0,0.22986605763435364,6.7336955070495605
1338,0,-9.0,0.25575071573257446,6.239291667938232
1339,0,-9.0,0.45725101232528687,5.920567512512207
1340,0,-9.0,0.178169846534729,6.779341697692871
1341,0,-9.0,0.34301650524139404,5.573816776275635
1342,1,7.420000076293945,0.7752459049224854,8.08963680267334
1343,1,7.420000076293945,0.7742457389831543,8.036017417907715
1344,0,-7.420000076293945,0.7443011403083801,7.6610107421875
1345,1,7.420000076293945,0.762454628944397,7.988133430480957
1346,0,-7.420000076293945,0.7606392502784729,7.809943199157715
1347,1,9.300000190734863,0.7917208671569824,7.398441314697266
1348,1,9.300000190734863,0.787814736366272,7.44260311126709
1349,1,8.109999656677246,0.7636127471923828,6.613679885864258
1350,1,8.109999656677246,0.7855072617530823,6.8872389793396
1351,1,7.440000057220459,0.6414715647697449,6.867244720458984
1352,0,-7.440000057220459,0.6565546989440918,6.7811689376831055
1353,0,-7.440000057220459,0.6670417785644531,6.67620325088501
1354,1,7.440000057220459,0.6512550711631775,6.852383136749268
1355,1,7.440000057220459,0.6648705005645752,6.547835826873779
1356,0,-7.440000057220459,0.36574992537498474,6.173759937286377
1357,0,-7.440000057220459,0.16196732223033905,6.2618279457092285
1358,0,-7.440000057220459,0.3006212115287781,5.859249114990234
1359,0,-7.440000057220459,0.185944065451622,6.372186183929443
1360,0,-7.440000057220459,0.5289056301116943,6.432623863220215
1361,0,-7.440000057220459,0.2149408459663391,6.3044610023498535
1362,0,-7.440000057220459,0.22645190358161926,5.848960876464844
1363,0,-7.440000057220459,0.1898239105939865,6.030951976776123
1364,0,-7.440000057220459,0.23875410854816437,6.369290351867676
1365,0,-7.440000057220459,0.4725548028945923,5.97393798828125
1366,0,-7.440000057220459,0.49916329979896545,5.235038757324219
1367,0,-7.440000057220459,0.21252603828907013,6.268235683441162
1368,0,-7.440000057220459,0.5603089928627014,6.399296283721924
1369,0,-7.440000057220459,0.5557828545570374,6.532895565032959
1370,0,-7.440000057220459,0.3573629856109619,6.117313861846924
1371,0,-7.440000057220459,0.20083209872245789,6.281617164611816
1372,0,-7.800000190734863,0.44077765941619873,7.6382317543029785
1373,1,7.800000190734863,0.7342646718025208,7.725078105926514
1374,0,-7.800000190734863,0.7003800868988037,7.48282527923584
1375,0,-7.800000190734863,0.5535595417022705,7.563827991485596
1376,0,-7.800000190734863,0.3531999886035919,7.21731424331665
1377,0,-7.800000190734863,0.6058158278465271,7.355241298675537
1378,0,-7.800000190734863,0.5181757211685181,7.666715621948242
1379,0,-7.800000190734863,0.37305212020874023,7.674753189086914
1380,0,-7.800000190734863,0.35031500458717346,7.19753885269165
1381,0,-7.800000190734863,0.15142767131328583,5.948155879974365
1382,0,-7.800000190734863,0.23706741631031036,7.442673206329346
1383,0,-7.800000190734863,0.40000537037849426,7.26831579208374
1384,0,-7.800000190734863,0.4446987211704254,7.078132152557373
1385,0,-7.800000190734863,0.3077267110347748,7.052845001220703
1386,0,-7.800000190734863,0.30997511744499207,7.649926662445068
1387,0,-7.800000190734863,0.15381230413913727,6.788263320922852
1388,0,-7.800000190734863,0.23773673176765442,7.26797342300415
1389,0,-7.800000190734863,0.21438245475292206,6.69898796081543
1390,0,-7.800000190734863,0.34747233986854553,7.324548721313477
1391,0,-7.800000190734863,0.303618460893631,7.024868965148926
1392,1,8.300000190734863,0.6521443724632263,7.330791473388672
1393,1,8.300000190734863,0.6476365327835083,7.357312202453613
1394,0,-8.300000190734863,0.41136273741722107,6.502362251281738
1395,0,-8.300000190734863,0.27923068404197693,5.8511433601379395
1396,0,-8.300000190734863,0.27081865072250366,6.6886820793151855
1397,0,-8.300000190734863,0.2567761540412903,6.071277618408203
1398,0,-8.300000190734863,0.23457448184490204,5.715897560119629
1399,0,-8.300000190734863,0.29729434847831726,4.62637996673584
1400,0,-8.300000190734863,0.16832076013088226,5.20674467086792
1401,0,-8.300000190734863,0.21223093569278717,5.6888275146484375
1402,0,-8.300000190734863,0.34734129905700684,6.139289379119873
1403,0,-8.300000190734863,0.20796304941177368,6.575389862060547
1404,0,-8.300000190734863,0.1806468665599823,6.166407585144043
1405,0,-8.300000190734863,0.19067443907260895,5.800166130065918
1406,0,-8.300000190734863,0.16853013634681702,5.845738887786865
1407,1,6.730000019073486,0.7292991876602173,6.493987083435059
1408,1,6.730000019073486,0.7141824960708618,6.088102340698242
1409,1,6.730000019073486,0.6859601140022278,6.1558427810668945
1410,0,-6.730000019073486,0.2705688178539276,5.754453659057617
1411,0,-6.730000019073486,0.3547310531139374,5.94569730758667
1412,0,-6.730000019073486,0.40286192297935486,5.796433925628662
1413,0,-6.730000019073486,0.25344735383987427,6.068028450012207
1414,0,-6.730000019073486,0.44922956824302673,6.188031196594238
1415,0,-6.730000019073486,0.2995467185974121,5.825668811798096
1416,1,7.21999979019165,0.6283570528030396,7.11619758605957
1417,0,-7.21999979019165,0.5269432067871094,6.46700382232666
1418,0,-7.21999979019165,0.5266240239143372,6.472180366516113
1419,0,-7.21999979019165,0.49961039423942566,6.518003463745117
1420,0,-7.21999979019165,0.3787666857242584,5.954858303070068
1421,0,-7.21999979019165,0.36184149980545044,5.879745960235596
1422,0,-7.21999979019165,0.3767051696777344,6.092506408691406
1423,0,-7.21999979019165,0.4190013110637665,6.303394317626953
1424,0,-7.21999979019165,0.2946097254753113,6.973905563354492
1425,0,-7.21999979019165,0.48005205392837524,7.008170127868652
1426,0,-7.21999979019165,0.4545750617980957,6.359918594360352
1427,1,7.21999979019165,0.5328217148780823,5.774758338928223
1428,0,-7.21999979019165,0.3282487690448761,6.7981858253479
1429,0,-7.21999979019165,0.5266170501708984,6.289697647094727
1430,0,-7.21999979019165,0.3347015976905823,5.598849773406982
1431,0,-7.21999979019165,0.26402199268341064,6.429803371429443
1432,0,-7.21999979019165,0.3978719711303711,6.069521427154541
1433,0,-7.21999979019165,0.2560455799102783,6.755720615386963
1434,0,-7.21999979019165,0.5335442423820496,5.7452898025512695
1435,0,-7.21999979019165,0.5847254395484924,4.400709629058838
1436,1,5.920000076293945,0.6959639191627502,4.107057571411133
1437,0,-5.920000076293945,0.6673819422721863,4.956042289733887
1438,0,-5.920000076293945,0.484650582075119,4.764947891235352
1439,1,5.920000076293945,0.6334075331687927,4.931279182434082
1440,0,-5.920000076293945,0.602510929107666,5.267246246337891
1441,0,-5.920000076293945,0.2622548043727875,4.223801612854004
1442,0,-5.920000076293945,0.38358646631240845,5.001296043395996
1443,0,-5.920000076293945,0.6246373057365417,5.212418556213379
1444,0,-5.920000076293945,0.24023054540157318,4.820593357086182
1445,0,-5.920000076293945,0.37055104970932007,4.928870677947998
1446,0,-5.920000076293945,0.3883746266365051,5.607532501220703
1447,0,-5.920000076293945,0.5644701719284058,4.712647438049316
1448,0,-5.920000076293945,0.2047872543334961,5.176967144012451
1449,0,-5.920000076293945,0.3408830761909485,4.649638652801514
1450,0,-5.920000076293945,0.2159673571586609,5.1612548828125
1451,0,-5.920000076293945,0.3141598701477051,4.710563659667969
1452,0,-5.920000076293945,0.23416189849376678,5.510453701019287
1453,0,-5.920000076293945,0.41761764883995056,4.686054229736328
1454,0,-5.920000076293945,0.4940628707408905,4.624091148376465
1455,0,-5.920000076293945,0.2451813668012619,4.8091230392456055
1456,0,-5.920000076293945,0.3986683487892151,4.790051460266113
1457,1,5.849999904632568,0.7371336221694946,7.450925827026367
1458,0,-5.849999904632568,0.6792261004447937,6.961814880371094
1459,1,5.849999904632568,0.7534334659576416,6.979084491729736
1460,0,-5.849999904632568,0.5519456267356873,7.3704447746276855
1461,1,5.849999904632568,0.7434424161911011,7.138395309448242
1462,0,-5.849999904632568,0.6075665950775146,7.848320007324219
1463,1,5.849999904632568,0.5545018911361694,7.5131683349609375
1464,0,-5.849999904632568,0.4940044581890106,7.202054023742676
1465,0,-5.849999904632568,0.47667980194091797,7.728121280670166
1466,0,-5.849999904632568,0.5250764489173889,7.531801223754883
1467,0,-5.849999904632568,0.5526561737060547,6.9653401374816895
1468,0,-5.849999904632568,0.4932468831539154,7.151394844055176
1469,0,-5.849999904632568,0.3186790943145752,8.042106628417969
1470,0,-5.849999904632568,0.5812230110168457,7.1537675857543945
1471,0,-5.849999904632568,0.37415704131126404,7.6190714836120605
1472,0,-5.849999904632568,0.3241690993309021,6.565183639526367
1473,0,-5.849999904632568,0.31841468811035156,6.082956790924072
1474,0,-5.849999904632568,0.3651551604270935,7.654782295227051
1475,0,-5.849999904632568,0.3149265646934509,6.808063507080078
1476,0,-5.849999904632568,0.35357874631881714,7.07434606552124
1477,0,-5.849999904632568,0.30624836683273315,5.996390342712402
1478,1,2.5199999809265137,0.37308257818222046,4.4879255294799805
1479,0,-2.5199999809265137,0.5733726620674133,4.137029647827148
1480,0,-2.5199999809265137,0.6521382927894592,4.344405174255371
1481,0,-2.5199999809265137,0.458006888628006,4.032332897186279
1482,0,-2.5199999809265137,0.5647308230400085,3.9606685638427734
1483,0,-2.5199999809265137,0.38254112005233765,4.60336971282959
1484,0,-2.5199999809265137,0.33575379848480225,4.884176254272461
1485,0,-2.5199999809265137,0.5590289831161499,3.6282782554626465
1486,0,-2.5199999809265137,0.3772081434726715,4.53064489364624
1487,0,-2.5199999809265137,0.41056516766548157,4.493143558502197
1488,1,2.5199999809265137,0.4376562833786011,3.992518424987793
1489,0,-2.5199999809265137,0.3288520574569702,5.088299751281738
1490,0,-2.5199999809265137,0.30501943826675415,4.816587924957275
1491,0,-2.5199999809265137,0.3481684625148773,4.8124680519104
1492,0,-2.5199999809265137,0.4681563079357147,3.6485142707824707
1493,0,-2.5199999809265137,0.3129940629005432,4.935412883758545
1494,0,-2.5199999809265137,0.36109113693237305,5.064593315124512
1495,0,-2.5199999809265137,0.2762332558631897,5.041741847991943
1496,0,-2.5199999809265137,0.37298551201820374,4.362214088439941
1497,0,-2.5199999809265137,0.37800806760787964,4.4161152839660645
1498,0,-2.5199999809265137,0.37586459517478943,4.520992755889893
1499,1,3.299999952316284,0.5577813982963562,4.2726054191589355
1500,1,3.299999952316284,0.4202917516231537,5.176089763641357
1501,0,-3.299999952316284,0.6424832344055176,4.275394916534424
1502,0,-3.299999952316284,0.6750834584236145,4.148565292358398
1503,0,-3.299999952316284,0.5883609652519226,4.281809329986572
1504,0,-3.299999952316284,0.38810044527053833,4.928038120269775
1505,0,-3.299999952316284,0.4330032765865326,4.413105010986328
1506,0,-3.299999952316284,0.6581306457519531,4.228376388549805
1507,0,-3.299999952316284,0.37518003582954407,4.6508917808532715
1508,0,-3.299999952316284,0.6344746351242065,4.439686298370361
1509,0,-3.299999952316284,0.4181797206401825,4.412898063659668
1510,0,-3.299999952316284,0.47633984684944153,4.440822601318359
1511,0,-3.299999952316284,0.602719247341156,3.8390471935272217
1512,0,-3.299999952316284,0.2775152325630188,6.123180866241455
1513,0,-3.299999952316284,0.3103562295436859,5.0856523513793945
1514,0,-3.299999952316284,0.48164790868759155,5.390146255493164
1515,0,-3.299999952316284,0.37278351187705994,4.757204055786133
1516,0,-3.299999952316284,0.35785216093063354,4.517254829406738
1517,0,-3.299999952316284,0.5871496796607971,4.006733417510986
1518,0,-3.299999952316284,0.5461787581443787,3.815185308456421
1519,1,2.2899999618530273,0.6215288639068604,3.8067893981933594
1520,1,2.2899999618530273,0.6491731405258179,3.619098663330078
1521,0,-2.2899999618530273,0.5783588290214539,3.4959936141967773
1522,0,-2.2899999618530273,0.6263830065727234,3.403925657272339
1523,0,-2.2899999618530273,0.6681709289550781,3.6731648445129395
1524,0,-2.2899999618530273,0.5959427356719971,3.613426923751831
1525,0,-2.2899999618530273,0.4433823525905609,4.202689170837402
1526,0,-2.2899999618530273,0.5374197363853455,3.3612465858459473
1527,0,-2.2899999618530273,0.5067574381828308,4.161017417907715
1528,0,-2.2899999618530273,0.5146299600601196,3.668915271759033
1529,0,-2.2899999618530273,0.529798686504364,4.578098297119141
1530,0,-2.2899999618530273,0.4713752567768097,3.6683647632598877
1531,0,-2.2899999618530273,0.4403861165046692,3.9447271823883057
1532,0,-2.2899999618530273,0.36329397559165955,4.390975475311279
1533,0,-2.2899999618530273,0.42931047081947327,3.9940948486328125
1534,0,-2.2899999618530273,0.4162362217903137,4.164299011230469
1535,0,-2.2899999618530273,0.44801151752471924,3.826092481613159
1536,0,-2.2899999618530273,0.36073964834213257,4.087800979614258
1537,0,-2.2899999618530273,0.4021786153316498,4.537600994110107
1538,0,-2.2899999618530273,0.4183569550514221,3.9547128677368164
1539,0,-2.2899999618530273,0.4555990695953369,4.286594867706299
1540,1,7.519999980926514,0.7418967485427856,7.72420072555542
1541,1,7.519999980926514,0.7382792830467224,7.693050861358643
1542,0,-7.519999980926514,0.7027329802513123,7.084618091583252
1543,0,-7.519999980926514,0.345905601978302,5.499405860900879
1544,0,-7.519999980926514,0.3072142004966736,6.0249433517456055
1545,0,-7.519999980926514,0.4140605926513672,5.371184825897217
1546,0,-7.519999980926514,0.36881837248802185,5.767746448516846
1547,0,-7.519999980926514,0.4240266978740692,5.879015922546387
1548,0,-7.519999980926514,0.31570693850517273,6.2925848960876465
1549,0,-7.519999980926514,0.435554176568985,6.704230308532715
1550,0,-7.519999980926514,0.33244818449020386,6.216164588928223
1551,0,-7.519999980926514,0.23173679411411285,6.479373931884766
1552,0,-7.519999980926514,0.36591842770576477,6.603579998016357
1553,0,-7.519999980926514,0.22368107736110687,5.63306188583374
1554,0,-7.519999980926514,0.37057048082351685,5.722991466522217
1555,0,-7.519999980926514,0.26823410391807556,5.404689788818359
1556,1,5.769999980926514,0.7311818599700928,6.550796985626221
1557,1,5.769999980926514,0.7203696966171265,5.844527721405029
1558,0,-5.769999980926514,0.38966622948646545,5.688383102416992
1559,0,-5.769999980926514,0.47865530848503113,5.342724800109863
1560,0,-5.769999980926514,0.33351004123687744,5.158868789672852
1561,0,-5.769999980926514,0.5912044048309326,3.6636202335357666
1562,0,-5.769999980926514,0.43218162655830383,4.828672409057617
1563,0,-5.769999980926514,0.6862232089042664,4.631597518920898
1564,0,-5.769999980926514,0.47415584325790405,5.694605350494385
1565,0,-5.769999980926514,0.3881444036960602,4.207512855529785
1566,0,-5.769999980926514,0.3278640806674957,5.181621551513672
1567,0,-5.769999980926514,0.44652995467185974,4.876570701599121
1568,0,-5.769999980926514,0.3174843192100525,4.779046058654785
1569,0,-5.769999980926514,0.44727760553359985,4.309395790100098
1570,0,-5.769999980926514,0.42544135451316833,4.657772064208984
1571,0,-5.769999980926514,0.32231995463371277,4.363424301147461
1572,0,-5.769999980926514,0.39670810103416443,4.856971263885498
1573,0,-5.769999980926514,0.2763582468032837,5.455921649932861
1574,0,-5.769999980926514,0.4092260003089905,4.145805358886719
1575,0,-5.769999980926514,0.3641999065876007,4.859066009521484
1576,1,2.8399999141693115,0.7270920276641846,4.770105361938477
1577,1,2.8399999141693115,0.7154660820960999,4.674801826477051
1578,0,-2.8399999141693115,0.5031237006187439,4.666629314422607
1579,0,-2.8399999141693115,0.5619641542434692,4.538425445556641
1580,0,-2.8399999141693115,0.4495980739593506,4.225838661193848
1581,0,-2.8399999141693115,0.504080057144165,4.70343542098999
1582,0,-2.8399999141693115,0.4077567458152771,4.792965888977051
1583,0,-2.8399999141693115,0.4794456660747528,4.934928894042969
1584,0,-2.8399999141693115,0.6062783002853394,4.209275722503662
1585,0,-2.8399999141693115,0.4995768070220947,4.489218235015869
1586,0,-2.8399999141693115,0.5196394324302673,4.749279022216797
1587,0,-2.8399999141693115,0.45962369441986084,4.175539970397949
1588,0,-2.8399999141693115,0.43576574325561523,4.853233814239502
1589,0,-2.8399999141693115,0.5295150279998779,4.0360426902771
1590,0,-2.8399999141693115,0.48239484429359436,3.9135048389434814
1591,0,-2.8399999141693115,0.49424371123313904,4.7033467292785645
1592,0,-2.8399999141693115,0.45914608240127563,4.525290489196777
1593,0,-2.8399999141693115,0.6110506057739258,4.087926864624023
1594,0,-2.8399999141693115,0.4431562125682831,4.186814308166504
1595,0,-2.8399999141693115,0.4697636067867279,4.841841697692871
1596,0,-8.569999694824219,0.6731199026107788,6.127955436706543
1597,1,8.569999694824219,0.7683078646659851,7.036892890930176
1598,0,-8.569999694824219,0.7387524247169495,7.047080039978027
1599,0,-8.569999694824219,0.7345247864723206,7.01851224899292
1600,0,-8.569999694824219,0.7115000486373901,6.717818260192871
1601,0,-8.569999694824219,0.45833295583724976,5.041296005249023
1602,0,-8.569999694824219,0.6758232712745667,6.219328880310059
1603,0,-8.569999694824219,0.5724709630012512,5.372930526733398
1604,0,-8.569999694824219,0.43443748354911804,4.866043567657471
1605,0,-8.569999694824219,0.6161479949951172,5.178040504455566
1606,0,-8.569999694824219,0.25299474596977234,4.847997665405273
1607,0,-8.569999694824219,0.45573416352272034,4.727984428405762
1608,0,-8.569999694824219,0.5185081958770752,5.663456439971924
1609,0,-8.569999694824219,0.2307462841272354,4.694848537445068
1610,0,-8.569999694824219,0.5032892823219299,5.144649505615234
1611,0,-8.569999694824219,0.40779581665992737,4.9161481857299805
1612,0,-8.569999694824219,0.28380879759788513,4.626902103424072
1613,0,-8.569999694824219,0.4212934970855713,4.770129680633545
1614,0,-8.569999694824219,0.3957625925540924,4.735182762145996
1615,0,-8.569999694824219,0.4220958948135376,5.316638946533203
1616,0,-8.569999694824219,0.3671931028366089,5.321916580200195
1617,1,7.320000171661377,0.7620545029640198,7.288524627685547
1618,1,7.320000171661377,0.7619555592536926,7.361056327819824
1619,0,-7.320000171661377,0.6868100762367249,7.167860984802246
1620,0,-7.320000171661377,0.6061955690383911,6.946700572967529
1621,0,-7.320000171661377,0.6104063391685486,6.957686901092529
1622,0,-7.320000171661377,0.5234850645065308,7.01168966293335
1623,0,-7.320000171661377,0.5660207867622375,7.257241725921631
1624,0,-7.320000171661377,0.6229496598243713,5.195322036743164
1625,0,-7.320000171661377,0.750039279460907,6.997901439666748
1626,0,-7.320000171661377,0.4452816843986511,7.2591166496276855
1627,0,-7.320000171661377,0.5634722709655762,4.893553733825684
1628,0,-7.320000171661377,0.6140550971031189,5.686859607696533
1629,0,-7.320000171661377,0.52715003490448,6.196080684661865
1630,1,7.320000171661377,0.738163411617279,7.055111408233643
1631,0,-7.320000171661377,0.4407934844493866,7.022176265716553
1632,0,-7.320000171661377,0.4291086792945862,5.549616813659668
1633,0,-7.320000171661377,0.522412121295929,5.562353134155273
1634,0,-7.320000171661377,0.40394851565361023,5.1417388916015625
1635,0,-7.320000171661377,0.6627662181854248,6.28441047668457
1636,0,-7.320000171661377,0.5961278080940247,6.444533348083496
1637,1,4.300000190734863,0.6250919699668884,6.575298309326172
1638,1,4.300000190734863,0.6508434414863586,6.419117450714111
1639,1,4.300000190734863,0.6166414618492126,6.703627109527588
1640,0,-4.300000190734863,0.6106234788894653,6.79696798324585
1641,0,-4.300000190734863,0.35236692428588867,5.827230453491211
1642,0,-4.300000190734863,0.530543863773346,6.641033172607422
1643,0,-4.300000190734863,0.31208762526512146,5.375490188598633
1644,0,-4.300000190734863,0.3345743715763092,6.662320137023926
1645,0,-4.300000190734863,0.44029301404953003,5.8159708976745605
1646,0,-4.300000190734863,0.35045427083969116,6.609007358551025
1647,0,-4.300000190734863,0.21626293659210205,5.555079936981201
1648,0,-4.300000190734863,0.5424190759658813,6.511651039123535
1649,0,-4.300000190734863,0.3182993233203888,5.795297622680664
1650,0,-4.300000190734863,0.4985100030899048,6.5114216804504395
1651,0,-4.300000190734863,0.330148309469223,5.904521465301514
1652,0,-4.300000190734863,0.2740447521209717,6.730123043060303
1653,0,-4.300000190734863,0.3792540431022644,7.352438926696777
1654,0,-4.300000190734863,0.27299824357032776,6.490848064422607
1655,0,-4.300000190734863,0.5090704560279846,7.021614074707031
1656,0,-4.300000190734863,0.35011059045791626,6.5205206871032715
1657,0,-4.300000190734863,0.38633182644844055,5.237792491912842
1658,1,4.429999828338623,0.37615472078323364,5.893265724182129
1659,0,-4.429999828338623,0.5639845132827759,5.212763786315918
1660,0,-4.429999828338623,0.5863959789276123,6.280552387237549
1661,0,-4.429999828338623,0.555854856967926,5.1704864501953125
1662,0,-4.429999828338623,0.5654923319816589,6.469892501831055
1663,0,-4.429999828338623,0.5381208062171936,6.436984062194824
1664,0,-4.429999828338623,0.4225843846797943,5.717062950134277
1665,0,-4.429999828338623,0.4337272346019745,5.529141902923584
1666,0,-4.429999828338623,0.49124881625175476,6.450263977050781
1667,0,-4.429999828338623,0.4503282904624939,5.612149238586426
1668,0,-4.429999828338623,0.4510745704174042,5.339533805847168
1669,0,-4.429999828338623,0.4921784996986389,5.691105365753174
1670,0,-4.429999828338623,0.5221115946769714,5.71853494644165
1671,0,-4.429999828338623,0.4966440796852112,5.577860355377197
1672,1,4.429999828338623,0.44480788707733154,5.622532367706299
1673,0,-4.429999828338623,0.47245848178863525,5.764952659606934
1674,0,-4.429999828338623,0.49363240599632263,5.362458229064941
1675,0,-4.429999828338623,0.49377596378326416,6.279247283935547
1676,1,4.429999828338623,0.43640345335006714,5.9026408195495605
1677,0,-4.429999828338623,0.3183634579181671,6.145246982574463
1678,1,7.960000038146973,0.4627874195575714,5.616875171661377
1679,1,7.960000038146973,0.45779937505722046,5.606986045837402
1680,0,-7.960000038146973,0.2664968967437744,6.598149299621582
1681,0,-7.960000038146973,0.4497172236442566,5.035369396209717
1682,0,-7.960000038146973,0.38261914253234863,5.863724231719971
1683,0,-7.960000038146973,0.20439927279949188,6.2339253425598145
1684,0,-7.960000038146973,0.17609816789627075,6.10856294631958
1685,0,-7.960000038146973,0.4733014702796936,5.338049411773682
1686,0,-7.960000038146973,0.3740245997905731,5.220826148986816
1687,0,-7.960000038146973,0.33852219581604004,5.403369426727295
1688,0,-7.960000038146973,0.33525899052619934,5.476857662200928
1689,0,-7.960000038146973,0.3289145231246948,5.473607540130615
1690,0,-7.960000038146973,0.1837616115808487,6.460306167602539
1691,0,-7.960000038146973,0.5258816480636597,7.00909948348999
1692,0,-7.960000038146973,0.23657120764255524,6.016231060028076
1693,0,-7.960000038146973,0.27074047923088074,6.373584747314453
1694,0,-7.960000038146973,0.2775956094264984,7.729101181030273
1695,0,-7.960000038146973,0.14437587559223175,6.681891441345215
1696,0,-7.960000038146973,0.21654054522514343,6.295948505401611
1697,0,-7.960000038146973,0.1261259764432907,6.174698829650879
1698,1,7.46999979019165,0.762758195400238,7.112370491027832
1699,0,-7.46999979019165,0.763700544834137,5.870090007781982
1700,0,-7.46999979019165,0.735561192035675,6.883898735046387
1701,1,7.46999979019165,0.7823709845542908,7.271677494049072
1702,0,-7.46999979019165,0.6563093662261963,7.171969890594482
1703,0,-7.46999979019165,0.7484638094902039,6.451618671417236
1704,0,-7.46999979019165,0.6721277832984924,6.62117862701416
1705,0,-7.46999979019165,0.5358943939208984,6.84787654876709
1706,0,-7.46999979019165,0.34157371520996094,4.887383460998535
1707,0,-7.46999979019165,0.39804014563560486,5.467031955718994
1708,0,-7.46999979019165,0.35166460275650024,5.436931133270264
1709,0,-7.46999979019165,0.7012324929237366,6.309476852416992
1710,0,-7.46999979019165,0.6844777464866638,6.757311820983887
1711,0,-7.46999979019165,0.5043697953224182,4.807145595550537
1712,0,-7.46999979019165,0.40477681159973145,6.050389289855957
1713,0,-7.46999979019165,0.5631588697433472,5.441062927246094
1714,0,-7.46999979019165,0.6118080019950867,4.33194637298584
1715,0,-7.46999979019165,0.433033287525177,4.9137725830078125
1716,0,-7.46999979019165,0.4481599032878876,6.4200263023376465
1717,0,-7.46999979019165,0.3836982250213623,6.110254287719727
1718,0,-7.46999979019165,0.4309420883655548,4.876483917236328
1719,1,8.520000457763672,0.67762291431427,7.192870616912842
1720,1,8.520000457763672,0.6428890824317932,7.00884485244751
1721,0,-8.520000457763672,0.45811256766319275,6.278652191162109
1722,0,-8.520000457763672,0.2574993073940277,6.365334510803223
1723,1,2.119999885559082,0.7115622162818909,3.6820497512817383
1724,0,-2.119999885559082,0.5987006425857544,3.374466896057129
1725,0,-2.119999885559082,0.5867308974266052,3.5724968910217285
1726,0,-2.119999885559082,0.5017246007919312,3.7024497985839844
1727,1,2.119999885559082,0.6857081055641174,3.5863888263702393
1728,0,-2.119999885559082,0.46122580766677856,3.879795551300049
1729,0,-2.119999885559082,0.6421958804130554,3.4756765365600586
1730,0,-2.119999885559082,0.5110611915588379,3.8487460613250732
1731,0,-2.119999885559082,0.5029848217964172,3.6915180683135986
1732,0,-2.119999885559082,0.34920111298561096,4.5955657958984375
1733,0,-2.119999885559082,0.4604315161705017,3.870820999145508
1734,0,-2.119999885559082,0.4865010678768158,3.788752317428589
1735,0,-2.119999885559082,0.46485909819602966,3.822315216064453
1736,0,-2.119999885559082,0.5261828303337097,3.5389204025268555
1737,0,-2.119999885559082,0.4300253093242645,4.0364885330200195
1738,0,-2.119999885559082,0.4360652565956116,4.105827331542969
1739,0,-2.119999885559082,0.4420047402381897,4.017091751098633
1740,0,-2.119999885559082,0.3761973977088928,4.289041519165039
1741,0,-2.119999885559082,0.4134017527103424,3.899007797241211
1742,0,-2.119999885559082,0.4383010268211365,3.8399267196655273
1743,0,-2.119999885559082,0.5072110891342163,3.618054151535034
1744,1,9.539999961853027,0.7666663527488708,6.833895683288574
1745,1,9.539999961853027,0.7659413814544678,6.88625431060791
1746,1,9.539999961853027,0.7683355212211609,6.885321140289307
1747,0,-9.539999961853027,0.7178245186805725,6.874661922454834
1748,0,-9.539999961853027,0.7499181628227234,7.345719337463379
1749,1,7.400000095367432,0.7145082354545593,5.915413856506348
1750,0,-7.400000095367432,0.701492428779602,6.600467205047607
1751,0,-7.400000095367432,0.6708284616470337,6.75326681137085
1752,0,-7.400000095367432,0.7368990778923035,6.255850791931152
1753,0,-7.400000095367432,0.6708329319953918,6.948594093322754
1754,0,-7.400000095367432,0.4980417490005493,6.030032157897949
1755,0,-7.400000095367432,0.5959627628326416,7.2168192863464355
1756,0,-7.400000095367432,0.646317720413208,6.7509284019470215
1757,0,-7.400000095367432,0.5084018707275391,5.972462177276611
1758,0,-7.400000095367432,0.45279935002326965,5.813547611236572
1759,0,-7.400000095367432,0.5290787816047668,6.359094619750977
1760,0,-7.400000095367432,0.4915008246898651,7.365939617156982
1761,0,-7.400000095367432,0.6559394001960754,6.7625579833984375
1762,0,-7.400000095367432,0.6240718364715576,6.818449020385742
1763,0,-7.400000095367432,0.39233484864234924,5.771206378936768
1764,0,-7.400000095367432,0.6436631679534912,5.506174564361572
1765,0,-7.400000095367432,0.3124726116657257,6.618104934692383
1766,0,-7.400000095367432,0.47161704301834106,5.899616241455078
1767,0,-7.400000095367432,0.5212700366973877,5.936562538146973
1768,0,-7.400000095367432,0.42066141963005066,5.785210609436035
1769,0,-7.400000095367432,0.5486101508140564,6.227044582366943
1770,1,7.119999885559082,0.8065733313560486,8.331758499145508
1771,1,7.119999885559082,0.8082290887832642,8.440299034118652
1772,0,-7.119999885559082,0.768775224685669,8.393171310424805
1773,0,-7.119999885559082,0.8042889833450317,8.381240844726562
1774,0,-7.119999885559082,0.6693137884140015,7.660057067871094
1775,1,2.569999933242798,0.7321115136146545,3.390709161758423
1776,1,2.569999933242798,0.7360883951187134,3.445330858230591
1777,1,2.569999933242798,0.7147925496101379,3.2602498531341553
1778,0,-2.569999933242798,0.4985862374305725,4.084651947021484
1779,0,-2.569999933242798,0.44693389534950256,4.087453842163086
1780,1,2.569999933242798,0.639465868473053,3.321397304534912
1781,0,-2.569999933242798,0.3563271164894104,4.364201068878174
1782,1,2.569999933242798,0.6175673604011536,3.5416319370269775
1783,0,-2.569999933242798,0.4137398302555084,4.108476638793945
1784,0,-2.569999933242798,0.37727639079093933,4.092429161071777
1785,0,-2.569999933242798,0.36670026183128357,4.194090843200684
1786,0,-2.569999933242798,0.4395498037338257,4.003499984741211
1787,1,2.569999933242798,0.5279668569564819,3.7865192890167236
1788,1,2.569999933242798,0.5269067883491516,3.994319200515747
1789,0,-2.569999933242798,0.45823100209236145,3.891427993774414
1790,0,-2.569999933242798,0.3252546489238739,4.698184490203857
1791,0,-2.569999933242798,0.46601688861846924,3.8120579719543457
1792,0,-2.569999933242798,0.41885867714881897,4.3027238845825195
1793,0,-2.569999933242798,0.4090636670589447,4.244260787963867
1794,0,-2.569999933242798,0.4412481486797333,4.123654365539551
1795,1,5.019999980926514,0.7069944739341736,7.203546524047852
1796,1,5.019999980926514,0.7215358018875122,7.0974040031433105
1797,0,-5.019999980926514,0.6894180178642273,6.929991245269775
1798,0,-5.019999980926514,0.37687718868255615,5.745325088500977
1799,0,-5.019999980926514,0.24327585101127625,6.847479343414307
1800,0,-5.019999980926514,0.4181261360645294,6.73660135269165
1801,0,-5.019999980926514,0.37489643692970276,6.1210618019104
1802,0,-5.019999980926514,0.386135995388031,6.335710048675537
1803,0,-5.019999980926514,0.549430251121521,7.084301948547363
1804,0,-5.019999980926514,0.3633299171924591,6.401150703430176
1805,0,-5.019999980926514,0.3642927408218384,6.099825382232666
1806,0,-5.019999980926514,0.3049388825893402,6.022724628448486
1807,0,-5.019999980926514,0.3774276673793793,5.888487339019775
1808,0,-5.019999980926514,0.3322645425796509,5.9950056076049805
1809,0,-5.019999980926514,0.2951897382736206,6.65366268157959
1810,1,5.960000038146973,0.73333740234375,5.501324653625488
1811,1,5.960000038146973,0.721734344959259,5.4503583908081055
1812,1,5.960000038146973,0.5749930143356323,5.302613735198975
1813,0,-5.960000038146973,0.5890657901763916,5.452836513519287
1814,0,-5.960000038146973,0.5904845595359802,5.249247074127197
1815,0,-5.960000038146973,0.5072569251060486,6.050492763519287
1816,0,-5.960000038146973,0.42803460359573364,6.225914001464844
1817,0,-5.960000038146973,0.40385597944259644,5.528837203979492
1818,0,-5.960000038146973,0.35662540793418884,5.387054920196533
1819,0,-5.960000038146973,0.39175155758857727,5.453251361846924
1820,0,-5.960000038146973,0.4307157099246979,5.424378395080566
1821,0,-5.960000038146973,0.510978639125824,5.1208109855651855
1822,0,-5.960000038146973,0.4014908969402313,5.420212745666504
1823,0,-5.960000038146973,0.29626089334487915,5.703094005584717
1824,0,-5.960000038146973,0.39108043909072876,5.692734241485596
1825,0,-5.960000038146973,0.4813206195831299,5.627867221832275
1826,1,4.650000095367432,0.7186786532402039,5.527324199676514
1827,1,4.650000095367432,0.6923198103904724,5.471625328063965
1828,0,-4.650000095367432,0.49595680832862854,5.322954177856445
1829,0,-4.650000095367432,0.49482667446136475,5.277369499206543
1830,0,-4.650000095367432,0.39887577295303345,5.367887496948242
1831,0,-4.650000095367432,0.32362043857574463,5.554124355316162
1832,0,-4.650000095367432,0.410246878862381,5.199405193328857
1833,0,-4.650000095367432,0.3656889796257019,5.630960464477539
1834,0,-4.650000095367432,0.3892683982849121,5.663399696350098
1835,0,-4.650000095367432,0.34846001863479614,5.771761894226074
1836,0,-4.650000095367432,0.49561089277267456,6.581489086151123
1837,0,-4.650000095367432,0.3315311074256897,5.577236652374268
1838,0,-4.650000095367432,0.46399256587028503,5.053940296173096
1839,0,-4.650000095367432,0.38747331500053406,5.3633294105529785
1840,0,-4.650000095367432,0.37182557582855225,5.534609317779541
1841,0,-4.650000095367432,0.47502198815345764,5.800998687744141
1842,0,-4.650000095367432,0.4028277099132538,5.259247779846191
1843,0,-4.650000095367432,0.49148693680763245,5.306032657623291
1844,0,-4.650000095367432,0.4283224642276764,5.179089069366455
1845,0,-4.650000095367432,0.35544368624687195,5.435732364654541
1846,1,8.850000381469727,0.7563777565956116,8.182609558105469
1847,1,8.850000381469727,0.7545579671859741,8.172300338745117
1848,0,-8.850000381469727,0.7381806373596191,7.927275657653809
1849,0,-8.850000381469727,0.7355740070343018,7.651017189025879
1850,1,8.0,0.7645993828773499,7.768983840942383
1851,1,8.0,0.7641636729240417,7.763575553894043
1852,0,-8.0,0.6743817329406738,7.244218826293945
1853,0,-8.0,0.6925962567329407,7.221080780029297
1854,1,4.380000114440918,0.7480161786079407,4.615936279296875
1855,1,4.380000114440918,0.6817594170570374,4.725365161895752
1856,0,-4.380000114440918,0.660640299320221,4.4402174949646
1857,1,4.380000114440918,0.7475160956382751,4.342502117156982
1858,0,-4.380000114440918,0.4971497654914856,5.151344299316406
1859,0,-4.380000114440918,0.5779110193252563,4.817012310028076
1860,0,-4.380000114440918,0.6005412936210632,4.933263778686523
1861,0,-4.380000114440918,0.47228145599365234,4.742587089538574
1862,0,-4.380000114440918,0.6447249054908752,4.413071155548096
1863,0,-4.380000114440918,0.4657607674598694,4.683300018310547
1864,0,-4.380000114440918,0.5068068504333496,4.779870510101318
1865,0,-4.380000114440918,0.5052160024642944,4.7766828536987305
1866,0,-4.380000114440918,0.4229012131690979,4.971927165985107
1867,0,-4.380000114440918,0.42142683267593384,4.7189202308654785
1868,0,-4.380000114440918,0.43305933475494385,5.095398902893066
1869,0,-4.380000114440918,0.4891321361064911,4.579087257385254
1870,0,-4.380000114440918,0.42508578300476074,4.532717704772949
1871,0,-4.380000114440918,0.4509953260421753,5.217690944671631
1872,0,-4.380000114440918,0.4280048906803131,4.576146125793457
1873,0,-4.380000114440918,0.3605319559574127,4.938405513763428
1874,0,-4.380000114440918,0.38035109639167786,4.606674671173096
1875,1,4.800000190734863,0.651671826839447,4.227150917053223
1876,1,4.800000190734863,0.630868136882782,4.242022514343262
1877,0,-4.800000190734863,0.669844388961792,4.855010509490967
1878,0,-4.800000190734863,0.4216074049472809,4.850316524505615
1879,0,-4.800000190734863,0.45421406626701355,4.723744869232178
1880,0,-4.800000190734863,0.46399354934692383,5.201544761657715
1881,0,-4.800000190734863,0.46482419967651367,4.126169204711914
1882,0,-4.800000190734863,0.49523723125457764,4.3976263999938965
1883,0,-4.800000190734863,0.7245074510574341,5.273867607116699
1884,1,4.800000190734863,0.6760320067405701,4.161157608032227
1885,0,-4.800000190734863,0.5213086605072021,4.029784202575684
1886,0,-4.800000190734863,0.4396001100540161,4.634368896484375
1887,0,-4.800000190734863,0.4411160349845886,4.098905086517334
1888,0,-4.800000190734863,0.41730985045433044,4.12602424621582
1889,0,-4.800000190734863,0.5174109935760498,4.297665119171143
1890,0,-4.800000190734863,0.3669784963130951,4.581061840057373
1891,0,-4.800000190734863,0.431356281042099,4.681530475616455
1892,0,-4.800000190734863,0.48495417833328247,4.025007724761963
1893,0,-4.800000190734863,0.34558483958244324,4.8690385818481445
1894,0,-4.800000190734863,0.39654719829559326,4.095371723175049
1895,0,-4.800000190734863,0.3801012933254242,4.360515594482422
1896,1,8.819999694824219,0.6498031616210938,7.301692008972168
1897,0,-8.819999694824219,0.66871178150177,6.519850730895996
1898,0,-8.819999694824219,0.5248688459396362,7.180661201477051
1899,0,-8.819999694824219,0.5131403207778931,7.325168609619141
1900,0,-8.819999694824219,0.5195870399475098,7.128555774688721
1901,0,-8.819999694824219,0.6059170961380005,6.872575283050537
1902,0,-8.819999694824219,0.5764594674110413,6.690390110015869
1903,0,-8.819999694824219,0.6801683306694031,6.777471542358398
1904,0,-8.819999694824219,0.5840224027633667,7.701307773590088
1905,0,-8.819999694824219,0.5888261198997498,7.253767967224121
1906,0,-8.819999694824219,0.48718157410621643,6.889382362365723
1907,0,-8.819999694824219,0.5685887932777405,7.0828375816345215
1908,0,-8.819999694824219,0.555489718914032,8.065997123718262
1909,0,-8.819999694824219,0.6451934576034546,6.632989406585693
1910,0,-8.819999694824219,0.5178385972976685,7.0228166580200195
1911,1,8.819999694824219,0.5456459522247314,7.715986251831055
1912,0,-8.819999694824219,0.6558049321174622,6.508970260620117
1913,0,-8.819999694824219,0.5426065921783447,8.204450607299805
1914,0,-8.819999694824219,0.6585514545440674,6.418100357055664
1915,1,8.819999694824219,0.679018497467041,6.874847412109375
1916,0,-8.819999694824219,0.44790011644363403,8.016010284423828
1917,1,6.869999885559082,0.6778668761253357,7.07514762878418
1918,0,-6.869999885559082,0.7362964153289795,7.483162879943848
1919,0,-6.869999885559082,0.74228435754776,7.542359352111816
1920,0,-6.869999885559082,0.6690253615379333,7.040226936340332
1921,1,6.869999885559082,0.7092111706733704,7.40557336807251
1922,1,6.869999885559082,0.6864955425262451,7.108841896057129
1923,1,6.869999885559082,0.6847836375236511,7.247072696685791
1924,1,6.869999885559082,0.6744357943534851,6.974647521972656
1925,1,6.869999885559082,0.677707850933075,6.846240043640137
1926,0,-6.869999885559082,0.7030773162841797,7.152332305908203
1927,0,-6.869999885559082,0.6819793581962585,7.4018778800964355
1928,0,-6.869999885559082,0.5897574424743652,7.110292434692383
1929,0,-6.869999885559082,0.7059024572372437,7.080906867980957
1930,0,-6.869999885559082,0.6740627288818359,7.112607479095459
1931,0,-6.869999885559082,0.5366504192352295,7.091920852661133
1932,0,-6.869999885559082,0.5200126767158508,7.1098551750183105
1933,1,6.869999885559082,0.6492663025856018,7.160676002502441
1934,0,-6.869999885559082,0.6789295673370361,7.452121257781982
1935,0,-6.869999885559082,0.638812780380249,6.7583088874816895
1936,1,11.220000267028809,0.7174713015556335,8.467147827148438
1937,1,11.220000267028809,0.6778582334518433,8.320611000061035
1938,0,-11.220000267028809,0.6694066524505615,8.384437561035156
1939,0,-11.220000267028809,0.6682981252670288,8.353121757507324
1940,0,-11.220000267028809,0.6555910706520081,7.763162136077881
1941,0,-11.220000267028809,0.5051301121711731,8.37845230102539
1942,0,-11.220000267028809,0.7077664732933044,7.928040981292725
1943,0,-11.220000267028809,0.620125412940979,7.305585861206055
1944,0,-11.220000267028809,0.4990552067756653,8.243484497070312
1945,0,-11.220000267028809,0.4662310481071472,7.765544414520264
1946,0,-11.220000267028809,0.5175802111625671,8.122782707214355
1947,0,-11.220000267028809,0.2870021164417267,7.760735511779785
1948,0,-11.220000267028809,0.3384694457054138,8.388201713562012
1949,0,-11.220000267028809,0.49193525314331055,8.411368370056152
1950,0,-11.220000267028809,0.6354696154594421,7.714276313781738
1951,0,-11.220000267028809,0.31548041105270386,7.508239269256592
1952,0,-11.220000267028809,0.5526378154754639,8.189135551452637
1953,0,-11.220000267028809,0.5077852010726929,7.693533897399902
1954,0,-11.220000267028809,0.15623736381530762,7.831132888793945
1955,0,-11.220000267028809,0.5531002283096313,8.046079635620117
1956,0,-11.220000267028809,0.5763075351715088,7.660112380981445
1957,1,4.550000190734863,0.7505035400390625,5.026366233825684
1958,1,4.550000190734863,0.753045916557312,5.057413101196289
1959,0,-4.550000190734863,0.5375555157661438,6.179120063781738
1960,0,-4.550000190734863,0.49986228346824646,5.794260025024414
1961,0,-4.550000190734863,0.3934480547904968,5.126302242279053
1962,0,-4.550000190734863,0.18509511649608612,6.0425848960876465
1963,0,-4.550000190734863,0.3187097907066345,5.342667102813721
1964,0,-4.550000190734863,0.21843300759792328,5.904199600219727
1965,0,-4.550000190734863,0.3554958403110504,5.085859298706055
1966,0,-4.550000190734863,0.3458198010921478,4.928653717041016
1967,0,-4.550000190734863,0.386702299118042,5.455179214477539
1968,0,-4.550000190734863,0.25866106152534485,5.771127223968506
1969,0,-4.550000190734863,0.29889926314353943,5.278914451599121
1970,0,-4.550000190734863,0.42150288820266724,4.830350875854492
1971,0,-4.550000190734863,0.34248965978622437,5.252207279205322
1972,0,-4.550000190734863,0.2877058684825897,5.214618682861328
1973,0,-4.550000190734863,0.3633304238319397,5.3487114906311035
1974,0,-4.550000190734863,0.4252096712589264,4.587490081787109
1975,0,-4.550000190734863,0.4727634787559509,5.00844144821167
1976,0,-4.550000190734863,0.32331377267837524,4.631101608276367
1977,1,9.220000267028809,0.7155366539955139,6.685093879699707
1978,1,9.220000267028809,0.7191804051399231,6.7972517013549805
1979,0,-9.220000267028809,0.49875614047050476,7.003515720367432
1980,0,-9.220000267028809,0.4964722990989685,7.103142261505127
1981,0,-9.220000267028809,0.5142369270324707,6.195830821990967
1982,0,-9.220000267028809,0.521545946598053,7.1543474197387695
1983,0,-9.220000267028809,0.3978385627269745,6.628472328186035
1984,0,-9.220000267028809,0.4346425533294678,6.652235984802246
1985,0,-9.220000267028809,0.199468731880188,6.748891353607178
1986,0,-9.220000267028809,0.4528413712978363,5.644837379455566
1987,0,-9.220000267028809,0.3354409635066986,6.298576831817627
1988,0,-9.220000267028809,0.18090830743312836,5.729579448699951
1989,0,-9.220000267028809,0.32165640592575073,6.544910430908203
1990,0,-9.220000267028809,0.12423250824213028,5.231556415557861
1991,0,-9.220000267028809,0.48842036724090576,6.496798992156982
1992,0,-9.220000267028809,0.16028980910778046,6.073066711425781
1993,0,-9.220000267028809,0.34825146198272705,5.7187299728393555
1994,0,-9.220000267028809,0.24501007795333862,5.216924667358398
1995,0,-9.220000267028809,0.20377539098262787,5.959219455718994
1996,0,-9.220000267028809,0.18030090630054474,5.503163814544678
1997,0,-9.220000267028809,0.13844439387321472,5.448027610778809
1998,1,7.659999847412109,0.7883197069168091,9.025585174560547
1999,1,7.659999847412109,0.7877811789512634,9.03221607208252
2000,0,-7.659999847412109,0.7474279999732971,7.862954139709473
2001,0,-7.659999847412109,0.7463637590408325,8.64422607421875
2002,1,6.659999847412109,0.7844359278678894,5.8292059898376465
2003,1,6.659999847412109,0.7830343842506409,5.900795936584473
2004,0,-6.659999847412109,0.6576181054115295,5.049403667449951
2005,0,-6.659999847412109,0.6866077184677124,4.539974689483643
2006,0,-6.659999847412109,0.6782907843589783,4.680354118347168
2007,0,-6.659999847412109,0.5081306099891663,4.551255702972412
2008,0,-6.659999847412109,0.4464786946773529,3.794217109680176
2009,0,-6.659999847412109,0.4220198690891266,4.9224138259887695
2010,0,-6.659999847412109,0.5465480089187622,4.174274444580078
2011,0,-4.449999809265137,0.7287659049034119,7.195595741271973
2012,0,-4.449999809265137,0.5246346592903137,6.6983642578125
2013,0,-4.449999809265137,0.5114128589630127,6.0184478759765625
2014,0,-4.449999809265137,0.6403313279151917,6.260862827301025
2015,0,-4.449999809265137,0.8151552081108093,6.945051193237305
2016,0,-4.449999809265137,0.4805317223072052,5.950442790985107
2017,0,-4.449999809265137,0.7727022767066956,6.964690208435059
2018,0,-4.449999809265137,0.3728567063808441,5.397087574005127
2019,0,-4.449999809265137,0.3292437493801117,5.712909698486328
2020,0,-4.449999809265137,0.5060703158378601,5.909025192260742
2021,0,-4.449999809265137,0.35143840312957764,4.974250316619873
2022,0,-4.449999809265137,0.5518113970756531,4.7505340576171875
2023,0,-4.449999809265137,0.4980922341346741,5.140021324157715
2024,0,-4.449999809265137,0.3464878797531128,5.634336471557617
2025,0,-4.449999809265137,0.32518041133880615,5.1068315505981445
2026,0,-4.449999809265137,0.49429214000701904,5.349728584289551
2027,0,-4.449999809265137,0.3868672549724579,4.972178936004639
2028,0,-4.449999809265137,0.46357840299606323,4.832289218902588
2029,0,-4.449999809265137,0.37293145060539246,5.198368549346924
2030,0,-4.449999809265137,0.45771461725234985,5.121240615844727
2031,0,-4.449999809265137,0.3919632136821747,4.64285135269165
2032,1,7.409999847412109,0.7124348878860474,7.106103420257568
2033,1,7.409999847412109,0.7133200764656067,7.122856140136719
2034,0,-7.409999847412109,0.5641941428184509,7.14061164855957
2035,0,-7.409999847412109,0.6269357800483704,7.046124458312988
2036,0,-7.409999847412109,0.5802993774414062,7.126092433929443
2037,1,4.820000171661377,0.7958136796951294,5.601600170135498
2038,1,4.820000171661377,0.7901575565338135,5.491479396820068
2039,0,-4.820000171661377,0.7327948212623596,4.872630596160889
2040,0,-4.820000171661377,0.7164169549942017,5.085529327392578
2041,0,-4.820000171661377,0.4569975733757019,4.930039882659912
2042,0,-4.820000171661377,0.5540215373039246,4.582111835479736
2043,0,-4.820000171661377,0.40403562784194946,4.655513286590576
2044,0,-4.820000171661377,0.5853310823440552,4.268383979797363
2045,1,5.480000019073486,0.8008891344070435,6.17280912399292
2046,1,5.480000019073486,0.8020635843276978,6.201114177703857
2047,0,-5.480000019073486,0.7958653569221497,5.516687393188477
2048,0,-5.480000019073486,0.6231048703193665,5.066089630126953
2049,0,-5.480000019073486,0.741671621799469,4.986328601837158
2050,0,-5.480000019073486,0.7765448689460754,4.899837493896484
2051,0,-5.480000019073486,0.6497268676757812,4.439347743988037
2052,0,-5.480000019073486,0.5875939726829529,4.489267826080322
2053,0,-5.480000019073486,0.37941351532936096,3.939567804336548
2054,0,-5.480000019073486,0.3949948847293854,4.279940605163574
2055,0,-5.480000019073486,0.26389095187187195,4.280796051025391
2056,0,-5.480000019073486,0.3251142203807831,4.729373455047607
2057,0,-5.480000019073486,0.32612812519073486,4.162319660186768
2058,0,-5.480000019073486,0.2845073342323303,4.344336986541748
2059,0,-5.480000019073486,0.3605697751045227,4.163865089416504
2060,0,-5.480000019073486,0.5076826810836792,4.250687599182129
2061,0,-5.480000019073486,0.3209594786167145,4.248413562774658
2062,0,-5.480000019073486,0.3275032043457031,4.308928489685059
2063,0,-5.480000019073486,0.4931129813194275,3.9503257274627686
2064,1,6.579999923706055,0.7331474423408508,7.579820156097412
2065,0,-6.579999923706055,0.744268000125885,7.612854957580566
2066,0,-6.579999923706055,0.6592260003089905,7.168200492858887
2067,0,-6.579999923706055,0.21293997764587402,6.066137790679932
2068,0,-6.579999923706055,0.27221670746803284,6.358013153076172
2069,0,-6.579999923706055,0.6699879169464111,7.393208980560303
2070,0,-6.579999923706055,0.3184904456138611,6.0509934425354
2071,0,-6.579999923706055,0.4238581359386444,6.34614372253418
2072,0,-6.579999923706055,0.35255834460258484,5.878013610839844
2073,0,-6.579999923706055,0.4738379716873169,7.212021350860596
2074,0,-6.579999923706055,0.4020739197731018,6.830763816833496
2075,0,-6.579999923706055,0.43294864892959595,7.0052995681762695
2076,0,-6.579999923706055,0.3242059648036957,6.359501838684082
2077,0,-6.579999923706055,0.3783315420150757,5.97758150100708
2078,0,-6.579999923706055,0.2160051017999649,6.560922145843506
2079,0,-6.579999923706055,0.3477352261543274,6.141965866088867
2080,0,-6.579999923706055,0.30563172698020935,6.8277106285095215
2081,0,-6.579999923706055,0.3037989139556885,6.140753269195557
2082,0,-6.579999923706055,0.48041144013404846,6.8565897941589355
2083,0,-6.579999923706055,0.3524773418903351,5.913322448730469
2084,0,-6.579999923706055,0.20902280509471893,6.110965728759766
2085,0,-7.820000171661377,0.6724351644515991,7.758570671081543
2086,0,-7.820000171661377,0.5449214577674866,7.686219215393066
2087,0,-7.820000171661377,0.3983210027217865,7.1861114501953125
2088,0,-7.820000171661377,0.5043101906776428,7.473139762878418
2089,0,-7.820000171661377,0.6494725346565247,6.98690938949585
2090,0,-7.820000171661377,0.38156628608703613,7.332651138305664
2091,0,-7.820000171661377,0.11735738813877106,6.54466438293457
2092,0,-7.820000171661377,0.5773648023605347,7.447185516357422
2093,0,-7.820000171661377,0.14742286503314972,7.366576194763184
2094,0,-7.820000171661377,0.38957419991493225,7.833108425140381
2095,0,-7.820000171661377,0.3236057758331299,7.7304229736328125
2096,0,-7.820000171661377,0.4446521997451782,7.46954345703125
2097,0,-7.820000171661377,0.6923114657402039,7.494187355041504
2098,0,-7.820000171661377,0.4646078944206238,7.444817543029785
2099,0,-7.820000171661377,0.1771986186504364,7.497530937194824
2100,0,-7.820000171661377,0.39682093262672424,7.758082866668701
2101,0,-7.820000171661377,0.5209557414054871,7.734236240386963
2102,0,-7.820000171661377,0.3439785838127136,7.39503288269043
2103,0,-7.820000171661377,0.47401943802833557,7.433187961578369
2104,0,-7.820000171661377,0.3987759053707123,6.938601493835449
2105,0,-7.099999904632568,0.4478285312652588,5.564296245574951
2106,0,-7.099999904632568,0.43541547656059265,5.400423526763916
2107,0,-7.099999904632568,0.41577526926994324,5.705568313598633
2108,0,-7.099999904632568,0.4561060667037964,6.05122184753418
2109,0,-7.099999904632568,0.39240312576293945,5.669476509094238
2110,0,-7.099999904632568,0.4459114372730255,5.760385990142822
2111,0,-7.099999904632568,0.4327084422111511,5.878036022186279
2112,0,-7.099999904632568,0.41559070348739624,5.235395431518555
2113,0,-7.099999904632568,0.4187244772911072,5.5704193115234375
2114,0,-7.099999904632568,0.3723618984222412,5.361788272857666
2115,0,-7.099999904632568,0.42415472865104675,5.7827887535095215
2116,0,-7.099999904632568,0.43335676193237305,5.544816970825195
2117,0,-7.099999904632568,0.41711127758026123,5.654754161834717
2118,0,-7.099999904632568,0.4420550465583801,5.642062664031982
2119,0,-7.099999904632568,0.4425100088119507,5.607883930206299
2120,0,-7.099999904632568,0.41382545232772827,5.7804083824157715
2121,0,-7.099999904632568,0.4203701913356781,5.591897487640381
2122,0,-7.099999904632568,0.43431156873703003,5.913349628448486
2123,0,-7.099999904632568,0.4035697281360626,5.56545877456665
2124,0,-7.099999904632568,0.3828984498977661,5.304812431335449
2125,0,-7.099999904632568,0.4156644642353058,5.521262168884277
2126,1,9.0,0.7540390491485596,7.551346778869629
2127,0,-9.0,0.6380294561386108,6.1098952293396
2128,0,-9.0,0.7086856961250305,7.1688923835754395
2129,0,-9.0,0.6820152401924133,7.12217378616333
2130,0,-9.0,0.6673085689544678,6.9078168869018555
2131,0,-9.0,0.6835247874259949,6.96961784362793
2132,0,-9.0,0.5515198111534119,7.20702600479126
2133,0,-9.0,0.5059437155723572,6.744922637939453
2134,0,-9.0,0.6603640913963318,5.74654483795166
2135,0,-9.0,0.641167402267456,5.925460338592529
2136,0,-9.0,0.6658849716186523,7.009925365447998
2137,0,-9.0,0.4482308328151703,6.37351655960083
2138,0,-9.0,0.5244625210762024,5.990939140319824
2139,0,-9.0,0.49829238653182983,6.670445919036865
2140,0,-9.0,0.4864266812801361,6.5854997634887695
2141,0,-9.0,0.4698026776313782,6.713357925415039
2142,0,-9.0,0.5522118806838989,6.98585319519043
2143,0,-9.0,0.4117671251296997,6.783627510070801
2144,0,-9.0,0.49374842643737793,5.889113903045654
2145,0,-9.0,0.4792713522911072,7.279691696166992
2146,0,-9.0,0.432326078414917,6.923521041870117
2147,1,6.53000020980835,0.7812862396240234,8.171142578125
2148,1,6.53000020980835,0.7806663513183594,8.049489974975586
2149,0,-6.53000020980835,0.6810376048088074,7.0923333168029785
2150,0,-6.53000020980835,0.7528489232063293,7.834935188293457
2151,0,-6.53000020980835,0.7989880442619324,8.195666313171387
2152,0,-6.53000020980835,0.7552844882011414,7.732558250427246
2153,1,3.2799999713897705,0.5428052544593811,4.689680099487305
2154,1,3.2799999713897705,0.495714008808136,4.831900596618652
2155,1,3.2799999713897705,0.5003933310508728,4.791978359222412
2156,0,-3.2799999713897705,0.45434051752090454,5.165119171142578
2157,0,-3.2799999713897705,0.39952102303504944,5.340590953826904
2158,0,-3.2799999713897705,0.19653446972370148,6.328312397003174
2159,0,-3.2799999713897705,0.2070179134607315,6.352474212646484
2160,0,-3.2799999713897705,0.27880263328552246,5.750136852264404
2161,0,-3.2799999713897705,0.24850192666053772,5.829193115234375
2162,0,-3.2799999713897705,0.4293060600757599,4.869082927703857
2163,0,-3.2799999713897705,0.3845199942588806,4.386125564575195
2164,0,-3.2799999713897705,0.38651517033576965,4.171133041381836
2165,0,-3.2799999713897705,0.17704135179519653,6.38013219833374
2166,0,-3.2799999713897705,0.2784311771392822,5.275390148162842
2167,0,-3.2799999713897705,0.28696778416633606,4.921870231628418
2168,0,-3.2799999713897705,0.20982852578163147,5.891812801361084
2169,0,-3.2799999713897705,0.3177836537361145,5.404911518096924
2170,1,3.2799999713897705,0.2634986937046051,5.567816734313965
2171,0,-3.2799999713897705,0.26144471764564514,5.032739639282227
2172,0,-3.2799999713897705,0.2126397341489792,5.2408552169799805
2173,0,-3.2799999713897705,0.34802839159965515,5.038170337677002
2174,1,8.149999618530273,0.7130562663078308,6.6202778816223145
2175,1,8.149999618530273,0.716227114200592,6.558272361755371
2176,1,8.149999618530273,0.553862988948822,5.924670696258545
2177,0,-8.149999618530273,0.574054479598999,5.7732343673706055
2178,0,-8.149999618530273,0.41510435938835144,4.987161159515381
2179,0,-8.149999618530273,0.4743216335773468,6.078103065490723
2180,0,-8.149999618530273,0.4128261208534241,5.40679931640625
2181,0,-8.149999618530273,0.48357337713241577,5.91454553604126
2182,0,-8.149999618530273,0.49630361795425415,5.848106861114502
2183,0,-8.149999618530273,0.4139383137226105,5.055943965911865
2184,0,-8.149999618530273,0.5517455339431763,5.359610080718994
2185,0,-8.149999618530273,0.4686226546764374,5.601415634155273
2186,0,-8.149999618530273,0.48241132497787476,5.327752113342285
2187,0,-8.149999618530273,0.4162277579307556,5.26614236831665
2188,0,-8.149999618530273,0.3238808512687683,5.596065521240234
2189,0,-8.149999618530273,0.4428555965423584,5.071971416473389
2190,0,-8.149999618530273,0.39431869983673096,4.9509992599487305
2191,0,-8.149999618530273,0.3840678632259369,5.679206848144531
2192,0,-8.149999618530273,0.29888924956321716,5.812215328216553
2193,1,6.829999923706055,0.6965405344963074,7.307096481323242
2194,1,6.829999923706055,0.6968359351158142,7.303621768951416
2195,1,6.829999923706055,0.6184447407722473,7.049960136413574
2196,0,-6.829999923706055,0.7672155499458313,7.82376766204834
2197,0,-6.829999923706055,0.51764976978302,7.6042680740356445
2198,0,-6.829999923706055,0.6568135023117065,6.726619243621826
2199,0,-6.829999923706055,0.4775908589363098,6.3192315101623535
2200,0,-6.829999923706055,0.5753405094146729,6.788750648498535
2201,0,-6.829999923706055,0.7425272464752197,7.630453109741211
2202,0,-6.829999923706055,0.4175431728363037,6.2864789962768555
2203,0,-6.829999923706055,0.43492165207862854,6.115814685821533
2204,0,-6.829999923706055,0.4944976270198822,6.145083904266357
2205,0,-6.829999923706055,0.39224129915237427,6.519862651824951
2206,1,3.1600000858306885,0.7756052017211914,6.723299026489258
2207,1,3.1600000858306885,0.7729771137237549,6.722148895263672
2208,0,-3.1600000858306885,0.7220261693000793,6.647340297698975
2209,0,-3.1600000858306885,0.7467420101165771,6.954619407653809
2210,0,-3.1600000858306885,0.6820529103279114,6.7062506675720215
2211,1,3.1600000858306885,0.7659763693809509,6.370604038238525
2212,0,-3.1600000858306885,0.5769429206848145,6.303276538848877
2213,0,-3.1600000858306885,0.7451986074447632,7.413629531860352
2214,0,-3.1600000858306885,0.5744579434394836,6.5258097648620605
2215,0,-3.1600000858306885,0.7110483050346375,6.34455680847168
2216,1,2.7699999809265137,0.6805838942527771,4.468201160430908
2217,1,2.7699999809265137,0.6797380447387695,4.58599853515625
2218,0,-2.7699999809265137,0.45300808548927307,5.149035930633545
2219,0,-2.7699999809265137,0.6542032361030579,4.013845443725586
2220,0,-2.7699999809265137,0.4615151584148407,4.852494239807129
2221,0,-2.7699999809265137,0.4718540608882904,4.9309282302856445
2222,0,-2.7699999809265137,0.4783298969268799,4.684038162231445
2223,0,-2.7699999809265137,0.48766255378723145,5.1905107498168945
2224,0,-2.7699999809265137,0.37204819917678833,5.556260585784912
2225,0,-2.7699999809265137,0.347318172454834,4.525891304016113
2226,0,-2.7699999809265137,0.4227800667285919,4.861262798309326
2227,0,-2.7699999809265137,0.4393745958805084,5.1328444480896
2228,0,-2.7699999809265137,0.40578150749206543,4.497294902801514
2229,0,-2.7699999809265137,0.3757548928260803,4.603952407836914
2230,0,-2.7699999809265137,0.3344096839427948,5.576080322265625
2231,0,-2.7699999809265137,0.5272299647331238,3.6601808071136475
2232,0,-2.7699999809265137,0.3054555654525757,5.059133529663086
2233,0,-2.7699999809265137,0.33406293392181396,5.268462181091309
2234,0,-2.7699999809265137,0.36637187004089355,5.593429088592529
2235,0,-2.7699999809265137,0.2971339225769043,5.289339542388916
2236,0,-2.7699999809265137,0.3719688355922699,5.134638786315918
2237,1,9.699999809265137,0.7303696274757385,9.620287895202637
2238,1,9.699999809265137,0.7193872332572937,9.520345687866211
2239,0,-9.699999809265137,0.5827608704566956,8.900275230407715
2240,0,-9.699999809265137,0.32459622621536255,8.097150802612305
2241,0,-9.699999809265137,0.38710930943489075,7.119290351867676
2242,0,-9.699999809265137,0.57130366563797,8.949105262756348
2243,0,-9.699999809265137,0.2042699158191681,7.959662437438965
2244,0,-9.699999809265137,0.39944955706596375,7.166017055511475
2245,0,-9.699999809265137,0.4266367256641388,7.357146263122559
2246,0,-9.699999809265137,0.4830034375190735,8.666404724121094
2247,0,-9.699999809265137,0.28374722599983215,8.155017852783203
2248,0,-9.699999809265137,0.3296341598033905,7.46425724029541
2249,0,-9.699999809265137,0.49791067838668823,7.052753448486328
2250,1,4.03000020980835,0.5397092700004578,3.7386176586151123
2251,0,-4.03000020980835,0.5567783713340759,3.920893430709839
2252,0,-4.03000020980835,0.48888349533081055,4.018670082092285
2253,0,-4.03000020980835,0.5387887954711914,3.480367422103882
2254,0,-4.03000020980835,0.43421968817710876,4.370515823364258
2255,0,-4.03000020980835,0.4648277759552002,3.7929024696350098
2256,0,-4.03000020980835,0.5602664351463318,3.6189990043640137
2257,0,-4.03000020980835,0.4751570224761963,3.6570446491241455
2258,0,-4.03000020980835,0.4593107998371124,3.781526803970337
2259,0,-4.03000020980835,0.40485912561416626,4.253946304321289
2260,0,-4.03000020980835,0.44090065360069275,4.145144462585449
2261,0,-4.03000020980835,0.4614143967628479,4.096676826477051
2262,0,-4.03000020980835,0.4651455879211426,3.7994115352630615
2263,0,-4.03000020980835,0.4681008458137512,4.151637077331543
2264,0,-4.03000020980835,0.3927346169948578,3.7322733402252197
2265,0,-4.03000020980835,0.3963429927825928,4.082428932189941
2266,0,-4.03000020980835,0.4248354434967041,3.5942859649658203
2267,0,-4.03000020980835,0.4041934013366699,3.915966510772705
2268,0,-4.03000020980835,0.5987528562545776,3.6057209968566895
2269,0,-4.03000020980835,0.41082775592803955,4.153370380401611
2270,0,-4.03000020980835,0.3457396924495697,4.326735973358154
2271,1,9.100000381469727,0.5956399440765381,8.342193603515625
2272,1,9.100000381469727,0.5708184242248535,8.358262062072754
2273,1,9.100000381469727,0.46170151233673096,8.177633285522461
2274,0,-9.100000381469727,0.1748296469449997,6.619335651397705
2275,0,-9.100000381469727,0.16933484375476837,6.7135491371154785
2276,0,-9.100000381469727,0.144173264503479,6.250965118408203
2277,0,-9.100000381469727,0.15230898559093475,6.959568023681641
2278,0,-9.100000381469727,0.21303196251392365,6.126500606536865
2279,0,-9.100000381469727,0.2471652776002884,5.963498115539551
2280,0,-9.100000381469727,0.16186045110225677,6.060548782348633
2281,0,-9.100000381469727,0.20424555242061615,7.035676956176758
2282,1,5.820000171661377,0.7186240553855896,4.631473541259766
2283,0,-5.820000171661377,0.4976333677768707,3.8788440227508545
2284,0,-5.820000171661377,0.49449804425239563,3.890197277069092
2285,1,5.820000171661377,0.7158651947975159,4.327939510345459
2286,0,-5.820000171661377,0.6559961438179016,4.104601860046387
2287,0,-5.820000171661377,0.6620340347290039,4.172056674957275
2288,1,5.820000171661377,0.7120987176895142,4.405557632446289
2289,0,-5.820000171661377,0.4299826920032501,4.499208450317383
2290,0,-5.820000171661377,0.4698559045791626,4.048779010772705
2291,0,-5.820000171661377,0.6528462171554565,4.124929904937744
2292,0,-5.820000171661377,0.6977591514587402,3.5763795375823975
2293,0,-5.820000171661377,0.5305179953575134,3.7210402488708496
2294,0,-5.820000171661377,0.3980417847633362,4.631446361541748
2295,0,-5.820000171661377,0.421527236700058,4.40131950378418
2296,0,-5.820000171661377,0.3901086151599884,4.063820838928223
2297,0,-5.820000171661377,0.39535412192344666,4.640908241271973
2298,0,-5.820000171661377,0.47548067569732666,4.094101905822754
2299,0,-5.820000171661377,0.4894404411315918,4.054571628570557
2300,0,-5.820000171661377,0.5554875135421753,3.8216280937194824
2301,0,-5.820000171661377,0.55705726146698,3.990795850753784
2302,0,-5.820000171661377,0.5995579957962036,3.78116774559021
2303,0,-7.599999904632568,0.7061892151832581,7.279449462890625
2304,0,-7.599999904632568,0.5371441841125488,6.9148149490356445
2305,0,-7.599999904632568,0.7520941495895386,7.591068267822266
2306,0,-7.599999904632568,0.7137880325317383,6.747746467590332
2307,0,-7.599999904632568,0.6248365640640259,7.096237659454346
2308,0,-7.599999904632568,0.7341915369033813,7.329802989959717
2309,1,7.599999904632568,0.6923129558563232,7.1536078453063965
2310,0,-7.599999904632568,0.6783584952354431,7.488149642944336
2311,0,-7.599999904632568,0.5602296590805054,7.393941879272461
2312,0,-7.599999904632568,0.47580835223197937,6.605839252471924
2313,0,-7.599999904632568,0.4724031090736389,7.421108722686768
2314,0,-7.599999904632568,0.6842737197875977,7.264662742614746
2315,0,-7.599999904632568,0.6005806922912598,7.373160362243652
2316,1,7.599999904632568,0.670452892780304,7.170051097869873
2317,0,-7.599999904632568,0.7199299931526184,7.323494911193848
2318,0,-7.599999904632568,0.6277243494987488,6.6029582023620605
2319,0,-7.599999904632568,0.4532536268234253,7.165399074554443
2320,0,-7.599999904632568,0.6980201005935669,6.4563307762146
2321,0,-7.599999904632568,0.49656984210014343,7.0777974128723145
2322,0,-7.599999904632568,0.49680519104003906,7.07244873046875
2323,0,-7.599999904632568,0.4505282938480377,6.963038444519043
2324,1,4.690000057220459,0.7837876677513123,7.819432258605957
2325,1,4.690000057220459,0.7803072929382324,7.759983062744141
2326,1,4.690000057220459,0.7822157740592957,7.768712520599365
2327,1,4.690000057220459,0.7547634840011597,7.374746322631836
2328,1,4.690000057220459,0.7553309798240662,7.38304328918457
2329,1,4.690000057220459,0.7605252265930176,7.4848456382751465
2330,1,4.690000057220459,0.7735918760299683,7.579302787780762
2331,0,-4.690000057220459,0.7334210276603699,7.2853546142578125
2332,1,4.690000057220459,0.7465123534202576,7.129395484924316
2333,0,-4.690000057220459,0.7286315560340881,7.245270729064941
2334,0,-4.690000057220459,0.7549729347229004,7.61440372467041
2335,1,2.8499999046325684,0.7113965153694153,4.815442085266113
2336,1,2.8499999046325684,0.7077407240867615,4.804655075073242
2337,0,-2.8499999046325684,0.5092039108276367,4.731861591339111
2338,0,-2.8499999046325684,0.5750609636306763,4.876104354858398
2339,0,-2.8499999046325684,0.4226802587509155,4.30303430557251
2340,0,-2.8499999046325684,0.3532184660434723,5.338084697723389
2341,0,-2.8499999046325684,0.49322065711021423,5.286730766296387
2342,0,-2.8499999046325684,0.47653600573539734,4.981396675109863
2343,0,-2.8499999046325684,0.5305750966072083,4.630806922912598
2344,0,-2.8499999046325684,0.4986191987991333,4.78265905380249
2345,0,-2.8499999046325684,0.44593021273612976,4.950648784637451
2346,0,-2.8499999046325684,0.3016955256462097,5.209963798522949
2347,0,-2.8499999046325684,0.5245646238327026,5.515986919403076
2348,0,-2.8499999046325684,0.42870205640792847,4.521923065185547
2349,0,-2.8499999046325684,0.39161062240600586,4.826080799102783
2350,0,-2.8499999046325684,0.39967238903045654,4.97099494934082
2351,0,-2.8499999046325684,0.4494132697582245,4.9159770011901855
2352,0,-2.8499999046325684,0.28651463985443115,4.761150360107422
2353,0,-2.8499999046325684,0.44285309314727783,4.046420097351074
2354,0,-2.8499999046325684,0.2862219214439392,5.002816677093506
2355,0,-2.8499999046325684,0.5104719400405884,4.525271892547607
2356,1,2.299999952316284,0.4311806857585907,4.147292613983154
2357,0,-2.299999952316284,0.4563821256160736,3.6495935916900635
2358,0,-2.299999952316284,0.4547949731349945,3.6461806297302246
2359,0,-2.299999952316284,0.5517804622650146,3.515373706817627
2360,1,2.299999952316284,0.6072560548782349,4.008801460266113
2361,0,-2.299999952316284,0.6686903238296509,3.7119181156158447
2362,1,2.299999952316284,0.45874160528182983,5.164692401885986
2363,1,2.299999952316284,0.488191694021225,4.5627875328063965
2364,0,-2.299999952316284,0.49166667461395264,3.9573168754577637
2365,1,2.299999952316284,0.40388917922973633,4.224987030029297
2366,0,-2.299999952316284,0.39615312218666077,3.7949559688568115
2367,0,-2.299999952316284,0.4427630603313446,3.8454813957214355
2368,0,-2.299999952316284,0.45260950922966003,3.795100450515747
2369,0,-2.299999952316284,0.3850674033164978,3.9702465534210205
2370,0,-2.299999952316284,0.3179422616958618,4.626806259155273
2371,0,-2.299999952316284,0.3207760453224182,4.340137958526611
2372,0,-2.299999952316284,0.3623785972595215,4.0439653396606445
2373,1,2.299999952316284,0.2993641793727875,5.096237659454346
2374,0,-2.299999952316284,0.39155134558677673,3.9747390747070312
2375,0,-2.299999952316284,0.37957867980003357,4.610005855560303
2376,0,-2.299999952316284,0.3184240758419037,4.547417640686035
2377,1,9.520000457763672,0.7590612173080444,8.128202438354492
2378,1,9.520000457763672,0.7797030210494995,8.558832168579102
2379,0,-9.520000457763672,0.49564096331596375,7.179409980773926
2380,0,-9.520000457763672,0.36397382616996765,6.541642665863037
2381,0,-9.520000457763672,0.729373574256897,7.868789196014404
2382,0,-9.520000457763672,0.29791200160980225,6.823647499084473
2383,0,-9.520000457763672,0.6824820637702942,7.650083541870117
2384,0,-9.520000457763672,0.6615557074546814,7.846698760986328
2385,0,-9.520000457763672,0.43096300959587097,6.745733737945557
2386,0,-9.520000457763672,0.3556153476238251,7.449162006378174
2387,0,-9.520000457763672,0.562745988368988,7.840648174285889
2388,0,-9.520000457763672,0.30131709575653076,5.491456031799316
2389,0,-9.520000457763672,0.3806442320346832,6.72159481048584
2390,0,-9.520000457763672,0.2641462981700897,6.394859313964844
2391,0,-9.520000457763672,0.5615931153297424,7.3462677001953125
2392,0,-9.520000457763672,0.3243424594402313,5.838509559631348
2393,0,-9.520000457763672,0.2312854826450348,6.7664337158203125
2394,1,10.0,0.778054416179657,8.322973251342773
2395,1,10.0,0.782295286655426,8.394853591918945
2396,1,10.0,0.7915475964546204,8.656664848327637
2397,0,-10.0,0.6490448713302612,7.351442337036133
2398,0,-10.0,0.4048987627029419,6.901062488555908
2399,0,-10.0,0.7491141557693481,7.827661991119385
2400,0,-10.0,0.5369622707366943,7.052928924560547
2401,0,-10.0,0.6350535750389099,7.906498908996582
2402,0,-10.0,0.4069550931453705,6.684196949005127
2403,0,-10.0,0.40848079323768616,5.8687214851379395
2404,0,-10.0,0.6944923400878906,7.825643539428711
2405,0,-10.0,0.4616129994392395,6.287610054016113
2406,0,-10.0,0.5384002923965454,7.664155960083008
2407,0,-10.0,0.3717189431190491,6.958160400390625
2408,0,-10.0,0.5811887383460999,7.642168045043945
2409,0,-10.0,0.4443429112434387,7.3267645835876465
2410,1,5.059999942779541,0.4695211350917816,7.280984878540039
2411,1,5.059999942779541,0.4763052463531494,7.324110984802246
2412,0,-5.059999942779541,0.39338648319244385,6.350710391998291
2413,0,-5.059999942779541,0.5552577376365662,6.9380316734313965
2414,0,-5.059999942779541,0.4593378007411957,6.85565185546875
2415,0,-5.059999942779541,0.4445618987083435,6.622498035430908
2416,0,-5.059999942779541,0.31452351808547974,6.0795745849609375
2417,0,-5.059999942779541,0.3955802619457245,5.83024263381958
2418,0,-5.059999942779541,0.27045613527297974,6.005984783172607
2419,0,-5.059999942779541,0.42112743854522705,5.978641510009766
2420,0,-5.059999942779541,0.4076177179813385,6.239993572235107
2421,0,-5.059999942779541,0.3809378743171692,5.522055625915527
2422,0,-5.059999942779541,0.20061618089675903,5.662359237670898
2423,0,-5.059999942779541,0.2833392322063446,6.234157562255859
2424,0,-5.059999942779541,0.3174786865711212,5.74784517288208
2425,0,-5.059999942779541,0.33341410756111145,5.620883941650391
2426,0,-5.059999942779541,0.3985554575920105,5.533871650695801
2427,0,-5.059999942779541,0.32913294434547424,5.223853588104248
2428,0,-5.059999942779541,0.34006625413894653,6.2567644119262695
2429,0,-5.059999942779541,0.44981762766838074,4.935944557189941
2430,1,6.170000076293945,0.7661376595497131,7.841973304748535
2431,1,6.170000076293945,0.7611783146858215,7.908816337585449
2432,0,-6.170000076293945,0.4280764162540436,5.374011993408203
2433,0,-6.170000076293945,0.3388296961784363,5.101291656494141
2434,0,-6.170000076293945,0.5398913621902466,5.931730270385742
2435,0,-6.170000076293945,0.5030347108840942,5.567500591278076
2436,0,-6.170000076293945,0.4044395685195923,4.513528823852539
2437,0,-6.170000076293945,0.39536502957344055,4.516326427459717
2438,0,-6.170000076293945,0.5435888171195984,6.186479568481445
2439,0,-6.170000076293945,0.4454357624053955,3.952989339828491
2440,0,-6.170000076293945,0.3841512203216553,4.709481239318848
2441,0,-6.170000076293945,0.39588281512260437,5.027254581451416
2442,0,-6.170000076293945,0.42972782254219055,4.574952602386475
2443,0,-6.170000076293945,0.5043110847473145,6.686633110046387
2444,0,-6.170000076293945,0.36944398283958435,5.280237197875977
2445,0,-6.170000076293945,0.4647025167942047,5.596384525299072
2446,0,-6.170000076293945,0.31534671783447266,5.149971008300781
2447,0,-6.170000076293945,0.4445212781429291,5.88095235824585
2448,1,5.159999847412109,0.7135993242263794,5.668045520782471
2449,1,5.159999847412109,0.7148604393005371,5.652407646179199
2450,1,5.159999847412109,0.4917897880077362,5.229829788208008
2451,0,-5.159999847412109,0.2877744734287262,5.292541027069092
2452,0,-5.159999847412109,0.36206066608428955,5.402094841003418
2453,0,-5.159999847412109,0.43838366866111755,5.506396293640137
2454,0,-5.159999847412109,0.59264075756073,6.58699893951416
2455,0,-5.159999847412109,0.4834699034690857,4.42167854309082
2456,0,-5.159999847412109,0.3594256639480591,5.150146484375
2457,0,-5.159999847412109,0.5374590754508972,4.783871173858643
2458,0,-5.159999847412109,0.5315331220626831,5.385340213775635
2459,0,-5.159999847412109,0.3100794851779938,5.3673858642578125
2460,0,-5.159999847412109,0.2349812239408493,5.382366180419922
2461,0,-5.159999847412109,0.34834355115890503,5.062374114990234
2462,0,-5.159999847412109,0.3233587443828583,5.189347267150879
2463,0,-5.159999847412109,0.39496684074401855,5.6339802742004395
2464,0,-5.159999847412109,0.2710740566253662,5.8072638511657715
2465,0,-5.159999847412109,0.4093129336833954,4.517565727233887
2466,0,-5.159999847412109,0.48222532868385315,4.393928050994873
2467,0,-5.159999847412109,0.387818306684494,4.352147102355957
2468,1,6.0,0.6009570956230164,3.8362343311309814
2469,0,-6.0,0.6323385238647461,4.225939750671387
2470,0,-6.0,0.4177856743335724,4.594571113586426
2471,0,-6.0,0.4318500757217407,4.980991363525391
2472,0,-6.0,0.5910151600837708,4.645998001098633
2473,0,-6.0,0.3933400809764862,4.902957916259766
2474,0,-6.0,0.46011602878570557,4.232863426208496
2475,0,-6.0,0.4111710488796234,4.615487098693848
2476,0,-6.0,0.5378283858299255,4.319088935852051
2477,0,-6.0,0.5906615853309631,4.155741214752197
2478,0,-6.0,0.5146015286445618,4.463616847991943
2479,0,-6.0,0.49469006061553955,4.239442825317383
2480,0,-6.0,0.5246703028678894,4.655679225921631
2481,0,-6.0,0.4601895213127136,4.270771503448486
2482,0,-6.0,0.5999870300292969,4.133385181427002
2483,0,-6.0,0.4570194184780121,4.30677604675293
2484,0,-6.0,0.4487556517124176,4.3259806632995605
2485,0,-6.0,0.37804722785949707,4.551762104034424
2486,0,-6.0,0.46852874755859375,4.234362602233887
2487,0,-6.0,0.3891165554523468,4.180887699127197
2488,1,6.0,0.5457035899162292,3.897447109222412
2489,0,-7.150000095367432,0.6177654266357422,6.963586330413818
2490,0,-7.150000095367432,0.6027758121490479,8.152870178222656
2491,0,-7.150000095367432,0.6290372610092163,7.738927841186523
2492,0,-7.150000095367432,0.526824414730072,7.726044654846191
2493,0,-7.150000095367432,0.578944981098175,7.968445777893066
2494,0,-7.150000095367432,0.5863097906112671,7.822526931762695
2495,0,-7.150000095367432,0.6837514638900757,7.578233242034912
2496,0,-7.150000095367432,0.5208081007003784,7.627476692199707
2497,0,-7.150000095367432,0.5001826882362366,7.606878757476807
2498,0,-7.150000095367432,0.5577808618545532,7.842425346374512
2499,0,-7.150000095367432,0.5944153666496277,7.527770519256592
2500,0,-7.150000095367432,0.4993973970413208,7.590272903442383
2501,0,-7.150000095367432,0.48162785172462463,6.5888142585754395
2502,0,-7.150000095367432,0.4286947250366211,7.724381446838379
2503,0,-7.150000095367432,0.461304247379303,6.916630268096924
2504,0,-7.150000095367432,0.3658473789691925,6.777858257293701
2505,0,-7.150000095367432,0.5469681024551392,7.176554203033447
2506,0,-7.150000095367432,0.418319433927536,6.491406440734863
2507,0,-7.150000095367432,0.589072048664093,7.732548713684082
2508,0,-7.150000095367432,0.4455350637435913,6.675652980804443
2509,0,-7.150000095367432,0.370251327753067,7.920206546783447
2510,0,-6.400000095367432,0.6097395420074463,6.027825355529785
2511,0,-6.400000095367432,0.6841126084327698,7.0965800285339355
2512,0,-6.400000095367432,0.6606559157371521,6.8871893882751465
2513,0,-6.400000095367432,0.7325061559677124,7.356983184814453
2514,0,-6.400000095367432,0.6038451194763184,6.906205177307129
2515,0,-6.400000095367432,0.7003433704376221,6.765515327453613
2516,0,-6.400000095367432,0.44033464789390564,5.52651309967041
2517,1,6.400000095367432,0.5920233130455017,5.8510613441467285
2518,1,6.400000095367432,0.5766040086746216,6.179562568664551
2519,0,-6.400000095367432,0.4738813042640686,5.431072235107422
2520,0,-6.400000095367432,0.38632315397262573,5.331920623779297
2521,0,-6.400000095367432,0.4628521800041199,5.680616855621338
2522,0,-6.400000095367432,0.42647603154182434,5.127367973327637
2523,0,-5.639999866485596,0.33948764204978943,4.64817476272583
2524,0,-5.639999866485596,0.5396777987480164,4.568424224853516
2525,0,-5.639999866485596,0.5820339918136597,4.8319172859191895
2526,0,-5.639999866485596,0.5225185751914978,4.536153316497803
2527,0,-5.639999866485596,0.5305265784263611,4.554372787475586
2528,0,-5.639999866485596,0.5253639817237854,4.818443298339844
2529,0,-5.639999866485596,0.5424561500549316,4.746388912200928
2530,0,-5.639999866485596,0.5626033544540405,4.433231830596924
2531,0,-5.639999866485596,0.5268145799636841,4.883993625640869
2532,1,5.639999866485596,0.544312059879303,4.343564033508301
2533,0,-5.639999866485596,0.5729991793632507,4.743566036224365
2534,0,-5.639999866485596,0.5238068103790283,4.476591110229492
2535,0,-5.639999866485596,0.46820583939552307,4.876192092895508
2536,1,5.639999866485596,0.4934810996055603,4.362344741821289
2537,0,-5.639999866485596,0.4912610352039337,4.97887659072876
2538,0,-5.639999866485596,0.5829067230224609,4.673768043518066
2539,0,-5.639999866485596,0.5587548017501831,4.407576084136963
2540,0,-5.639999866485596,0.4663812220096588,5.068031311035156
2541,0,-5.639999866485596,0.5164884924888611,4.426387786865234
2542,0,-5.639999866485596,0.5406835675239563,4.541439533233643
2543,1,3.2200000286102295,0.696232795715332,6.935687065124512
2544,0,-3.2200000286102295,0.5454322695732117,5.7740349769592285
2545,0,-3.2200000286102295,0.7135122418403625,6.994921684265137
2546,1,3.2200000286102295,0.7196679711341858,7.015408515930176
2547,0,-3.2200000286102295,0.4575679302215576,6.407214164733887
2548,0,-3.2200000286102295,0.5924018621444702,4.736230373382568
2549,0,-3.2200000286102295,0.5444995164871216,5.782207012176514
2550,0,-3.2200000286102295,0.44951358437538147,5.019049167633057
2551,0,-3.2200000286102295,0.6178391575813293,6.464388847351074
2552,0,-3.2200000286102295,0.5748895406723022,6.584993362426758
2553,0,-3.2200000286102295,0.42764341831207275,5.018120765686035
2554,0,-3.2200000286102295,0.38463613390922546,4.865741729736328
2555,0,-3.2200000286102295,0.4120834171772003,4.888837814331055
2556,0,-3.2200000286102295,0.7009246349334717,6.675919532775879
2557,0,-3.2200000286102295,0.4152786433696747,5.907906532287598
2558,0,-3.2200000286102295,0.5007129311561584,4.801491737365723
2559,0,-3.2200000286102295,0.39647331833839417,4.5440874099731445
2560,0,-3.2200000286102295,0.385317325592041,5.034308433532715
2561,0,-3.2200000286102295,0.24349626898765564,5.130970478057861
2562,0,-3.2200000286102295,0.5248211026191711,5.276490211486816
2563,0,-3.2200000286102295,0.44881558418273926,5.09982442855835
2564,1,11.329999923706055,0.6793289184570312,8.539671897888184
2565,1,11.329999923706055,0.6725384593009949,8.474227905273438
2566,0,-11.329999923706055,0.5830943584442139,7.872696876525879
2567,0,-11.329999923706055,0.6719163656234741,8.688915252685547
2568,0,-11.329999923706055,0.3098200559616089,7.382937431335449
2569,0,-11.329999923706055,0.3847314715385437,6.973463535308838
2570,1,3.6700000762939453,0.7211012244224548,5.230431079864502
2571,0,-3.6700000762939453,0.6560254096984863,7.186792850494385
2572,1,3.6700000762939453,0.7235812544822693,5.334606170654297
2573,0,-3.6700000762939453,0.659243106842041,7.139682769775391
2574,0,-3.6700000762939453,0.29818177223205566,5.975155830383301
2575,0,-3.6700000762939453,0.39566877484321594,6.920158386230469
2576,0,-3.6700000762939453,0.37851229310035706,6.6339430809021
2577,0,-3.6700000762939453,0.47846901416778564,6.5377397537231445
2578,0,-3.6700000762939453,0.4590509533882141,6.799588203430176
2579,0,-3.6700000762939453,0.4738222658634186,7.074644088745117
2580,0,-3.6700000762939453,0.46736860275268555,6.29571008682251
2581,0,-3.6700000762939453,0.472768634557724,6.5776495933532715
2582,0,-3.6700000762939453,0.5109135508537292,7.288473129272461
2583,0,-3.6700000762939453,0.37267225980758667,6.163578033447266
2584,0,-3.6700000762939453,0.3547121286392212,6.652517795562744
2585,0,-3.6700000762939453,0.3427240550518036,6.560063362121582
2586,0,-3.6700000762939453,0.4435897171497345,6.9966864585876465
2587,0,-3.6700000762939453,0.2809370756149292,5.338208198547363
2588,0,-3.6700000762939453,0.40578368306159973,7.227349758148193
2589,0,-3.6700000762939453,0.4300939738750458,6.756854057312012
2590,0,-3.6700000762939453,0.39906057715415955,5.610672473907471
2591,1,7.800000190734863,0.7374004125595093,7.420902729034424
2592,1,7.800000190734863,0.7898397445678711,7.743496894836426
2593,1,7.800000190734863,0.7901564836502075,7.747105121612549
2594,0,-7.800000190734863,0.7419520020484924,7.4244303703308105
2595,0,-7.800000190734863,0.24504131078720093,6.381619453430176
2596,0,-7.800000190734863,0.29809096455574036,6.8114190101623535
2597,0,-7.800000190734863,0.43863776326179504,6.1140522956848145
2598,0,-7.800000190734863,0.13861827552318573,6.121800899505615
2599,0,-7.800000190734863,0.552869975566864,7.371546745300293
2600,0,-7.800000190734863,0.713777482509613,7.2891035079956055
2601,0,-7.800000190734863,0.3079227805137634,6.566646575927734
2602,0,-7.800000190734863,0.32138580083847046,5.434770107269287
2603,0,-7.800000190734863,0.47349485754966736,6.558403968811035
2604,1,7.800000190734863,0.6277809739112854,6.841280460357666
2605,0,-7.800000190734863,0.30044013261795044,5.814021110534668
2606,0,-7.800000190734863,0.2467069923877716,5.799373626708984
2607,0,-7.800000190734863,0.2219560295343399,5.871119976043701
2608,0,-7.800000190734863,0.4149610102176666,6.42608642578125
2609,0,-7.800000190734863,0.37401682138442993,5.443177700042725
2610,0,-7.800000190734863,0.20632730424404144,5.538235664367676
2611,0,-7.800000190734863,0.16636034846305847,5.480245590209961
2612,1,7.849999904632568,0.7862085700035095,6.190221786499023
2613,1,7.849999904632568,0.7791414260864258,6.421559810638428
2614,0,-7.849999904632568,0.3228786289691925,4.864441871643066
2615,0,-7.849999904632568,0.31623125076293945,5.426514148712158
2616,0,-7.849999904632568,0.46734675765037537,5.826504230499268
2617,0,-7.849999904632568,0.4005524814128876,6.234285354614258
2618,0,-7.849999904632568,0.2906402349472046,4.870147705078125
2619,0,-7.849999904632568,0.37895631790161133,4.0383453369140625
2620,0,-7.849999904632568,0.43277862668037415,3.7462198734283447
2621,0,-7.849999904632568,0.4181514084339142,4.094809532165527
2622,0,-7.849999904632568,0.33220845460891724,4.510644912719727
2623,0,-7.849999904632568,0.5401504635810852,3.4578640460968018
2624,0,-7.849999904632568,0.5274848937988281,3.43890643119812
2625,0,-7.849999904632568,0.4905962347984314,4.723117351531982
2626,0,-7.849999904632568,0.30549386143684387,4.645528793334961
2627,0,-7.849999904632568,0.5467986464500427,3.3647212982177734
2628,0,-7.849999904632568,0.4384780526161194,3.8304367065429688
2629,0,-7.849999904632568,0.2952822744846344,4.701648712158203
2630,0,-7.849999904632568,0.3562750816345215,4.38992166519165
2631,0,-7.849999904632568,0.35525718331336975,3.9365265369415283
2632,1,8.430000305175781,0.7465736865997314,7.678274631500244
2633,1,8.430000305175781,0.7408551573753357,7.679831504821777
2634,1,8.430000305175781,0.6994419693946838,7.127834796905518
2635,0,-8.430000305175781,0.5977124571800232,7.185495853424072
2636,0,-8.430000305175781,0.3394263684749603,6.721489429473877
2637,0,-8.430000305175781,0.3981521427631378,6.899450302124023
2638,0,-8.430000305175781,0.25578489899635315,6.092862606048584
2639,0,-8.430000305175781,0.2483573704957962,6.704395294189453
2640,0,-8.430000305175781,0.26791760325431824,6.993669509887695
2641,0,-8.430000305175781,0.2562200427055359,6.56940221786499
2642,1,7.590000152587891,0.8101105690002441,6.3648247718811035
2643,1,7.590000152587891,0.8089199662208557,5.91939115524292
2644,0,-7.590000152587891,0.8049978017807007,5.131692886352539
2645,0,-7.590000152587891,0.621932327747345,4.757253646850586
2646,0,-7.590000152587891,0.6998062133789062,5.082392692565918
2647,0,-7.590000152587891,0.49042147397994995,5.049936294555664
2648,0,-7.590000152587891,0.5051401257514954,4.318788528442383
2649,1,9.399999618530273,0.7908128499984741,7.823263168334961
2650,1,9.399999618530273,0.7874805331230164,7.783935546875
2651,0,-9.399999618530273,0.5520897507667542,6.86222505569458
2652,0,-9.399999618530273,0.4791010022163391,6.467859745025635
2653,0,-9.399999618530273,0.5800491571426392,6.859123229980469
2654,0,-9.399999618530273,0.7615536451339722,7.91594123840332
2655,0,-9.399999618530273,0.6913723945617676,7.807277679443359
2656,0,-9.399999618530273,0.4058734178543091,5.806972026824951
2657,0,-9.399999618530273,0.3887275457382202,5.761819839477539
2658,0,-9.399999618530273,0.32025566697120667,5.150121212005615
2659,1,6.800000190734863,0.7728672623634338,7.304362773895264
2660,1,6.800000190734863,0.7706928253173828,7.347471237182617
2661,0,-6.800000190734863,0.6913782954216003,5.593502998352051
2662,0,-6.800000190734863,0.58136385679245,4.914343357086182
2663,0,-6.800000190734863,0.5790941715240479,4.933657169342041
2664,0,-6.800000190734863,0.5650515556335449,5.094561576843262
2665,0,-6.800000190734863,0.5875925421714783,4.948756217956543
2666,0,-6.800000190734863,0.47216901183128357,4.873774528503418
2667,0,-6.800000190734863,0.6803232431411743,5.389928340911865
2668,0,-6.800000190734863,0.5006634593009949,4.970272064208984
2669,0,-6.800000190734863,0.6102388501167297,4.866219997406006
2670,0,-6.800000190734863,0.46677321195602417,4.5744452476501465
2671,1,4.889999866485596,0.8161429166793823,7.288334369659424
2672,1,4.889999866485596,0.7833336591720581,6.856560230255127
2673,0,-4.889999866485596,0.6771736741065979,5.897317409515381
2674,0,-4.889999866485596,0.7136488556861877,6.949100017547607
2675,0,-4.889999866485596,0.8053094744682312,6.805936336517334
2676,1,4.889999866485596,0.5671473741531372,5.240484237670898
2677,0,-4.889999866485596,0.7225528359413147,5.4674973487854
2678,0,-4.889999866485596,0.579912543296814,5.7138166427612305
2679,0,-4.889999866485596,0.7165961265563965,6.964900970458984
2680,0,-4.889999866485596,0.6797438263893127,5.033196449279785
2681,0,-4.889999866485596,0.7006562352180481,7.01911735534668
2682,0,-4.889999866485596,0.5670958757400513,5.7777252197265625
2683,0,-4.889999866485596,0.4466569125652313,5.114365577697754
2684,0,-4.889999866485596,0.6593475341796875,5.9184770584106445
2685,0,-4.889999866485596,0.605797529220581,5.579451084136963
2686,0,-4.889999866485596,0.6771308183670044,5.600186347961426
2687,0,-4.889999866485596,0.4356134533882141,4.800265789031982
2688,0,-9.210000038146973,0.6012392640113831,7.331928730010986
2689,1,9.210000038146973,0.6698330044746399,7.318431377410889
2690,0,-9.210000038146973,0.5368658304214478,7.441652297973633
2691,1,9.210000038146973,0.5516282320022583,7.326720714569092
2692,0,-9.210000038146973,0.4998955726623535,6.395503520965576
2693,0,-9.210000038146973,0.49085450172424316,6.843049049377441
2694,0,-9.210000038146973,0.1729835718870163,5.674439430236816
2695,0,-9.210000038146973,0.3997434377670288,5.892010688781738
2696,0,-9.210000038146973,0.19485101103782654,5.619855880737305
2697,0,-9.210000038146973,0.16992659866809845,6.429688930511475
2698,0,-9.210000038146973,0.3661453127861023,6.480480670928955
2699,0,-9.210000038146973,0.3081262707710266,7.497820854187012
2700,0,-9.210000038146973,0.09864817559719086,5.527885437011719
2701,0,-9.210000038146973,0.20605884492397308,6.487496376037598
2702,0,-9.210000038146973,0.26516085863113403,5.993762016296387
2703,0,-9.210000038146973,0.13528037071228027,5.778494358062744
2704,0,-9.210000038146973,0.26109397411346436,7.264468193054199
2705,0,-9.210000038146973,0.28254276514053345,5.585158348083496
2706,0,-7.699999809265137,0.7046413421630859,4.505374431610107
2707,0,-7.699999809265137,0.5836094617843628,4.279943466186523
2708,0,-7.699999809265137,0.5885708332061768,4.0412068367004395
2709,0,-7.699999809265137,0.727529764175415,4.247815132141113
2710,0,-7.699999809265137,0.5933048725128174,3.976398468017578
2711,0,-7.699999809265137,0.5893025994300842,4.306979179382324
2712,1,6.900000095367432,0.7974141240119934,7.500128269195557
2713,1,6.900000095367432,0.7974091172218323,7.52919864654541
2714,1,6.900000095367432,0.7020937204360962,7.159870147705078
2715,0,-6.900000095367432,0.3594607710838318,5.5488762855529785
2716,0,-6.900000095367432,0.5465404391288757,5.790004730224609
2717,0,-6.900000095367432,0.6072977185249329,5.10236120223999
2718,1,11.819999694824219,0.823252260684967,10.321126937866211
2719,1,11.819999694824219,0.8198344111442566,10.329818725585938
2720,0,-11.819999694824219,0.741460919380188,9.689327239990234
2721,0,-11.819999694824219,0.8030040860176086,10.167489051818848
2722,0,-11.819999694824219,0.7134516835212708,7.574606418609619
2723,0,-11.819999694824219,0.48763981461524963,6.399084568023682
2724,0,-11.819999694824219,0.7591723203659058,10.14193058013916
2725,0,-11.819999694824219,0.6640323400497437,7.0595526695251465
2726,0,-9.100000381469727,0.7927144765853882,9.267961502075195
2727,0,-9.100000381469727,0.7775307297706604,8.982429504394531
2728,0,-9.100000381469727,0.7040075659751892,9.127326965332031
2729,0,-9.100000381469727,0.6796387434005737,8.717374801635742
2730,0,-9.100000381469727,0.7612144947052002,9.11061954498291
2731,0,-9.100000381469727,0.7537079453468323,9.822975158691406
2732,0,-9.100000381469727,0.7035243511199951,8.793190956115723
2733,1,9.100000381469727,0.7888960838317871,9.057827949523926
2734,0,-9.100000381469727,0.653529703617096,8.545994758605957
2735,0,-9.100000381469727,0.7661821246147156,8.73422622680664
2736,0,-9.100000381469727,0.7136171460151672,8.273789405822754
2737,0,-9.100000381469727,0.7298766374588013,9.729466438293457
2738,0,-9.100000381469727,0.6903569102287292,9.2106294631958
2739,0,-9.100000381469727,0.7755724191665649,9.518028259277344
2740,0,-9.100000381469727,0.7764325141906738,9.93954849243164
2741,0,-9.100000381469727,0.763311505317688,8.22004222869873
2742,0,-9.100000381469727,0.6614742875099182,8.344252586364746
2743,0,-9.100000381469727,0.7491447329521179,8.558609008789062
2744,0,-9.100000381469727,0.6803496479988098,7.619455814361572
2745,0,-9.100000381469727,0.6756820678710938,7.63818883895874
2746,1,8.399999618530273,0.835495114326477,8.883848190307617
2747,1,8.399999618530273,0.8366303443908691,8.804738998413086
2748,0,-8.399999618530273,0.8281540870666504,9.039710998535156
2749,1,6.460000038146973,0.6411407589912415,4.984758377075195
2750,0,-6.460000038146973,0.722791850566864,6.803393840789795
2751,0,-6.460000038146973,0.7008910179138184,6.731282711029053
2752,0,-6.460000038146973,0.742538571357727,6.812013149261475
2753,0,-6.460000038146973,0.639310359954834,6.516232967376709
2754,0,-6.460000038146973,0.5362771153450012,6.979782581329346
2755,0,-6.460000038146973,0.7074345350265503,5.9419941902160645
2756,0,-6.460000038146973,0.5129612684249878,6.593655586242676
2757,0,-6.460000038146973,0.6987579464912415,6.320724964141846
2758,0,-6.460000038146973,0.6676583886146545,6.508481025695801
2759,0,-6.460000038146973,0.633715808391571,5.156435966491699
2760,0,-6.460000038146973,0.533638060092926,6.950047492980957
2761,0,-6.460000038146973,0.5967004299163818,5.632586479187012
2762,0,-6.460000038146973,0.47696176171302795,5.052830696105957
2763,0,-6.460000038146973,0.43841877579689026,5.226256370544434
2764,0,-6.460000038146973,0.5915253758430481,5.2815704345703125
2765,0,-6.460000038146973,0.4796724319458008,6.137880802154541
2766,0,-6.460000038146973,0.5408651232719421,7.2058820724487305
2767,0,-6.460000038146973,0.5466151237487793,5.402814865112305
2768,0,-6.460000038146973,0.4988362193107605,4.8608245849609375
2769,0,-6.460000038146973,0.5173482298851013,6.7247209548950195
2770,1,5.190000057220459,0.776894211769104,7.579946041107178
2771,1,5.190000057220459,0.7714661955833435,7.387270927429199
2772,0,-5.190000057220459,0.7368467450141907,7.442007541656494
2773,0,-5.190000057220459,0.7529071569442749,7.239923000335693
2774,0,-5.190000057220459,0.7106519341468811,6.978140830993652
2775,1,3.700000047683716,0.836683988571167,5.31242561340332
2776,1,3.700000047683716,0.8370112776756287,5.344885349273682
2777,1,3.700000047683716,0.7891448736190796,5.183122634887695
2778,0,-3.700000047683716,0.8471524119377136,5.198380470275879
2779,0,-3.700000047683716,0.7980456352233887,4.8225603103637695
2780,0,-3.700000047683716,0.4835211932659149,3.687284231185913
2781,0,-3.700000047683716,0.7580519914627075,4.446186065673828
2782,0,-3.700000047683716,0.8038343191146851,5.544424533843994
2783,0,-3.700000047683716,0.6421406269073486,3.598473072052002
2784,0,-3.700000047683716,0.7543294429779053,4.873789310455322
2785,0,-3.700000047683716,0.5198631882667542,4.204135894775391
2786,0,-3.700000047683716,0.7249996662139893,4.401587009429932
2787,0,-3.700000047683716,0.4643150568008423,3.9921329021453857
2788,1,6.849999904632568,0.8241876363754272,6.360727310180664
2789,1,6.849999904632568,0.8442202210426331,6.095806121826172
2790,1,6.849999904632568,0.840512752532959,6.148938179016113
2791,0,-6.849999904632568,0.7914584875106812,6.479585647583008
2792,0,-6.849999904632568,0.6926062703132629,4.961123466491699
2793,0,-6.849999904632568,0.7917320132255554,5.205268859863281
2794,0,-6.849999904632568,0.6931191682815552,5.466026782989502
2795,0,-6.849999904632568,0.6235803961753845,4.426386833190918
2796,0,-6.849999904632568,0.7442806363105774,6.731855869293213
2797,1,3.619999885559082,0.7107546925544739,4.465258598327637
2798,1,3.619999885559082,0.6464647650718689,4.317749977111816
2799,0,-3.619999885559082,0.623033881187439,4.489634037017822
2800,0,-3.619999885559082,0.4533579349517822,4.108747482299805
2801,0,-3.619999885559082,0.5255739688873291,4.197546005249023
2802,0,-3.619999885559082,0.4987032115459442,4.265758514404297
2803,0,-3.619999885559082,0.4790407121181488,4.219775676727295
2804,0,-3.619999885559082,0.44927462935447693,4.57494592666626
2805,0,-3.619999885559082,0.49395567178726196,4.366972923278809
2806,0,-3.619999885559082,0.4607134461402893,4.2472991943359375
2807,0,-3.619999885559082,0.2672327160835266,5.209689617156982
2808,0,-3.619999885559082,0.5319769978523254,4.017147064208984
2809,0,-3.619999885559082,0.412783145904541,4.552210330963135
2810,0,-3.619999885559082,0.4446882903575897,4.309291839599609
2811,0,-3.619999885559082,0.4164741039276123,4.277544975280762
2812,0,-3.619999885559082,0.3846513330936432,4.513248920440674
2813,0,-3.619999885559082,0.4454368054866791,3.9852657318115234
2814,0,-3.619999885559082,0.3839372396469116,4.790066242218018
2815,0,-3.619999885559082,0.31713807582855225,4.831207752227783
2816,0,-3.619999885559082,0.47356876730918884,4.162664413452148
2817,1,8.25,0.8048491477966309,8.11120891571045
2818,1,8.25,0.8042511940002441,8.111801147460938
2819,0,-8.25,0.7516293525695801,7.5303754806518555
2820,1,3.569999933242798,0.6551935076713562,4.408821105957031
2821,0,-3.569999933242798,0.4175671935081482,5.160094261169434
2822,1,3.569999933242798,0.6535813808441162,4.435212135314941
2823,0,-3.569999933242798,0.3817655146121979,4.047582626342773
2824,0,-3.569999933242798,0.2985033094882965,4.69399356842041
2825,0,-3.569999933242798,0.497402548789978,4.493704795837402
2826,0,-3.569999933242798,0.4130406677722931,3.9300944805145264
2827,0,-3.569999933242798,0.328914612531662,5.164295196533203
2828,0,-3.569999933242798,0.4483201503753662,3.742961883544922
2829,0,-3.569999933242798,0.3345683515071869,5.633154392242432
2830,1,3.569999933242798,0.45313045382499695,4.617369174957275
2831,0,-3.569999933242798,0.45060306787490845,3.8242995738983154
2832,0,-3.569999933242798,0.3578689992427826,5.41446590423584
2833,0,-3.569999933242798,0.4228328466415405,3.845224618911743
2834,0,-3.569999933242798,0.39313870668411255,4.238793849945068
2835,0,-3.569999933242798,0.36521026492118835,4.609075546264648
2836,0,-3.569999933242798,0.3577958345413208,4.660810470581055
2837,0,-3.569999933242798,0.37449324131011963,4.256800651550293
2838,0,-3.569999933242798,0.3258388936519623,5.226681232452393
2839,0,-3.569999933242798,0.4487136900424957,3.7062807083129883
2840,0,-3.569999933242798,0.3354279696941376,4.681771278381348
2841,1,7.960000038146973,0.7846750617027283,9.803739547729492
2842,1,7.960000038146973,0.7654612064361572,9.86548137664795
2843,1,7.960000038146973,0.7104517221450806,9.443906784057617
2844,0,-7.960000038146973,0.8003827929496765,10.13977336883545
2845,0,-7.960000038146973,0.2815001904964447,7.6966094970703125
2846,0,-7.960000038146973,0.4569207727909088,8.221076965332031
2847,0,-7.960000038146973,0.2942451238632202,7.68088436126709
2848,1,9.270000457763672,0.8096535205841064,8.356937408447266
2849,1,9.270000457763672,0.81231290102005,8.404865264892578
2850,1,9.270000457763672,0.8290009498596191,8.519440650939941
2851,1,2.4000000953674316,0.6208783388137817,3.979600667953491
2852,1,2.4000000953674316,0.6248757839202881,3.9767916202545166
2853,1,2.4000000953674316,0.5186681151390076,3.818965435028076
2854,0,-2.4000000953674316,0.572528600692749,4.079150199890137
2855,0,-2.4000000953674316,0.42197322845458984,4.478323459625244
2856,0,-2.4000000953674316,0.28398850560188293,4.676098823547363
2857,0,-2.4000000953674316,0.4549958109855652,4.315026760101318
2858,0,-2.4000000953674316,0.6271207332611084,4.078455924987793
2859,0,-2.4000000953674316,0.3752313554286957,4.069393634796143
2860,0,-2.4000000953674316,0.3812994360923767,4.576733112335205
2861,0,-2.4000000953674316,0.2836609482765198,4.415020942687988
2862,0,-2.4000000953674316,0.2374546378850937,4.395878314971924
2863,0,-2.4000000953674316,0.5178428292274475,3.673618793487549
2864,0,-2.4000000953674316,0.35365843772888184,4.691789627075195
2865,1,9.039999961853027,0.747914731502533,7.5679497718811035
2866,1,9.039999961853027,0.7415221333503723,7.415255546569824
2867,0,-9.039999961853027,0.671964168548584,6.59340763092041
2868,1,9.039999961853027,0.7141710519790649,7.1424360275268555
2869,0,-9.039999961853027,0.6541855335235596,6.753920078277588
2870,0,-9.039999961853027,0.5067937970161438,6.8809661865234375
2871,0,-9.039999961853027,0.7086653113365173,7.207677841186523
2872,0,-9.039999961853027,0.4446875751018524,6.973702430725098
2873,0,-9.039999961853027,0.6269236207008362,6.928420543670654
2874,0,-9.039999961853027,0.4903204143047333,6.520529270172119
2875,0,-9.039999961853027,0.4677136242389679,6.5537543296813965
2876,0,-9.039999961853027,0.4284663796424866,6.229118347167969
2877,1,6.320000171661377,0.7310963869094849,7.339618682861328
2878,0,-6.320000171661377,0.7557905912399292,7.647343158721924
2879,0,-6.320000171661377,0.7545950412750244,7.784642219543457
2880,0,-6.320000171661377,0.7243322730064392,7.489686012268066
2881,1,6.320000171661377,0.7311962842941284,7.351495265960693
2882,0,-6.320000171661377,0.7262827754020691,6.784000396728516
2883,0,-6.320000171661377,0.7386013865470886,7.2256855964660645
2884,1,6.320000171661377,0.7444732189178467,7.252340316772461
2885,0,-6.320000171661377,0.7432335019111633,7.187954425811768
2886,0,-6.320000171661377,0.7251978516578674,7.257822513580322
2887,0,-6.320000171661377,0.7096810936927795,7.468721389770508
2888,0,-6.320000171661377,0.6153205037117004,4.931806564331055
2889,0,-6.320000171661377,0.6508663892745972,6.267502784729004
2890,0,-6.320000171661377,0.41547247767448425,4.972001552581787
2891,0,-6.320000171661377,0.6963538527488708,7.435588359832764
2892,0,-6.320000171661377,0.5498190522193909,5.0448503494262695
2893,0,-6.320000171661377,0.43281975388526917,5.073297023773193
2894,0,-6.320000171661377,0.4542602002620697,4.980634689331055
2895,0,-6.320000171661377,0.460422158241272,4.3771257400512695
2896,0,-6.320000171661377,0.45594877004623413,4.7158732414245605
2897,0,-6.320000171661377,0.3875105679035187,4.640061855316162
2898,1,8.520000457763672,0.7002219557762146,6.30420446395874
2899,0,-8.520000457763672,0.6154302954673767,6.340670108795166
2900,0,-8.520000457763672,0.569678783416748,6.934931755065918
2901,0,-8.520000457763672,0.45514196157455444,7.249813079833984
2902,0,-8.520000457763672,0.5221144556999207,7.337355613708496
2903,0,-8.520000457763672,0.6952193975448608,6.686485767364502
2904,0,-8.520000457763672,0.47483718395233154,6.3302693367004395
2905,0,-8.520000457763672,0.5167074203491211,5.557808876037598
2906,0,-8.520000457763672,0.5089101791381836,6.945810794830322
2907,0,-8.520000457763672,0.5169844627380371,6.42368745803833
2908,0,-8.520000457763672,0.4557764530181885,6.018955230712891
2909,0,-8.520000457763672,0.43786612153053284,5.593375205993652
2910,0,-8.520000457763672,0.5207937955856323,6.816811561584473
2911,0,-8.520000457763672,0.6300683617591858,6.777353286743164
2912,0,-8.520000457763672,0.43431416153907776,6.2583513259887695
2913,0,-8.520000457763672,0.47971493005752563,4.943418502807617
2914,0,-8.520000457763672,0.5232213139533997,6.2531843185424805
2915,0,-8.520000457763672,0.463274747133255,6.141592025756836
2916,0,-8.520000457763672,0.41262614727020264,6.1727447509765625
2917,0,-8.520000457763672,0.4332965314388275,6.400506496429443
2918,0,-8.520000457763672,0.40773025155067444,5.907743453979492
2919,1,3.6600000858306885,0.5879376530647278,4.73703145980835
2920,1,3.6600000858306885,0.6550430059432983,4.330840110778809
2921,1,3.6600000858306885,0.4757947027683258,4.640925407409668
2922,0,-3.6600000858306885,0.4879699647426605,4.683932304382324
2923,1,3.6600000858306885,0.483381062746048,4.838010787963867
2924,0,-3.6600000858306885,0.6306700706481934,3.771613359451294
2925,0,-3.6600000858306885,0.29454484581947327,5.4154253005981445
2926,0,-3.6600000858306885,0.4308699071407318,4.672158718109131
2927,0,-3.6600000858306885,0.39842498302459717,4.478325843811035
2928,0,-3.6600000858306885,0.476481556892395,4.881885528564453
2929,0,-3.6600000858306885,0.47562041878700256,3.94731068611145
2930,0,-3.6600000858306885,0.3597579896450043,4.634692668914795
2931,0,-3.6600000858306885,0.5266939997673035,4.343838214874268
2932,1,3.6600000858306885,0.5130218267440796,4.656896591186523
2933,0,-3.6600000858306885,0.47244125604629517,3.922579050064087
2934,0,-3.6600000858306885,0.38174575567245483,4.271625518798828
2935,0,-3.6600000858306885,0.4037674367427826,4.5959391593933105
2936,0,-3.6600000858306885,0.46252548694610596,4.021405220031738
2937,0,-3.6600000858306885,0.377562016248703,4.166034698486328
2938,0,-3.6600000858306885,0.2889253497123718,5.425483226776123
2939,0,-3.6600000858306885,0.4560225009918213,4.662112236022949
2940,1,4.820000171661377,0.7347121834754944,3.6264100074768066
2941,0,-4.820000171661377,0.6663137078285217,3.2930307388305664
2942,0,-4.820000171661377,0.4119931757450104,4.205565452575684
2943,0,-4.820000171661377,0.41016295552253723,4.361566543579102
2944,0,-4.820000171661377,0.5881043672561646,3.3714704513549805
2945,1,4.820000171661377,0.7050415277481079,3.4965226650238037
2946,0,-4.820000171661377,0.6090801358222961,3.6388914585113525
2947,0,-4.820000171661377,0.6830941438674927,3.525547981262207
2948,0,-4.820000171661377,0.4886992275714874,4.052433013916016
2949,0,-4.820000171661377,0.6846947073936462,3.28714919090271
2950,0,-4.820000171661377,0.2773301601409912,4.7558698654174805
2951,0,-4.820000171661377,0.6698505878448486,3.61558198928833
2952,0,-4.820000171661377,0.27473562955856323,5.154467582702637
2953,0,-4.820000171661377,0.35494938492774963,3.9193062782287598
2954,0,-4.820000171661377,0.586725652217865,3.4844119548797607
2955,0,-4.820000171661377,0.33453190326690674,4.198812484741211
2956,0,-4.820000171661377,0.4239743947982788,4.154289245605469
2957,0,-4.820000171661377,0.2889045178890228,4.970545291900635
2958,0,-4.820000171661377,0.4457041323184967,4.341373443603516
2959,1,4.820000171661377,0.513867974281311,3.5757763385772705
2960,0,-4.820000171661377,0.2755030393600464,4.456735610961914
2961,1,8.65999984741211,0.7583284378051758,7.367057800292969
2962,1,8.65999984741211,0.7532416582107544,7.170900344848633
2963,0,-8.65999984741211,0.7642412185668945,7.001548767089844
2964,0,-8.65999984741211,0.49220770597457886,6.504292011260986
2965,0,-8.65999984741211,0.4796990752220154,5.224259853363037
2966,0,-8.65999984741211,0.4664856195449829,4.318973541259766
2967,0,-8.65999984741211,0.4271043837070465,4.045090675354004
2968,0,-8.65999984741211,0.5452052354812622,4.342740058898926
2969,0,-8.65999984741211,0.6213552951812744,5.225198745727539
2970,0,-8.65999984741211,0.6071159243583679,6.7376532554626465
2971,0,-8.65999984741211,0.5381037592887878,3.6718637943267822
2972,0,-8.65999984741211,0.5154829025268555,4.173840522766113
2973,0,-8.65999984741211,0.3570816218852997,4.690924644470215
2974,1,10.170000076293945,0.8085783123970032,7.421050071716309
2975,1,10.170000076293945,0.8082315921783447,7.443312644958496
2976,0,-10.170000076293945,0.824009358882904,7.14973783493042
2977,0,-10.170000076293945,0.41449224948883057,4.34273624420166
2978,0,-10.170000076293945,0.40006527304649353,5.007697105407715
2979,1,8.100000381469727,0.7553412914276123,6.538661956787109
2980,1,8.100000381469727,0.7552314400672913,6.533236026763916
2981,0,-8.100000381469727,0.7449142932891846,6.74836540222168
2982,1,8.100000381469727,0.7557855844497681,5.746864318847656
2983,0,-8.100000381469727,0.7223631143569946,5.850515842437744
2984,0,-8.100000381469727,0.5976412892341614,5.208121299743652
2985,0,-7.170000076293945,0.5398954153060913,8.22248649597168
2986,0,-7.170000076293945,0.6586283445358276,7.473332405090332
2987,0,-7.170000076293945,0.6354971528053284,7.793900966644287
2988,0,-7.170000076293945,0.7497450709342957,7.9979376792907715
2989,1,7.170000076293945,0.700968861579895,7.659245014190674
2990,0,-7.170000076293945,0.7491024136543274,7.831400394439697
2991,0,-7.170000076293945,0.6142163872718811,7.787299156188965
2992,0,-7.170000076293945,0.606765866279602,8.063608169555664
2993,0,-7.170000076293945,0.665433406829834,7.6627068519592285
2994,0,-7.170000076293945,0.6097339391708374,8.08163833618164
2995,0,-7.170000076293945,0.6626908779144287,8.194255828857422
2996,0,-7.170000076293945,0.7009623646736145,7.700897216796875
2997,0,-7.170000076293945,0.6667575240135193,7.7191691398620605
2998,0,-7.170000076293945,0.687928318977356,7.607869625091553
2999,0,-7.170000076293945,0.5512726902961731,7.90110445022583
3000,0,-7.170000076293945,0.4800255596637726,8.227980613708496
3001,0,-7.170000076293945,0.6923233270645142,8.048358917236328
3002,0,-7.170000076293945,0.5114019513130188,7.710995197296143
3003,0,-7.170000076293945,0.19621393084526062,8.327942848205566
3004,0,-7.170000076293945,0.3690488934516907,6.339947700500488
3005,1,5.789999961853027,0.7301949262619019,7.4231858253479
3006,0,-5.789999961853027,0.7572801113128662,7.724822521209717
3007,1,5.789999961853027,0.727278470993042,7.377967357635498
3008,0,-5.789999961853027,0.6203495264053345,6.760976791381836
3009,0,-5.789999961853027,0.49136653542518616,6.148639678955078
3010,0,-5.789999961853027,0.5060492753982544,5.969606399536133
3011,0,-5.789999961853027,0.40154939889907837,5.996323108673096
3012,0,-5.789999961853027,0.5012075304985046,6.718005657196045
3013,0,-5.789999961853027,0.4854238033294678,6.937252044677734
3014,0,-5.789999961853027,0.6365413665771484,6.373683452606201
3015,0,-5.789999961853027,0.36734554171562195,7.106381416320801
3016,0,-5.789999961853027,0.38325875997543335,6.635502815246582
3017,0,-5.789999961853027,0.6578523516654968,6.589407920837402
3018,0,-5.789999961853027,0.5948078036308289,6.849956512451172
3019,0,-5.789999961853027,0.5136407017707825,6.4531569480896
3020,0,-5.789999961853027,0.33677852153778076,5.623187065124512
3021,0,-5.789999961853027,0.4214479625225067,5.883851051330566
3022,0,-5.789999961853027,0.41778966784477234,5.574014663696289
3023,0,-5.789999961853027,0.5799991488456726,6.703982353210449
3024,0,-5.789999961853027,0.4245608150959015,6.22773551940918
3025,0,-5.789999961853027,0.31286412477493286,6.338598728179932
3026,1,7.800000190734863,0.7530023455619812,7.77347469329834
3027,1,7.800000190734863,0.7549504041671753,7.601279258728027
3028,1,7.800000190734863,0.7045865058898926,7.4570794105529785
3029,0,-7.800000190734863,0.7310919761657715,7.5451154708862305
3030,0,-7.800000190734863,0.6589151620864868,7.299673080444336
3031,0,-7.800000190734863,0.460016667842865,7.027409553527832
3032,0,-7.800000190734863,0.501549482345581,6.972238540649414
3033,0,-7.800000190734863,0.41187894344329834,6.85127592086792
3034,1,9.520000457763672,0.7968016266822815,7.970213413238525
3035,1,9.520000457763672,0.7984580397605896,8.003613471984863
3036,0,-9.520000457763672,0.8150654435157776,8.457894325256348
3037,1,3.0999999046325684,0.7473183274269104,6.437163352966309
3038,1,3.0999999046325684,0.7476593255996704,6.39066743850708
3039,0,-3.0999999046325684,0.6168164610862732,4.649168014526367
3040,0,-3.0999999046325684,0.6483957767486572,6.139572620391846
3041,0,-3.0999999046325684,0.6018674969673157,6.044554710388184
3042,0,-3.0999999046325684,0.5372382402420044,5.971700668334961
3043,0,-3.0999999046325684,0.692520797252655,6.5116963386535645
3044,0,-3.0999999046325684,0.6585982441902161,5.5163116455078125
3045,0,-3.0999999046325684,0.5634875297546387,5.1339192390441895
3046,0,-3.0999999046325684,0.5347157716751099,5.507143020629883
3047,0,-3.0999999046325684,0.4659447968006134,4.983406066894531
3048,0,-3.0999999046325684,0.6615390777587891,4.22667932510376
3049,0,-3.0999999046325684,0.506157636642456,5.414656162261963
3050,0,-3.0999999046325684,0.5229433178901672,5.832602500915527
3051,0,-3.0999999046325684,0.6736474633216858,6.468281269073486
3052,0,-3.0999999046325684,0.5530785322189331,5.076508045196533
3053,0,-3.0999999046325684,0.5020524859428406,4.8626909255981445
3054,0,-3.0999999046325684,0.4171539545059204,4.576104164123535
3055,0,-3.0999999046325684,0.43536293506622314,4.526185989379883
3056,0,-3.0999999046325684,0.6205345392227173,5.341771125793457
3057,0,-3.0999999046325684,0.45078593492507935,5.1278815269470215
3058,1,8.770000457763672,0.8219664692878723,8.586249351501465
3059,1,8.770000457763672,0.8215880393981934,8.644774436950684
3060,1,8.770000457763672,0.8261759877204895,8.916644096374512
3061,0,-8.770000457763672,0.8218690156936646,8.701297760009766
3062,0,-8.770000457763672,0.7915478348731995,8.073923110961914
3063,1,2.890000104904175,0.632792055606842,3.7026097774505615
3064,0,-2.890000104904175,0.5063694715499878,4.0854692459106445
3065,0,-2.890000104904175,0.49782058596611023,4.763370513916016
3066,0,-2.890000104904175,0.4926554560661316,4.275200843811035
3067,0,-2.890000104904175,0.4962697923183441,4.150089263916016
3068,0,-2.890000104904175,0.4604454040527344,4.545583724975586
3069,0,-2.890000104904175,0.6197645664215088,3.6985700130462646
3070,0,-2.890000104904175,0.46238279342651367,4.119933605194092
3071,0,-2.890000104904175,0.47160717844963074,4.385687351226807
3072,1,2.890000104904175,0.5511741638183594,3.8946938514709473
3073,0,-2.890000104904175,0.46780094504356384,4.316436767578125
3074,0,-2.890000104904175,0.5090619325637817,4.269148349761963
3075,0,-2.890000104904175,0.5240196585655212,3.9669690132141113
3076,0,-2.890000104904175,0.4864064157009125,3.860631227493286
3077,0,-2.890000104904175,0.4595583379268646,4.313793182373047
3078,0,-2.890000104904175,0.46263524889945984,4.633466720581055
3079,0,-2.890000104904175,0.48104795813560486,4.1974287033081055
3080,0,-2.890000104904175,0.424677312374115,4.439883708953857
3081,0,-2.890000104904175,0.4755018651485443,4.348753452301025
3082,0,-2.890000104904175,0.5028666853904724,4.416181564331055
3083,0,-2.890000104904175,0.3997327387332916,4.6171650886535645
3084,1,2.9200000762939453,0.6134072542190552,4.326424598693848
3085,0,-2.9200000762939453,0.4616768956184387,5.234651565551758
3086,0,-2.9200000762939453,0.5424558520317078,5.000095367431641
3087,0,-2.9200000762939453,0.4223461151123047,4.11629581451416
3088,1,2.9200000762939453,0.7644018530845642,6.1710591316223145
3089,0,-2.9200000762939453,0.4702674150466919,4.7013936042785645
3090,0,-2.9200000762939453,0.7060105204582214,4.922757625579834
3091,0,-2.9200000762939453,0.3425554037094116,4.7143378257751465
3092,0,-2.9200000762939453,0.563774585723877,3.7975542545318604
3093,0,-2.9200000762939453,0.426266074180603,4.421506881713867
3094,0,-2.9200000762939453,0.4503134489059448,4.257067680358887
3095,0,-2.9200000762939453,0.45717689394950867,4.91934061050415
3096,0,-2.9200000762939453,0.48378923535346985,3.7781975269317627
3097,0,-2.9200000762939453,0.47537171840667725,4.491671562194824
3098,0,-2.9200000762939453,0.46125587821006775,3.788045644760132
3099,0,-2.9200000762939453,0.5073168873786926,4.167236328125
3100,1,6.5,0.7099006175994873,6.587686061859131
3101,1,6.5,0.7017979621887207,6.542749404907227
3102,0,-6.5,0.30642974376678467,5.233190536499023
3103,0,-6.5,0.30601733922958374,6.290330410003662
3104,0,-6.5,0.35084235668182373,6.032043933868408
3105,0,-6.5,0.3776005208492279,5.542530059814453
3106,0,-6.5,0.24837693572044373,5.901839256286621
3107,0,-6.5,0.31748679280281067,6.2581682205200195
3108,0,-6.5,0.4122733175754547,5.148703098297119
3109,1,5.369999885559082,0.605104923248291,5.723505973815918
3110,0,-5.369999885559082,0.7110035419464111,7.209733486175537
3111,1,5.369999885559082,0.6184633374214172,5.80599308013916
3112,0,-5.369999885559082,0.6286830902099609,6.915340900421143
3113,0,-5.369999885559082,0.7093862891197205,7.128229141235352
3114,0,-5.369999885559082,0.5184849500656128,6.333973407745361
3115,0,-5.369999885559082,0.6755185127258301,6.471255302429199
3116,0,-5.369999885559082,0.4672201871871948,5.63535737991333
3117,1,6.480000019073486,0.7348877787590027,7.571295738220215
3118,0,-6.480000019073486,0.7178672552108765,7.364363193511963
3119,0,-6.480000019073486,0.6819703578948975,7.0346479415893555
3120,0,-6.480000019073486,0.7204478979110718,7.514997959136963
3121,1,6.480000019073486,0.7319243550300598,7.53917121887207
3122,1,6.480000019073486,0.6808095574378967,7.452319145202637
3123,0,-6.480000019073486,0.691270649433136,7.694662094116211
3124,0,-6.480000019073486,0.6829022765159607,7.1275224685668945
3125,0,-6.480000019073486,0.5023139715194702,6.2442851066589355
3126,0,-6.480000019073486,0.4890208840370178,6.760855674743652
3127,1,5.099999904632568,0.7713051438331604,4.791372299194336
3128,1,5.099999904632568,0.7717782855033875,4.767167568206787
3129,0,-5.099999904632568,0.7332165837287903,3.6065711975097656
3130,0,-5.099999904632568,0.7382219433784485,3.602001428604126
3131,1,5.099999904632568,0.6765608787536621,4.4551262855529785
3132,1,5.099999904632568,0.5899783968925476,4.243311882019043
3133,0,-5.099999904632568,0.49500611424446106,4.187564849853516
3134,0,-5.099999904632568,0.43303072452545166,3.6735503673553467
3135,0,-5.099999904632568,0.35827693343162537,4.432783126831055
3136,0,-5.099999904632568,0.35582396388053894,4.559258937835693
3137,0,-5.099999904632568,0.3780052959918976,4.085047245025635
3138,0,-5.099999904632568,0.40185171365737915,4.207131385803223
3139,0,-5.099999904632568,0.3677995502948761,4.559005260467529
3140,0,-5.099999904632568,0.3728492856025696,4.103808403015137
3141,0,-5.099999904632568,0.3958617150783539,4.38232421875
3142,0,-5.099999904632568,0.3140125274658203,4.742931365966797
3143,0,-5.099999904632568,0.44290146231651306,4.16825008392334
3144,0,-5.099999904632568,0.302136093378067,5.030098915100098
3145,0,-5.099999904632568,0.3270905613899231,4.74345588684082
3146,0,-5.099999904632568,0.4458291232585907,3.969015598297119
3147,1,4.659999847412109,0.5935412049293518,5.0573320388793945
3148,0,-4.659999847412109,0.5637099146842957,5.767346382141113
3149,0,-4.659999847412109,0.6591071486473083,5.299971580505371
3150,0,-4.659999847412109,0.5733221173286438,5.197999477386475
3151,0,-4.659999847412109,0.6051045060157776,5.019311428070068
3152,0,-4.659999847412109,0.5744584202766418,5.51273775100708
3153,1,4.659999847412109,0.5467061400413513,5.505629062652588
3154,0,-4.659999847412109,0.45694008469581604,7.243983268737793
3155,0,-4.659999847412109,0.4056699275970459,7.121837139129639
3156,0,-4.659999847412109,0.5466375350952148,4.250823974609375
3157,0,-4.659999847412109,0.5001328587532043,7.1232590675354
3158,0,-4.659999847412109,0.4444727599620819,6.121367454528809
3159,0,-4.659999847412109,0.42719534039497375,7.175262928009033
3160,0,-4.659999847412109,0.3724684417247772,6.470996856689453
3161,0,-4.659999847412109,0.4410083591938019,5.351101875305176
3162,0,-4.659999847412109,0.30929240584373474,6.521036624908447
3163,0,-4.659999847412109,0.46299901604652405,4.28900146484375
3164,0,-4.659999847412109,0.5798525214195251,3.390770673751831
3165,0,-4.659999847412109,0.3970402777194977,5.180504322052002
3166,1,2.069999933242798,0.7502182126045227,3.8283684253692627
3167,1,2.069999933242798,0.7689206600189209,3.932494640350342
3168,1,2.069999933242798,0.752618670463562,3.8213138580322266
3169,1,2.069999933242798,0.7174730896949768,3.580645799636841
3170,0,-2.069999933242798,0.631049633026123,3.608999490737915
3171,0,-2.069999933242798,0.7749387621879578,4.091108322143555
3172,0,-2.069999933242798,0.6249412894248962,3.781698703765869
3173,0,-2.069999933242798,0.5674495697021484,3.231039047241211
3174,0,-2.069999933242798,0.49772587418556213,3.338411331176758
3175,0,-2.069999933242798,0.5714923143386841,3.4121768474578857
3176,0,-2.069999933242798,0.5377702713012695,3.5054709911346436
3177,0,-2.069999933242798,0.6843075752258301,4.717601776123047
3178,0,-2.069999933242798,0.39815753698349,4.224015712738037
3179,0,-2.069999933242798,0.477465957403183,3.447355031967163
3180,0,-2.069999933242798,0.4811549186706543,3.4435231685638428
3181,0,-2.069999933242798,0.5143045783042908,3.3412632942199707
3182,0,-2.069999933242798,0.49240800738334656,3.4090800285339355
3183,0,-2.069999933242798,0.39495232701301575,4.1713666915893555
3184,0,-2.069999933242798,0.4782782196998596,3.633474588394165
3185,0,-2.069999933242798,0.4269125461578369,4.036608695983887
3186,1,10.920000076293945,0.6834022402763367,7.72659969329834
3187,1,10.920000076293945,0.7394624948501587,7.970284461975098
3188,0,-10.920000076293945,0.6936691403388977,8.062713623046875
3189,0,-10.920000076293945,0.6749541759490967,7.673301696777344
3190,0,-10.920000076293945,0.46526917815208435,7.926901817321777
3191,0,-10.920000076293945,0.35254529118537903,8.084220886230469
3192,0,-10.920000076293945,0.5436418652534485,7.985454082489014
3193,0,-10.920000076293945,0.7112245559692383,7.983016014099121
3194,0,-10.920000076293945,0.4719323217868805,7.282242774963379
3195,0,-10.920000076293945,0.5783576965332031,7.835755348205566
3196,0,-10.920000076293945,0.5776861906051636,7.751214504241943
3197,0,-10.920000076293945,0.4558184742927551,7.617094039916992
3198,0,-10.920000076293945,0.10577736794948578,7.69326639175415
3199,0,-10.920000076293945,0.510504424571991,7.860690116882324
3200,0,-10.920000076293945,0.6086506247520447,7.869028091430664
3201,0,-10.920000076293945,0.3695763349533081,7.995068073272705
3202,0,-10.920000076293945,0.374566912651062,7.504044055938721
3203,0,-10.920000076293945,0.4678117334842682,7.6962080001831055
3204,0,-10.920000076293945,0.2558063864707947,7.387232780456543
3205,0,-10.920000076293945,0.49572986364364624,7.432312488555908
3206,1,8.0,0.7796670794487,8.399127006530762
3207,1,8.0,0.7715671062469482,8.339195251464844
3208,1,8.0,0.7815180420875549,8.161724090576172
3209,0,-8.0,0.7946670055389404,8.244677543640137
3210,1,2.819999933242798,0.5867303013801575,6.300773620605469
3211,0,-2.819999933242798,0.7320115566253662,4.000431060791016
3212,0,-2.819999933242798,0.6073678731918335,4.623047828674316
3213,0,-2.819999933242798,0.7104320526123047,5.530835151672363
3214,1,2.819999933242798,0.5954707264900208,4.768520355224609
3215,0,-2.819999933242798,0.49192747473716736,5.452184677124023
3216,1,2.819999933242798,0.5248396992683411,5.949601650238037
3217,0,-2.819999933242798,0.7122842669487,4.632037162780762
3218,0,-2.819999933242798,0.669373631477356,5.432875633239746
3219,0,-2.819999933242798,0.57378089427948,5.750397205352783
3220,0,-2.819999933242798,0.3800799250602722,5.5412092208862305
3221,0,-2.819999933242798,0.37264981865882874,5.54355001449585
3222,0,-2.819999933242798,0.3306528925895691,7.045746326446533
3223,0,-2.819999933242798,0.21266618371009827,5.296975135803223
3224,0,-2.819999933242798,0.328870952129364,6.257417678833008
3225,0,-2.819999933242798,0.11668486148118973,5.5311737060546875
3226,0,-2.819999933242798,0.4560772180557251,5.654263019561768
3227,0,-2.819999933242798,0.21717068552970886,6.29798698425293
3228,0,-2.819999933242798,0.23327326774597168,6.1996049880981445
3229,0,-2.819999933242798,0.2510277032852173,4.842807769775391
3230,0,-2.819999933242798,0.3209834098815918,5.698531150817871
3231,1,3.0999999046325684,0.3838688135147095,5.633272647857666
3232,0,-3.0999999046325684,0.3563356399536133,5.283117294311523
3233,0,-3.0999999046325684,0.3841155469417572,5.200590133666992
3234,0,-3.0999999046325684,0.38155293464660645,5.286795139312744
3235,0,-3.0999999046325684,0.3872078061103821,5.369202136993408
3236,0,-3.0999999046325684,0.3862403631210327,5.333998680114746
3237,0,-3.0999999046325684,0.3945043981075287,5.496042728424072
3238,0,-3.0999999046325684,0.4042288661003113,5.202836036682129
3239,0,-3.0999999046325684,0.38757097721099854,5.062694549560547
3240,0,-3.0999999046325684,0.37161290645599365,5.354270935058594
3241,0,-3.0999999046325684,0.38686010241508484,5.219222545623779
3242,0,-3.0999999046325684,0.381300687789917,5.123289108276367
3243,0,-3.0999999046325684,0.4272056221961975,5.4915995597839355
3244,0,-3.0999999046325684,0.38791725039482117,5.5677103996276855
3245,0,-3.0999999046325684,0.42575421929359436,5.5580644607543945
3246,0,-3.0999999046325684,0.41922399401664734,5.630048751831055
3247,0,-3.0999999046325684,0.38256922364234924,5.281705856323242
3248,0,-3.0999999046325684,0.36444807052612305,5.3045334815979
3249,0,-3.0999999046325684,0.40155062079429626,5.289186477661133
3250,0,-3.0999999046325684,0.378755658864975,5.206340789794922
3251,0,-3.0999999046325684,0.42036235332489014,5.541355609893799
3252,1,2.890000104904175,0.7110597491264343,3.838362216949463
3253,1,2.890000104904175,0.7385139465332031,3.779520034790039
3254,1,2.890000104904175,0.7383244633674622,3.7935633659362793
3255,1,2.890000104904175,0.7082037329673767,3.8176887035369873
3256,0,-2.890000104904175,0.7064933180809021,3.6373932361602783
3257,0,-2.890000104904175,0.706510603427887,3.668161630630493
3258,0,-2.890000104904175,0.48489952087402344,4.111742973327637
3259,0,-2.890000104904175,0.5720545053482056,3.88923978805542
3260,1,2.890000104904175,0.6306009292602539,3.6831536293029785
3261,0,-2.890000104904175,0.5502583980560303,4.033792018890381
3262,0,-2.890000104904175,0.724982500076294,3.8264076709747314
3263,0,-2.890000104904175,0.6961266994476318,3.2812373638153076
3264,0,-2.890000104904175,0.611253559589386,3.750471353530884
3265,0,-2.890000104904175,0.6283238530158997,3.378936290740967
3266,0,-2.890000104904175,0.6351996064186096,3.36734676361084
3267,0,-2.890000104904175,0.5656219720840454,3.7960891723632812
3268,0,-2.890000104904175,0.45841389894485474,3.787457227706909
3269,0,-2.890000104904175,0.4017997086048126,4.128277778625488
3270,0,-2.890000104904175,0.44020718336105347,3.9259960651397705
3271,0,-2.890000104904175,0.4632173776626587,3.9542737007141113
3272,0,-2.890000104904175,0.5598796606063843,3.4894230365753174
3273,1,9.460000038146973,0.7037171721458435,8.1657075881958
3274,1,9.460000038146973,0.7048500180244446,8.197124481201172
3275,0,-9.460000038146973,0.6553964018821716,7.677531719207764
3276,1,2.2799999713897705,0.7427530288696289,5.19759464263916
3277,0,-2.2799999713897705,0.268409788608551,4.98167610168457
3278,0,-2.2799999713897705,0.4052946865558624,5.222955703735352
3279,0,-2.2799999713897705,0.39655470848083496,5.071822166442871
3280,0,-2.2799999713897705,0.3332563042640686,4.842414855957031
3281,0,-2.2799999713897705,0.26191574335098267,4.995692729949951
3282,0,-2.2799999713897705,0.2461608201265335,4.551058769226074
3283,0,-2.2799999713897705,0.34679991006851196,4.634894847869873
3284,0,-2.2799999713897705,0.22273634374141693,4.837336540222168
3285,0,-2.2799999713897705,0.31027811765670776,4.362512588500977
3286,0,-2.2799999713897705,0.35531631112098694,4.7014055252075195
3287,0,-2.2799999713897705,0.3078407943248749,5.213042259216309
3288,0,-2.2799999713897705,0.3718336820602417,4.924912452697754
3289,0,-2.2799999713897705,0.43186771869659424,4.411661624908447
3290,0,-2.2799999713897705,0.24447758495807648,4.640220642089844
3291,0,-2.2799999713897705,0.23810261487960815,4.309810638427734
3292,0,-2.2799999713897705,0.23298704624176025,4.7999749183654785
3293,0,-2.2799999713897705,0.3287537097930908,4.893484592437744
3294,0,-2.2799999713897705,0.28793567419052124,4.806766033172607
3295,0,-2.2799999713897705,0.24973919987678528,4.557291507720947
3296,0,-2.2799999713897705,0.47399500012397766,4.685415267944336
3297,1,6.510000228881836,0.7158573269844055,4.957988739013672
3298,0,-6.510000228881836,0.7510286569595337,5.885018348693848
3299,0,-6.510000228881836,0.541191041469574,5.572521209716797
3300,1,6.510000228881836,0.6974238753318787,4.869531631469727
3301,0,-6.510000228881836,0.5760805606842041,6.601635456085205
3302,0,-6.510000228881836,0.5490947961807251,6.742037773132324
3303,0,-6.510000228881836,0.5213401317596436,6.675429344177246
3304,0,-6.510000228881836,0.5277152061462402,5.952866554260254
3305,0,-6.510000228881836,0.5262609124183655,5.532034873962402
3306,0,-6.510000228881836,0.5123374462127686,5.571132659912109
3307,0,-6.510000228881836,0.4580262303352356,6.721853256225586
3308,0,-6.510000228881836,0.38051727414131165,5.743601322174072
3309,0,-6.510000228881836,0.4130725562572479,6.017494201660156
3310,0,-6.510000228881836,0.5195137858390808,5.362174034118652
3311,0,-6.510000228881836,0.43683236837387085,6.014615058898926
3312,0,-6.510000228881836,0.3302752673625946,5.609201431274414
3313,0,-6.510000228881836,0.37760093808174133,5.395711421966553
3314,0,-6.510000228881836,0.24539321660995483,6.758829116821289
3315,0,-6.510000228881836,0.4130342900753021,4.8776140213012695
3316,0,-6.510000228881836,0.36485666036605835,6.2570600509643555
3317,0,-6.510000228881836,0.4090365469455719,6.20493745803833
3318,1,5.139999866485596,0.6161335706710815,7.402432441711426
3319,0,-5.139999866485596,0.4508701264858246,7.637933254241943
3320,0,-5.139999866485596,0.4469287693500519,7.3665642738342285
3321,0,-5.139999866485596,0.44354552030563354,7.408760070800781
3322,1,5.139999866485596,0.4866299033164978,6.79813814163208
3323,0,-5.139999866485596,0.5823937654495239,7.395750522613525
3324,1,5.139999866485596,0.6063542366027832,7.548837184906006
3325,0,-5.139999866485596,0.4614531993865967,7.013713359832764
3326,0,-5.139999866485596,0.21651344001293182,7.439312934875488
3327,0,-5.139999866485596,0.29293036460876465,6.849402904510498
3328,0,-5.139999866485596,0.35426440834999084,6.35830020904541
3329,0,-5.139999866485596,0.4750603139400482,7.282497406005859
3330,0,-5.139999866485596,0.5556334257125854,6.9774274826049805
3331,0,-5.139999866485596,0.2686513662338257,6.988523483276367
3332,0,-5.139999866485596,0.4013209939002991,6.839768886566162
3333,0,-5.139999866485596,0.42467236518859863,6.457696437835693
3334,0,-5.139999866485596,0.30903199315071106,5.636167526245117
3335,0,-5.139999866485596,0.41574931144714355,5.896995544433594
3336,0,-5.139999866485596,0.3848814070224762,6.111767292022705
3337,0,-5.139999866485596,0.3627096712589264,6.712286472320557
3338,0,-5.139999866485596,0.2638185918331146,6.940250396728516
3339,1,4.860000133514404,0.6371111869812012,7.102849006652832
3340,0,-4.860000133514404,0.4434766173362732,7.00761604309082
3341,1,4.860000133514404,0.645734965801239,6.687424659729004
3342,0,-4.860000133514404,0.5557593107223511,7.32261848449707
3343,0,-4.860000133514404,0.6552691459655762,7.277486801147461
3344,1,4.860000133514404,0.5439839363098145,6.612516403198242
3345,0,-4.860000133514404,0.3007562756538391,6.8116679191589355
3346,0,-4.860000133514404,0.3760569393634796,6.7255682945251465
3347,0,-4.860000133514404,0.600879430770874,7.5962018966674805
3348,0,-4.860000133514404,0.38123974204063416,6.378955841064453
3349,0,-4.860000133514404,0.3929215669631958,6.944097518920898
3350,0,-4.860000133514404,0.21898625791072845,6.612343788146973
3351,0,-4.860000133514404,0.3313911259174347,6.804665565490723
3352,0,-4.860000133514404,0.29119163751602173,6.946043968200684
3353,0,-4.860000133514404,0.6486021876335144,6.894070148468018
3354,0,-4.860000133514404,0.5360291004180908,7.61817741394043
3355,0,-4.860000133514404,0.5526756644248962,6.275903701782227
3356,0,-4.860000133514404,0.36754342913627625,7.007721424102783
3357,0,-4.860000133514404,0.213778555393219,6.354206562042236
3358,0,-4.860000133514404,0.22083061933517456,6.331441879272461
3359,0,-4.860000133514404,0.19875851273536682,5.868832111358643
3360,1,7.960000038146973,0.7152675986289978,7.327094554901123
3361,1,7.960000038146973,0.7099779844284058,7.3374738693237305
3362,0,-7.960000038146973,0.7216624617576599,7.524318218231201
3363,0,-7.960000038146973,0.6997297406196594,7.311198711395264
3364,0,-7.960000038146973,0.6943117380142212,5.640913963317871
3365,1,6.539999961853027,0.6996725797653198,4.357521057128906
3366,0,-6.539999961853027,0.5764049887657166,4.889516830444336
3367,0,-6.539999961853027,0.4337034821510315,5.557465076446533
3368,0,-6.539999961853027,0.6426084041595459,4.3057074546813965
3369,0,-6.539999961853027,0.5897812843322754,4.783749580383301
3370,0,-6.539999961853027,0.35265737771987915,5.73144006729126
3371,0,-6.539999961853027,0.437540739774704,5.4986748695373535
3372,1,6.539999961853027,0.6659969687461853,4.196873188018799
3373,0,-6.539999961853027,0.38632798194885254,4.989348411560059
3374,0,-6.539999961853027,0.4293195903301239,5.089492321014404
3375,0,-6.539999961853027,0.48789989948272705,5.891605854034424
3376,0,-6.539999961853027,0.2429659366607666,6.015923976898193
3377,0,-6.539999961853027,0.3619210124015808,6.159644603729248
3378,0,-6.539999961853027,0.29465916752815247,5.227987289428711
3379,0,-6.539999961853027,0.362354040145874,4.925007343292236
3380,0,-6.539999961853027,0.261313259601593,5.9638142585754395
3381,0,-6.539999961853027,0.28451651334762573,5.5192155838012695
3382,0,-6.539999961853027,0.4516138434410095,5.576929092407227
3383,0,-6.539999961853027,0.49122390151023865,5.459898948669434
3384,0,-6.539999961853027,0.2665722668170929,6.016789436340332
3385,0,-6.539999961853027,0.29906579852104187,4.914480209350586
3386,1,5.71999979019165,0.7827359437942505,5.25424337387085
3387,1,5.71999979019165,0.7820523977279663,5.2184367179870605
3388,1,5.71999979019165,0.6480112671852112,5.044808387756348
3389,0,-5.71999979019165,0.6978065967559814,4.552292346954346
3390,0,-5.71999979019165,0.5207362174987793,4.753353595733643
3391,0,-5.71999979019165,0.6624068021774292,5.169495582580566
3392,0,-5.71999979019165,0.5273726582527161,6.7490434646606445
3393,0,-5.71999979019165,0.470643013715744,6.859949111938477
3394,0,-5.71999979019165,0.5721464157104492,6.6471428871154785
3395,0,-5.71999979019165,0.4217391610145569,6.574656963348389
3396,0,-5.71999979019165,0.5047705173492432,6.885159969329834
3397,0,-5.71999979019165,0.5092043280601501,6.987801551818848
3398,0,-5.71999979019165,0.5353110432624817,7.147664546966553
3399,0,-5.71999979019165,0.37001800537109375,6.643884181976318
3400,0,-5.71999979019165,0.3657304644584656,4.895191669464111
3401,0,-5.71999979019165,0.4585144817829132,6.786266326904297
3402,0,-5.71999979019165,0.44911879301071167,5.525250434875488
3403,0,-5.71999979019165,0.35758471488952637,6.246536731719971
3404,0,-5.71999979019165,0.35689809918403625,6.3460917472839355
3405,0,-5.71999979019165,0.4859846234321594,5.073788642883301
3406,0,-5.71999979019165,0.37400898337364197,7.074036598205566
3407,1,2.9600000381469727,0.6396477222442627,3.7994115352630615
3408,0,-2.9600000381469727,0.6917535066604614,3.4309937953948975
3409,0,-2.9600000381469727,0.6101422905921936,3.40169620513916
3410,0,-2.9600000381469727,0.6430237889289856,3.0041391849517822
3411,0,-2.9600000381469727,0.6543753743171692,3.081688642501831
3412,0,-2.9600000381469727,0.6514231562614441,3.102508544921875
3413,0,-2.9600000381469727,0.690954327583313,3.248565673828125
3414,1,2.9600000381469727,0.6218979358673096,3.7615113258361816
3415,0,-2.9600000381469727,0.48489266633987427,4.084299564361572
3416,0,-2.9600000381469727,0.5866045355796814,3.1370296478271484
3417,0,-2.9600000381469727,0.4706364870071411,4.034101486206055
3418,0,-2.9600000381469727,0.5315982103347778,4.0147271156311035
3419,0,-2.9600000381469727,0.6119460463523865,3.2954952716827393
3420,0,-2.9600000381469727,0.4836968183517456,4.3429274559021
3421,0,-2.9600000381469727,0.4608966112136841,4.169282913208008
3422,0,-2.9600000381469727,0.5680230855941772,3.5832440853118896
3423,0,-2.9600000381469727,0.4300852417945862,4.444343090057373
3424,0,-2.9600000381469727,0.4840840697288513,4.254215240478516
3425,0,-2.9600000381469727,0.4837562143802643,3.7758796215057373
3426,0,-2.9600000381469727,0.3142915964126587,4.3521833419799805
3427,0,-2.9600000381469727,0.41919824481010437,3.942387580871582
3428,1,6.940000057220459,0.675415575504303,7.119742393493652
3429,1,6.940000057220459,0.6669098734855652,7.12827205657959
3430,0,-6.940000057220459,0.5416987538337708,6.738982677459717
3431,0,-6.940000057220459,0.45747244358062744,6.797837257385254
3432,0,-6.940000057220459,0.36214908957481384,5.262575626373291
3433,0,-6.940000057220459,0.3287949562072754,6.197023391723633
3434,0,-6.940000057220459,0.34203511476516724,6.0867533683776855
3435,0,-6.940000057220459,0.40865007042884827,4.89956521987915
3436,1,7.199999809265137,0.7430817484855652,6.602361679077148
3437,0,-7.199999809265137,0.7450098395347595,6.982207775115967
3438,0,-7.199999809265137,0.6886892318725586,6.737740993499756
3439,0,-7.199999809265137,0.2755570709705353,4.923852920532227
3440,0,-7.199999809265137,0.319140762090683,4.823822975158691
3441,0,-7.199999809265137,0.22016999125480652,5.983920574188232
3442,0,-7.199999809265137,0.26333314180374146,5.531282424926758
3443,0,-7.199999809265137,0.3112373948097229,4.818351745605469
3444,0,-7.199999809265137,0.32835426926612854,5.325002670288086
3445,0,-7.199999809265137,0.29728084802627563,5.301462650299072
3446,0,-7.199999809265137,0.40863096714019775,4.570982933044434
3447,0,-7.199999809265137,0.300457239151001,4.7266669273376465
3448,0,-7.199999809265137,0.28869444131851196,5.007684230804443
3449,0,-7.199999809265137,0.25457289814949036,5.92607307434082
3450,0,-7.199999809265137,0.2984659671783447,5.180200576782227
3451,0,-7.199999809265137,0.23387034237384796,5.473400592803955
3452,1,4.760000228881836,0.6744710803031921,6.915943145751953
3453,1,4.760000228881836,0.6754327416419983,6.914510250091553
3454,0,-4.760000228881836,0.677985668182373,7.018163681030273
3455,0,-4.760000228881836,0.6820923686027527,7.074757099151611
3456,1,4.760000228881836,0.6570520401000977,6.976736068725586
3457,0,-4.760000228881836,0.5013177394866943,7.352969169616699
3458,1,6.119999885559082,0.7681959867477417,5.711185455322266
3459,1,6.119999885559082,0.7015758752822876,5.534624099731445
3460,0,-6.119999885559082,0.6099489331245422,5.054901599884033
3461,0,-6.119999885559082,0.41564303636550903,3.8994715213775635
3462,0,-6.119999885559082,0.462700754404068,4.491560459136963
3463,0,-6.119999885559082,0.43861520290374756,4.078365325927734
3464,0,-6.119999885559082,0.35963067412376404,3.932196855545044
3465,0,-6.119999885559082,0.39003971219062805,3.995983362197876
3466,0,-6.119999885559082,0.36179763078689575,4.10935115814209
3467,0,-6.119999885559082,0.448004812002182,4.093266487121582
3468,0,-6.119999885559082,0.3172963857650757,4.3363938331604
3469,0,-6.119999885559082,0.2675320506095886,4.428355693817139
3470,0,-6.119999885559082,0.2520536184310913,4.996599197387695
3471,0,-6.119999885559082,0.2203780710697174,4.407472610473633
3472,0,-6.119999885559082,0.336183100938797,4.334804058074951
3473,0,-6.119999885559082,0.45097991824150085,4.415729522705078
3474,0,-6.119999885559082,0.3085256814956665,4.405235290527344
3475,0,-6.119999885559082,0.29551541805267334,4.511157035827637
3476,0,-6.119999885559082,0.20648646354675293,4.732568264007568
3477,0,-6.119999885559082,0.26690980792045593,4.380514621734619
3478,0,-6.119999885559082,0.21562296152114868,4.791490077972412
3479,1,4.110000133514404,0.43557944893836975,3.807136058807373
3480,1,4.110000133514404,0.4381149709224701,3.889159679412842
3481,1,4.110000133514404,0.544416069984436,4.500537872314453
3482,0,-4.110000133514404,0.6767358779907227,4.439886569976807
3483,0,-4.110000133514404,0.6549423933029175,3.79646897315979
3484,0,-4.110000133514404,0.46236541867256165,3.8521924018859863
3485,0,-4.110000133514404,0.19417217373847961,5.734541893005371
3486,0,-4.110000133514404,0.20683354139328003,5.11671257019043
3487,0,-4.110000133514404,0.31961989402770996,4.99812126159668
3488,0,-4.110000133514404,0.37732160091400146,4.119468688964844
3489,0,-4.110000133514404,0.3451089560985565,5.2031354904174805
3490,0,-4.110000133514404,0.25990673899650574,5.266916275024414
3491,0,-4.110000133514404,0.22911936044692993,5.68573522567749
3492,0,-4.110000133514404,0.3501582741737366,4.620512962341309
3493,0,-4.110000133514404,0.19800631701946259,4.980719566345215
3494,0,-4.110000133514404,0.28729572892189026,4.595188617706299
3495,0,-4.110000133514404,0.2135443240404129,4.7770771980285645
3496,0,-4.110000133514404,0.25428977608680725,5.4572434425354
3497,0,-4.110000133514404,0.34371575713157654,4.98937463760376
3498,0,-4.110000133514404,0.2406521439552307,4.923305511474609
3499,0,-4.110000133514404,0.22681696712970734,5.093621730804443
3500,1,5.239999771118164,0.7193232178688049,4.781686782836914
3501,1,5.239999771118164,0.719154953956604,4.777912616729736
3502,0,-5.239999771118164,0.5305265188217163,4.7670512199401855
3503,0,-5.239999771118164,0.5283850431442261,4.603329658508301
3504,0,-5.239999771118164,0.5716918110847473,4.546564102172852
3505,0,-5.239999771118164,0.5093984007835388,4.808460235595703
3506,0,-5.239999771118164,0.4563009738922119,4.8110857009887695
3507,0,-5.239999771118164,0.42353421449661255,5.016760349273682
3508,0,-5.239999771118164,0.6074601411819458,4.386775016784668
3509,0,-5.239999771118164,0.476951539516449,5.337133884429932
3510,0,-5.239999771118164,0.40952810645103455,4.781882286071777
3511,0,-5.239999771118164,0.46469706296920776,5.0205512046813965
3512,0,-5.239999771118164,0.40124544501304626,5.013213157653809
3513,0,-5.239999771118164,0.30171066522598267,4.933957576751709
3514,0,-5.239999771118164,0.3222314715385437,5.03839111328125
3515,0,-5.239999771118164,0.458147257566452,4.870297908782959
3516,0,-5.239999771118164,0.4022218883037567,4.939998149871826
3517,0,-5.239999771118164,0.36497581005096436,4.422015190124512
3518,0,-5.239999771118164,0.2547839879989624,5.593982696533203
3519,0,-5.239999771118164,0.24478907883167267,5.137477874755859
3520,0,-5.239999771118164,0.3129672706127167,4.922361373901367
3521,1,5.269999980926514,0.7507619261741638,6.270887851715088
3522,0,-5.269999980926514,0.48455867171287537,7.060884952545166
3523,0,-5.269999980926514,0.4840294420719147,6.438838481903076
3524,0,-5.269999980926514,0.4417714774608612,6.224849224090576
3525,0,-5.269999980926514,0.47118085622787476,4.184863090515137
3526,0,-5.269999980926514,0.24730020761489868,5.308398246765137
3527,0,-5.269999980926514,0.28310880064964294,5.864566802978516
3528,0,-5.269999980926514,0.2672407031059265,5.218191623687744
3529,0,-5.269999980926514,0.22286786139011383,5.485455513000488
3530,0,-5.269999980926514,0.3649420142173767,5.311947345733643
3531,0,-5.269999980926514,0.3236028254032135,5.559092044830322
3532,0,-5.269999980926514,0.27887457609176636,5.077396392822266
3533,0,-5.269999980926514,0.27115675806999207,4.472509384155273
3534,0,-5.269999980926514,0.2735527753829956,5.399502277374268
3535,0,-5.269999980926514,0.3568267524242401,5.018442153930664
3536,0,-5.269999980926514,0.2282477766275406,5.432636737823486
3537,0,-5.269999980926514,0.36221131682395935,5.1406450271606445
3538,0,-5.269999980926514,0.3198559880256653,5.565362453460693
3539,0,-5.269999980926514,0.2983987629413605,5.2990570068359375
3540,0,-5.269999980926514,0.25679779052734375,5.494741439819336
3541,0,-5.269999980926514,0.2543402314186096,4.746244430541992
3542,1,5.519999980926514,0.487153559923172,4.433986663818359
3543,1,5.519999980926514,0.6329160332679749,4.895890235900879
3544,1,5.519999980926514,0.4233883321285248,5.414167404174805
3545,0,-5.519999980926514,0.4867219030857086,5.116974353790283
3546,0,-5.519999980926514,0.6732320785522461,4.535686016082764
3547,0,-5.519999980926514,0.2648591995239258,5.5139265060424805
3548,0,-5.519999980926514,0.39937394857406616,5.133007526397705
3549,0,-5.519999980926514,0.34428146481513977,4.5367841720581055
3550,0,-5.519999980926514,0.3454776406288147,4.894453048706055
3551,0,-5.519999980926514,0.48467782139778137,4.877357482910156
3552,0,-5.519999980926514,0.17561231553554535,5.013948440551758
3553,0,-5.519999980926514,0.3677801191806793,4.564177513122559
3554,0,-5.519999980926514,0.3515647053718567,4.561897277832031
3555,0,-5.519999980926514,0.4845196604728699,4.04500675201416
3556,0,-5.519999980926514,0.3371143043041229,5.0607733726501465
3557,0,-5.519999980926514,0.3676779270172119,4.7717156410217285
3558,0,-5.519999980926514,0.33146974444389343,4.573144912719727
3559,0,-5.519999980926514,0.4569507837295532,4.141258239746094
3560,0,-5.519999980926514,0.4733290374279022,5.51354455947876
3561,0,-5.519999980926514,0.370287150144577,4.445676326751709
3562,0,-5.519999980926514,0.3718129098415375,6.286316871643066
3563,1,4.119999885559082,0.4604426622390747,4.912919044494629
3564,1,4.119999885559082,0.5710859894752502,5.328967571258545
3565,0,-4.119999885559082,0.4386613368988037,5.274209022521973
3566,0,-4.119999885559082,0.4671941101551056,5.4002509117126465
3567,1,4.119999885559082,0.4210926592350006,5.18084192276001
3568,0,-4.119999885559082,0.46036800742149353,4.659090518951416
3569,0,-4.119999885559082,0.5432621240615845,5.684983730316162
3570,0,-4.119999885559082,0.5205498337745667,5.6218180656433105
3571,0,-4.119999885559082,0.44221562147140503,5.445125102996826
3572,0,-4.119999885559082,0.3633587956428528,4.9881439208984375
3573,0,-4.119999885559082,0.4284857511520386,4.294881343841553
3574,0,-4.119999885559082,0.21629080176353455,5.399570465087891
3575,0,-4.119999885559082,0.4663909375667572,5.373504638671875
3576,0,-4.119999885559082,0.3998775780200958,5.390292644500732
3577,0,-4.119999885559082,0.5757279992103577,4.703032493591309
3578,0,-4.119999885559082,0.37226396799087524,4.233091831207275
3579,0,-4.119999885559082,0.4932064414024353,5.455432891845703
3580,0,-4.119999885559082,0.3423181176185608,4.931956768035889
3581,0,-4.119999885559082,0.46274533867836,5.061079978942871
3582,0,-4.119999885559082,0.2728285491466522,5.495822906494141
3583,0,-4.119999885559082,0.2739734947681427,5.1528639793396
3584,1,5.960000038146973,0.5656464099884033,4.305586814880371
3585,1,5.960000038146973,0.5990702509880066,4.793544769287109
3586,1,5.960000038146973,0.5297456979751587,5.16923189163208
3587,1,5.960000038146973,0.3806505799293518,5.317624092102051
3588,0,-5.960000038146973,0.4679054617881775,4.454390525817871
3589,0,-5.960000038146973,0.5465829968452454,5.903114318847656
3590,0,-5.960000038146973,0.5943312048912048,4.246781349182129
3591,0,-5.960000038146973,0.5212357044219971,5.810366630554199
3592,0,-5.960000038146973,0.3490917682647705,4.466925621032715
3593,0,-5.960000038146973,0.4035016596317291,4.448328971862793
3594,0,-5.960000038146973,0.4716048538684845,5.177374839782715
3595,0,-5.960000038146973,0.41960567235946655,5.874612808227539
3596,0,-5.960000038146973,0.32510432600975037,4.619594573974609
3597,0,-5.960000038146973,0.3937031924724579,4.272581100463867
3598,0,-5.960000038146973,0.49188610911369324,5.492140293121338
3599,0,-5.960000038146973,0.3574044406414032,4.8555989265441895
3600,0,-5.960000038146973,0.45798206329345703,4.129800319671631
3601,0,-5.960000038146973,0.3384181261062622,4.327178001403809
3602,0,-5.960000038146973,0.2572745680809021,4.8091230392456055
3603,0,-5.960000038146973,0.36344724893569946,4.291134357452393
3604,0,-5.960000038146973,0.26663798093795776,5.224836349487305
3605,1,6.679999828338623,0.719734787940979,7.705810546875
3606,1,6.679999828338623,0.7240170240402222,7.756559371948242
3607,0,-6.679999828338623,0.6199381351470947,6.806524276733398
3608,0,-6.679999828338623,0.6013495922088623,6.9727044105529785
3609,0,-6.679999828338623,0.5869242548942566,5.86701774597168
3610,0,-6.679999828338623,0.2907044589519501,5.799873352050781
3611,0,-6.679999828338623,0.4867912530899048,5.579095840454102
3612,0,-6.679999828338623,0.5904077291488647,6.942746162414551
3613,0,-6.679999828338623,0.5220335721969604,6.349949359893799
3614,0,-6.679999828338623,0.5007944107055664,5.234005451202393
3615,0,-6.679999828338623,0.3655151128768921,5.526689052581787
3616,0,-6.679999828338623,0.3568161129951477,5.551004886627197
3617,0,-6.679999828338623,0.4281103014945984,6.384962558746338
3618,0,-6.679999828338623,0.4235110282897949,5.024144172668457
3619,0,-6.679999828338623,0.34801220893859863,5.804622650146484
3620,0,-6.679999828338623,0.4766595661640167,5.541036605834961
3621,0,-6.679999828338623,0.3707433342933655,5.751095294952393
3622,0,-6.679999828338623,0.48368585109710693,5.161134719848633
3623,0,-6.679999828338623,0.2907237112522125,6.017481803894043
3624,0,-6.679999828338623,0.345599502325058,5.396110534667969
3625,0,-6.679999828338623,0.4746103286743164,6.13755989074707
3626,1,6.860000133514404,0.7472138404846191,6.95720100402832
3627,1,6.860000133514404,0.7498695254325867,6.898374557495117
3628,1,6.860000133514404,0.7479904294013977,6.882618427276611
3629,0,-6.860000133514404,0.7239497303962708,6.543467998504639
3630,0,-6.860000133514404,0.5127202868461609,5.299233436584473
3631,0,-6.860000133514404,0.5504717230796814,5.136794567108154
3632,0,-6.860000133514404,0.4192284047603607,5.151389122009277
3633,0,-6.860000133514404,0.4767015874385834,6.125621795654297
3634,0,-6.860000133514404,0.7134920954704285,4.456887245178223
3635,0,-6.860000133514404,0.4221252501010895,6.2479248046875
3636,0,-6.860000133514404,0.5492231249809265,4.907017230987549
3637,0,-6.860000133514404,0.43417131900787354,5.063573837280273
3638,0,-6.860000133514404,0.5713276267051697,5.4293012619018555
3639,0,-6.860000133514404,0.49440959095954895,5.371618270874023
3640,0,-6.860000133514404,0.4551832973957062,5.236316680908203
3641,0,-6.860000133514404,0.47059592604637146,6.173118591308594
3642,0,-6.860000133514404,0.44963353872299194,6.274433612823486
3643,0,-6.860000133514404,0.5800021886825562,6.808062553405762
3644,0,-6.860000133514404,0.3963325619697571,5.5363311767578125
3645,0,-6.860000133514404,0.45333245396614075,5.0201263427734375
3646,1,5.099999904632568,0.7220770120620728,4.245306968688965
3647,1,5.099999904632568,0.7065576910972595,4.22012996673584
3648,0,-5.099999904632568,0.5621352791786194,3.5564568042755127
3649,0,-5.099999904632568,0.28842470049858093,4.48238468170166
3650,0,-5.099999904632568,0.348709374666214,4.468976020812988
3651,0,-5.099999904632568,0.6764844059944153,4.354703426361084
3652,0,-5.099999904632568,0.6045116782188416,4.6795549392700195
3653,0,-5.099999904632568,0.5289881229400635,4.5764265060424805
3654,1,5.170000076293945,0.7480315566062927,5.305537700653076
3655,0,-5.170000076293945,0.4661923050880432,4.700047492980957
3656,0,-5.170000076293945,0.5004727840423584,4.624844551086426
3657,0,-5.170000076293945,0.5116373896598816,4.600300312042236
3658,1,5.170000076293945,0.7002520561218262,5.157408237457275
3659,0,-5.170000076293945,0.7207921743392944,5.188729286193848
3660,0,-5.170000076293945,0.4923376739025116,4.986184120178223
3661,0,-5.170000076293945,0.7026398777961731,4.333343982696533
3662,0,-5.170000076293945,0.5063197612762451,4.322227954864502
3663,0,-5.170000076293945,0.39043310284614563,4.845459938049316
3664,0,-5.170000076293945,0.7100160121917725,4.247407913208008
3665,0,-5.170000076293945,0.3374579846858978,4.7897419929504395
3666,0,-5.170000076293945,0.5668583512306213,4.132065773010254
3667,0,-5.170000076293945,0.457813024520874,4.479801177978516
3668,0,-5.170000076293945,0.6466813087463379,4.4243364334106445
3669,0,-5.170000076293945,0.6141113638877869,4.349466800689697
3670,0,-5.170000076293945,0.3541025221347809,5.4106268882751465
3671,0,-5.170000076293945,0.6557707786560059,4.106663703918457
3672,0,-5.170000076293945,0.5100023746490479,4.6155242919921875
3673,0,-5.170000076293945,0.4500558376312256,4.453251361846924
3674,0,-5.170000076293945,0.36963140964508057,4.491513729095459
3675,1,11.819999694824219,0.8056580424308777,10.162886619567871
3676,0,-11.819999694824219,0.6729147434234619,9.28200912475586
3677,1,11.819999694824219,0.683395504951477,9.196123123168945
3678,0,-11.819999694824219,0.6352466940879822,9.076656341552734
3679,0,-11.819999694824219,0.6044994592666626,8.962693214416504
3680,0,-11.819999694824219,0.605745255947113,8.997978210449219
3681,0,-11.819999694824219,0.6453021764755249,8.885293006896973
3682,0,-11.819999694824219,0.42779356241226196,8.87604808807373
3683,0,-11.819999694824219,0.18311546742916107,9.731382369995117
3684,0,-11.819999694824219,0.48311692476272583,8.777801513671875
3685,0,-11.819999694824219,0.5463237166404724,8.187101364135742
3686,0,-11.819999694824219,0.5964043140411377,8.842718124389648
3687,0,-11.819999694824219,0.32120952010154724,9.034636497497559
3688,0,-11.819999694824219,0.482281357049942,8.773447036743164
3689,0,-11.819999694824219,0.13297605514526367,8.771472930908203
3690,0,-11.819999694824219,0.6009933352470398,7.353981971740723
3691,0,-11.819999694824219,0.5156739950180054,8.145984649658203
3692,0,-11.819999694824219,0.32528164982795715,9.357820510864258
3693,0,-11.819999694824219,0.37464383244514465,9.299412727355957
3694,0,-11.819999694824219,0.42548489570617676,8.813538551330566
3695,0,-8.350000381469727,0.79616779088974,9.698317527770996
3696,0,-8.350000381469727,0.7864447236061096,9.716336250305176
3697,0,-8.350000381469727,0.7624363899230957,8.88662052154541
3698,0,-8.350000381469727,0.7708023190498352,9.868833541870117
3699,0,-8.350000381469727,0.6426683068275452,8.639347076416016
3700,0,-8.350000381469727,0.6837395429611206,8.839900970458984
3701,0,-8.350000381469727,0.7219638228416443,9.043001174926758
3702,0,-8.350000381469727,0.7373348474502563,8.884254455566406
3703,0,-8.350000381469727,0.71565842628479,8.335800170898438
3704,1,8.350000381469727,0.7650570869445801,9.422539710998535
3705,0,-8.350000381469727,0.7068932056427002,8.208003997802734
3706,0,-8.350000381469727,0.6524072885513306,8.817461013793945
3707,0,-8.350000381469727,0.7516464591026306,9.085741996765137
3708,0,-8.350000381469727,0.6879962086677551,8.722675323486328
3709,0,-8.350000381469727,0.7698791027069092,9.214720726013184
3710,0,-8.350000381469727,0.6707726716995239,8.793004989624023
3711,0,-8.350000381469727,0.6672684550285339,8.788726806640625
3712,1,8.350000381469727,0.7659270763397217,8.56428337097168
3713,0,-8.350000381469727,0.7144157290458679,7.851006507873535
3714,0,-8.350000381469727,0.5781448483467102,7.897862434387207
3715,1,6.630000114440918,0.7253322005271912,7.187083721160889
3716,0,-6.630000114440918,0.6718822121620178,4.9029130935668945
3717,0,-6.630000114440918,0.7017167210578918,5.426899433135986
3718,0,-6.630000114440918,0.36557745933532715,5.544814109802246
3719,0,-6.630000114440918,0.3677896559238434,5.279038429260254
3720,1,6.630000114440918,0.7240242958068848,7.155744552612305
3721,0,-6.630000114440918,0.6019601225852966,4.730161190032959
3722,0,-6.630000114440918,0.6403886675834656,5.1210784912109375
3723,0,-6.630000114440918,0.33941754698753357,5.371843338012695
3724,0,-6.630000114440918,0.4680861830711365,5.725077152252197
3725,0,-6.630000114440918,0.4823952615261078,4.994199275970459
3726,0,-6.630000114440918,0.39236098527908325,5.4966630935668945
3727,0,-6.630000114440918,0.34670746326446533,5.446781158447266
3728,0,-6.630000114440918,0.441055029630661,5.992847442626953
3729,0,-6.630000114440918,0.4796607196331024,5.502384662628174
3730,0,-6.630000114440918,0.460542231798172,4.227118492126465
3731,0,-6.630000114440918,0.45036059617996216,4.739709854125977
3732,0,-6.630000114440918,0.5155516862869263,4.0838398933410645
3733,0,-6.630000114440918,0.39760661125183105,4.457467079162598
3734,0,-6.630000114440918,0.35540568828582764,5.258176803588867
3735,1,4.099999904632568,0.7519843578338623,4.426968574523926
3736,0,-4.099999904632568,0.7379184365272522,4.378676414489746
3737,1,4.099999904632568,0.7755827307701111,4.16622257232666
3738,0,-4.099999904632568,0.7350654602050781,4.388401031494141
3739,0,-4.099999904632568,0.5339879989624023,4.3776140213012695
3740,0,-4.099999904632568,0.47459954023361206,4.628025531768799
3741,0,-4.099999904632568,0.5477982759475708,4.025625228881836
3742,0,-4.099999904632568,0.5010393857955933,4.324145793914795
3743,0,-4.099999904632568,0.40025070309638977,4.523866176605225
3744,0,-4.099999904632568,0.4629238545894623,4.437629699707031
3745,0,-4.099999904632568,0.4818246066570282,4.185424327850342
3746,0,-4.099999904632568,0.4799153208732605,4.92554235458374
3747,0,-4.099999904632568,0.42465272545814514,4.244611740112305
3748,0,-4.099999904632568,0.40961381793022156,4.344773292541504
3749,0,-4.099999904632568,0.3977397382259369,4.764212131500244
3750,0,-4.099999904632568,0.33745190501213074,4.7781147956848145
3751,0,-4.099999904632568,0.3847653865814209,4.703901290893555
3752,0,-4.099999904632568,0.3627590835094452,5.253404140472412
3753,0,-4.099999904632568,0.34557074308395386,4.494359016418457
3754,0,-4.099999904632568,0.3730482757091522,4.59022855758667
3755,0,-7.21999979019165,0.284667044878006,7.539455413818359
3756,0,-7.21999979019165,0.2738247215747833,7.723415851593018
3757,1,7.21999979019165,0.5907354354858398,7.524778842926025
3758,0,-7.21999979019165,0.3206491470336914,7.400803565979004
3759,0,-7.21999979019165,0.19988706707954407,7.033355712890625
3760,1,7.21999979019165,0.3028435707092285,7.965068817138672
3761,0,-7.21999979019165,0.2958584427833557,7.405438423156738
3762,0,-7.21999979019165,0.40689122676849365,6.628415107727051
3763,0,-7.21999979019165,0.20831100642681122,7.251034259796143
3764,0,-7.21999979019165,0.18271546065807343,6.735294342041016
3765,0,-7.21999979019165,0.3344019949436188,6.433681011199951
3766,0,-7.21999979019165,0.10832252353429794,6.761150360107422
3767,0,-7.21999979019165,0.21655680239200592,7.25300407409668
3768,0,-7.21999979019165,0.18031637370586395,6.908260822296143
3769,0,-7.21999979019165,0.23098807036876678,7.163712501525879
3770,0,-7.21999979019165,0.17155690491199493,6.562496662139893
3771,0,-7.21999979019165,0.36178359389305115,6.906181812286377
3772,0,-7.21999979019165,0.1209389716386795,6.747084617614746
3773,0,-7.21999979019165,0.41432201862335205,7.613274574279785
3774,0,-7.21999979019165,0.36249974370002747,7.658132076263428
3775,1,8.720000267028809,0.7313917279243469,7.89389181137085
3776,0,-8.720000267028809,0.6901954412460327,7.620467185974121
3777,0,-8.720000267028809,0.6044347286224365,7.35207986831665
3778,1,8.720000267028809,0.5912817120552063,7.684942722320557
3779,0,-8.720000267028809,0.3798316717147827,6.7052178382873535
3780,1,8.720000267028809,0.6558697819709778,7.489815711975098
3781,0,-8.720000267028809,0.364104300737381,7.162256240844727
3782,0,-8.720000267028809,0.28991496562957764,7.416718482971191
3783,0,-8.720000267028809,0.3710148334503174,7.493885517120361
3784,0,-8.720000267028809,0.6527484655380249,7.901025295257568
3785,0,-8.720000267028809,0.4233720600605011,6.965500831604004
3786,0,-8.720000267028809,0.17688721418380737,6.912003993988037
3787,0,-8.720000267028809,0.21823729574680328,6.51345682144165
3788,0,-8.720000267028809,0.2044341266155243,7.477373123168945
3789,0,-8.720000267028809,0.31774014234542847,6.5511298179626465
3790,0,-8.720000267028809,0.4335426986217499,6.86060094833374
3791,0,-8.720000267028809,0.4659007489681244,6.656905174255371
3792,0,-8.720000267028809,0.11658591777086258,6.506472587585449
3793,0,-8.720000267028809,0.4419306218624115,5.769228935241699
3794,0,-8.720000267028809,0.1703818440437317,7.350587368011475
3795,0,-8.720000267028809,0.2397625893354416,6.835204601287842
3796,1,3.759999990463257,0.4640270173549652,4.664977073669434
3797,0,-3.759999990463257,0.4747573435306549,4.37445068359375
3798,0,-3.759999990463257,0.5236377716064453,4.192043781280518
3799,0,-3.759999990463257,0.6052972674369812,4.317152500152588
3800,0,-3.759999990463257,0.4372459650039673,4.526886940002441
3801,0,-3.759999990463257,0.36004653573036194,5.003171920776367
3802,0,-3.759999990463257,0.5058621168136597,4.925774574279785
3803,0,-3.759999990463257,0.4030516743659973,4.950251579284668
3804,0,-3.759999990463257,0.45279115438461304,5.086821556091309
3805,0,-3.759999990463257,0.4164714813232422,4.938948154449463
3806,0,-3.759999990463257,0.49065202474594116,4.2226715087890625
3807,0,-3.759999990463257,0.4480697214603424,4.761804103851318
3808,0,-3.759999990463257,0.3926510214805603,4.3153533935546875
3809,0,-3.759999990463257,0.3920709192752838,4.6671142578125
3810,0,-3.759999990463257,0.40135669708251953,4.868498802185059
3811,0,-3.759999990463257,0.2720857262611389,5.560876369476318
3812,0,-3.759999990463257,0.3313411474227905,5.051499366760254
3813,0,-3.759999990463257,0.438759446144104,4.565093994140625
3814,0,-3.759999990463257,0.27848562598228455,5.486628532409668
3815,0,-3.759999990463257,0.4524931311607361,3.905912399291992
3816,0,-3.759999990463257,0.4157743752002716,4.712773323059082
3817,1,8.739999771118164,0.7343207001686096,7.50490665435791
3818,1,8.739999771118164,0.7395387887954712,7.551181793212891
3819,0,-8.739999771118164,0.5252857804298401,8.046038627624512
3820,0,-8.739999771118164,0.33290398120880127,7.214358806610107
3821,1,8.739999771118164,0.7043263912200928,7.2586445808410645
3822,0,-8.739999771118164,0.5091409087181091,7.827151298522949
3823,0,-8.739999771118164,0.39906617999076843,7.281301021575928
3824,0,-8.739999771118164,0.4710295796394348,7.149413585662842
3825,0,-8.739999771118164,0.5247151255607605,7.097807884216309
3826,1,7.400000095367432,0.7234376072883606,6.04075288772583
3827,0,-7.400000095367432,0.7739756107330322,6.604439735412598
3828,1,7.400000095367432,0.7326017618179321,6.220587730407715
3829,0,-7.400000095367432,0.45773085951805115,5.399105072021484
3830,0,-7.400000095367432,0.7282220721244812,6.9847612380981445
3831,0,-7.400000095367432,0.7516670823097229,6.70233154296875
3832,0,-7.400000095367432,0.5226736664772034,4.499297618865967
3833,0,-7.400000095367432,0.4046410620212555,5.086263656616211
3834,0,-7.400000095367432,0.3476066291332245,6.121938228607178
3835,0,-7.400000095367432,0.4596642851829529,5.020865440368652
3836,0,-7.400000095367432,0.46506837010383606,7.029135227203369
3837,0,-7.400000095367432,0.6260669231414795,5.041317939758301
3838,0,-7.400000095367432,0.4082185626029968,6.545054912567139
3839,0,-7.400000095367432,0.36535945534706116,6.749110221862793
3840,0,-7.400000095367432,0.4635598957538605,6.3643035888671875
3841,0,-7.400000095367432,0.42003339529037476,6.104040145874023
3842,0,-7.400000095367432,0.4876165986061096,6.628689289093018
3843,0,-7.400000095367432,0.4328278601169586,4.834160327911377
3844,0,-7.400000095367432,0.4569012522697449,5.721986770629883
3845,0,-7.400000095367432,0.4296031892299652,6.2810258865356445
3846,0,-7.400000095367432,0.5472069382667542,5.230690956115723
3847,1,8.399999618530273,0.847931981086731,6.747009754180908
3848,1,8.399999618530273,0.8479389548301697,6.7949748039245605
3849,0,-8.399999618530273,0.8316543102264404,6.590497016906738
3850,0,-8.399999618530273,0.6077556610107422,4.697356700897217
3851,0,-8.399999618530273,0.7294407486915588,4.904305934906006
3852,0,-8.399999618530273,0.5535056591033936,5.392911911010742
3853,0,-8.399999618530273,0.7175483107566833,4.842488765716553
3854,1,11.149999618530273,0.7570400238037109,7.4484100341796875
3855,1,11.149999618530273,0.785042405128479,7.579134941101074
3856,1,11.149999618530273,0.7321117520332336,7.256361484527588
3857,0,-11.149999618530273,0.6488443613052368,7.22012996673584
3858,0,-11.149999618530273,0.6547381281852722,6.935898780822754
3859,0,-11.149999618530273,0.4957004189491272,6.88549280166626
3860,0,-11.149999618530273,0.30685773491859436,6.037997722625732
3861,0,-11.149999618530273,0.35590457916259766,6.442841053009033
3862,0,-11.149999618530273,0.5246691703796387,7.41369104385376
3863,0,-11.149999618530273,0.5506122708320618,6.688513278961182
3864,0,-11.149999618530273,0.3807540237903595,6.143703937530518
3865,0,-11.149999618530273,0.36360228061676025,5.486490249633789
3866,0,-11.149999618530273,0.27188268303871155,6.029932975769043
3867,0,-11.149999618530273,0.2897401750087738,6.521646976470947
3868,0,-11.149999618530273,0.32551050186157227,5.8061747550964355
3869,0,-11.149999618530273,0.22802013158798218,6.286172389984131
3870,0,-11.149999618530273,0.3171825706958771,6.729234218597412
3871,0,-11.149999618530273,0.3067963421344757,5.725881576538086
3872,0,-11.149999618530273,0.3907877802848816,6.606321334838867
3873,0,-11.149999618530273,0.4188680350780487,6.615499973297119
3874,0,-11.149999618530273,0.30611640214920044,6.414008140563965
3875,1,8.960000038146973,0.7312353849411011,7.562341690063477
3876,1,8.960000038146973,0.7296426892280579,7.561295032501221
3877,0,-8.960000038146973,0.6580783724784851,7.2060627937316895
3878,0,-8.960000038146973,0.6777156591415405,7.363564968109131
3879,0,-8.960000038146973,0.7049627304077148,7.383077621459961
3880,0,-8.960000038146973,0.6497055292129517,7.567044258117676
3881,0,-8.960000038146973,0.556865930557251,8.27160930633545
3882,0,-8.960000038146973,0.5291653275489807,7.645209312438965
3883,0,-8.960000038146973,0.408758282661438,7.735596656799316
3884,0,-8.960000038146973,0.48639363050460815,7.202073574066162
3885,0,-8.960000038146973,0.20437009632587433,7.688375473022461
3886,0,-8.960000038146973,0.1731184870004654,7.6277055740356445
3887,0,-8.960000038146973,0.4636572599411011,7.443078994750977
3888,0,-8.960000038146973,0.32806235551834106,7.232855796813965
3889,0,-8.960000038146973,0.502890408039093,7.5596184730529785
3890,0,-8.960000038146973,0.4701564908027649,7.078039646148682
3891,0,-8.960000038146973,0.21180857717990875,6.963418006896973
3892,0,-8.960000038146973,0.23991498351097107,8.151344299316406
3893,0,-8.960000038146973,0.32302606105804443,6.801942825317383
3894,1,9.520000457763672,0.7031285762786865,7.171322822570801
3895,0,-9.520000457763672,0.4031565487384796,7.672358989715576
3896,0,-9.520000457763672,0.5470805168151855,7.3367414474487305
3897,0,-9.520000457763672,0.31201133131980896,7.833849906921387
3898,0,-9.520000457763672,0.37731245160102844,7.489712238311768
3899,0,-9.520000457763672,0.3824843168258667,6.772015571594238
3900,0,-9.520000457763672,0.4048058092594147,7.878603935241699
3901,0,-9.520000457763672,0.529020369052887,7.747125625610352
3902,0,-9.520000457763672,0.3605307638645172,7.4001240730285645
3903,0,-9.520000457763672,0.38164058327674866,7.5792131423950195
3904,0,-9.520000457763672,0.3384685218334198,7.11077356338501
3905,0,-9.520000457763672,0.3347703218460083,7.158151149749756
3906,0,-9.520000457763672,0.36519792675971985,7.4451680183410645
3907,0,-9.520000457763672,0.37515297532081604,7.586453437805176
3908,0,-9.520000457763672,0.4999728798866272,7.5600128173828125
3909,0,-9.520000457763672,0.3739543557167053,6.616631507873535
3910,0,-9.520000457763672,0.5202720165252686,7.158968925476074
3911,0,-9.520000457763672,0.4527607262134552,6.975428581237793
3912,0,-9.520000457763672,0.4333527088165283,7.561996936798096
3913,0,-9.520000457763672,0.3146270513534546,7.85939884185791
3914,0,-9.520000457763672,0.210342139005661,7.6670355796813965
3915,1,8.399999618530273,0.7079936861991882,7.241098403930664
3916,1,8.399999618530273,0.6721524596214294,7.011851787567139
3917,0,-8.399999618530273,0.592950701713562,6.8490400314331055
3918,0,-8.399999618530273,0.19074402749538422,7.095048904418945
3919,0,-8.399999618530273,0.12657055258750916,6.6920013427734375
3920,1,8.399999618530273,0.4510974884033203,6.958373069763184
3921,0,-8.399999618530273,0.15568463504314423,6.437058925628662
3922,0,-8.399999618530273,0.18279223144054413,6.41815710067749
3923,0,-8.399999618530273,0.1880863606929779,6.813399314880371
3924,0,-8.399999618530273,0.2040010690689087,6.3307719230651855
3925,0,-8.399999618530273,0.11947241425514221,6.433464527130127
3926,0,-8.399999618530273,0.1449778825044632,6.489873886108398
3927,0,-8.399999618530273,0.2768743932247162,6.486330986022949
3928,0,-8.399999618530273,0.1504371464252472,6.9743332862854
3929,0,-8.399999618530273,0.220163494348526,7.024354934692383
3930,0,-8.399999618530273,0.18626074492931366,6.232861518859863
3931,0,-8.399999618530273,0.12630248069763184,6.740820407867432
3932,0,-8.399999618530273,0.2337813675403595,5.745845317840576
3933,0,-8.399999618530273,0.2593892812728882,5.99367618560791
3934,0,-8.399999618530273,0.2833642363548279,6.447309494018555
3935,0,-8.399999618530273,0.17233344912528992,6.385984420776367
3936,1,6.329999923706055,0.770476222038269,6.873106002807617
3937,0,-6.329999923706055,0.7329853177070618,6.657837390899658
3938,0,-6.329999923706055,0.7546998262405396,6.68833065032959
3939,0,-6.329999923706055,0.715087354183197,6.873424053192139
3940,0,-6.329999923706055,0.418959379196167,4.860828399658203
3941,0,-6.329999923706055,0.49862343072891235,5.476320743560791
3942,0,-6.329999923706055,0.37044864892959595,5.646820068359375
3943,0,-6.329999923706055,0.5174620151519775,4.624808311462402
3944,0,-6.329999923706055,0.422980397939682,5.136699676513672
3945,0,-6.329999923706055,0.34679684042930603,6.012781143188477
3946,0,-6.329999923706055,0.5772826075553894,5.246185302734375
3947,0,-6.329999923706055,0.4169412851333618,5.924924373626709
3948,0,-6.329999923706055,0.27234044671058655,5.8058624267578125
3949,0,-6.329999923706055,0.39811059832572937,6.002758979797363
3950,0,-6.329999923706055,0.482399582862854,5.087503910064697
3951,0,-6.329999923706055,0.25082215666770935,5.799437046051025
3952,0,-6.329999923706055,0.2604597508907318,6.636957168579102
3953,0,-6.329999923706055,0.17946545779705048,5.969161033630371
3954,0,-6.329999923706055,0.25870364904403687,6.272243499755859
3955,0,-6.329999923706055,0.43452325463294983,5.094587326049805
3956,0,-6.329999923706055,0.35410794615745544,5.295250415802002
3957,1,7.260000228881836,0.7315987944602966,7.081488609313965
3958,1,7.260000228881836,0.6751628518104553,6.907675266265869
3959,0,-7.260000228881836,0.5677292943000793,7.567470550537109
3960,1,7.260000228881836,0.6384534239768982,7.063292503356934
3961,0,-7.260000228881836,0.6891045570373535,7.3470611572265625
3962,0,-7.260000228881836,0.39270415902137756,5.487093448638916
3963,0,-7.260000228881836,0.5052928328514099,5.9060821533203125
3964,0,-7.260000228881836,0.6200541853904724,5.654698371887207
3965,0,-7.260000228881836,0.4311547875404358,4.727070331573486
3966,0,-7.260000228881836,0.3022816479206085,5.2834696769714355
3967,0,-7.260000228881836,0.4354892671108246,6.440863609313965
3968,0,-7.260000228881836,0.5917834639549255,6.969329833984375
3969,0,-7.260000228881836,0.4192355275154114,5.827392578125
3970,0,-7.260000228881836,0.39837995171546936,6.45949125289917
3971,0,-7.260000228881836,0.46695035696029663,6.018542289733887
3972,0,-8.050000190734863,0.22429147362709045,6.221884250640869
3973,0,-8.050000190734863,0.2353823482990265,6.239805221557617
3974,0,-8.050000190734863,0.2647688686847687,5.980472564697266
3975,0,-8.050000190734863,0.31072133779525757,6.246973037719727
3976,0,-8.050000190734863,0.23899009823799133,6.052870750427246
3977,0,-8.050000190734863,0.1976011097431183,5.960282325744629
3978,0,-8.050000190734863,0.21849407255649567,6.248019218444824
3979,0,-8.050000190734863,0.16722248494625092,5.573487758636475
3980,0,-8.050000190734863,0.27715542912483215,6.272414207458496
3981,0,-8.050000190734863,0.2232723832130432,5.772161960601807
3982,0,-8.050000190734863,0.24718043208122253,6.23999547958374
3983,0,-8.050000190734863,0.16815778613090515,6.00984525680542
3984,0,-8.050000190734863,0.2435055524110794,6.135733604431152
3985,0,-8.050000190734863,0.20344816148281097,5.525629997253418
3986,0,-8.050000190734863,0.20219045877456665,6.231459140777588
3987,0,-8.050000190734863,0.2091466784477234,5.918051242828369
3988,0,-8.050000190734863,0.17944523692131042,5.960545539855957
3989,0,-8.050000190734863,0.17931269109249115,5.847659111022949
3990,0,-8.050000190734863,0.24656502902507782,6.112891674041748
3991,0,-8.050000190734863,0.2785435914993286,6.102510452270508
3992,1,4.409999847412109,0.48653653264045715,4.485934734344482
3993,1,4.409999847412109,0.47227197885513306,4.452024459838867
3994,0,-4.409999847412109,0.4450128376483917,5.227470874786377
3995,0,-4.409999847412109,0.46410542726516724,4.266094207763672
3996,0,-4.409999847412109,0.6347540616989136,5.254100799560547
3997,0,-4.409999847412109,0.4935867190361023,5.952020168304443
3998,0,-4.409999847412109,0.34860560297966003,5.162395000457764
3999,0,-4.409999847412109,0.2906346917152405,5.466425895690918
4000,0,-4.409999847412109,0.38745373487472534,4.5575852394104
4001,0,-4.409999847412109,0.5278121829032898,5.9150471687316895
4002,0,-4.409999847412109,0.41188207268714905,5.500182151794434
4003,0,-4.409999847412109,0.3887353539466858,4.23413610458374
4004,0,-4.409999847412109,0.2709027826786041,5.307588577270508
4005,0,-4.409999847412109,0.4816529452800751,4.304381370544434
4006,0,-4.409999847412109,0.24155206978321075,5.217489242553711
4007,0,-4.409999847412109,0.2747768759727478,5.028324127197266
4008,0,-4.409999847412109,0.2191973328590393,5.128659248352051
4009,0,-4.409999847412109,0.27040907740592957,5.175702095031738
4010,0,-4.409999847412109,0.28985899686813354,5.199246883392334
4011,0,-4.409999847412109,0.30242422223091125,5.478460311889648
4012,0,-4.409999847412109,0.2004537433385849,5.1738057136535645
4013,1,4.889999866485596,0.7210773229598999,4.893730640411377
4014,1,4.889999866485596,0.7456124424934387,5.071187973022461
4015,0,-4.889999866485596,0.5872564911842346,5.484649181365967
4016,0,-4.889999866485596,0.7146670818328857,7.580055236816406
4017,0,-4.889999866485596,0.4234198331832886,4.97407341003418
4018,0,-4.889999866485596,0.44601279497146606,4.369289398193359
4019,0,-4.889999866485596,0.2580764591693878,4.838879585266113
4020,0,-4.889999866485596,0.3283439874649048,4.729001045227051
4021,0,-4.889999866485596,0.29033204913139343,4.6828765869140625
4022,0,-4.889999866485596,0.3738721013069153,4.928746700286865
4023,0,-4.889999866485596,0.3009456992149353,4.636288642883301
4024,0,-4.889999866485596,0.24275411665439606,4.635370254516602
4025,0,-4.889999866485596,0.46017059683799744,5.619779109954834
4026,0,-4.889999866485596,0.386615514755249,4.262861728668213
4027,0,-4.889999866485596,0.32895147800445557,4.524256706237793
4028,0,-4.889999866485596,0.4566202461719513,5.154191493988037
4029,0,-4.889999866485596,0.38571688532829285,4.201681137084961
4030,0,-4.889999866485596,0.22722624242305756,4.918081283569336
4031,0,-4.889999866485596,0.2804235816001892,4.588286399841309
4032,0,-4.889999866485596,0.2813359797000885,4.671789646148682
4033,0,-4.889999866485596,0.2640107572078705,5.283417701721191
4034,1,6.889999866485596,0.7420441508293152,6.277258396148682
4035,0,-6.889999866485596,0.7495024800300598,6.969921588897705
4036,1,6.889999866485596,0.7457020878791809,6.28638219833374
4037,0,-6.889999866485596,0.7159972190856934,5.323748588562012
4038,0,-6.889999866485596,0.750353991985321,6.750979900360107
4039,0,-6.889999866485596,0.7713305950164795,6.1215362548828125
4040,0,-6.889999866485596,0.7543948888778687,6.066308498382568
4041,0,-6.889999866485596,0.7663954496383667,5.394743919372559
4042,0,-6.889999866485596,0.687188446521759,5.483855724334717
4043,0,-6.889999866485596,0.7326671481132507,6.797683238983154
4044,0,-6.889999866485596,0.6665483713150024,6.477189540863037
4045,0,-6.889999866485596,0.7558684945106506,6.724330425262451
4046,0,-6.889999866485596,0.7535627484321594,6.241223335266113
4047,0,-6.889999866485596,0.7116403579711914,5.8227972984313965
4048,0,-6.889999866485596,0.6888231039047241,6.00331449508667
4049,0,-6.889999866485596,0.6914439797401428,4.803642749786377
4050,0,-6.889999866485596,0.6623691916465759,6.047327518463135
4051,0,-6.889999866485596,0.659040093421936,4.767184257507324
4052,0,-6.889999866485596,0.5861339569091797,5.152796745300293
4053,0,-6.889999866485596,0.6627111434936523,6.108179092407227
4054,0,-6.889999866485596,0.5154237151145935,5.052021503448486
4055,1,8.359999656677246,0.7014399170875549,7.821722030639648
4056,0,-8.359999656677246,0.677177369594574,7.05933952331543
4057,1,8.359999656677246,0.6942763328552246,7.736104488372803
4058,0,-8.359999656677246,0.3146415948867798,5.5819783210754395
4059,0,-8.359999656677246,0.38131844997406006,5.828492641448975
4060,0,-8.359999656677246,0.6026924252510071,7.440383434295654
4061,0,-8.359999656677246,0.39543136954307556,5.34285831451416
4062,0,-8.359999656677246,0.5004660487174988,6.859315872192383
4063,0,-8.359999656677246,0.6514008045196533,7.016913414001465
4064,0,-8.359999656677246,0.2694898247718811,6.123136043548584
4065,1,8.359999656677246,0.712307333946228,7.526524066925049
4066,0,-8.359999656677246,0.6524465680122375,6.883153438568115
4067,0,-8.359999656677246,0.28606805205345154,6.107206344604492
4068,0,-8.359999656677246,0.29802584648132324,5.930883407592773
4069,0,-8.359999656677246,0.2619861662387848,6.1069016456604
4070,0,-8.359999656677246,0.28755873441696167,6.306840896606445
4071,0,-8.359999656677246,0.2697025239467621,5.776978492736816
4072,0,-8.359999656677246,0.4277098476886749,5.533270359039307
4073,0,-8.359999656677246,0.36769381165504456,5.4309821128845215
4074,0,-8.359999656677246,0.23346900939941406,5.7700419425964355
4075,1,4.050000190734863,0.786682665348053,6.426428318023682
4076,0,-4.050000190734863,0.7705594301223755,6.40270471572876
4077,0,-4.050000190734863,0.3387531638145447,5.182056903839111
4078,0,-4.050000190734863,0.730607807636261,5.534986972808838
4079,0,-4.050000190734863,0.4187774360179901,5.045816421508789
4080,0,-4.050000190734863,0.4977206885814667,5.470153331756592
4081,0,-4.050000190734863,0.4030866026878357,4.399191856384277
4082,0,-4.050000190734863,0.531717836856842,4.757998466491699
4083,0,-4.050000190734863,0.5292134881019592,4.841080665588379
4084,0,-4.050000190734863,0.33298206329345703,4.960245132446289
4085,0,-4.050000190734863,0.5694929361343384,4.787959098815918
4086,0,-4.050000190734863,0.4465199410915375,4.846631050109863
4087,0,-4.050000190734863,0.3934403657913208,4.755256175994873
4088,0,-4.050000190734863,0.32589346170425415,4.590229511260986
4089,0,-4.050000190734863,0.47105368971824646,4.02963399887085
4090,1,6.059999942779541,0.6300680637359619,6.546989440917969
4091,0,-6.059999942779541,0.5722774863243103,7.000227451324463
4092,0,-6.059999942779541,0.6943445801734924,6.748784065246582
4093,0,-6.059999942779541,0.6153052449226379,5.745106220245361
4094,0,-6.059999942779541,0.43838077783584595,5.959133625030518
4095,0,-6.059999942779541,0.5167939066886902,6.46602201461792
4096,0,-6.059999942779541,0.5061267018318176,6.510138511657715
4097,0,-6.059999942779541,0.306905061006546,5.364872932434082
4098,0,-6.059999942779541,0.46940621733665466,6.489220142364502
4099,0,-6.059999942779541,0.6529536247253418,6.13808012008667
4100,0,-6.059999942779541,0.4765550494194031,6.158000946044922
4101,0,-6.059999942779541,0.6945059299468994,6.648917198181152
4102,0,-6.059999942779541,0.45903468132019043,5.651373863220215
4103,0,-6.059999942779541,0.5254020094871521,6.717615604400635
4104,0,-6.059999942779541,0.6721628308296204,7.063266277313232
4105,0,-6.059999942779541,0.47480839490890503,4.921882152557373
4106,0,-6.059999942779541,0.5523190498352051,6.438315391540527
4107,0,-6.059999942779541,0.3634168207645416,5.945433616638184
4108,0,-6.059999942779541,0.4136882722377777,5.66737699508667
4109,0,-6.059999942779541,0.48809918761253357,6.309100151062012
4110,0,-6.059999942779541,0.5077330470085144,5.975980758666992
4111,1,5.599999904632568,0.7385645508766174,6.148623943328857
4112,0,-5.599999904632568,0.5826973915100098,5.417263984680176
4113,0,-5.599999904632568,0.5635915398597717,4.729589462280273
4114,0,-5.599999904632568,0.5447525382041931,6.060401439666748
4115,0,-5.599999904632568,0.49733781814575195,5.012702941894531
4116,0,-5.599999904632568,0.3078593611717224,5.313568592071533
4117,0,-5.599999904632568,0.6185786724090576,5.970518112182617
4118,0,-5.599999904632568,0.28297334909439087,5.300354957580566
4119,0,-5.599999904632568,0.44745737314224243,5.09262228012085
4120,0,-5.599999904632568,0.4142804443836212,4.459507942199707
4121,0,-5.599999904632568,0.5755212903022766,4.155190467834473
4122,0,-5.599999904632568,0.385431706905365,4.846323490142822
4123,0,-5.599999904632568,0.4581437408924103,4.539068222045898
4124,0,-5.599999904632568,0.3114546537399292,4.4513373374938965
4125,0,-5.599999904632568,0.23811964690685272,4.7359395027160645
4126,0,-5.599999904632568,0.44171154499053955,4.349630832672119
4127,0,-5.599999904632568,0.3920293152332306,5.578863620758057
4128,0,-5.599999904632568,0.29921644926071167,4.816511631011963
4129,0,-5.599999904632568,0.3665129542350769,5.021844387054443
4130,0,-5.599999904632568,0.40787363052368164,5.009232044219971
4131,0,-5.599999904632568,0.2932996153831482,5.617259979248047
4132,1,5.440000057220459,0.8546013832092285,7.123124122619629
4133,1,5.440000057220459,0.8605247139930725,7.496585369110107
4134,0,-5.440000057220459,0.8411582708358765,7.617523193359375
4135,1,5.440000057220459,0.7670398950576782,5.755033493041992
4136,0,-5.440000057220459,0.6702985167503357,5.1085405349731445
4137,1,9.550000190734863,0.7554028630256653,8.659209251403809
4138,0,-9.550000190734863,0.6672313213348389,7.9588212966918945
4139,0,-9.550000190734863,0.740812361240387,8.104061126708984
4140,0,-9.550000190734863,0.6847173571586609,8.061816215515137
4141,0,-9.550000190734863,0.6135832667350769,8.458717346191406
4142,0,-9.550000190734863,0.6497562527656555,8.003329277038574
4143,0,-9.550000190734863,0.5702192783355713,8.139758110046387
4144,0,-9.550000190734863,0.644804835319519,8.085758209228516
4145,0,-9.550000190734863,0.572027862071991,7.832267761230469
4146,0,-9.550000190734863,0.4115915596485138,7.679775714874268
4147,0,-9.550000190734863,0.6051377654075623,7.862743377685547
4148,0,-9.550000190734863,0.603615403175354,8.162858009338379
4149,0,-9.550000190734863,0.627661406993866,8.11424446105957
4150,0,-9.550000190734863,0.4528311491012573,7.9267401695251465
4151,0,-9.550000190734863,0.45119452476501465,7.883964538574219
4152,0,-9.550000190734863,0.5309036374092102,8.022367477416992
4153,0,-9.550000190734863,0.393068790435791,8.715677261352539
4154,0,-9.550000190734863,0.5236695408821106,8.63100814819336
4155,1,8.720000267028809,0.7739295363426208,8.31631851196289
4156,1,8.720000267028809,0.7732370495796204,8.311565399169922
4157,1,8.720000267028809,0.7817018628120422,8.262821197509766
4158,0,-8.720000267028809,0.7285316586494446,7.740603923797607
4159,0,-8.720000267028809,0.6341466307640076,7.59915828704834
4160,0,-8.720000267028809,0.5312920212745667,7.315610408782959
4161,0,-8.720000267028809,0.4333364963531494,7.1066179275512695
4162,0,-8.720000267028809,0.470093697309494,6.986005783081055
4163,0,-8.720000267028809,0.32019129395484924,6.744901180267334
4164,0,-8.720000267028809,0.4258049726486206,7.123229026794434
4165,0,-8.720000267028809,0.5780487656593323,7.617579936981201
4166,0,-8.720000267028809,0.5843183398246765,7.810029983520508
4167,0,-8.720000267028809,0.4403887689113617,6.677364826202393
4168,0,-8.720000267028809,0.2985054850578308,5.782672882080078
4169,0,-8.720000267028809,0.2940148711204529,7.0449042320251465
4170,1,9.720000267028809,0.7614176273345947,7.5862884521484375
4171,1,9.720000267028809,0.7576208114624023,7.695287704467773
4172,0,-9.720000267028809,0.663861870765686,7.27590274810791
4173,0,-9.720000267028809,0.6933432817459106,7.2729644775390625
4174,0,-9.720000267028809,0.25744086503982544,6.891416549682617
4175,0,-9.720000267028809,0.46131470799446106,6.962949752807617
4176,0,-9.720000267028809,0.5087074637413025,6.693241119384766
4177,0,-9.720000267028809,0.4665651023387909,6.838081359863281
4178,1,5.150000095367432,0.8407756686210632,5.964352130889893
4179,1,5.150000095367432,0.8401620388031006,5.964865684509277
4180,0,-5.150000095367432,0.6876203417778015,4.557504177093506
4181,0,-5.150000095367432,0.5717853903770447,4.048299789428711
4182,0,-5.150000095367432,0.5170413851737976,4.028982162475586
4183,0,-5.150000095367432,0.440841943025589,3.7604620456695557
4184,0,-5.150000095367432,0.4519849121570587,4.28066349029541
4185,0,-5.150000095367432,0.4532254636287689,4.7692952156066895
4186,0,-5.150000095367432,0.4333462119102478,4.481827735900879
4187,0,-5.150000095367432,0.46835312247276306,3.6963212490081787
4188,0,-5.150000095367432,0.5081437826156616,3.552107572555542
4189,0,-5.150000095367432,0.37770113348960876,4.206089019775391
4190,0,-5.150000095367432,0.6463549137115479,3.9627320766448975
4191,0,-5.150000095367432,0.42864879965782166,3.533027172088623
4192,0,-5.150000095367432,0.40944042801856995,3.9108099937438965
4193,0,-5.150000095367432,0.4788053333759308,4.176504135131836
4194,0,-5.150000095367432,0.4325557053089142,4.347597122192383
4195,0,-5.150000095367432,0.40122190117836,4.173478603363037
4196,0,-5.150000095367432,0.42483460903167725,3.851478099822998
4197,0,-5.150000095367432,0.3128992021083832,4.726949214935303
4198,0,-7.159999847412109,0.544219970703125,4.405224800109863
4199,0,-7.159999847412109,0.7503055930137634,4.800775051116943
4200,0,-7.159999847412109,0.7448272109031677,5.40004301071167
4201,1,6.019999980926514,0.8055441379547119,6.068021297454834
4202,1,6.019999980926514,0.7939989566802979,6.414119243621826
4203,1,6.019999980926514,0.7935367822647095,6.410242557525635
4204,1,6.019999980926514,0.8008193969726562,6.088490009307861
4205,1,6.019999980926514,0.7549494504928589,6.526216506958008
4206,1,6.019999980926514,0.6068279147148132,6.951456069946289
4207,0,-6.019999980926514,0.7897961735725403,5.467433929443359
4208,0,-4.190000057220459,0.48781532049179077,4.941679000854492
4209,0,-4.190000057220459,0.5657241344451904,5.979681968688965
4210,0,-4.190000057220459,0.5493111610412598,5.728323459625244
4211,0,-4.190000057220459,0.42611363530158997,5.601605415344238
4212,1,6.320000171661377,0.6893534660339355,7.223155975341797
4213,1,6.320000171661377,0.7266041040420532,7.491910934448242
4214,1,6.320000171661377,0.6652427911758423,7.212104320526123
4215,0,-6.320000171661377,0.5159611701965332,7.2662787437438965
4216,0,-6.320000171661377,0.6474139094352722,7.280447959899902
4217,0,-6.320000171661377,0.4266950190067291,6.903711318969727
4218,0,-6.320000171661377,0.6005779504776001,7.284316062927246
4219,0,-6.320000171661377,0.28490427136421204,6.849574089050293
4220,0,-6.320000171661377,0.558864176273346,6.877470016479492
4221,1,5.099999904632568,0.5479275584220886,4.696791648864746
4222,0,-5.099999904632568,0.465806782245636,5.714843273162842
4223,0,-5.099999904632568,0.42530590295791626,5.2238450050354
4224,0,-5.099999904632568,0.47169721126556396,5.66490364074707
4225,0,-5.099999904632568,0.40196868777275085,5.099645614624023
4226,0,-5.099999904632568,0.4499717056751251,4.760441780090332
4227,0,-5.099999904632568,0.3855087161064148,5.300508499145508
4228,0,-5.099999904632568,0.5204446911811829,4.887809753417969
4229,0,-5.099999904632568,0.44433262944221497,5.330926418304443
4230,0,-5.099999904632568,0.333315372467041,5.148214340209961
4231,0,-5.099999904632568,0.450674444437027,5.127277374267578
4232,0,-5.099999904632568,0.42084601521492004,5.168208122253418
4233,0,-5.099999904632568,0.4529976546764374,4.89119291305542
4234,0,-5.099999904632568,0.287180632352829,5.734574794769287
4235,0,-5.099999904632568,0.35837066173553467,5.836213111877441
4236,0,-5.099999904632568,0.433970183134079,5.478508949279785
4237,0,-5.099999904632568,0.2909073829650879,5.256079196929932
4238,0,-5.099999904632568,0.3690127730369568,5.41249418258667
4239,0,-5.099999904632568,0.29857566952705383,5.785190105438232
4240,0,-5.099999904632568,0.3055495321750641,5.624258041381836
4241,0,-5.099999904632568,0.3435722589492798,5.505178451538086
4242,1,7.960000038146973,0.6942480206489563,6.81906795501709
4243,1,7.960000038146973,0.6903103590011597,6.617049217224121
4244,1,7.960000038146973,0.6160951256752014,6.188054084777832
4245,1,7.960000038146973,0.606162428855896,6.513849258422852
4246,0,-7.960000038146973,0.48207154870033264,6.822617053985596
4247,0,-7.960000038146973,0.30679306387901306,6.383951187133789
4248,0,-7.960000038146973,0.6953915357589722,5.918497085571289
4249,0,-7.960000038146973,0.2927226126194,6.486299991607666
4250,0,-7.960000038146973,0.24550941586494446,6.36959981918335
4251,0,-7.960000038146973,0.33017870783805847,6.316066265106201
4252,0,-7.960000038146973,0.6134635210037231,5.117362022399902
4253,0,-7.960000038146973,0.5836399793624878,5.501166820526123
4254,0,-7.960000038146973,0.25387904047966003,6.385519504547119
4255,0,-7.960000038146973,0.23832859098911285,6.5904998779296875
4256,0,-7.960000038146973,0.3299480974674225,5.794252395629883
4257,1,4.849999904632568,0.7355766296386719,4.862104415893555
4258,1,4.849999904632568,0.7547636032104492,5.187551021575928
4259,0,-4.849999904632568,0.7098666429519653,4.47591495513916
4260,0,-4.849999904632568,0.6135073304176331,4.506166934967041
4261,0,-4.849999904632568,0.48390597105026245,4.059782028198242
4262,0,-4.849999904632568,0.6347165107727051,4.676058769226074
4263,0,-4.849999904632568,0.35663679242134094,3.980757236480713
4264,0,-4.849999904632568,0.4821808636188507,4.172549247741699
4265,0,-4.849999904632568,0.3778190612792969,4.223334312438965
4266,0,-4.849999904632568,0.4713755249977112,4.269491195678711
4267,0,-4.849999904632568,0.43136003613471985,4.244661331176758
4268,0,-4.849999904632568,0.4060690402984619,4.005827903747559
4269,0,-4.849999904632568,0.7331481575965881,4.980986595153809
4270,0,-4.849999904632568,0.38909968733787537,4.272452354431152
4271,0,-4.849999904632568,0.5267751216888428,4.652649879455566
4272,0,-4.849999904632568,0.4902462363243103,4.475499153137207
4273,0,-4.849999904632568,0.5574634671211243,4.15158748626709
4274,0,-4.849999904632568,0.4511771500110626,4.174627304077148
4275,0,-4.849999904632568,0.3361978828907013,4.417911052703857
4276,0,-4.849999904632568,0.41366153955459595,4.18213415145874
4277,0,-4.849999904632568,0.3105313777923584,4.6400957107543945
4278,1,6.110000133514404,0.7334810495376587,6.8565263748168945
4279,1,6.110000133514404,0.7259101271629333,6.912806034088135
4280,1,6.110000133514404,0.7340962886810303,6.8639235496521
4281,0,-6.110000133514404,0.19884662330150604,8.665047645568848
4282,0,-6.110000133514404,0.19857308268547058,8.695359230041504
4283,0,-6.110000133514404,0.031054535880684853,7.495805263519287
4284,0,-6.110000133514404,0.7435389757156372,7.359528064727783
4285,0,-6.110000133514404,0.7447925209999084,7.416638374328613
4286,0,-6.110000133514404,0.03145941346883774,7.506157398223877
4287,1,6.110000133514404,0.7390127778053284,6.611140251159668
4288,0,-6.110000133514404,0.6647030115127563,8.180736541748047
4289,0,-6.110000133514404,0.03135036304593086,7.723863124847412
4290,0,-6.110000133514404,0.5649800300598145,7.80525016784668
4291,0,-6.110000133514404,0.11267606914043427,8.446443557739258
4292,0,-6.110000133514404,0.1309133619070053,8.550785064697266
4293,0,-6.110000133514404,0.18286052346229553,9.301992416381836
4294,0,-6.110000133514404,0.7398545742034912,7.598362922668457
4295,0,-6.110000133514404,0.1422075778245926,8.235361099243164
4296,1,5.570000171661377,0.7181416153907776,7.216773509979248
4297,1,5.570000171661377,0.699187695980072,6.93912410736084
4298,0,-5.570000171661377,0.5993286967277527,6.956099987030029
4299,0,-5.570000171661377,0.6182695031166077,6.431706428527832
4300,0,-5.570000171661377,0.3335295617580414,6.840048789978027
4301,0,-5.570000171661377,0.4894343316555023,5.584323883056641
4302,0,-5.570000171661377,0.2654740512371063,6.6517486572265625
4303,0,-5.570000171661377,0.23871205747127533,6.879405498504639
4304,0,-5.570000171661377,0.420915424823761,5.940183639526367
4305,0,-5.570000171661377,0.3966015577316284,5.414959907531738
4306,0,-5.570000171661377,0.3516412675380707,6.659101486206055
4307,0,-5.570000171661377,0.3811659812927246,6.763340473175049
4308,0,-5.570000171661377,0.4739120602607727,6.1307597160339355
4309,0,-5.570000171661377,0.17039154469966888,5.909951210021973
4310,0,-5.570000171661377,0.2549343407154083,6.310695171356201
4311,0,-5.570000171661377,0.20818573236465454,7.029282569885254
4312,0,-5.570000171661377,0.4740954041481018,6.747024059295654
4313,0,-5.570000171661377,0.16128574311733246,6.217381477355957
4314,0,-5.570000171661377,0.14850224554538727,6.7910284996032715
4315,0,-5.570000171661377,0.4548581540584564,4.676479339599609
4316,0,-5.570000171661377,0.3454934358596802,7.206210136413574
4317,1,6.019999980926514,0.7475245594978333,7.481406211853027
4318,1,6.019999980926514,0.7495684027671814,7.439780235290527
4319,0,-6.019999980926514,0.4165492653846741,6.561489582061768
4320,0,-6.019999980926514,0.44520968198776245,6.871952533721924
4321,0,-6.019999980926514,0.2273290902376175,7.5110931396484375
4322,0,-6.019999980926514,0.7182005643844604,7.293219566345215
4323,0,-6.019999980926514,0.4603317677974701,6.599522590637207
4324,0,-6.019999980926514,0.510725200176239,6.5524725914001465
4325,0,-6.019999980926514,0.30111706256866455,6.331701278686523
4326,0,-6.019999980926514,0.4943162798881531,6.30551815032959
4327,0,-6.019999980926514,0.0813954621553421,6.523848533630371
4328,0,-6.019999980926514,0.2780095040798187,7.108119964599609
4329,0,-6.019999980926514,0.1392257660627365,6.922669887542725
4330,0,-6.019999980926514,0.5024503469467163,6.548459529876709
4331,0,-6.019999980926514,0.2479506880044937,7.146603584289551
4332,0,-6.019999980926514,0.20786525309085846,7.378371238708496
4333,0,-7.800000190734863,0.38975027203559875,6.346186637878418
4334,0,-7.800000190734863,0.23782886564731598,5.950449466705322
4335,0,-7.800000190734863,0.4204385280609131,6.529727458953857
4336,0,-7.800000190734863,0.4933367669582367,6.411102294921875
4337,0,-7.800000190734863,0.05255500227212906,5.443205833435059
4338,0,-7.800000190734863,0.06793861091136932,5.406512260437012
4339,0,-7.800000190734863,0.12604549527168274,6.202071666717529
4340,0,-7.800000190734863,0.19729554653167725,6.473609447479248
4341,0,-7.800000190734863,0.19261766970157623,5.941880226135254
4342,0,-7.800000190734863,0.2553260028362274,5.8672566413879395
4343,0,-7.800000190734863,0.6664575934410095,5.538575172424316
4344,0,-7.800000190734863,0.5022503137588501,6.304013252258301
4345,0,-7.800000190734863,0.5825709104537964,6.789553642272949
4346,0,-7.800000190734863,0.15848909318447113,6.788990497589111
4347,0,-7.800000190734863,0.3331809639930725,5.725175857543945
4348,0,-7.800000190734863,0.10061135143041611,6.336579322814941
4349,0,-7.800000190734863,0.256728857755661,6.929214000701904
4350,0,-7.800000190734863,0.13850736618041992,6.245537281036377
4351,0,-7.800000190734863,0.7129265069961548,6.086424350738525
4352,0,-7.800000190734863,0.18033526837825775,7.543198585510254
4353,1,2.4000000953674316,0.47258102893829346,4.989213943481445
4354,0,-2.4000000953674316,0.542984664440155,4.384504318237305
4355,0,-2.4000000953674316,0.4465551972389221,4.440260410308838
4356,0,-2.4000000953674316,0.501082181930542,4.723515510559082
4357,0,-2.4000000953674316,0.5237758159637451,4.470818042755127
4358,0,-2.4000000953674316,0.48085132241249084,4.9537458419799805
4359,0,-2.4000000953674316,0.47537949681282043,4.275271892547607
4360,0,-2.4000000953674316,0.5085113644599915,4.625014305114746
4361,0,-2.4000000953674316,0.46004098653793335,5.245466232299805
4362,0,-2.4000000953674316,0.42578864097595215,4.480717658996582
4363,0,-2.4000000953674316,0.532828152179718,4.538018703460693
4364,0,-2.4000000953674316,0.3729245066642761,5.093834400177002
4365,0,-2.4000000953674316,0.332849383354187,5.385557651519775
4366,0,-2.4000000953674316,0.3170095980167389,5.330754280090332
4367,0,-2.4000000953674316,0.49670958518981934,4.495582580566406
4368,0,-2.4000000953674316,0.32852208614349365,4.696244239807129
4369,0,-2.4000000953674316,0.49881044030189514,4.305588722229004
4370,0,-2.4000000953674316,0.3623439371585846,5.048007011413574
4371,0,-2.4000000953674316,0.3404066562652588,5.256086349487305
4372,0,-2.4000000953674316,0.4011562168598175,4.916392803192139
4373,0,-2.4000000953674316,0.4890299141407013,4.606534957885742
4374,1,3.5799999237060547,0.7837998867034912,5.458566665649414
4375,0,-3.5799999237060547,0.7545623183250427,5.598247528076172
4376,0,-3.5799999237060547,0.7873766422271729,5.565308570861816
4377,0,-3.5799999237060547,0.6788042187690735,4.70744514465332
4378,0,-3.5799999237060547,0.5605337619781494,4.5820465087890625
4379,0,-3.5799999237060547,0.5291354656219482,4.18489933013916
4380,0,-3.5799999237060547,0.4463271200656891,4.200919151306152
4381,0,-3.5799999237060547,0.49936994910240173,4.404279708862305
4382,0,-3.5799999237060547,0.5938334465026855,4.522174835205078
4383,0,-3.5799999237060547,0.39284616708755493,4.6012067794799805
4384,0,-3.5799999237060547,0.3246029317378998,4.6385345458984375
4385,0,-3.5799999237060547,0.417015939950943,4.690693378448486
4386,0,-3.5799999237060547,0.3826087713241577,4.505467891693115
4387,0,-3.5799999237060547,0.32189685106277466,4.620355606079102
4388,0,-3.5799999237060547,0.40469983220100403,4.440420150756836
4389,0,-3.5799999237060547,0.38851553201675415,4.376299858093262
4390,0,-3.5799999237060547,0.3312271237373352,4.367459297180176
4391,0,-3.5799999237060547,0.3387889564037323,4.73166036605835
4392,1,6.820000171661377,0.7864859700202942,6.0978169441223145
4393,0,-6.820000171661377,0.7522705793380737,5.794517993927002
4394,0,-6.820000171661377,0.3024435043334961,4.717875003814697
4395,0,-6.820000171661377,0.3955201804637909,4.427667617797852
4396,0,-6.820000171661377,0.3931562900543213,4.5426411628723145
4397,0,-6.820000171661377,0.4095726013183594,4.406616687774658
4398,0,-6.820000171661377,0.2918030023574829,4.61405086517334
4399,0,-6.820000171661377,0.34977811574935913,3.879105567932129
4400,0,-6.820000171661377,0.4068623483181,4.815814971923828
4401,0,-6.820000171661377,0.4845699071884155,4.478779315948486
4402,0,-6.820000171661377,0.3199617564678192,4.920523643493652
4403,0,-6.820000171661377,0.3789125978946686,4.417682647705078
4404,0,-6.820000171661377,0.33904194831848145,4.5649943351745605
4405,0,-6.820000171661377,0.3223653733730316,4.705591678619385
4406,0,-6.820000171661377,0.28574004769325256,4.730646133422852
4407,0,-6.820000171661377,0.39966264367103577,4.616657733917236
4408,0,-6.820000171661377,0.37435996532440186,4.332788467407227
4409,0,-6.820000171661377,0.3082541823387146,4.896846771240234
4410,0,-6.820000171661377,0.4510463774204254,5.109492301940918
4411,0,-6.820000171661377,0.3136964440345764,4.91630220413208
4412,0,-6.820000171661377,0.390781044960022,4.189441680908203
4413,1,7.090000152587891,0.7510219812393188,7.65924072265625
4414,0,-7.090000152587891,0.5128774046897888,7.257342338562012
4415,0,-7.090000152587891,0.22742417454719543,7.294058799743652
4416,0,-7.090000152587891,0.3756895661354065,6.885049819946289
4417,0,-7.090000152587891,0.34782856702804565,7.430263042449951
4418,0,-7.090000152587891,0.3393632769584656,7.022574424743652
4419,0,-7.090000152587891,0.35260021686553955,6.092769622802734
4420,0,-7.090000152587891,0.18026632070541382,6.1525797843933105
4421,0,-7.090000152587891,0.2996023893356323,7.07589054107666
4422,0,-7.090000152587891,0.49512630701065063,6.964776039123535
4423,0,-7.090000152587891,0.3443160355091095,6.447387218475342
4424,0,-7.090000152587891,0.34456005692481995,6.668900489807129
4425,0,-7.090000152587891,0.0826747715473175,6.162729740142822
4426,0,-7.090000152587891,0.26300790905952454,6.6945109367370605
4427,0,-7.090000152587891,0.5909526944160461,5.414744853973389
4428,0,-7.090000152587891,0.14153137803077698,6.435613632202148
4429,0,-7.090000152587891,0.6438122987747192,7.223297595977783
4430,0,-7.090000152587891,0.11145176738500595,6.162004470825195
4431,0,-7.090000152587891,0.3330025374889374,6.829081058502197
4432,0,-7.090000152587891,0.20212475955486298,6.952371597290039
4433,0,-7.090000152587891,0.22202230989933014,7.054004669189453
4434,1,8.479999542236328,0.7014175057411194,7.48244047164917
4435,1,8.479999542236328,0.6697199940681458,7.287827491760254
4436,0,-8.479999542236328,0.5964880585670471,7.574960708618164
4437,0,-8.479999542236328,0.5429599285125732,7.673171043395996
4438,0,-8.479999542236328,0.6658625602722168,7.36916446685791
4439,0,-8.479999542236328,0.5833296179771423,7.220276832580566
4440,0,-8.479999542236328,0.5021982789039612,7.365221977233887
4441,0,-8.479999542236328,0.6490093469619751,7.418477535247803
4442,0,-8.479999542236328,0.5199381709098816,7.930093765258789
4443,0,-8.479999542236328,0.5280159711837769,7.877629280090332
4444,0,-8.479999542236328,0.39354920387268066,7.080195426940918
4445,0,-8.479999542236328,0.39876556396484375,6.4908599853515625
4446,0,-8.479999542236328,0.3401893675327301,6.633101940155029
4447,0,-8.479999542236328,0.45590710639953613,6.938046455383301
4448,1,8.300000190734863,0.7580015063285828,8.121233940124512
4449,0,-8.300000190734863,0.2877824902534485,7.352576732635498
4450,0,-8.300000190734863,0.6734910011291504,7.445097923278809
4451,0,-8.300000190734863,0.38230836391448975,7.37780237197876
4452,0,-8.300000190734863,0.5262525677680969,7.207746505737305
4453,0,-8.300000190734863,0.28343135118484497,7.235874652862549
4454,0,-8.300000190734863,0.37544986605644226,7.055752754211426
4455,0,-8.300000190734863,0.4969205856323242,7.476109981536865
4456,0,-8.300000190734863,0.21338051557540894,7.030264854431152
4457,0,-8.300000190734863,0.3358100652694702,7.15372896194458
4458,0,-8.300000190734863,0.2991992235183716,6.719370365142822
4459,0,-8.300000190734863,0.20678406953811646,7.52194356918335
4460,0,-8.300000190734863,0.36461761593818665,7.7195281982421875
4461,0,-8.300000190734863,0.2874787449836731,7.475678443908691
4462,0,-8.300000190734863,0.2670840919017792,6.987694263458252
4463,0,-8.300000190734863,0.42829596996307373,7.116013050079346
4464,0,-8.300000190734863,0.3048746883869171,7.10132360458374
4465,0,-8.300000190734863,0.15073555707931519,6.426828384399414
4466,0,-8.300000190734863,0.3730434775352478,6.916346073150635
4467,0,-8.300000190734863,0.36041373014450073,6.3239312171936035
4468,0,-8.300000190734863,0.2118028849363327,7.005537986755371
4469,1,10.300000190734863,0.7890260815620422,8.3621187210083
4470,1,10.300000190734863,0.7851658463478088,8.307552337646484
4471,0,-10.300000190734863,0.7516514658927917,8.020602226257324
4472,0,-10.300000190734863,0.7039324045181274,8.014880180358887
4473,1,4.760000228881836,0.544227659702301,6.760448455810547
4474,0,-4.760000228881836,0.4463658332824707,7.050457954406738
4475,0,-4.760000228881836,0.40522587299346924,6.904365539550781
4476,0,-4.760000228881836,0.4073216915130615,6.903144359588623
4477,0,-4.760000228881836,0.3176053762435913,7.2650957107543945
4478,0,-4.760000228881836,0.3623875081539154,7.248472213745117
4479,0,-4.760000228881836,0.42167335748672485,6.125164985656738
4480,1,4.760000228881836,0.6814137697219849,6.130117416381836
4481,0,-4.760000228881836,0.42304667830467224,5.5382795333862305
4482,0,-4.760000228881836,0.4608376920223236,6.967347621917725
4483,0,-4.760000228881836,0.13273067772388458,6.238915920257568
4484,0,-4.760000228881836,0.25932836532592773,6.136026382446289
4485,0,-4.760000228881836,0.24594709277153015,6.338602066040039
4486,0,-4.760000228881836,0.24372220039367676,6.050532817840576
4487,0,-4.760000228881836,0.3386175036430359,5.325841903686523
4488,0,-4.760000228881836,0.33766308426856995,5.287619590759277
4489,0,-4.760000228881836,0.23157775402069092,5.938254356384277
4490,0,-4.760000228881836,0.4057310223579407,5.386711120605469
4491,0,-4.760000228881836,0.2777349352836609,6.207921028137207
4492,0,-4.760000228881836,0.4770733714103699,4.327325820922852
4493,1,5.960000038146973,0.7508631944656372,7.805403709411621
4494,1,5.960000038146973,0.7490058541297913,7.774846076965332
4495,0,-5.960000038146973,0.47617703676223755,7.177560806274414
4496,0,-5.960000038146973,0.7236107587814331,7.49186897277832
4497,0,-5.960000038146973,0.37629565596580505,6.840793609619141
4498,0,-5.960000038146973,0.24937357008457184,7.098235607147217
4499,0,-5.960000038146973,0.1913042515516281,6.781230449676514
4500,0,-5.960000038146973,0.5085439085960388,7.1104865074157715
4501,0,-5.960000038146973,0.4474921226501465,6.466497898101807
4502,0,-5.960000038146973,0.19253501296043396,7.235629558563232
4503,0,-5.960000038146973,0.16446678340435028,6.023087024688721
4504,0,-5.960000038146973,0.20926278829574585,6.573496341705322
4505,0,-5.960000038146973,0.6754010319709778,7.160151958465576
4506,0,-5.960000038146973,0.33612045645713806,5.587079048156738
4507,0,-5.960000038146973,0.39090368151664734,7.645564079284668
4508,0,-5.960000038146973,0.308127760887146,6.11101770401001
4509,0,-5.960000038146973,0.29140040278434753,6.880580425262451
4510,0,-5.960000038146973,0.17771539092063904,6.398165225982666
4511,0,-5.960000038146973,0.592340886592865,7.501908302307129
4512,0,-5.960000038146973,0.7399070858955383,7.536789894104004
4513,0,-5.960000038146973,0.3437924087047577,5.850694179534912
4514,0,-7.320000171661377,0.3186579942703247,7.319579124450684
4515,1,7.320000171661377,0.5766708850860596,7.111634254455566
4516,0,-7.320000171661377,0.29221460223197937,6.99107027053833
4517,0,-7.320000171661377,0.6099245548248291,6.985001087188721
4518,0,-7.320000171661377,0.16990795731544495,7.29424524307251
4519,0,-7.320000171661377,0.5138341188430786,6.89675235748291
4520,0,-7.320000171661377,0.4502911865711212,6.88071346282959
4521,0,-7.320000171661377,0.25455695390701294,7.2222795486450195
4522,0,-7.320000171661377,0.6938192844390869,7.671148300170898
4523,0,-7.320000171661377,0.5518415570259094,6.660222053527832
4524,0,-7.320000171661377,0.46289920806884766,7.452508926391602
4525,0,-7.320000171661377,0.45201021432876587,7.023800373077393
4526,0,-7.320000171661377,0.5101085901260376,7.005550384521484
4527,0,-7.320000171661377,0.4791795015335083,7.012911796569824
4528,0,-7.320000171661377,0.2418760061264038,7.335787773132324
4529,0,-7.320000171661377,0.43009933829307556,6.640259265899658
4530,0,-7.320000171661377,0.34413284063339233,7.231157302856445
4531,0,-7.320000171661377,0.42806172370910645,7.118534088134766
4532,0,-7.320000171661377,0.5250864624977112,6.856287002563477
4533,0,-7.320000171661377,0.22863547503948212,7.455018043518066
4534,1,6.300000190734863,0.5994060039520264,4.962762355804443
4535,0,-6.300000190734863,0.7240760326385498,5.491143703460693
4536,0,-6.300000190734863,0.6989995241165161,5.727288722991943
4537,0,-6.300000190734863,0.7001472115516663,5.023806095123291
4538,0,-6.300000190734863,0.635545551776886,4.63115930557251
4539,0,-6.300000190734863,0.5467129945755005,4.854874610900879
4540,1,6.300000190734863,0.5803921222686768,4.842735767364502
4541,0,-6.300000190734863,0.6360685229301453,4.707780838012695
4542,0,-6.300000190734863,0.523237943649292,5.900603771209717
4543,1,6.300000190734863,0.5211227536201477,4.814229965209961
4544,0,-6.300000190734863,0.6157933473587036,5.114133834838867
4545,0,-6.300000190734863,0.46726545691490173,4.627270698547363
4546,0,-6.300000190734863,0.4757446348667145,6.090117931365967
4547,0,-6.300000190734863,0.44925859570503235,5.170851230621338
4548,0,-6.300000190734863,0.5109713673591614,5.154544830322266
4549,0,-6.300000190734863,0.6274140477180481,6.4984660148620605
4550,0,-6.300000190734863,0.6563571691513062,6.528353214263916
4551,0,-6.300000190734863,0.5788379311561584,4.550962924957275
4552,0,-6.300000190734863,0.4905398190021515,4.249139785766602
4553,0,-6.300000190734863,0.416914701461792,5.450608253479004
4554,0,-6.300000190734863,0.3545495271682739,5.012406349182129
4555,0,-4.690000057220459,0.4409618675708771,5.427404880523682
4556,0,-4.690000057220459,0.6470180749893188,4.843895435333252
4557,0,-4.690000057220459,0.5098513960838318,4.7921462059021
4558,0,-4.690000057220459,0.6622148156166077,4.896242618560791
4559,0,-4.690000057220459,0.49418267607688904,5.492334365844727
4560,0,-4.690000057220459,0.4269166588783264,5.394423961639404
4561,0,-4.690000057220459,0.4767061173915863,6.103396892547607
4562,0,-4.690000057220459,0.25398147106170654,6.208109378814697
4563,0,-4.690000057220459,0.47191664576530457,5.966043949127197
4564,0,-4.690000057220459,0.43953409790992737,6.283626079559326
4565,0,-4.690000057220459,0.2865007519721985,6.111789703369141
4566,0,-4.690000057220459,0.39371564984321594,5.702364921569824
4567,0,-4.690000057220459,0.44331398606300354,5.310601234436035
4568,0,-4.690000057220459,0.40775662660598755,5.443483352661133
4569,0,-4.690000057220459,0.33498871326446533,6.006661415100098
4570,0,-4.690000057220459,0.2777802348136902,6.344940185546875
4571,0,-4.690000057220459,0.3112974762916565,6.40334415435791
4572,0,-4.690000057220459,0.3829997777938843,5.832894325256348
4573,0,-4.690000057220459,0.2945480942726135,5.645291328430176
4574,0,-4.690000057220459,0.4524984657764435,5.6265106201171875
4575,0,-4.690000057220459,0.39883649349212646,5.254964828491211
4576,0,-5.010000228881836,0.43224501609802246,5.599780082702637
4577,0,-5.010000228881836,0.48612749576568604,5.061649799346924
4578,0,-5.010000228881836,0.5859189629554749,5.034872531890869
4579,0,-5.010000228881836,0.4223532974720001,5.416790008544922
4580,0,-5.010000228881836,0.48567745089530945,5.5638747215271
4581,0,-5.010000228881836,0.3597128987312317,5.646350383758545
4582,0,-5.010000228881836,0.4648350477218628,5.443226337432861
4583,0,-5.010000228881836,0.4482749104499817,5.909080505371094
4584,0,-5.010000228881836,0.47087907791137695,6.167718410491943
4585,0,-5.010000228881836,0.4495251476764679,5.8299946784973145
4586,0,-5.010000228881836,0.25491973757743835,6.24180269241333
4587,0,-5.010000228881836,0.36536991596221924,5.675411701202393
4588,0,-5.010000228881836,0.34331515431404114,5.647208213806152
4589,0,-5.010000228881836,0.29401153326034546,6.001668930053711
4590,0,-5.010000228881836,0.4283808767795563,5.428109645843506
4591,0,-5.010000228881836,0.4183168113231659,5.525611400604248
4592,0,-5.010000228881836,0.3743530809879303,6.2359514236450195
4593,0,-5.010000228881836,0.32633548974990845,6.033721923828125
4594,0,-5.010000228881836,0.3058087229728699,5.520313262939453
4595,0,-5.010000228881836,0.38648515939712524,5.9021124839782715
4596,0,-5.010000228881836,0.42518678307533264,5.964592456817627
4597,1,3.9700000286102295,0.5044821500778198,4.7775349617004395
4598,1,3.9700000286102295,0.5738906860351562,4.601685523986816
4599,0,-3.9700000286102295,0.422309011220932,5.065677165985107
4600,0,-3.9700000286102295,0.4992212951183319,4.7988057136535645
4601,0,-3.9700000286102295,0.4303223788738251,5.847383499145508
4602,0,-3.9700000286102295,0.45115041732788086,5.647887706756592
4603,0,-3.9700000286102295,0.4538784325122833,5.3826704025268555
4604,0,-3.9700000286102295,0.42693954706192017,5.99538516998291
4605,0,-3.9700000286102295,0.4377753734588623,5.7675580978393555
4606,0,-3.9700000286102295,0.4510992765426636,5.299869060516357
4607,0,-3.9700000286102295,0.4593891203403473,5.771823406219482
4608,0,-3.9700000286102295,0.4635675549507141,5.327468395233154
4609,0,-3.9700000286102295,0.3200540840625763,6.0737810134887695
4610,0,-3.9700000286102295,0.3729570806026459,5.40807580947876
4611,0,-3.9700000286102295,0.3979542851448059,5.62466287612915
4612,0,-3.9700000286102295,0.3977816104888916,5.679206848144531
4613,0,-3.9700000286102295,0.35993942618370056,5.774350166320801
4614,0,-3.9700000286102295,0.3336659371852875,5.954376220703125
4615,0,-3.9700000286102295,0.40621694922447205,5.752640247344971
4616,0,-3.9700000286102295,0.4214167892932892,5.891021251678467
4617,0,-3.9700000286102295,0.40135684609413147,6.332071304321289
