index,label,affinity_true,p_good,affinity_pred
0,1,3.2799999713897705,0.6009957790374756,6.024069786071777
1,0,-3.2799999713897705,0.5968347191810608,5.212368965148926
2,0,-3.2799999713897705,0.6013251543045044,5.994813442230225
3,0,-3.2799999713897705,0.5978223085403442,5.132047176361084
4,0,-3.2799999713897705,0.5999071598052979,6.12237548828125
5,0,-3.2799999713897705,0.6032133102416992,5.8001708984375
6,0,-3.2799999713897705,0.5997783541679382,5.652078628540039
7,0,-3.2799999713897705,0.6043385863304138,6.312317371368408
8,0,-3.2799999713897705,0.6006712913513184,6.623864650726318
9,0,-3.2799999713897705,0.5985954403877258,6.096921920776367
10,0,-3.2799999713897705,0.6000462770462036,6.239449501037598
11,0,-3.2799999713897705,0.5964294075965881,5.8556437492370605
12,0,-3.2799999713897705,0.5976744890213013,5.596657752990723
13,0,-3.2799999713897705,0.5981041193008423,5.452058792114258
14,0,-3.2799999713897705,0.5990074276924133,5.640138149261475
15,1,3.2799999713897705,0.5996147394180298,5.952765941619873
16,0,-3.2799999713897705,0.5985733270645142,6.2300124168396
17,0,-3.2799999713897705,0.5987905859947205,5.930183410644531
18,0,-3.2799999713897705,0.5979114770889282,5.7068939208984375
19,0,-3.2799999713897705,0.598932147026062,6.205635070800781
20,0,-3.2799999713897705,0.6013163328170776,5.690869331359863
21,1,3.5199999809265137,0.5901101231575012,5.846848011016846
22,1,3.5199999809265137,0.5889550447463989,5.646401405334473
23,1,3.5199999809265137,0.5925210118293762,5.616888999938965
24,0,-3.5199999809265137,0.5921217799186707,5.6310014724731445
25,0,-3.5199999809265137,0.5938762426376343,5.9728240966796875
26,0,-3.5199999809265137,0.5957794785499573,5.758046627044678
27,1,7.050000190734863,0.5969128012657166,5.61957311630249
28,1,7.050000190734863,0.594368040561676,5.174238204956055
29,0,-7.050000190734863,0.5995169281959534,6.160267353057861
30,0,-7.050000190734863,0.6015805602073669,5.978744029998779
31,0,-7.050000190734863,0.602566123008728,6.102010726928711
32,0,-7.050000190734863,0.605378270149231,6.186902046203613
33,0,-7.050000190734863,0.6004342436790466,6.556634426116943
34,0,-7.050000190734863,0.5993563532829285,5.698823928833008
35,0,-7.050000190734863,0.6075822114944458,6.316170692443848
36,0,-7.050000190734863,0.602138340473175,6.186119556427002
37,0,-7.050000190734863,0.600258469581604,5.769331455230713
38,0,-7.050000190734863,0.598222017288208,6.255586624145508
39,0,-7.050000190734863,0.6045110821723938,6.638619422912598
40,0,-7.050000190734863,0.6046698689460754,6.3601789474487305
41,0,-7.050000190734863,0.6002281904220581,5.964937686920166
42,0,-7.050000190734863,0.6009280681610107,6.277076721191406
43,0,-7.050000190734863,0.5928708910942078,5.578799247741699
44,0,-7.050000190734863,0.6084017157554626,6.270568370819092
45,0,-7.050000190734863,0.5996502637863159,6.228747367858887
46,0,-7.050000190734863,0.5977554321289062,6.511455059051514
47,0,-7.050000190734863,0.6028633117675781,6.051722526550293
48,1,6.5,0.6060119867324829,6.551281929016113
49,1,6.5,0.6061577200889587,6.559797763824463
50,0,-6.5,0.604570209980011,6.904761791229248
51,0,-6.5,0.603055477142334,6.743783950805664
52,0,-6.5,0.6044796705245972,6.49936580657959
53,0,-6.5,0.6039307713508606,6.820193290710449
54,0,-6.5,0.6054995656013489,6.814488410949707
55,0,-6.5,0.6080853343009949,6.773388862609863
56,0,-6.5,0.6065636873245239,6.86348819732666
57,0,-6.5,0.6053031086921692,6.750556468963623
58,0,-6.5,0.6011999845504761,6.645410537719727
59,0,-6.5,0.6044092178344727,6.751591205596924
60,0,-6.5,0.6046531200408936,6.857726573944092
61,0,-6.5,0.6028335690498352,6.686569690704346
62,0,-6.5,0.6050500273704529,6.602852821350098
63,0,-6.5,0.6073063015937805,6.3421311378479
64,0,-6.5,0.6055720448493958,6.474958419799805
65,0,-6.5,0.6058266162872314,7.125481605529785
66,0,-6.5,0.6019173264503479,6.451409816741943
67,0,-6.5,0.6009323596954346,6.739378929138184
68,0,-6.5,0.6059678196907043,6.558528900146484
69,1,8.020000457763672,0.5957428812980652,6.637460708618164
70,0,-8.020000457763672,0.5999957919120789,6.891008377075195
71,0,-8.020000457763672,0.5935478806495667,6.9106903076171875
72,0,-8.020000457763672,0.593745768070221,7.078084468841553
73,0,-8.020000457763672,0.5977078676223755,7.013638019561768
74,0,-8.020000457763672,0.5965734124183655,7.1299848556518555
75,0,-8.020000457763672,0.5962173938751221,6.778000354766846
76,0,-8.020000457763672,0.5974122881889343,6.761234283447266
77,0,-8.020000457763672,0.5885739326477051,7.0595269203186035
78,0,-8.020000457763672,0.5974842309951782,6.766870021820068
79,0,-8.020000457763672,0.6024953722953796,6.461553573608398
80,0,-8.020000457763672,0.5986675024032593,6.664026260375977
81,0,-8.020000457763672,0.597916841506958,6.729062080383301
82,0,-8.020000457763672,0.5938037037849426,6.778354644775391
83,0,-8.020000457763672,0.5920699834823608,6.958117485046387
84,0,-8.020000457763672,0.5995577573776245,6.707240104675293
85,0,-8.020000457763672,0.5928615927696228,7.155740261077881
86,0,-8.020000457763672,0.5972594022750854,7.375402450561523
87,0,-8.020000457763672,0.6010922193527222,6.7756171226501465
88,0,-8.020000457763672,0.5971737504005432,6.836915969848633
89,0,-8.020000457763672,0.5952929854393005,6.884700298309326
90,1,2.9800000190734863,0.5978283286094666,7.079319953918457
91,0,-2.9800000190734863,0.5986723899841309,6.892611980438232
92,1,2.9800000190734863,0.5977705717086792,7.0738396644592285
93,0,-2.9800000190734863,0.5985539555549622,7.2130842208862305
94,0,-2.9800000190734863,0.5961632132530212,7.500984191894531
95,0,-2.9800000190734863,0.5986990332603455,6.633606433868408
96,0,-2.9800000190734863,0.5978372097015381,7.083483695983887
97,0,-2.9800000190734863,0.5993435978889465,7.163166046142578
98,0,-2.9800000190734863,0.5991325378417969,6.819781303405762
99,0,-2.9800000190734863,0.5988196134567261,6.958202362060547
100,0,-2.9800000190734863,0.5991612076759338,6.829566955566406
101,0,-2.9800000190734863,0.5975894331932068,6.901150226593018
102,0,-2.9800000190734863,0.5963378548622131,7.169971942901611
103,0,-2.9800000190734863,0.5959981679916382,7.314504623413086
104,0,-2.9800000190734863,0.5981664657592773,7.035345077514648
105,0,-2.9800000190734863,0.5990532040596008,6.84548807144165
106,0,-2.9800000190734863,0.5999385118484497,6.516800880432129
107,0,-2.9800000190734863,0.5980351567268372,6.982336521148682
108,0,-2.9800000190734863,0.5960307121276855,7.470137596130371
109,0,-2.9800000190734863,0.5972734689712524,7.180914402008057
110,0,-2.9800000190734863,0.5979205965995789,6.834080219268799
111,1,8.640000343322754,0.6001486778259277,7.250836372375488
112,0,-8.640000343322754,0.5974652171134949,7.240015029907227
113,1,8.640000343322754,0.6000496745109558,7.437100887298584
114,0,-8.640000343322754,0.5977385640144348,7.4466962814331055
115,0,-8.640000343322754,0.5981928110122681,7.505197525024414
116,0,-8.640000343322754,0.6011068820953369,7.369724750518799
117,0,-8.640000343322754,0.5993669629096985,7.39417028427124
118,0,-8.640000343322754,0.5978337526321411,7.1511616706848145
119,0,-8.640000343322754,0.5980023145675659,7.594921588897705
120,0,-8.640000343322754,0.5991830229759216,7.450020790100098
121,0,-8.640000343322754,0.5976139307022095,7.470972061157227
122,0,-8.640000343322754,0.5983267426490784,7.4404754638671875
123,0,-8.640000343322754,0.6007362604141235,7.4940056800842285
124,0,-8.640000343322754,0.5977818369865417,7.2884016036987305
125,0,-8.640000343322754,0.5991311073303223,7.297720909118652
126,0,-8.640000343322754,0.59811931848526,7.5102691650390625
127,0,-8.640000343322754,0.596753716468811,7.529295921325684
128,0,-8.640000343322754,0.5981022119522095,7.568506240844727
129,0,-8.640000343322754,0.5999817252159119,7.633344650268555
130,0,-8.640000343322754,0.598598062992096,7.548403739929199
131,0,-8.640000343322754,0.5981601476669312,7.916321754455566
132,1,6.420000076293945,0.5842403769493103,5.863804340362549
133,1,6.420000076293945,0.5841883420944214,5.869887828826904
134,0,-6.420000076293945,0.5792595148086548,5.992831707000732
135,0,-6.420000076293945,0.5803338289260864,5.9681243896484375
136,0,-6.420000076293945,0.5707182288169861,5.698432445526123
137,0,-6.420000076293945,0.5745076537132263,5.8174614906311035
138,0,-6.420000076293945,0.5774092674255371,5.883127689361572
139,0,-6.420000076293945,0.5871548652648926,6.125241279602051
140,0,-6.420000076293945,0.5775030851364136,5.969202041625977
141,0,-6.420000076293945,0.5851293802261353,6.080606460571289
142,0,-6.420000076293945,0.5919787883758545,6.107908725738525
143,0,-6.420000076293945,0.5751762986183167,5.870149612426758
144,0,-6.420000076293945,0.5725206136703491,5.926823616027832
145,0,-6.420000076293945,0.5839090347290039,6.0588059425354
146,0,-6.420000076293945,0.5812376737594604,6.078573226928711
147,0,-6.420000076293945,0.584792971611023,6.135458469390869
148,0,-6.420000076293945,0.5878102779388428,6.054135322570801
149,0,-6.420000076293945,0.581096351146698,6.09480094909668
150,0,-6.420000076293945,0.5875032544136047,6.201050758361816
151,0,-6.420000076293945,0.5832324624061584,6.011404037475586
152,0,-6.420000076293945,0.5875816345214844,6.090856552124023
153,1,7.190000057220459,0.5810415744781494,5.796085357666016
154,0,-7.190000057220459,0.5754549503326416,5.675599098205566
155,0,-7.190000057220459,0.5818018913269043,5.823517799377441
156,0,-7.190000057220459,0.578918993473053,5.954878807067871
157,0,-7.190000057220459,0.5795822739601135,5.851531982421875
158,0,-7.190000057220459,0.5761479735374451,5.722579479217529
159,0,-7.190000057220459,0.5813099145889282,5.958899021148682
160,0,-7.190000057220459,0.5789714455604553,5.852667808532715
161,0,-7.190000057220459,0.5772274136543274,5.804204940795898
162,0,-7.190000057220459,0.5749913454055786,5.63615083694458
163,0,-7.190000057220459,0.5824337005615234,6.01336669921875
164,0,-7.190000057220459,0.5866204500198364,5.972803592681885
165,0,-7.190000057220459,0.5811421871185303,5.884859561920166
166,0,-7.190000057220459,0.582579493522644,6.049943447113037
167,0,-7.190000057220459,0.5849058628082275,5.94602632522583
168,0,-7.190000057220459,0.5857638716697693,5.989943981170654
169,0,-7.190000057220459,0.5828715562820435,6.097289562225342
170,0,-7.190000057220459,0.5872578024864197,5.95450496673584
171,0,-7.190000057220459,0.5774878263473511,5.868167400360107
172,0,-7.190000057220459,0.5809454321861267,6.102352619171143
173,0,-7.190000057220459,0.5826321244239807,6.03507137298584
174,1,5.889999866485596,0.6094537377357483,6.193287372589111
175,0,-5.889999866485596,0.6084524989128113,6.255488872528076
176,0,-5.889999866485596,0.6104041337966919,6.158620834350586
177,0,-5.889999866485596,0.6092942357063293,6.095424652099609
178,0,-5.889999866485596,0.6109717488288879,6.119695663452148
179,1,5.889999866485596,0.6116187572479248,6.157793045043945
180,0,-5.889999866485596,0.60885089635849,6.2877068519592285
181,0,-5.889999866485596,0.6106202602386475,6.140056610107422
182,0,-5.889999866485596,0.6086114048957825,6.264658451080322
183,0,-5.889999866485596,0.6103951334953308,6.202788829803467
184,0,-5.889999866485596,0.6083978414535522,6.343623638153076
185,0,-5.889999866485596,0.6088330149650574,6.184544086456299
186,0,-5.889999866485596,0.6091009378433228,6.183659553527832
187,0,-5.889999866485596,0.608309805393219,6.084694862365723
188,0,-5.889999866485596,0.6103168725967407,6.135950565338135
189,0,-5.889999866485596,0.60910564661026,5.98441743850708
190,0,-5.889999866485596,0.6103429198265076,6.115758419036865
191,0,-5.889999866485596,0.6079301238059998,5.807142734527588
192,0,-5.889999866485596,0.6084372401237488,6.197160243988037
193,1,5.239999771118164,0.611423671245575,5.8841986656188965
194,0,-5.239999771118164,0.6145874261856079,5.781390190124512
195,0,-5.239999771118164,0.6118354797363281,5.938474655151367
196,0,-5.239999771118164,0.6104483008384705,5.8440046310424805
197,0,-5.239999771118164,0.6102784276008606,5.895655155181885
198,0,-5.239999771118164,0.6126618385314941,5.914515018463135
199,1,5.239999771118164,0.6115264296531677,5.796482563018799
200,0,-5.239999771118164,0.613184928894043,5.871062278747559
201,1,5.239999771118164,0.6129114031791687,5.855513095855713
202,0,-5.239999771118164,0.6118435859680176,5.996218681335449
203,0,-5.239999771118164,0.6106853485107422,5.720107078552246
204,1,5.239999771118164,0.6099339127540588,5.854522228240967
205,0,-5.239999771118164,0.6118417978286743,5.911237716674805
206,0,-5.239999771118164,0.6115425229072571,5.907989501953125
207,0,-5.239999771118164,0.6144104599952698,5.78706693649292
208,0,-5.239999771118164,0.613847553730011,5.767200469970703
209,0,-5.239999771118164,0.61017245054245,5.79972505569458
210,0,-5.239999771118164,0.613709032535553,5.796260833740234
211,0,-5.239999771118164,0.6108057498931885,5.797255516052246
212,0,-5.239999771118164,0.6115953326225281,5.77256965637207
213,0,-5.239999771118164,0.6097287535667419,6.029207706451416
214,0,-6.920000076293945,0.6067724227905273,6.775288105010986
215,0,-6.920000076293945,0.6080833077430725,6.6015400886535645
216,0,-6.920000076293945,0.6061002016067505,7.009602069854736
217,0,-6.920000076293945,0.6067878603935242,6.716960430145264
218,0,-6.920000076293945,0.6083555817604065,6.6630144119262695
219,0,-6.920000076293945,0.6089347004890442,6.42950963973999
220,0,-6.920000076293945,0.6076613664627075,6.626112461090088
221,0,-6.920000076293945,0.6067413687705994,6.788207054138184
222,0,-6.920000076293945,0.6075225472450256,6.716376781463623
223,0,-6.920000076293945,0.6069394946098328,6.815610885620117
224,0,-6.920000076293945,0.6070857048034668,6.779758453369141
225,0,-6.920000076293945,0.6061658263206482,6.928796291351318
226,1,6.920000076293945,0.6078893542289734,6.764224052429199
227,0,-6.920000076293945,0.6070581078529358,6.785158634185791
228,0,-6.920000076293945,0.6067085266113281,6.805039405822754
229,0,-6.920000076293945,0.60715252161026,6.615025520324707
230,0,-6.920000076293945,0.6071905493736267,6.599978446960449
231,0,-6.920000076293945,0.6065749526023865,6.810542583465576
232,0,-6.920000076293945,0.6068233251571655,6.703866958618164
233,0,-6.920000076293945,0.6075069308280945,6.579308986663818
234,0,-6.920000076293945,0.6059784889221191,6.773705005645752
235,1,6.880000114440918,0.5938606858253479,6.413674354553223
236,1,6.880000114440918,0.5952009558677673,6.242870807647705
237,0,-6.880000114440918,0.5906773805618286,6.334387302398682
238,0,-6.880000114440918,0.5931517481803894,6.331423282623291
239,0,-6.880000114440918,0.5919763445854187,6.191543102264404
240,0,-6.880000114440918,0.5898810029029846,6.71238374710083
241,0,-6.880000114440918,0.5885245203971863,6.385078430175781
242,0,-6.880000114440918,0.5912280082702637,6.217607021331787
243,0,-6.880000114440918,0.5876011848449707,6.789238452911377
244,0,-6.880000114440918,0.5909697413444519,6.42037296295166
245,0,-6.880000114440918,0.5869637727737427,6.778974533081055
246,0,-6.880000114440918,0.5879837870597839,6.679037570953369
247,0,-6.880000114440918,0.5884886384010315,6.575353145599365
248,0,-6.880000114440918,0.5869396924972534,6.5551371574401855
249,0,-6.880000114440918,0.590851366519928,6.520059585571289
250,1,6.789999961853027,0.5950267314910889,7.715123653411865
251,0,-6.789999961853027,0.596307098865509,7.756710529327393
252,0,-6.789999961853027,0.5951601266860962,7.702341556549072
253,0,-6.789999961853027,0.594096302986145,7.472293853759766
254,0,-6.789999961853027,0.5925910472869873,7.9929656982421875
255,0,-6.789999961853027,0.5973580479621887,7.621973037719727
256,0,-6.789999961853027,0.5916786789894104,8.002073287963867
257,0,-6.789999961853027,0.5976312160491943,7.603032112121582
258,0,-6.789999961853027,0.5940964818000793,7.685300827026367
259,0,-6.789999961853027,0.5907031297683716,8.00415325164795
260,0,-6.789999961853027,0.5949388742446899,7.757057189941406
261,0,-6.789999961853027,0.5933284759521484,7.93001651763916
262,0,-6.789999961853027,0.5919629335403442,7.934680938720703
263,0,-6.789999961853027,0.5958137512207031,7.846597194671631
264,0,-6.789999961853027,0.5936998128890991,8.02439022064209
265,0,-6.789999961853027,0.5949651598930359,7.747852802276611
266,0,-6.789999961853027,0.5960673689842224,7.661256313323975
267,0,-6.789999961853027,0.5935477018356323,7.862312316894531
268,0,-6.789999961853027,0.5940990447998047,7.885601043701172
269,0,-6.789999961853027,0.5914713144302368,7.640552997589111
270,0,-6.789999961853027,0.5878080129623413,7.817413806915283
271,1,4.920000076293945,0.606627345085144,6.347572326660156
272,0,-4.920000076293945,0.6050601601600647,6.329733848571777
273,0,-4.920000076293945,0.6044065356254578,6.858205795288086
274,0,-4.920000076293945,0.6050227284431458,6.654991149902344
275,1,4.920000076293945,0.6070291996002197,6.41133975982666
276,0,-4.920000076293945,0.605918824672699,6.571969985961914
277,0,-4.920000076293945,0.604463517665863,6.873394966125488
278,0,-4.920000076293945,0.6054748296737671,6.593203544616699
279,0,-4.920000076293945,0.6051734089851379,6.726654529571533
280,0,-4.920000076293945,0.6048694849014282,6.660979270935059
281,0,-4.920000076293945,0.6047526597976685,6.510345458984375
282,0,-4.920000076293945,0.6049739122390747,6.536332130432129
283,0,-4.920000076293945,0.603001594543457,6.6891961097717285
284,0,-4.920000076293945,0.6061756610870361,6.28899621963501
285,0,-4.920000076293945,0.6038942337036133,6.490694046020508
286,0,-4.920000076293945,0.603388786315918,6.8156585693359375
287,0,-4.920000076293945,0.6059922575950623,6.292200088500977
288,0,-4.920000076293945,0.6044168472290039,6.673027515411377
289,0,-4.920000076293945,0.6053751111030579,6.3225908279418945
290,0,-4.920000076293945,0.6046565771102905,6.365639686584473
291,0,-4.920000076293945,0.60398268699646,7.0194854736328125
292,1,6.630000114440918,0.6060696244239807,7.111574172973633
293,1,6.630000114440918,0.605781078338623,7.115764141082764
294,0,-6.630000114440918,0.6051053404808044,7.057674407958984
295,0,-6.630000114440918,0.6073790192604065,7.149277210235596
296,0,-6.630000114440918,0.6067085266113281,7.237025260925293
297,0,-6.630000114440918,0.6080817580223083,7.021346569061279
298,0,-6.630000114440918,0.6059794425964355,7.057579040527344
299,0,-6.630000114440918,0.6083464026451111,7.130630016326904
300,0,-6.630000114440918,0.6072253584861755,7.153737545013428
301,0,-6.630000114440918,0.6060389280319214,7.341578483581543
302,0,-6.630000114440918,0.6051047444343567,7.179840564727783
303,0,-6.630000114440918,0.6067044138908386,6.841688632965088
304,0,-6.630000114440918,0.6063640117645264,6.970037460327148
305,0,-6.630000114440918,0.6065175533294678,7.106319904327393
306,0,-6.630000114440918,0.6077190637588501,7.125650405883789
307,0,-6.630000114440918,0.6068183183670044,6.916383266448975
308,0,-6.630000114440918,0.6063427925109863,7.18320894241333
309,0,-6.630000114440918,0.606539249420166,7.09686803817749
310,0,-6.630000114440918,0.6051154136657715,7.325302600860596
311,0,-6.630000114440918,0.6086187958717346,7.172441482543945
312,0,-6.630000114440918,0.6059108972549438,7.257923126220703
313,1,8.399999618530273,0.6040322184562683,6.675535678863525
314,1,8.399999618530273,0.6036255955696106,6.664124965667725
315,1,8.399999618530273,0.6017290949821472,7.004914283752441
316,0,-8.399999618530273,0.6032050848007202,6.776816368103027
317,0,-8.399999618530273,0.6050967574119568,6.277596950531006
318,0,-8.399999618530273,0.60109943151474,7.278131008148193
319,0,-8.399999618530273,0.6027861833572388,7.139272689819336
320,0,-8.399999618530273,0.6023131012916565,7.116943359375
321,0,-8.399999618530273,0.6014028787612915,7.437324523925781
322,0,-8.399999618530273,0.6014397144317627,6.8022236824035645
323,0,-8.399999618530273,0.6007382869720459,7.162137508392334
324,0,-8.399999618530273,0.6014001369476318,7.214912414550781
325,0,-8.399999618530273,0.6004462838172913,7.005443096160889
326,1,10.699999809265137,0.6029564738273621,6.939985752105713
327,0,-10.699999809265137,0.6013904809951782,7.332083702087402
328,0,-10.699999809265137,0.6000333428382874,7.790735721588135
329,0,-10.699999809265137,0.6005654335021973,7.559336185455322
330,1,10.699999809265137,0.601468026638031,6.833062171936035
331,0,-10.699999809265137,0.5998015403747559,7.62575626373291
332,0,-10.699999809265137,0.6016323566436768,7.566524505615234
333,1,10.699999809265137,0.6010640859603882,7.160673141479492
334,0,-10.699999809265137,0.5992755889892578,7.755832672119141
335,0,-10.699999809265137,0.5987806916236877,7.836212158203125
336,0,-10.699999809265137,0.6008475422859192,7.540243148803711
337,0,-10.699999809265137,0.601255476474762,6.907294273376465
338,0,-10.699999809265137,0.5997670292854309,7.567259788513184
339,0,-10.699999809265137,0.5997092723846436,7.658025741577148
340,0,-10.699999809265137,0.5989235639572144,7.859976768493652
341,0,-10.699999809265137,0.5982686877250671,7.924633026123047
342,0,-10.699999809265137,0.5988762974739075,7.812041759490967
343,0,-10.699999809265137,0.5993568897247314,7.526710510253906
344,0,-10.699999809265137,0.5975930690765381,7.844783782958984
345,0,-10.699999809265137,0.5985131859779358,7.482246398925781
346,0,-10.699999809265137,0.6000948548316956,7.50175142288208
347,1,11.300000190734863,0.5992640256881714,7.48862361907959
348,1,11.300000190734863,0.6020431518554688,7.7799506187438965
349,0,-11.300000190734863,0.6015838384628296,8.34286880493164
350,0,-11.300000190734863,0.6014850735664368,7.545646667480469
351,0,-11.300000190734863,0.5974847674369812,7.483649253845215
352,0,-11.300000190734863,0.6011311411857605,6.98539924621582
353,0,-11.300000190734863,0.6008590459823608,7.779380798339844
354,0,-11.300000190734863,0.6064119338989258,7.511166095733643
355,1,10.109999656677246,0.5742698907852173,7.898165702819824
356,1,10.109999656677246,0.575458288192749,8.00949478149414
357,0,-10.109999656677246,0.5732252597808838,7.875687599182129
358,1,7.150000095367432,0.6070125699043274,6.2863335609436035
359,1,7.150000095367432,0.6078392267227173,6.231895446777344
360,0,-7.150000095367432,0.607805073261261,6.259593963623047
361,0,-7.150000095367432,0.6052983999252319,6.358427047729492
362,0,-7.150000095367432,0.607188880443573,6.426812648773193
363,0,-7.150000095367432,0.6059516072273254,6.3625712394714355
364,0,-7.150000095367432,0.6065341830253601,6.3063812255859375
365,0,-7.150000095367432,0.608106791973114,6.084347724914551
366,0,-7.150000095367432,0.6058346033096313,6.281367301940918
367,0,-7.150000095367432,0.6060675978660583,6.102788925170898
368,0,-7.150000095367432,0.6051881313323975,6.454222679138184
369,0,-7.150000095367432,0.6058141589164734,6.084967136383057
370,0,-7.150000095367432,0.607540488243103,6.245241641998291
371,0,-7.150000095367432,0.607390820980072,6.437890529632568
372,0,-7.150000095367432,0.6069430112838745,6.167383670806885
373,0,-7.150000095367432,0.6063104271888733,6.374179363250732
374,0,-7.150000095367432,0.6063048839569092,6.253145217895508
375,0,-7.150000095367432,0.6067396402359009,6.430661201477051
376,0,-7.150000095367432,0.607053279876709,6.240759372711182
377,0,-7.150000095367432,0.6052967309951782,6.198665142059326
378,0,-7.150000095367432,0.6059545278549194,6.445939064025879
379,1,7.239999771118164,0.6005221605300903,7.54929780960083
380,0,-7.239999771118164,0.5976988077163696,7.889684677124023
381,0,-7.239999771118164,0.5990316271781921,7.893446445465088
382,0,-7.239999771118164,0.5995644927024841,7.9569902420043945
383,0,-7.239999771118164,0.599346399307251,7.756458759307861
384,0,-7.239999771118164,0.5993188619613647,7.611859321594238
385,0,-7.239999771118164,0.5996378660202026,7.821651458740234
386,0,-7.239999771118164,0.5994207859039307,7.664443016052246
387,0,-7.239999771118164,0.6001107096672058,7.759777069091797
388,0,-7.239999771118164,0.5980597138404846,8.14275074005127
389,0,-7.239999771118164,0.5980870127677917,8.085760116577148
390,0,-7.239999771118164,0.5997633337974548,7.825440406799316
391,0,-7.239999771118164,0.5994181036949158,8.051033020019531
392,0,-7.239999771118164,0.5985201597213745,7.981081485748291
393,0,-7.239999771118164,0.5990429520606995,7.803558826446533
394,0,-7.239999771118164,0.5989824533462524,7.888716697692871
395,0,-7.239999771118164,0.601126492023468,7.546351432800293
396,0,-7.239999771118164,0.5999622344970703,8.036681175231934
397,0,-7.239999771118164,0.6000271439552307,7.98129940032959
398,0,-7.239999771118164,0.6006879210472107,7.539517879486084
399,0,-7.239999771118164,0.6000186204910278,7.764626979827881
400,1,10.050000190734863,0.5948584675788879,7.304255485534668
401,1,10.050000190734863,0.5943436622619629,7.272127151489258
402,0,-10.050000190734863,0.5935950875282288,7.2980427742004395
403,0,-10.050000190734863,0.5941358208656311,7.573010444641113
404,0,-10.050000190734863,0.5943723320960999,7.457180976867676
405,0,-10.050000190734863,0.5957152247428894,7.352022171020508
406,0,-10.050000190734863,0.5927452445030212,7.352597236633301
407,0,-10.050000190734863,0.5945280194282532,7.330484390258789
408,0,-10.770000457763672,0.595496654510498,8.156122207641602
409,0,-10.770000457763672,0.5927261710166931,7.993101119995117
410,0,-10.770000457763672,0.5938223600387573,8.019183158874512
411,0,-10.770000457763672,0.588384211063385,8.097674369812012
412,0,-10.770000457763672,0.5934681296348572,8.043859481811523
413,0,-10.770000457763672,0.596407413482666,7.9994797706604
414,0,-10.770000457763672,0.5967715978622437,8.098052024841309
415,0,-10.770000457763672,0.5913739800453186,8.412567138671875
416,0,-10.770000457763672,0.5914521217346191,8.020944595336914
417,0,-10.770000457763672,0.5961686968803406,7.840429306030273
418,0,-10.770000457763672,0.5916401147842407,8.152803421020508
419,0,-10.770000457763672,0.5914648771286011,8.053709030151367
420,0,-10.770000457763672,0.5971859693527222,8.156390190124512
421,0,-10.770000457763672,0.5917022824287415,8.272382736206055
422,0,-10.770000457763672,0.5927595496177673,7.873943328857422
423,0,-10.770000457763672,0.5904053449630737,7.850951194763184
424,0,-10.770000457763672,0.5964998602867126,8.276504516601562
425,0,-10.770000457763672,0.5915062427520752,8.054963111877441
426,0,-10.770000457763672,0.5935624241828918,7.9614691734313965
427,0,-10.770000457763672,0.5887244343757629,7.877016067504883
428,1,7.260000228881836,0.6095954775810242,6.5433430671691895
429,1,7.260000228881836,0.60956871509552,6.534762859344482
430,0,-7.260000228881836,0.6097339987754822,6.321348667144775
431,0,-7.260000228881836,0.6101672053337097,6.021857261657715
432,0,-7.260000228881836,0.6085814237594604,6.193159580230713
433,0,-7.260000228881836,0.6112070083618164,6.074460506439209
434,0,-7.260000228881836,0.6122685074806213,6.010613441467285
435,0,-7.260000228881836,0.6087695956230164,6.17357063293457
436,0,-7.260000228881836,0.6100855469703674,6.249728202819824
437,0,-7.260000228881836,0.6096886992454529,6.333669185638428
438,0,-7.260000228881836,0.6078699231147766,6.196286678314209
439,0,-7.260000228881836,0.6117593050003052,6.379354953765869
440,0,-7.260000228881836,0.610016942024231,6.268954277038574
441,0,-7.260000228881836,0.608902096748352,6.163891315460205
442,0,-7.260000228881836,0.6115545034408569,6.033429145812988
443,0,-7.260000228881836,0.608314037322998,6.401852607727051
444,1,4.079999923706055,0.6157041192054749,6.59130334854126
445,0,-4.079999923706055,0.6122099161148071,6.315158367156982
446,0,-4.079999923706055,0.6136596202850342,6.5049262046813965
447,0,-4.079999923706055,0.617901623249054,6.576115131378174
448,0,-4.079999923706055,0.6129891276359558,6.9139628410339355
449,0,-4.079999923706055,0.6181764006614685,6.4733195304870605
450,0,-4.079999923706055,0.6164759397506714,6.372884750366211
451,0,-4.079999923706055,0.6114629507064819,6.396997928619385
452,0,-4.079999923706055,0.6078089475631714,6.572692394256592
453,0,-4.079999923706055,0.6132528781890869,6.2243428230285645
454,0,-4.079999923706055,0.6161602139472961,6.4462785720825195
455,0,-4.079999923706055,0.6178769469261169,6.556880474090576
456,0,-4.079999923706055,0.6178649067878723,6.547536849975586
457,0,-4.079999923706055,0.6077173352241516,6.42962646484375
458,0,-4.079999923706055,0.6139219999313354,6.429232120513916
459,0,-4.079999923706055,0.6109482049942017,6.751082420349121
460,0,-4.079999923706055,0.611956775188446,6.503568649291992
461,0,-4.079999923706055,0.6100202798843384,6.966391086578369
462,0,-4.079999923706055,0.6027259230613708,6.705677509307861
463,0,-4.079999923706055,0.6049366593360901,6.69135046005249
464,0,-4.079999923706055,0.6120879650115967,6.787172317504883
465,1,6.699999809265137,0.6037326455116272,7.408559799194336
466,1,6.699999809265137,0.6030622720718384,7.267360210418701
467,1,6.699999809265137,0.6041114926338196,7.453022003173828
468,0,-6.699999809265137,0.6031398177146912,7.5741424560546875
469,0,-6.699999809265137,0.6023189425468445,7.264525890350342
470,0,-6.699999809265137,0.6012166738510132,7.432860374450684
471,0,-6.699999809265137,0.600656270980835,7.46781063079834
472,0,-6.699999809265137,0.6030976176261902,7.465427398681641
473,0,-6.699999809265137,0.606054425239563,7.3427910804748535
474,0,-6.699999809265137,0.5969024300575256,8.09048843383789
475,0,-6.699999809265137,0.6059429049491882,7.390412330627441
476,0,-6.699999809265137,0.596647322177887,7.975488662719727
477,0,-6.699999809265137,0.6028902530670166,7.628023624420166
478,0,-6.699999809265137,0.6003238558769226,7.890218734741211
479,0,-6.699999809265137,0.5983818173408508,7.581293106079102
480,0,-6.699999809265137,0.6039952635765076,7.2815351486206055
481,0,-6.699999809265137,0.6037802696228027,7.120306491851807
482,0,-6.699999809265137,0.6025663614273071,7.356579303741455
483,0,-6.699999809265137,0.60352623462677,7.309731960296631
484,0,-6.699999809265137,0.6001574993133545,7.741289138793945
485,1,6.309999942779541,0.6081811189651489,6.487404823303223
486,0,-6.309999942779541,0.6073088645935059,6.623878479003906
487,0,-6.309999942779541,0.607646107673645,6.4678635597229
488,0,-6.309999942779541,0.6071911454200745,6.6636810302734375
489,0,-6.309999942779541,0.6081717014312744,6.5609917640686035
490,0,-6.309999942779541,0.6081376671791077,6.499622821807861
491,0,-6.309999942779541,0.6075596213340759,6.502701282501221
492,0,-6.309999942779541,0.6090635657310486,6.3391242027282715
493,0,-6.309999942779541,0.6077432036399841,6.487732410430908
494,0,-6.309999942779541,0.6079916954040527,6.541863441467285
495,0,-6.309999942779541,0.6072323322296143,6.540384769439697
496,0,-6.309999942779541,0.6083284020423889,6.456252574920654
497,0,-6.309999942779541,0.6073718070983887,6.411327838897705
498,0,-6.309999942779541,0.607332706451416,6.5853590965271
499,0,-6.309999942779541,0.6075423359870911,6.486900329589844
500,1,6.309999942779541,0.6077874302864075,6.497580051422119
501,0,-6.309999942779541,0.6077888607978821,6.411413669586182
502,0,-6.309999942779541,0.6078811883926392,6.372795104980469
503,0,-6.309999942779541,0.6061968207359314,6.285126209259033
504,0,-6.309999942779541,0.6059920191764832,6.503976821899414
505,0,-6.309999942779541,0.6076427698135376,6.339162826538086
506,1,6.119999885559082,0.594897985458374,5.996936321258545
507,1,6.119999885559082,0.596315324306488,5.952269077301025
508,1,6.119999885559082,0.5986912846565247,5.814352989196777
509,1,5.0,0.5918221473693848,6.718012809753418
510,1,5.0,0.5927736163139343,6.932429313659668
511,0,-5.0,0.5881527066230774,6.697309970855713
512,0,-5.0,0.5951554179191589,6.46650505065918
513,0,-5.0,0.5901505947113037,6.7370500564575195
514,1,7.300000190734863,0.5868271589279175,5.574007034301758
515,1,7.300000190734863,0.5842806100845337,5.55494499206543
516,0,-7.300000190734863,0.5854324102401733,5.308106422424316
517,0,-7.300000190734863,0.5859811902046204,5.934083461761475
518,0,-7.300000190734863,0.585016667842865,5.52216100692749
519,0,-7.300000190734863,0.5876874327659607,5.398539066314697
520,1,6.71999979019165,0.6051492691040039,7.018728256225586
521,1,6.71999979019165,0.6046410799026489,7.303289890289307
522,1,6.71999979019165,0.6042560935020447,7.011286735534668
523,0,-6.71999979019165,0.6040961146354675,7.2485246658325195
524,0,-6.71999979019165,0.6029287576675415,7.503477096557617
525,0,-6.71999979019165,0.6027842164039612,7.386770248413086
526,0,-6.71999979019165,0.6042343974113464,7.312900066375732
527,0,-6.71999979019165,0.6025182008743286,7.3724565505981445
528,0,-6.71999979019165,0.6038234233856201,7.145407199859619
529,0,-6.71999979019165,0.6048368811607361,7.360398769378662
530,0,-6.71999979019165,0.6037741303443909,7.098195552825928
531,0,-6.71999979019165,0.6037432551383972,7.298618793487549
532,0,-6.71999979019165,0.6014086604118347,7.339728355407715
533,0,-6.71999979019165,0.5997347235679626,7.44104528427124
534,0,-6.71999979019165,0.6025820374488831,7.58254337310791
535,0,-6.71999979019165,0.602873682975769,7.198208332061768
536,0,-6.71999979019165,0.6006963849067688,7.294905662536621
537,0,-6.71999979019165,0.6044477224349976,7.256715774536133
538,0,-6.71999979019165,0.603080689907074,7.546725273132324
539,0,-6.71999979019165,0.6013482809066772,7.361871719360352
540,1,3.799999952316284,0.6039476990699768,3.8255233764648438
541,1,3.799999952316284,0.6057673692703247,4.145335674285889
542,0,-3.799999952316284,0.6011354327201843,3.4135756492614746
543,1,3.799999952316284,0.6032822728157043,3.676164150238037
544,0,-3.799999952316284,0.6021915078163147,3.1404526233673096
545,0,-3.799999952316284,0.6049482822418213,3.4901773929595947
546,0,-3.799999952316284,0.5969021916389465,2.6405282020568848
547,0,-3.799999952316284,0.5961084365844727,3.0103516578674316
548,0,-3.799999952316284,0.6038318276405334,3.4487946033477783
549,0,-3.799999952316284,0.6025217175483704,3.5517261028289795
550,0,-3.799999952316284,0.596144437789917,3.0555496215820312
551,0,-3.799999952316284,0.6045976877212524,3.517899751663208
552,0,-3.799999952316284,0.6024056673049927,3.3738033771514893
553,0,-3.799999952316284,0.60214763879776,3.2657058238983154
554,0,-3.799999952316284,0.5990703105926514,2.8169517517089844
555,0,-3.799999952316284,0.5951205492019653,3.188286066055298
556,0,-3.799999952316284,0.5961765646934509,2.894804000854492
557,0,-3.799999952316284,0.60112065076828,3.4392812252044678
558,0,-3.799999952316284,0.5952070355415344,2.9144701957702637
559,1,4.71999979019165,0.609702467918396,5.716869831085205
560,0,-4.71999979019165,0.6059994697570801,6.0125732421875
561,1,4.71999979019165,0.6062906384468079,5.873230934143066
562,0,-4.71999979019165,0.6038832664489746,5.994418144226074
563,0,-4.71999979019165,0.6028961539268494,6.185484886169434
564,0,-4.71999979019165,0.6057828664779663,6.161863803863525
565,0,-4.71999979019165,0.6059374213218689,6.265921592712402
566,0,-4.71999979019165,0.6073194146156311,5.9043097496032715
567,0,-4.71999979019165,0.6048722267150879,5.890435218811035
568,0,-4.71999979019165,0.6068156957626343,6.0809550285339355
569,0,-4.71999979019165,0.6040391325950623,6.503052234649658
570,0,-4.71999979019165,0.6046702861785889,6.178487777709961
571,0,-4.71999979019165,0.603663444519043,6.230967998504639
572,0,-4.71999979019165,0.6050348877906799,6.424056529998779
573,0,-4.71999979019165,0.611526608467102,5.80440616607666
574,0,-4.71999979019165,0.6050325632095337,6.088778495788574
575,0,-4.71999979019165,0.6061113476753235,6.574471473693848
576,0,-4.71999979019165,0.6020365953445435,6.019402503967285
577,0,-4.71999979019165,0.6045641303062439,6.158090591430664
578,0,-4.71999979019165,0.6058370471000671,5.885793685913086
579,0,-4.71999979019165,0.6061131358146667,6.248303413391113
580,1,9.890000343322754,0.6022217273712158,7.887941837310791
581,1,9.890000343322754,0.6022407412528992,7.897133827209473
582,1,10.0,0.6052672863006592,7.328489303588867
583,1,10.0,0.6036418676376343,7.690939426422119
584,0,-10.0,0.6038503646850586,7.1984076499938965
585,0,-10.0,0.6051009893417358,7.488653182983398
586,0,-10.0,0.6038079261779785,7.569178581237793
587,1,10.0,0.6033185720443726,7.277072906494141
588,0,-10.0,0.6055317521095276,7.252096176147461
589,0,-10.0,0.6059715747833252,7.246087551116943
590,0,-10.0,0.6055227518081665,7.189158916473389
591,0,-10.0,0.6054070591926575,7.444456577301025
592,0,-10.0,0.6043798923492432,7.34593391418457
593,0,-10.0,0.6053848266601562,7.161500930786133
594,0,-10.0,0.6022911071777344,7.205458641052246
595,0,-10.0,0.6040255427360535,7.524101734161377
596,0,-10.0,0.6039909720420837,7.283680438995361
597,0,-10.0,0.6069929003715515,7.086573123931885
598,0,-10.0,0.6040709614753723,7.383669853210449
599,1,5.699999809265137,0.5879093408584595,6.820896148681641
600,0,-5.699999809265137,0.5838207006454468,7.145641326904297
601,1,5.699999809265137,0.5883991718292236,6.678318500518799
602,0,-5.699999809265137,0.5900640487670898,7.031730651855469
603,1,5.699999809265137,0.5879957675933838,6.70692777633667
604,0,-5.699999809265137,0.583541989326477,7.355399131774902
605,0,-5.699999809265137,0.5836036205291748,7.302467346191406
606,0,-5.699999809265137,0.5903015732765198,6.744535446166992
607,0,-5.699999809265137,0.5860393047332764,6.8079986572265625
608,0,-5.699999809265137,0.5824142694473267,7.074631214141846
609,0,-5.699999809265137,0.5889725089073181,7.265456199645996
610,0,-5.699999809265137,0.5881857872009277,7.098335266113281
611,0,-5.699999809265137,0.585665762424469,7.357143402099609
612,0,-5.699999809265137,0.5876911282539368,6.930599212646484
613,0,-5.699999809265137,0.5868494510650635,6.880670547485352
614,0,-5.699999809265137,0.5840572118759155,6.7920241355896
615,0,-5.699999809265137,0.588226854801178,6.871043682098389
616,0,-5.699999809265137,0.5804795026779175,7.018002986907959
617,0,-5.699999809265137,0.5884911417961121,6.826356887817383
618,0,-5.699999809265137,0.5895630121231079,7.250438690185547
619,0,-5.699999809265137,0.5873464941978455,7.0313801765441895
620,1,6.300000190734863,0.5998170375823975,7.840747833251953
621,0,-6.300000190734863,0.5967477560043335,7.527844429016113
622,1,6.300000190734863,0.5974879264831543,7.991170883178711
623,0,-6.300000190734863,0.5992925763130188,7.586034774780273
624,0,-6.300000190734863,0.5984629392623901,8.008489608764648
625,0,-6.300000190734863,0.6005479693412781,7.027878284454346
626,0,-6.300000190734863,0.5989530682563782,7.951230525970459
627,0,-6.300000190734863,0.5957813858985901,7.553250789642334
628,0,-6.300000190734863,0.5997496247291565,7.543253421783447
629,0,-6.300000190734863,0.6015729308128357,7.041624546051025
630,0,-6.300000190734863,0.5991369485855103,7.613353729248047
631,0,-6.300000190734863,0.5993238091468811,7.73337459564209
632,0,-6.300000190734863,0.5983237624168396,7.427924156188965
633,0,-6.300000190734863,0.5969723463058472,7.336016654968262
634,0,-6.300000190734863,0.5961242914199829,8.01535701751709
635,0,-6.300000190734863,0.595977246761322,7.503116607666016
636,0,-6.300000190734863,0.597079873085022,7.642986297607422
637,0,-6.300000190734863,0.5976980924606323,7.109102725982666
638,0,-6.300000190734863,0.5986576676368713,7.4095001220703125
639,0,-6.300000190734863,0.5965540409088135,7.361067295074463
640,0,-6.300000190734863,0.5994504690170288,7.021514415740967
641,1,2.2699999809265137,0.6119036674499512,4.923483848571777
642,1,2.2699999809265137,0.612667441368103,4.855355739593506
643,1,2.2699999809265137,0.6126633882522583,4.851498603820801
644,1,2.2699999809265137,0.6144794821739197,4.448636531829834
645,0,-2.2699999809265137,0.6145676374435425,4.182692527770996
646,0,-2.2699999809265137,0.6119136810302734,4.634792327880859
647,0,-2.2699999809265137,0.6144084930419922,4.246594429016113
648,0,-2.2699999809265137,0.6142263412475586,4.629132270812988
649,1,2.2699999809265137,0.6115888357162476,4.4837727546691895
650,1,2.2699999809265137,0.6105473041534424,4.62880802154541
651,0,-2.2699999809265137,0.612205445766449,4.579546928405762
652,0,-2.2699999809265137,0.610255241394043,4.429487705230713
653,0,-2.2699999809265137,0.6086848974227905,4.887356758117676
654,0,-2.2699999809265137,0.608146071434021,4.704244613647461
655,0,-2.2699999809265137,0.6089447736740112,4.816567420959473
656,0,-2.2699999809265137,0.608292818069458,4.327895641326904
657,0,-2.2699999809265137,0.6113063097000122,4.700765132904053
658,0,-2.2699999809265137,0.6115726828575134,4.11210298538208
659,0,-2.2699999809265137,0.6093923449516296,4.508455753326416
660,0,-2.2699999809265137,0.60933917760849,4.582548141479492
661,0,-2.2699999809265137,0.6082897782325745,4.931598663330078
662,1,5.619999885559082,0.6032818555831909,7.094477653503418
663,1,5.619999885559082,0.603115439414978,6.930056571960449
664,0,-5.619999885559082,0.6031208038330078,6.953359127044678
665,0,-5.619999885559082,0.6022930145263672,6.9691386222839355
666,0,-5.619999885559082,0.6034380197525024,7.016303539276123
667,0,-5.619999885559082,0.6028380990028381,7.04908561706543
668,0,-5.619999885559082,0.6028909087181091,7.136804580688477
669,0,-5.619999885559082,0.6016058325767517,7.273578643798828
670,1,5.619999885559082,0.6029629111289978,6.94526481628418
671,0,-5.619999885559082,0.6016446948051453,7.149675369262695
672,0,-5.619999885559082,0.6038647890090942,7.172138690948486
673,0,-5.619999885559082,0.60306316614151,6.999653339385986
674,1,5.820000171661377,0.6072790026664734,7.091039180755615
675,0,-5.820000171661377,0.6070098280906677,7.421688556671143
676,1,5.820000171661377,0.6065298914909363,7.24933385848999
677,0,-5.820000171661377,0.6062936782836914,7.375367164611816
678,0,-5.820000171661377,0.60560142993927,7.282905578613281
679,0,-5.820000171661377,0.6067451238632202,7.208307266235352
680,0,-5.820000171661377,0.6059103012084961,7.250343322753906
681,0,-5.820000171661377,0.6056349873542786,7.203573703765869
682,0,-5.820000171661377,0.6081030368804932,6.753818511962891
683,0,-5.820000171661377,0.6060149073600769,7.193078517913818
684,0,-5.820000171661377,0.6066232919692993,6.8530659675598145
685,0,-5.820000171661377,0.6067871451377869,6.925359725952148
686,0,-5.820000171661377,0.6057696342468262,7.324403762817383
687,0,-5.820000171661377,0.6055493950843811,7.124094486236572
688,0,-5.820000171661377,0.6074106693267822,6.817550182342529
689,0,-5.820000171661377,0.6063194274902344,7.153615474700928
690,0,-5.820000171661377,0.6053856015205383,7.132440567016602
691,0,-5.820000171661377,0.6071341037750244,6.8609299659729
692,0,-5.820000171661377,0.6062873005867004,7.044663906097412
693,0,-5.820000171661377,0.6061202883720398,7.365619659423828
694,0,-5.820000171661377,0.6062654852867126,7.197913646697998
695,1,4.130000114440918,0.5914615392684937,6.474487781524658
696,1,4.130000114440918,0.5950582027435303,6.420907497406006
697,0,-4.130000114440918,0.5933437347412109,6.580895900726318
698,0,-4.130000114440918,0.5885945558547974,6.300492763519287
699,0,-4.130000114440918,0.5879889726638794,6.515202045440674
700,0,-4.130000114440918,0.5954340696334839,6.180785179138184
701,0,-4.130000114440918,0.5926903486251831,6.450065612792969
702,0,-4.130000114440918,0.5822349190711975,6.656343936920166
703,0,-4.130000114440918,0.5846534371376038,6.297788143157959
704,0,-4.130000114440918,0.5897303819656372,6.519374847412109
705,1,5.329999923706055,0.5946958661079407,6.533936023712158
706,1,5.329999923706055,0.5972762703895569,6.653658866882324
707,1,5.329999923706055,0.5919089913368225,6.884849548339844
708,0,-5.329999923706055,0.5938692092895508,6.300274848937988
709,0,-5.329999923706055,0.5928326845169067,6.601318359375
710,0,-5.329999923706055,0.5928739905357361,6.741271495819092
711,0,-5.329999923706055,0.593823254108429,6.835244655609131
712,0,-5.329999923706055,0.5905212163925171,6.459662914276123
713,0,-5.329999923706055,0.5926629304885864,7.007454872131348
714,0,-5.329999923706055,0.5956595540046692,6.781814098358154
715,0,-5.329999923706055,0.5955146551132202,6.4965081214904785
716,0,-5.329999923706055,0.5943254828453064,6.558953762054443
717,0,-5.329999923706055,0.5917637944221497,6.851252555847168
718,0,-5.329999923706055,0.5933820605278015,6.8358683586120605
719,0,-5.329999923706055,0.5924221873283386,6.659613609313965
720,0,-5.329999923706055,0.593791127204895,6.325993537902832
721,0,-5.329999923706055,0.5917633771896362,6.483075141906738
722,0,-5.329999923706055,0.5951359868049622,6.534565448760986
723,0,-5.329999923706055,0.5960829854011536,6.854031562805176
724,1,8.100000381469727,0.6020479202270508,7.122256755828857
725,1,8.100000381469727,0.6034217476844788,6.80400276184082
726,0,-8.100000381469727,0.598469078540802,6.6118574142456055
727,0,-8.100000381469727,0.6021560430526733,6.995212554931641
728,0,-8.100000381469727,0.5979664325714111,6.847407341003418
729,0,-8.100000381469727,0.5968793630599976,6.895937442779541
730,0,-8.100000381469727,0.6015410423278809,6.93048095703125
731,0,-8.100000381469727,0.6004602313041687,6.650012493133545
732,0,-8.100000381469727,0.5991495847702026,6.989861011505127
733,0,-8.100000381469727,0.6004230976104736,6.911766529083252
734,0,-8.100000381469727,0.5994822978973389,6.871366500854492
735,0,-8.100000381469727,0.5991067290306091,6.7325897216796875
736,0,-8.100000381469727,0.6007735729217529,7.061127662658691
737,0,-8.100000381469727,0.6002238392829895,6.751305103302002
738,0,-8.100000381469727,0.5975942015647888,7.1736836433410645
739,0,-8.100000381469727,0.5993556380271912,7.075253963470459
740,0,-8.100000381469727,0.5964810252189636,6.957582473754883
741,0,-8.100000381469727,0.6054227352142334,6.889716148376465
742,0,-8.100000381469727,0.5948939323425293,6.6312103271484375
743,0,-8.100000381469727,0.602735698223114,6.9287896156311035
744,0,-8.100000381469727,0.5978080034255981,6.739592552185059
745,0,-2.359999895095825,0.5999607443809509,4.53300666809082
746,0,-2.359999895095825,0.5978652834892273,4.576816082000732
747,0,-2.359999895095825,0.6043689846992493,3.929821252822876
748,0,-2.359999895095825,0.6023251414299011,3.9245028495788574
749,0,-2.359999895095825,0.6035447716712952,4.418056488037109
750,0,-2.359999895095825,0.6014845371246338,3.721283197402954
751,0,-2.359999895095825,0.6031931042671204,4.285055637359619
752,0,-2.359999895095825,0.6035042405128479,4.453268051147461
753,0,-2.359999895095825,0.6069855690002441,3.957319974899292
754,0,-2.359999895095825,0.6072885394096375,4.691505432128906
755,0,-2.359999895095825,0.6012099981307983,4.509326457977295
756,0,-2.359999895095825,0.6019151210784912,4.593393802642822
757,0,-2.359999895095825,0.6081888675689697,4.043984413146973
758,0,-2.359999895095825,0.6018593907356262,3.663414239883423
759,0,-2.359999895095825,0.6074804067611694,4.144687652587891
760,0,-2.359999895095825,0.6071423888206482,4.553653717041016
761,0,-2.359999895095825,0.6036682724952698,3.9149131774902344
762,0,-2.359999895095825,0.6047043204307556,4.480157852172852
763,0,-2.359999895095825,0.6070701479911804,5.124340534210205
764,0,-2.359999895095825,0.6034078001976013,4.096372127532959
765,0,-2.359999895095825,0.6054632663726807,4.33882999420166
766,1,4.090000152587891,0.5892539620399475,5.532527446746826
767,1,4.090000152587891,0.5951228141784668,5.550089359283447
768,0,-4.090000152587891,0.5947299003601074,5.706951141357422
769,1,4.090000152587891,0.589121401309967,5.743778705596924
770,0,-4.090000152587891,0.5921845436096191,5.356379508972168
771,0,-4.090000152587891,0.5949613451957703,5.670646667480469
772,0,-4.090000152587891,0.5975098609924316,5.855487823486328
773,0,-4.090000152587891,0.5951656103134155,5.5648627281188965
774,0,-4.090000152587891,0.5952287316322327,5.691500663757324
775,0,-4.090000152587891,0.5917955636978149,5.67881441116333
776,0,-4.090000152587891,0.596484363079071,5.524407863616943
777,0,-4.090000152587891,0.5927108526229858,5.650010585784912
778,0,-4.090000152587891,0.5927227735519409,5.717953205108643
779,0,-4.090000152587891,0.595700204372406,5.591221332550049
780,0,-4.090000152587891,0.589392364025116,5.59773063659668
781,0,-4.090000152587891,0.5924264192581177,5.645437717437744
782,0,-4.090000152587891,0.5930942296981812,5.759639263153076
783,0,-4.090000152587891,0.5939597487449646,5.673092842102051
784,0,-4.090000152587891,0.5947492718696594,5.65601921081543
785,1,6.460000038146973,0.6176526546478271,5.411059379577637
786,0,-6.460000038146973,0.6197800040245056,5.20907735824585
787,1,6.460000038146973,0.6181052923202515,5.411538600921631
788,0,-6.460000038146973,0.6167619824409485,5.52785062789917
789,0,-6.460000038146973,0.6163955926895142,5.548358917236328
790,0,-6.460000038146973,0.6182287931442261,5.436427593231201
791,0,-6.460000038146973,0.6171818971633911,5.7194719314575195
792,0,-6.460000038146973,0.6173578500747681,5.51646614074707
793,0,-6.460000038146973,0.6163533329963684,5.448688507080078
794,0,-6.460000038146973,0.6171807646751404,5.075569152832031
795,0,-6.460000038146973,0.6182007193565369,5.267996788024902
796,0,-6.460000038146973,0.616651713848114,5.051332473754883
797,0,-6.460000038146973,0.6199719905853271,5.335836887359619
798,0,-6.460000038146973,0.6178393959999084,5.255313873291016
799,0,-6.460000038146973,0.617209255695343,5.534161567687988
800,0,-6.460000038146973,0.616982638835907,5.5501389503479
801,0,-6.460000038146973,0.6179864406585693,5.390095233917236
802,0,-6.460000038146973,0.6191210746765137,5.4130682945251465
803,0,-6.460000038146973,0.6168838143348694,5.183685302734375
804,0,-6.460000038146973,0.6182413697242737,5.511826038360596
805,0,-6.460000038146973,0.6179409027099609,5.401436805725098
806,1,9.0,0.6007222533226013,7.782824993133545
807,1,9.0,0.6023448705673218,7.742755889892578
808,0,-9.0,0.6005622744560242,7.628755569458008
809,0,-9.0,0.6012888550758362,7.676061630249023
810,0,-9.0,0.6011334657669067,7.674637794494629
811,0,-9.0,0.6019210815429688,7.667072772979736
812,0,-9.0,0.6004657745361328,7.584282875061035
813,0,-9.0,0.6007766723632812,7.480338096618652
814,0,-9.0,0.6008418202400208,7.704253673553467
815,0,-9.0,0.6006816029548645,7.579627990722656
816,0,-9.0,0.6009533405303955,7.727659702301025
817,1,8.229999542236328,0.605181097984314,7.026927471160889
818,1,8.229999542236328,0.6045714020729065,6.75759744644165
819,1,8.229999542236328,0.6070860028266907,6.692302227020264
820,1,8.229999542236328,0.6057820916175842,6.71776008605957
821,0,-8.229999542236328,0.6019896864891052,6.809456825256348
822,0,-8.229999542236328,0.6031370162963867,7.190652847290039
823,0,-8.229999542236328,0.6024234294891357,7.022262096405029
824,0,-8.229999542236328,0.6000110507011414,7.117038726806641
825,0,-8.229999542236328,0.6022947430610657,7.079456806182861
826,0,-8.229999542236328,0.6027079820632935,6.9631733894348145
827,0,-8.229999542236328,0.6035396456718445,7.096756935119629
828,0,-8.229999542236328,0.6022669672966003,7.458543300628662
829,0,-8.229999542236328,0.6013638973236084,6.921694755554199
830,0,-8.229999542236328,0.6027478575706482,6.838502883911133
831,0,-8.229999542236328,0.6045559644699097,6.887034893035889
832,0,-8.229999542236328,0.6015680432319641,7.296197414398193
833,0,-8.229999542236328,0.6022225618362427,7.003281593322754
834,0,-8.229999542236328,0.600805401802063,6.9954047203063965
835,0,-8.229999542236328,0.6020963788032532,6.971396446228027
836,0,-8.229999542236328,0.60276859998703,7.025969982147217
837,0,-8.229999542236328,0.5995846390724182,7.2323479652404785
838,1,5.119999885559082,0.5969033241271973,6.200247287750244
839,1,5.119999885559082,0.6015111207962036,7.193179130554199
840,0,-5.119999885559082,0.5985671877861023,6.389686584472656
841,0,-5.119999885559082,0.6019319891929626,6.859286308288574
842,0,-5.119999885559082,0.5987358689308167,6.347499370574951
843,0,-5.119999885559082,0.5992544889450073,6.510106086730957
844,0,-5.119999885559082,0.6021825075149536,6.550994873046875
845,0,-5.119999885559082,0.6016560196876526,7.084099769592285
846,0,-5.119999885559082,0.602794349193573,6.815967082977295
847,0,-5.119999885559082,0.5969579219818115,6.910126686096191
848,0,-5.119999885559082,0.6003485918045044,6.718151092529297
849,0,-5.119999885559082,0.6031154990196228,6.78203821182251
850,0,-5.119999885559082,0.6011940240859985,7.307089805603027
851,0,-5.119999885559082,0.5980654954910278,6.313395977020264
852,0,-5.119999885559082,0.602512001991272,7.225213527679443
853,0,-5.119999885559082,0.6012611985206604,7.174048900604248
854,0,-5.119999885559082,0.6023188233375549,7.119706153869629
855,0,-5.119999885559082,0.6008713841438293,6.655327796936035
856,0,-5.119999885559082,0.603708028793335,7.22540283203125
857,0,-5.119999885559082,0.6017096042633057,6.811962604522705
858,0,-5.119999885559082,0.6007300019264221,6.610726356506348
859,0,-4.739999771118164,0.5873998999595642,6.679220199584961
860,0,-4.739999771118164,0.5890896916389465,6.251852989196777
861,0,-4.739999771118164,0.5876511335372925,6.943728923797607
862,0,-4.739999771118164,0.5887516140937805,6.152891159057617
863,0,-4.739999771118164,0.5867031812667847,6.7845869064331055
864,0,-4.739999771118164,0.5879225134849548,6.3806471824646
865,0,-4.739999771118164,0.5885508060455322,6.422224521636963
866,0,-4.739999771118164,0.5888419151306152,6.685434818267822
867,0,-4.739999771118164,0.5878704786300659,6.492030143737793
868,0,-4.739999771118164,0.588085412979126,6.037135124206543
869,0,-4.739999771118164,0.5890653133392334,6.63372278213501
870,0,-4.739999771118164,0.5889334678649902,6.139812469482422
871,0,-4.739999771118164,0.5874277949333191,6.519381523132324
872,0,-4.739999771118164,0.586660623550415,6.825833797454834
873,0,-4.739999771118164,0.5865113735198975,6.868384838104248
874,0,-4.739999771118164,0.589008629322052,7.012028694152832
875,0,-4.739999771118164,0.5878326296806335,6.659355163574219
876,0,-4.739999771118164,0.5881062746047974,6.216739177703857
877,0,-4.739999771118164,0.5906830430030823,6.535661697387695
878,0,-4.739999771118164,0.5899615287780762,6.528534889221191
879,1,5.610000133514404,0.6038087010383606,7.4644856452941895
880,1,5.610000133514404,0.603847861289978,7.669615268707275
881,0,-5.610000133514404,0.6043208241462708,7.3319196701049805
882,1,5.610000133514404,0.6033127307891846,7.55018424987793
883,0,-5.610000133514404,0.6044634580612183,7.307458877563477
884,0,-5.610000133514404,0.6034792065620422,7.636275768280029
885,0,-5.610000133514404,0.6033209562301636,7.3954315185546875
886,0,-5.610000133514404,0.6040482521057129,7.410040855407715
887,0,-5.610000133514404,0.6032438278198242,7.3811187744140625
888,0,-5.610000133514404,0.6040953397750854,7.559349060058594
889,0,-5.610000133514404,0.6042267084121704,7.388487815856934
890,0,-5.610000133514404,0.6028887629508972,7.3852338790893555
891,0,-5.610000133514404,0.6036406755447388,7.470666885375977
892,0,-5.610000133514404,0.6040530204772949,7.420672416687012
893,0,-5.610000133514404,0.6040539145469666,7.283463954925537
894,0,-5.610000133514404,0.603904664516449,7.385763645172119
895,0,-5.610000133514404,0.6034675240516663,7.525915145874023
896,0,-5.610000133514404,0.6033915281295776,7.455713272094727
897,0,-5.610000133514404,0.6040421724319458,7.200314521789551
898,0,-5.610000133514404,0.6034042239189148,7.3811821937561035
899,0,-5.610000133514404,0.6025398373603821,7.3745245933532715
900,1,5.909999847412109,0.6042163372039795,6.892458915710449
901,1,5.909999847412109,0.6057835221290588,6.6252546310424805
902,0,-5.909999847412109,0.6035846471786499,7.118202209472656
903,0,-5.909999847412109,0.6025876998901367,7.152835845947266
904,0,-5.909999847412109,0.604140043258667,7.144354820251465
905,0,-5.909999847412109,0.6025872826576233,7.6087565422058105
906,0,-5.909999847412109,0.6043254137039185,6.951651096343994
907,0,-5.909999847412109,0.6047742366790771,6.81252384185791
908,0,-5.909999847412109,0.6058269739151001,6.761013507843018
909,0,-5.909999847412109,0.6045205593109131,7.044843673706055
910,0,-5.909999847412109,0.6031032204627991,7.273584365844727
911,0,-5.909999847412109,0.6055756211280823,6.470749855041504
912,1,8.739999771118164,0.5959511399269104,7.9742841720581055
913,0,-8.739999771118164,0.5980019569396973,8.306901931762695
914,0,-8.739999771118164,0.597976565361023,8.031707763671875
915,0,-8.739999771118164,0.5965271592140198,7.946117401123047
916,0,-8.739999771118164,0.5953800678253174,8.175832748413086
917,0,-8.739999771118164,0.5957554578781128,8.313977241516113
918,0,-8.739999771118164,0.5970866084098816,8.162254333496094
919,0,-8.739999771118164,0.5931380391120911,8.283727645874023
920,0,-8.739999771118164,0.5972623229026794,8.163697242736816
921,0,-8.739999771118164,0.5978567600250244,8.28254508972168
922,0,-8.739999771118164,0.5945003032684326,8.06450366973877
923,0,-8.739999771118164,0.594690203666687,8.069091796875
924,0,-8.739999771118164,0.5970060229301453,8.070745468139648
925,1,9.0,0.5995751619338989,6.811728477478027
926,1,9.0,0.5985196828842163,6.760276794433594
927,1,9.0,0.6014711856842041,6.921682357788086
928,0,-9.0,0.6008585691452026,6.671643257141113
929,0,-9.0,0.6013123989105225,7.144493579864502
930,0,-9.0,0.6016848087310791,6.776451587677002
931,0,-9.0,0.5944843888282776,6.658786296844482
932,0,-9.0,0.5983809232711792,6.680984973907471
933,0,-9.0,0.6035054326057434,6.663530349731445
934,0,-9.0,0.5968262553215027,6.761784553527832
935,0,-9.0,0.5964285135269165,6.653156280517578
936,0,-9.0,0.5961496829986572,6.412608623504639
937,0,-9.0,0.5992870330810547,7.21586799621582
938,0,-9.0,0.6013864278793335,6.243777275085449
939,0,-9.0,0.6004930138587952,7.097949504852295
940,0,-9.0,0.5957202911376953,7.218773365020752
941,0,-9.0,0.6005316376686096,6.814669132232666
942,0,-9.0,0.5945783257484436,6.8467326164245605
943,0,-9.0,0.6006270051002502,7.045444965362549
944,0,-9.0,0.5958778858184814,7.462958335876465
945,0,-9.0,0.5955365896224976,6.863544940948486
946,1,6.099999904632568,0.6143820881843567,5.904702186584473
947,1,6.099999904632568,0.6147338151931763,5.812905311584473
948,0,-6.099999904632568,0.616542398929596,5.748818397521973
949,0,-6.099999904632568,0.6155619025230408,5.953797340393066
950,0,-6.099999904632568,0.6137400269508362,5.983813285827637
951,0,-6.099999904632568,0.615060031414032,5.995028018951416
952,1,3.569999933242798,0.6024819016456604,7.112417221069336
953,0,-3.569999933242798,0.601889967918396,7.380828857421875
954,0,-3.569999933242798,0.6023092865943909,6.86079740524292
955,0,-3.569999933242798,0.6010977625846863,7.220102787017822
956,0,-3.569999933242798,0.6025458574295044,7.171262264251709
957,0,-3.569999933242798,0.6024281978607178,7.028158187866211
958,0,-3.569999933242798,0.602959394454956,7.035016059875488
959,0,-3.569999933242798,0.6017501354217529,7.430813312530518
960,0,-3.569999933242798,0.6022356152534485,7.268228054046631
961,0,-3.569999933242798,0.6002241969108582,7.322587966918945
962,0,-3.569999933242798,0.6038686633110046,6.970908164978027
963,0,-3.569999933242798,0.6027475595474243,7.056582450866699
964,0,-3.569999933242798,0.6035637855529785,6.670717239379883
965,0,-3.569999933242798,0.6003606915473938,7.391305923461914
966,0,-3.569999933242798,0.6021700501441956,7.010718822479248
967,0,-3.569999933242798,0.6035559773445129,6.765528678894043
968,0,-3.569999933242798,0.5992273092269897,7.294722557067871
969,0,-3.569999933242798,0.6027250289916992,7.190333843231201
970,0,-3.569999933242798,0.6009350419044495,6.9982500076293945
971,0,-3.569999933242798,0.6009424328804016,7.159178733825684
972,1,6.5,0.605620265007019,6.386603832244873
973,1,6.5,0.6058555245399475,6.388537406921387
974,0,-6.5,0.6064614653587341,6.07616662979126
975,0,-6.5,0.6072927713394165,6.458564758300781
976,0,-6.5,0.6081982254981995,6.290369510650635
977,1,6.440000057220459,0.6013317108154297,8.414857864379883
978,0,-6.440000057220459,0.5964305996894836,8.033821105957031
979,0,-6.440000057220459,0.6028969287872314,8.233983993530273
980,0,-6.440000057220459,0.6027058362960815,8.407613754272461
981,0,-6.440000057220459,0.5997889041900635,7.726226806640625
982,0,-6.440000057220459,0.6025664210319519,7.985487461090088
983,0,-6.440000057220459,0.6012735962867737,8.496556282043457
984,0,-6.440000057220459,0.6019697785377502,8.217909812927246
985,0,-6.440000057220459,0.5987931489944458,8.349569320678711
986,0,-6.440000057220459,0.6012324094772339,8.193915367126465
987,0,-6.440000057220459,0.5979288220405579,8.411388397216797
988,1,6.440000057220459,0.600750744342804,7.992123603820801
989,0,-6.440000057220459,0.5994156002998352,8.350971221923828
990,0,-6.440000057220459,0.6009991765022278,8.34345817565918
991,0,-6.440000057220459,0.5978904366493225,8.54948902130127
992,0,-6.440000057220459,0.6004151701927185,8.259658813476562
993,0,-6.440000057220459,0.5992506742477417,8.279691696166992
994,0,-6.440000057220459,0.5977023243904114,8.08851146697998
995,0,-6.440000057220459,0.6015397310256958,8.416301727294922
996,0,-6.440000057220459,0.6010446548461914,8.154764175415039
997,0,-6.440000057220459,0.6018141508102417,8.460550308227539
998,1,8.520000457763672,0.594301700592041,7.237617492675781
999,0,-8.520000457763672,0.5941309928894043,7.344810485839844
1000,0,-8.520000457763672,0.595665454864502,7.225060939788818
1001,0,-8.520000457763672,0.5935257077217102,7.618053436279297
1002,0,-8.520000457763672,0.5928951501846313,7.164008140563965
1003,0,-8.520000457763672,0.5927074551582336,7.284950256347656
1004,0,-8.520000457763672,0.5921708941459656,7.4539337158203125
1005,0,-8.520000457763672,0.5950905680656433,7.766756534576416
1006,0,-8.520000457763672,0.5950336456298828,7.331022262573242
1007,0,-8.520000457763672,0.5964787006378174,7.155898571014404
1008,0,-8.520000457763672,0.5926229953765869,7.426952362060547
1009,0,-8.520000457763672,0.5927790403366089,7.174620628356934
1010,0,-8.520000457763672,0.5926628708839417,7.535549163818359
1011,0,-8.520000457763672,0.5947556495666504,7.362143516540527
1012,0,-8.520000457763672,0.5926564931869507,7.493462085723877
1013,0,-8.520000457763672,0.5922438502311707,7.388521194458008
1014,0,-8.520000457763672,0.5919913053512573,7.456658840179443
1015,0,-8.520000457763672,0.5920723080635071,7.428040504455566
1016,0,-8.520000457763672,0.5950910449028015,7.352794647216797
1017,0,-8.520000457763672,0.5925293564796448,7.521989345550537
1018,0,-8.520000457763672,0.5925054550170898,7.423881530761719
1019,1,8.699999809265137,0.6052977442741394,7.193692207336426
1020,1,8.699999809265137,0.6047394871711731,7.223094463348389
1021,0,-8.699999809265137,0.604282796382904,6.924637794494629
1022,1,8.699999809265137,0.6010705232620239,7.482959747314453
1023,0,-8.699999809265137,0.6058821082115173,7.228396415710449
1024,0,-8.699999809265137,0.6034852862358093,7.484347820281982
1025,0,-8.699999809265137,0.6012455224990845,7.43693208694458
1026,0,-8.699999809265137,0.6032654047012329,7.237236022949219
1027,0,-8.699999809265137,0.6043349504470825,7.410416603088379
1028,0,-8.699999809265137,0.6059596538543701,6.9588942527771
1029,0,-8.699999809265137,0.6058586239814758,7.153396129608154
1030,0,-8.699999809265137,0.6052796840667725,7.188848495483398
1031,1,7.920000076293945,0.6038125157356262,7.458621501922607
1032,0,-7.920000076293945,0.6039146780967712,7.505894660949707
1033,0,-7.920000076293945,0.6043557524681091,7.617297172546387
1034,0,-7.920000076293945,0.6030210256576538,7.695704460144043
1035,0,-7.920000076293945,0.6048604846000671,7.545957565307617
1036,0,-7.920000076293945,0.6055685877799988,7.154562473297119
1037,0,-7.920000076293945,0.6038819551467896,7.4828925132751465
1038,1,7.920000076293945,0.6054437160491943,7.401735305786133
1039,0,-7.920000076293945,0.6045892238616943,7.481902122497559
1040,0,-7.920000076293945,0.6052931547164917,7.2920403480529785
1041,0,-7.920000076293945,0.6043802499771118,7.429746627807617
1042,0,-7.920000076293945,0.6045616269111633,7.780679702758789
1043,0,-7.920000076293945,0.6042991876602173,7.5223164558410645
1044,0,-7.920000076293945,0.6039571762084961,7.713937759399414
1045,0,-7.920000076293945,0.6047107577323914,7.365633010864258
1046,0,-7.920000076293945,0.6045984625816345,7.505709171295166
1047,0,-7.920000076293945,0.604888916015625,7.364351272583008
1048,0,-7.920000076293945,0.6055048108100891,7.249820232391357
1049,0,-7.920000076293945,0.6046298146247864,7.493102073669434
1050,0,-7.920000076293945,0.6053165197372437,7.109979152679443
1051,0,-7.920000076293945,0.6046351194381714,7.344422817230225
1052,0,-7.400000095367432,0.6058359742164612,6.876106262207031
1053,1,7.400000095367432,0.6056393980979919,6.6867241859436035
1054,0,-7.400000095367432,0.6052587032318115,6.572742938995361
1055,1,7.400000095367432,0.6044451594352722,6.806094646453857
1056,0,-7.400000095367432,0.6062198877334595,6.48931884765625
1057,0,-7.400000095367432,0.6040913462638855,6.576215744018555
1058,0,-7.400000095367432,0.6051850318908691,6.697714328765869
1059,1,7.400000095367432,0.6053857803344727,6.4619975090026855
1060,0,-7.400000095367432,0.6057570576667786,6.470598220825195
1061,0,-7.400000095367432,0.6037867665290833,6.497711658477783
1062,0,-7.400000095367432,0.6042349934577942,6.526854038238525
1063,0,-7.400000095367432,0.6032719016075134,6.699132442474365
1064,0,-7.400000095367432,0.6040000319480896,6.589966297149658
1065,0,-7.400000095367432,0.6036413908004761,6.617520332336426
1066,0,-7.400000095367432,0.6056814193725586,6.317727565765381
1067,0,-7.400000095367432,0.6044959425926208,6.365630149841309
1068,0,-7.400000095367432,0.6042549014091492,6.981512069702148
1069,0,-7.400000095367432,0.6041244268417358,6.681528568267822
1070,0,-7.400000095367432,0.6050462126731873,6.519786357879639
1071,1,6.519999980926514,0.6058130264282227,7.047114849090576
1072,0,-6.519999980926514,0.6054072380065918,7.040604591369629
1073,0,-6.519999980926514,0.6061575412750244,6.976088047027588
1074,0,-6.519999980926514,0.6074286699295044,6.818116188049316
1075,1,6.519999980926514,0.6057658791542053,7.195077419281006
1076,0,-6.519999980926514,0.605771005153656,6.790218353271484
1077,0,-6.519999980926514,0.6052636504173279,6.965672969818115
1078,0,-6.519999980926514,0.6055903434753418,6.776020050048828
1079,1,6.519999980926514,0.6052331924438477,7.026058197021484
1080,0,-6.519999980926514,0.605705201625824,6.690057277679443
1081,0,-6.519999980926514,0.6058945059776306,6.8162522315979
1082,0,-6.519999980926514,0.6046834588050842,7.000637054443359
1083,0,-6.519999980926514,0.6059205532073975,6.817758083343506
1084,0,-6.519999980926514,0.6052634716033936,6.8957109451293945
1085,0,-6.519999980926514,0.606482982635498,6.869808197021484
1086,0,-6.519999980926514,0.6049994230270386,7.193480491638184
1087,0,-6.519999980926514,0.6041496992111206,7.106306552886963
1088,0,-6.519999980926514,0.6051448583602905,6.938728332519531
1089,0,-6.519999980926514,0.6046212315559387,7.299639701843262
1090,0,-6.519999980926514,0.6045822501182556,6.945125579833984
1091,0,-6.519999980926514,0.605236291885376,6.852848529815674
1092,1,5.519999980926514,0.5967671275138855,7.877436637878418
1093,1,5.519999980926514,0.5978062152862549,7.766406059265137
1094,0,-5.519999980926514,0.5990579724311829,7.660049915313721
1095,0,-5.519999980926514,0.59601891040802,7.428580284118652
1096,0,-5.519999980926514,0.5964496731758118,7.92661190032959
1097,0,-5.519999980926514,0.5975719094276428,7.676514625549316
1098,0,-5.519999980926514,0.5987741351127625,7.644186496734619
1099,0,-5.519999980926514,0.6004542112350464,7.875330448150635
1100,0,-5.519999980926514,0.5985910296440125,7.684079170227051
1101,0,-5.519999980926514,0.5967072248458862,7.606657981872559
1102,0,-5.519999980926514,0.6003428101539612,7.559482574462891
1103,0,-5.519999980926514,0.5980654954910278,7.830218315124512
1104,0,-5.519999980926514,0.5942614674568176,8.157867431640625
1105,0,-5.519999980926514,0.5966075658798218,8.054957389831543
1106,0,-5.519999980926514,0.5919842720031738,7.843535423278809
1107,0,-5.519999980926514,0.5991594791412354,7.37539529800415
1108,0,-5.519999980926514,0.5961206555366516,7.84352445602417
1109,0,-5.519999980926514,0.5985955595970154,7.988471984863281
1110,0,-5.519999980926514,0.5909711718559265,8.249334335327148
1111,0,-5.519999980926514,0.594825804233551,8.240015983581543
1112,0,-5.519999980926514,0.5976458191871643,7.672997951507568
1113,1,7.320000171661377,0.5977421402931213,8.063916206359863
1114,0,-7.320000171661377,0.5983306765556335,8.18864631652832
1115,0,-7.320000171661377,0.5959614515304565,7.824385643005371
1116,0,-7.320000171661377,0.6011191010475159,7.7063822746276855
1117,0,-7.320000171661377,0.5961399674415588,8.4720458984375
1118,0,-7.320000171661377,0.5969902276992798,8.240350723266602
1119,0,-7.320000171661377,0.5995094776153564,8.060701370239258
1120,0,-7.320000171661377,0.600991427898407,8.13491439819336
1121,0,-7.320000171661377,0.5987585186958313,8.21087646484375
1122,0,-7.320000171661377,0.6002376675605774,7.905708312988281
1123,0,-7.320000171661377,0.6018689274787903,8.002355575561523
1124,0,-7.320000171661377,0.5973944664001465,8.185005187988281
1125,0,-7.320000171661377,0.5977176427841187,8.064780235290527
1126,0,-7.320000171661377,0.5985183715820312,8.09837818145752
1127,0,-7.320000171661377,0.5999575853347778,7.580160140991211
1128,0,-7.320000171661377,0.5988110303878784,8.265663146972656
1129,0,-7.320000171661377,0.5987324118614197,7.531771183013916
1130,0,-7.320000171661377,0.5987303256988525,8.314726829528809
1131,0,-7.320000171661377,0.5968047380447388,7.981234550476074
1132,0,-7.320000171661377,0.5981271266937256,8.034688949584961
1133,1,3.9200000762939453,0.5976347327232361,1.9897260665893555
1134,0,-3.9200000762939453,0.6011103391647339,2.2278308868408203
1135,0,-3.9200000762939453,0.5973495244979858,1.688784122467041
1136,0,-3.9200000762939453,0.6006512641906738,1.9686732292175293
1137,0,-3.9200000762939453,0.5971036553382874,1.042222023010254
1138,0,-3.9200000762939453,0.5980426669120789,1.9090275764465332
1139,0,-3.9200000762939453,0.6012619137763977,2.2963953018188477
1140,0,-3.9200000762939453,0.5981655716896057,1.9671306610107422
1141,0,-3.9200000762939453,0.5950978398323059,1.4939212799072266
1142,0,-3.9200000762939453,0.5958250761032104,1.7184906005859375
1143,0,-3.9200000762939453,0.5984811782836914,1.874812126159668
1144,0,-3.9200000762939453,0.5950667262077332,1.9336023330688477
1145,0,-3.9200000762939453,0.5985537171363831,1.8195528984069824
1146,0,-3.9200000762939453,0.6003280282020569,1.3925256729125977
1147,0,-3.9200000762939453,0.5994232296943665,1.9577317237854004
1148,0,-3.9200000762939453,0.5906660556793213,1.5702276229858398
1149,0,-3.9200000762939453,0.5937864780426025,1.4341397285461426
1150,0,-3.9200000762939453,0.598187267780304,1.872147560119629
1151,0,-3.9200000762939453,0.5945835709571838,1.837949275970459
1152,0,-3.9200000762939453,0.5986578464508057,1.7630562782287598
1153,0,-3.9200000762939453,0.598349928855896,1.5507540702819824
1154,1,5.659999847412109,0.6092057228088379,6.112796783447266
1155,1,5.659999847412109,0.6102529764175415,6.199755668640137
1156,0,-5.659999847412109,0.6080108880996704,6.181018829345703
1157,0,-5.659999847412109,0.608095109462738,6.282702445983887
1158,1,5.659999847412109,0.6087514758110046,6.197869777679443
1159,0,-5.659999847412109,0.6082096099853516,6.412454128265381
1160,0,-5.659999847412109,0.6074987053871155,6.514042377471924
1161,0,-5.659999847412109,0.6107555031776428,6.150053977966309
1162,0,-5.659999847412109,0.6100324988365173,6.140038967132568
1163,0,-5.659999847412109,0.6092036962509155,6.309942722320557
1164,0,-5.659999847412109,0.6083686351776123,6.228511333465576
1165,0,-5.659999847412109,0.6104917526245117,6.282576560974121
1166,0,-5.659999847412109,0.608881413936615,6.286027908325195
1167,0,-5.659999847412109,0.6085395812988281,6.326975345611572
1168,0,-5.659999847412109,0.6070639491081238,6.2731099128723145
1169,0,-5.659999847412109,0.6122607588768005,5.972330570220947
1170,0,-5.659999847412109,0.609979510307312,6.1950297355651855
1171,0,-5.659999847412109,0.6104916334152222,6.2267985343933105
1172,0,-5.659999847412109,0.6085637807846069,6.2262468338012695
1173,0,-5.659999847412109,0.6100888848304749,6.369258880615234
1174,0,-5.659999847412109,0.6094598174095154,6.244110107421875
1175,0,-11.09000015258789,0.6014420390129089,7.179249286651611
1176,0,-11.09000015258789,0.6019830703735352,7.449798107147217
1177,0,-11.09000015258789,0.6032289862632751,7.297154426574707
1178,0,-11.09000015258789,0.6026610732078552,7.477538108825684
1179,0,-11.09000015258789,0.6022543907165527,7.407591819763184
1180,0,-11.09000015258789,0.6025210618972778,7.260115146636963
1181,0,-11.09000015258789,0.6021596193313599,7.463897705078125
1182,0,-11.09000015258789,0.602313756942749,7.395849227905273
1183,0,-11.09000015258789,0.6023299694061279,7.533452033996582
1184,0,-11.09000015258789,0.6029490232467651,7.464367389678955
1185,0,-11.09000015258789,0.6015402674674988,7.510231971740723
1186,0,-11.09000015258789,0.6025125980377197,7.262691020965576
1187,0,-11.09000015258789,0.6028065085411072,7.276269435882568
1188,0,-11.09000015258789,0.6030669212341309,7.460837364196777
1189,0,-11.09000015258789,0.6025781035423279,7.5937628746032715
1190,0,-11.09000015258789,0.6026232838630676,7.417571544647217
1191,0,-11.09000015258789,0.6023860573768616,7.090074062347412
1192,0,-11.09000015258789,0.6019076108932495,7.515897750854492
1193,0,-11.09000015258789,0.6023231744766235,7.164316654205322
1194,0,-11.09000015258789,0.6022334098815918,7.503717422485352
1195,0,-11.09000015258789,0.6017331480979919,7.572547912597656
1196,1,5.639999866485596,0.6036783456802368,5.900552749633789
1197,1,5.639999866485596,0.6032471656799316,5.866870880126953
1198,0,-5.639999866485596,0.6018632650375366,5.963812351226807
1199,1,5.639999866485596,0.6024431586265564,5.98586893081665
1200,0,-5.639999866485596,0.6028159260749817,6.272661209106445
1201,1,4.010000228881836,0.607688307762146,3.962156057357788
1202,1,4.010000228881836,0.6060740351676941,3.8896827697753906
1203,1,4.010000228881836,0.6060739755630493,3.891122579574585
1204,0,-4.010000228881836,0.600383460521698,4.016582489013672
1205,0,-4.010000228881836,0.6118652820587158,4.434882164001465
1206,1,4.010000228881836,0.6053087115287781,4.4030442237854
1207,0,-4.010000228881836,0.6068918108940125,4.262816905975342
1208,0,-4.010000228881836,0.6077980995178223,4.196075439453125
1209,0,-4.010000228881836,0.6051488518714905,4.078228950500488
1210,0,-4.010000228881836,0.6074582934379578,4.579556465148926
1211,0,-4.010000228881836,0.5995391011238098,3.9804322719573975
1212,0,-4.010000228881836,0.6027905344963074,3.947626829147339
1213,0,-4.010000228881836,0.6050645709037781,4.004622459411621
1214,0,-4.010000228881836,0.6111956834793091,4.419821262359619
1215,0,-4.010000228881836,0.6031389832496643,4.267149448394775
1216,0,-4.010000228881836,0.5984956622123718,4.122804164886475
1217,0,-4.010000228881836,0.6023375391960144,3.916820526123047
1218,0,-4.010000228881836,0.6054624915122986,4.188528060913086
1219,0,-4.010000228881836,0.5973643660545349,4.303017616271973
1220,1,6.260000228881836,0.603973925113678,7.099239826202393
1221,0,-6.260000228881836,0.6048983931541443,6.922996997833252
1222,1,6.260000228881836,0.6044270396232605,7.299382209777832
1223,1,6.260000228881836,0.6037915945053101,7.402647018432617
1224,0,-6.260000228881836,0.603143036365509,7.093003273010254
1225,0,-6.260000228881836,0.6041842699050903,7.217270374298096
1226,0,-6.260000228881836,0.6040599346160889,7.252133369445801
1227,0,-6.260000228881836,0.6030713319778442,7.501243591308594
1228,0,-6.260000228881836,0.6045103073120117,7.122211933135986
1229,0,-6.260000228881836,0.60374516248703,7.269172668457031
1230,0,-6.260000228881836,0.60381019115448,7.422097206115723
1231,0,-6.260000228881836,0.603610098361969,7.207786560058594
1232,0,-6.260000228881836,0.6039342284202576,7.2345404624938965
1233,0,-6.260000228881836,0.6045874357223511,7.246488094329834
1234,0,-6.260000228881836,0.6041656732559204,7.1840972900390625
1235,0,-6.260000228881836,0.6044003367424011,7.171267032623291
1236,0,-6.260000228881836,0.6039342880249023,7.103850841522217
1237,0,-6.260000228881836,0.6035146117210388,7.28948974609375
1238,0,-6.260000228881836,0.6043230295181274,7.201451778411865
1239,0,-6.260000228881836,0.6033809781074524,7.458817481994629
1240,0,-6.260000228881836,0.604188084602356,7.224812984466553
1241,1,6.260000228881836,0.6066763997077942,6.969486236572266
1242,1,6.260000228881836,0.6067989468574524,6.914290428161621
1243,0,-6.260000228881836,0.6061072945594788,7.225630283355713
1244,1,6.260000228881836,0.6067934632301331,7.12521505355835
1245,0,-6.260000228881836,0.6065397262573242,7.3248467445373535
1246,0,-6.260000228881836,0.6066075563430786,7.139474868774414
1247,0,-6.260000228881836,0.6069887280464172,7.241631031036377
1248,0,-6.260000228881836,0.6059663891792297,7.293103218078613
1249,0,-6.260000228881836,0.6064099669456482,7.218135356903076
1250,0,-6.260000228881836,0.6048138737678528,7.318640232086182
1251,0,-6.260000228881836,0.6069307327270508,7.0379958152771
1252,0,-6.260000228881836,0.6066868305206299,7.020398139953613
1253,0,-6.260000228881836,0.6058764457702637,6.958138942718506
1254,0,-6.260000228881836,0.6068344712257385,6.853827476501465
1255,0,-6.260000228881836,0.606296181678772,7.141644477844238
1256,0,-6.260000228881836,0.6060770750045776,7.160117149353027
1257,0,-6.260000228881836,0.6062613129615784,7.120894908905029
1258,1,5.21999979019165,0.602786660194397,5.3829731941223145
1259,1,5.21999979019165,0.6015837788581848,5.3331379890441895
1260,0,-5.21999979019165,0.6036577224731445,5.568914890289307
1261,0,-5.21999979019165,0.6046417951583862,5.428341865539551
1262,0,-5.21999979019165,0.5984753966331482,4.887991428375244
1263,0,-5.21999979019165,0.6042320728302002,5.292570114135742
1264,0,-5.21999979019165,0.6013786196708679,5.317114353179932
1265,0,-5.21999979019165,0.5980771780014038,5.627832412719727
1266,1,5.21999979019165,0.6038051247596741,5.308120250701904
1267,0,-5.21999979019165,0.6000798940658569,5.523664474487305
1268,0,-5.21999979019165,0.5995150208473206,5.5447492599487305
1269,0,-5.21999979019165,0.601892352104187,5.3868303298950195
1270,0,-5.21999979019165,0.6012029647827148,5.380117416381836
1271,0,-5.21999979019165,0.601460874080658,5.702260494232178
1272,0,-5.21999979019165,0.5996401309967041,5.4737548828125
1273,0,-5.21999979019165,0.5994060039520264,5.530994415283203
1274,0,-5.21999979019165,0.6002188920974731,5.4936394691467285
1275,0,-5.21999979019165,0.60601407289505,5.740384101867676
1276,0,-5.21999979019165,0.6005520224571228,5.699702262878418
1277,0,-5.21999979019165,0.6031206846237183,5.75313138961792
1278,0,-5.21999979019165,0.6066147089004517,5.5326409339904785
1279,1,5.639999866485596,0.6016857624053955,5.4600396156311035
1280,0,-5.639999866485596,0.601894199848175,5.94504451751709
1281,1,5.639999866485596,0.6039247512817383,5.7496185302734375
1282,0,-5.639999866485596,0.6033182144165039,5.794400691986084
1283,1,5.639999866485596,0.6044238805770874,5.6464996337890625
1284,0,-5.639999866485596,0.6044391989707947,5.3204426765441895
1285,0,-5.639999866485596,0.6103759407997131,5.512301445007324
1286,0,-5.639999866485596,0.6048334240913391,5.6433539390563965
1287,0,-5.639999866485596,0.6046019196510315,5.525950908660889
1288,0,-5.639999866485596,0.6040278077125549,5.617448329925537
1289,0,-5.639999866485596,0.605222225189209,5.6971588134765625
1290,0,-5.639999866485596,0.6008387207984924,6.1701154708862305
1291,0,-5.639999866485596,0.6051087379455566,5.618893623352051
1292,0,-5.639999866485596,0.6068053245544434,5.686647891998291
1293,0,-5.639999866485596,0.6040360331535339,6.172533988952637
1294,0,-5.639999866485596,0.6025316715240479,5.540553569793701
1295,0,-5.639999866485596,0.606089174747467,6.604640960693359
1296,0,-5.639999866485596,0.6036126613616943,5.852067470550537
1297,0,-5.639999866485596,0.604446530342102,5.813115119934082
1298,0,-5.639999866485596,0.6061598062515259,6.019195556640625
1299,0,-5.639999866485596,0.6038693785667419,5.523782253265381
1300,1,5.820000171661377,0.6027173399925232,6.9437785148620605
1301,0,-5.820000171661377,0.6010167598724365,6.6106276512146
1302,0,-5.820000171661377,0.6010519862174988,6.534365653991699
1303,0,-5.820000171661377,0.6006410717964172,6.691887378692627
1304,0,-5.820000171661377,0.600022554397583,6.942574977874756
1305,0,-5.820000171661377,0.6007725596427917,6.910048007965088
1306,0,-5.820000171661377,0.6036055684089661,6.581085205078125
1307,0,-5.820000171661377,0.6008277535438538,6.695408821105957
1308,0,-5.820000171661377,0.6012033224105835,6.846281051635742
1309,0,-5.820000171661377,0.5999765992164612,6.580412864685059
1310,0,-5.820000171661377,0.6023194193840027,6.496510028839111
1311,0,-5.820000171661377,0.597472071647644,7.05098295211792
1312,0,-5.820000171661377,0.6030449867248535,6.6857099533081055
1313,0,-5.820000171661377,0.6005465388298035,6.49997091293335
1314,0,-5.820000171661377,0.5981835722923279,6.507089138031006
1315,0,-5.820000171661377,0.6020005941390991,6.629789352416992
1316,0,-5.820000171661377,0.6036649346351624,6.610534191131592
1317,0,-5.820000171661377,0.5999838709831238,6.681543350219727
1318,0,-5.820000171661377,0.601908266544342,6.873603820800781
1319,0,-5.820000171661377,0.6010035872459412,6.331692695617676
1320,0,-5.820000171661377,0.6019794940948486,6.386585712432861
1321,1,9.0,0.6085183620452881,6.478724002838135
1322,1,9.0,0.6078261733055115,6.559879779815674
1323,0,-9.0,0.604550302028656,6.82044792175293
1324,0,-9.0,0.6073920726776123,6.775166034698486
1325,0,-9.0,0.6063296794891357,6.751308917999268
1326,0,-9.0,0.6074652671813965,6.692697525024414
1327,0,-9.0,0.6070886850357056,6.613553047180176
1328,0,-9.0,0.6034992933273315,6.8079609870910645
1329,0,-9.0,0.6082137227058411,6.418414115905762
1330,0,-9.0,0.6080375909805298,6.587791442871094
1331,0,-9.0,0.605025053024292,6.44188928604126
1332,0,-9.0,0.6075057983398438,6.727938652038574
1333,0,-9.0,0.6075730323791504,6.799704551696777
1334,0,-9.0,0.6059288382530212,6.475458145141602
1335,0,-9.0,0.6060633063316345,6.736152172088623
1336,0,-9.0,0.6073291301727295,6.30268669128418
1337,0,-9.0,0.5997493267059326,7.013628005981445
1338,0,-9.0,0.6062599420547485,6.26047420501709
1339,0,-9.0,0.6040376424789429,6.210983753204346
1340,0,-9.0,0.6075039505958557,6.588903427124023
1341,0,-9.0,0.6076095700263977,6.459322452545166
1342,1,7.420000076293945,0.5995008945465088,8.41430950164795
1343,1,7.420000076293945,0.598357081413269,8.546304702758789
1344,0,-7.420000076293945,0.5976320505142212,8.449055671691895
1345,1,7.420000076293945,0.5990865230560303,8.03549861907959
1346,0,-7.420000076293945,0.597766637802124,8.316936492919922
1347,1,9.300000190734863,0.5903044939041138,6.056280612945557
1348,1,9.300000190734863,0.5910600423812866,5.933272361755371
1349,1,8.109999656677246,0.5929139256477356,5.934147834777832
1350,1,8.109999656677246,0.5957479476928711,5.978855133056641
1351,1,7.440000057220459,0.6017563343048096,7.394093036651611
1352,0,-7.440000057220459,0.6008782386779785,7.383363723754883
1353,0,-7.440000057220459,0.6014363169670105,7.298463344573975
1354,1,7.440000057220459,0.6017506122589111,7.4672136306762695
1355,1,7.440000057220459,0.6015357375144958,7.642618179321289
1356,0,-7.440000057220459,0.6012805700302124,7.378063678741455
1357,0,-7.440000057220459,0.5998337864875793,7.504873752593994
1358,0,-7.440000057220459,0.599570631980896,7.669022560119629
1359,0,-7.440000057220459,0.5992286801338196,7.367445468902588
1360,0,-7.440000057220459,0.6009221076965332,7.4589643478393555
1361,0,-7.440000057220459,0.5980456471443176,7.614686012268066
1362,0,-7.440000057220459,0.5997989177703857,7.490813255310059
1363,0,-7.440000057220459,0.6011146306991577,7.419224739074707
1364,0,-7.440000057220459,0.5987152457237244,7.3824005126953125
1365,0,-7.440000057220459,0.5999739170074463,7.46396541595459
1366,0,-7.440000057220459,0.600980281829834,7.399123668670654
1367,0,-7.440000057220459,0.5996775031089783,7.482120513916016
1368,0,-7.440000057220459,0.6007794737815857,7.421850681304932
1369,0,-7.440000057220459,0.5993148684501648,7.890815258026123
1370,0,-7.440000057220459,0.6007677912712097,7.493431568145752
1371,0,-7.440000057220459,0.6000332236289978,7.5497517585754395
1372,0,-7.800000190734863,0.5998178124427795,8.384182929992676
1373,1,7.800000190734863,0.5994049310684204,7.880185127258301
1374,0,-7.800000190734863,0.59907066822052,8.139148712158203
1375,0,-7.800000190734863,0.6029652953147888,7.988478660583496
1376,0,-7.800000190734863,0.6011531352996826,8.105218887329102
1377,0,-7.800000190734863,0.5993409156799316,7.898766994476318
1378,0,-7.800000190734863,0.6010649800300598,8.130670547485352
1379,0,-7.800000190734863,0.6012513041496277,8.146599769592285
1380,0,-7.800000190734863,0.5961143374443054,7.789546012878418
1381,0,-7.800000190734863,0.5985983610153198,8.321348190307617
1382,0,-7.800000190734863,0.601392388343811,7.969603538513184
1383,0,-7.800000190734863,0.6000297665596008,8.120138168334961
1384,0,-7.800000190734863,0.5987486243247986,8.180100440979004
1385,0,-7.800000190734863,0.6012267470359802,8.065189361572266
1386,0,-7.800000190734863,0.6003167033195496,7.990013122558594
1387,0,-7.800000190734863,0.5964096188545227,7.9103007316589355
1388,0,-7.800000190734863,0.6003437638282776,8.262393951416016
1389,0,-7.800000190734863,0.5985181331634521,8.01526927947998
1390,0,-7.800000190734863,0.595510721206665,7.951617240905762
1391,0,-7.800000190734863,0.5976437926292419,7.669663906097412
1392,1,8.300000190734863,0.6024119853973389,6.756038665771484
1393,1,8.300000190734863,0.6014979481697083,7.188850402832031
1394,0,-8.300000190734863,0.60185307264328,7.195555686950684
1395,0,-8.300000190734863,0.6031103730201721,7.325685977935791
1396,0,-8.300000190734863,0.6047378182411194,6.899619102478027
1397,0,-8.300000190734863,0.6015389561653137,7.4142961502075195
1398,0,-8.300000190734863,0.6054099798202515,6.82697868347168
1399,0,-8.300000190734863,0.6030467748641968,6.878013610839844
1400,0,-8.300000190734863,0.6043007969856262,6.982518196105957
1401,0,-8.300000190734863,0.6017323732376099,7.1197991371154785
1402,0,-8.300000190734863,0.6029870510101318,7.433292388916016
1403,0,-8.300000190734863,0.6030431985855103,7.1340179443359375
1404,0,-8.300000190734863,0.6022873520851135,6.313916206359863
1405,0,-8.300000190734863,0.6057553291320801,7.102873802185059
1406,0,-8.300000190734863,0.6021111607551575,7.571242809295654
1407,1,6.730000019073486,0.6070361137390137,6.94061803817749
1408,1,6.730000019073486,0.6080260276794434,6.87005615234375
1409,1,6.730000019073486,0.6074315309524536,7.054051399230957
1410,0,-6.730000019073486,0.6018607020378113,7.025790691375732
1411,0,-6.730000019073486,0.6036673188209534,7.168128967285156
1412,0,-6.730000019073486,0.6032505631446838,7.051542282104492
1413,0,-6.730000019073486,0.6000670790672302,7.2793097496032715
1414,0,-6.730000019073486,0.6024970412254333,6.810304164886475
1415,0,-6.730000019073486,0.6018981337547302,6.807545185089111
1416,1,7.21999979019165,0.6016058921813965,6.900747299194336
1417,0,-7.21999979019165,0.6055721044540405,7.020249843597412
1418,0,-7.21999979019165,0.605139970779419,7.019152641296387
1419,0,-7.21999979019165,0.6064445972442627,6.717068672180176
1420,0,-7.21999979019165,0.6034486293792725,6.599930286407471
1421,0,-7.21999979019165,0.6041670441627502,6.734647274017334
1422,0,-7.21999979019165,0.6035174131393433,6.6790337562561035
1423,0,-7.21999979019165,0.6043694615364075,6.411645889282227
1424,0,-7.21999979019165,0.603954017162323,6.479448318481445
1425,0,-7.21999979019165,0.6040737628936768,6.941152095794678
1426,0,-7.21999979019165,0.6037815809249878,6.84375
1427,1,7.21999979019165,0.6046707630157471,6.845252990722656
1428,0,-7.21999979019165,0.605548083782196,6.62971305847168
1429,0,-7.21999979019165,0.602704644203186,6.883909702301025
1430,0,-7.21999979019165,0.6048567891120911,6.697696685791016
1431,0,-7.21999979019165,0.6017116904258728,7.138124942779541
1432,0,-7.21999979019165,0.6062780022621155,6.491551876068115
1433,0,-7.21999979019165,0.6018213033676147,6.689910888671875
1434,0,-7.21999979019165,0.6041908264160156,6.419134140014648
1435,0,-7.21999979019165,0.6047049760818481,6.615605354309082
1436,1,5.920000076293945,0.6007748246192932,6.137971878051758
1437,0,-5.920000076293945,0.6004760265350342,5.86618709564209
1438,0,-5.920000076293945,0.5923949480056763,6.1377668380737305
1439,1,5.920000076293945,0.5966810584068298,5.837082862854004
1440,0,-5.920000076293945,0.5984780788421631,6.089871883392334
1441,0,-5.920000076293945,0.6004824638366699,5.913722515106201
1442,0,-5.920000076293945,0.6009707450866699,5.997074604034424
1443,0,-5.920000076293945,0.5994218587875366,5.869806289672852
1444,0,-5.920000076293945,0.6012558341026306,5.6728291511535645
1445,0,-5.920000076293945,0.5976384282112122,6.101140975952148
1446,0,-5.920000076293945,0.5967162847518921,5.802679538726807
1447,0,-5.920000076293945,0.5966640114784241,5.818900108337402
1448,0,-5.920000076293945,0.596885085105896,5.899322032928467
1449,0,-5.920000076293945,0.5960432887077332,6.120349407196045
1450,0,-5.920000076293945,0.5976437926292419,5.9940080642700195
1451,0,-5.920000076293945,0.5937662124633789,5.873180389404297
1452,0,-5.920000076293945,0.5959580540657043,6.136483192443848
1453,0,-5.920000076293945,0.6020368337631226,5.893927574157715
1454,0,-5.920000076293945,0.5936026573181152,6.159302711486816
1455,0,-5.920000076293945,0.591069221496582,5.877194404602051
1456,0,-5.920000076293945,0.597973108291626,5.849058628082275
1457,1,5.849999904632568,0.6048986315727234,6.640952110290527
1458,0,-5.849999904632568,0.6093565821647644,6.766528129577637
1459,1,5.849999904632568,0.6071414947509766,6.669589042663574
1460,0,-5.849999904632568,0.6023633480072021,6.436655044555664
1461,1,5.849999904632568,0.6075289845466614,6.643373489379883
1462,0,-5.849999904632568,0.6084564924240112,6.338225841522217
1463,1,5.849999904632568,0.6093090772628784,6.332610130310059
1464,0,-5.849999904632568,0.6075268983840942,6.872129917144775
1465,0,-5.849999904632568,0.6070994734764099,6.281094074249268
1466,0,-5.849999904632568,0.6085074543952942,6.349803924560547
1467,0,-5.849999904632568,0.6031442880630493,6.400505542755127
1468,0,-5.849999904632568,0.6016808748245239,6.58741569519043
1469,0,-5.849999904632568,0.6074728965759277,6.5869317054748535
1470,0,-5.849999904632568,0.6049370765686035,6.442734718322754
1471,0,-5.849999904632568,0.6019558906555176,6.341655731201172
1472,0,-5.849999904632568,0.5986689925193787,6.377888202667236
1473,0,-5.849999904632568,0.604851484298706,6.454967498779297
1474,0,-5.849999904632568,0.6041646003723145,6.4622015953063965
1475,0,-5.849999904632568,0.6051492094993591,6.534438610076904
1476,0,-5.849999904632568,0.604320764541626,6.788169860839844
1477,0,-5.849999904632568,0.6037952899932861,6.39046049118042
1478,1,2.5199999809265137,0.6110698580741882,3.9108002185821533
1479,0,-2.5199999809265137,0.616175651550293,3.711400032043457
1480,0,-2.5199999809265137,0.6147350668907166,3.899089813232422
1481,0,-2.5199999809265137,0.6122271418571472,4.120307445526123
1482,0,-2.5199999809265137,0.6136602163314819,3.3480565547943115
1483,0,-2.5199999809265137,0.6150014400482178,2.8954520225524902
1484,0,-2.5199999809265137,0.6141711473464966,3.403963565826416
1485,0,-2.5199999809265137,0.6165252923965454,3.6802010536193848
1486,0,-2.5199999809265137,0.6139962673187256,3.4995970726013184
1487,0,-2.5199999809265137,0.6151888370513916,3.4433367252349854
1488,1,2.5199999809265137,0.6112858057022095,3.4494271278381348
1489,0,-2.5199999809265137,0.6135386228561401,3.499589443206787
1490,0,-2.5199999809265137,0.6067660450935364,2.249624729156494
1491,0,-2.5199999809265137,0.6148418188095093,3.6609420776367188
1492,0,-2.5199999809265137,0.6167235374450684,4.033320426940918
1493,0,-2.5199999809265137,0.611815869808197,3.627056121826172
1494,0,-2.5199999809265137,0.6116844415664673,3.3828861713409424
1495,0,-2.5199999809265137,0.6125072836875916,3.3442227840423584
1496,0,-2.5199999809265137,0.6146191954612732,3.5336031913757324
1497,0,-2.5199999809265137,0.6126552224159241,3.2305970191955566
1498,0,-2.5199999809265137,0.6123701930046082,3.586709976196289
1499,1,3.299999952316284,0.6121553778648376,5.166136741638184
1500,1,3.299999952316284,0.6123380064964294,4.867989540100098
1501,0,-3.299999952316284,0.6122020483016968,4.824938774108887
1502,0,-3.299999952316284,0.6144260168075562,4.947760581970215
1503,0,-3.299999952316284,0.6132797002792358,5.196850776672363
1504,0,-3.299999952316284,0.6134190559387207,5.497078895568848
1505,0,-3.299999952316284,0.6105430126190186,5.434436321258545
1506,0,-3.299999952316284,0.6151697039604187,5.164325714111328
1507,0,-3.299999952316284,0.6133212447166443,5.171462059020996
1508,0,-3.299999952316284,0.614418625831604,5.2823920249938965
1509,0,-3.299999952316284,0.6111993789672852,5.369143962860107
1510,0,-3.299999952316284,0.6145013570785522,5.28727912902832
1511,0,-3.299999952316284,0.6137890219688416,5.337571144104004
1512,0,-3.299999952316284,0.6126474142074585,5.264135360717773
1513,0,-3.299999952316284,0.613671064376831,5.18886661529541
1514,0,-3.299999952316284,0.6131531596183777,4.918943405151367
1515,0,-3.299999952316284,0.6137771010398865,5.367007255554199
1516,0,-3.299999952316284,0.6159828901290894,5.400474548339844
1517,0,-3.299999952316284,0.6106367111206055,5.224298477172852
1518,0,-3.299999952316284,0.6135892271995544,4.424125671386719
1519,1,2.2899999618530273,0.6077055335044861,2.825502872467041
1520,1,2.2899999618530273,0.6066301465034485,2.5924811363220215
1521,0,-2.2899999618530273,0.6102620363235474,3.497694969177246
1522,0,-2.2899999618530273,0.6038517951965332,2.4749221801757812
1523,0,-2.2899999618530273,0.6056292057037354,2.5423531532287598
1524,0,-2.2899999618530273,0.6055051684379578,3.069380044937134
1525,0,-2.2899999618530273,0.6111348271369934,3.656200408935547
1526,0,-2.2899999618530273,0.6054289937019348,2.709049701690674
1527,0,-2.2899999618530273,0.611249566078186,3.2516188621520996
1528,0,-2.2899999618530273,0.6077032089233398,2.9967846870422363
1529,0,-2.2899999618530273,0.6064894795417786,2.8441693782806396
1530,0,-2.2899999618530273,0.6086897850036621,3.2012672424316406
1531,0,-2.2899999618530273,0.6119232177734375,3.522617816925049
1532,0,-2.2899999618530273,0.6107369065284729,3.624971389770508
1533,0,-2.2899999618530273,0.610502302646637,3.6747987270355225
1534,0,-2.2899999618530273,0.6112809777259827,4.036468505859375
1535,0,-2.2899999618530273,0.6047066450119019,2.9700775146484375
1536,0,-2.2899999618530273,0.6101477146148682,3.3696579933166504
1537,0,-2.2899999618530273,0.6118765473365784,3.224971055984497
1538,0,-2.2899999618530273,0.6102524995803833,3.682971954345703
1539,0,-2.2899999618530273,0.6087121963500977,2.9247779846191406
1540,1,7.519999980926514,0.6036832928657532,7.288479804992676
1541,1,7.519999980926514,0.6037348508834839,7.2540435791015625
1542,0,-7.519999980926514,0.6033543348312378,7.393917560577393
1543,0,-7.519999980926514,0.6028527617454529,7.249019622802734
1544,0,-7.519999980926514,0.6026726365089417,7.313128471374512
1545,0,-7.519999980926514,0.6019107699394226,7.391687393188477
1546,0,-7.519999980926514,0.6016200184822083,7.536317825317383
1547,0,-7.519999980926514,0.6025857925415039,7.6339263916015625
1548,0,-7.519999980926514,0.6031410098075867,7.606417179107666
1549,0,-7.519999980926514,0.6021028161048889,7.494831085205078
1550,0,-7.519999980926514,0.6016844511032104,7.40432071685791
1551,0,-7.519999980926514,0.6023256182670593,7.345513343811035
1552,0,-7.519999980926514,0.6016759276390076,7.25541877746582
1553,0,-7.519999980926514,0.6024895310401917,7.652978897094727
1554,0,-7.519999980926514,0.6023539900779724,7.520483493804932
1555,0,-7.519999980926514,0.6017252802848816,7.582529067993164
1556,1,5.769999980926514,0.5955119132995605,6.035297870635986
1557,1,5.769999980926514,0.5979974269866943,5.9413676261901855
1558,0,-5.769999980926514,0.5950558185577393,5.691096782684326
1559,0,-5.769999980926514,0.5970571637153625,5.890782833099365
1560,0,-5.769999980926514,0.5968673229217529,5.6218109130859375
1561,0,-5.769999980926514,0.5972225666046143,5.920923709869385
1562,0,-5.769999980926514,0.5922646522521973,5.925510883331299
1563,0,-5.769999980926514,0.5968613624572754,5.55501127243042
1564,0,-5.769999980926514,0.5951631665229797,5.847299575805664
1565,0,-5.769999980926514,0.5984682440757751,5.699052333831787
1566,0,-5.769999980926514,0.5965896248817444,6.003653049468994
1567,0,-5.769999980926514,0.59395432472229,5.97340202331543
1568,0,-5.769999980926514,0.6007047891616821,6.226540565490723
1569,0,-5.769999980926514,0.5953529477119446,5.898533821105957
1570,0,-5.769999980926514,0.594234824180603,5.572765350341797
1571,0,-5.769999980926514,0.5955029129981995,6.167606830596924
1572,0,-5.769999980926514,0.5994810461997986,5.975225448608398
1573,0,-5.769999980926514,0.6010147333145142,6.1592278480529785
1574,0,-5.769999980926514,0.5965306162834167,5.7248382568359375
1575,0,-5.769999980926514,0.5955970287322998,5.9818572998046875
1576,1,2.8399999141693115,0.6008159518241882,6.185406684875488
1577,1,2.8399999141693115,0.6035879850387573,6.6562395095825195
1578,0,-2.8399999141693115,0.5998591780662537,6.139008045196533
1579,0,-2.8399999141693115,0.5986322164535522,5.981700420379639
1580,0,-2.8399999141693115,0.6011750102043152,5.372746467590332
1581,0,-2.8399999141693115,0.5989256501197815,6.152566432952881
1582,0,-2.8399999141693115,0.6039414405822754,6.064035415649414
1583,0,-2.8399999141693115,0.5990052223205566,5.71401309967041
1584,0,-2.8399999141693115,0.5971750020980835,6.564201831817627
1585,0,-2.8399999141693115,0.5979388952255249,6.162506103515625
1586,0,-2.8399999141693115,0.5968953967094421,6.330704689025879
1587,0,-2.8399999141693115,0.6000400185585022,6.027809143066406
1588,0,-2.8399999141693115,0.6001927256584167,5.834967613220215
1589,0,-2.8399999141693115,0.6006479263305664,5.4694504737854
1590,0,-2.8399999141693115,0.5977588891983032,6.435560703277588
1591,0,-2.8399999141693115,0.6021102666854858,6.882922172546387
1592,0,-2.8399999141693115,0.6012983322143555,5.422526836395264
1593,0,-2.8399999141693115,0.596987247467041,6.184162616729736
1594,0,-2.8399999141693115,0.596575140953064,5.514568328857422
1595,0,-2.8399999141693115,0.5981861352920532,5.979386329650879
1596,0,-8.569999694824219,0.5897178649902344,7.338958263397217
1597,1,8.569999694824219,0.5910865664482117,7.4595441818237305
1598,0,-8.569999694824219,0.5918163061141968,7.575714111328125
1599,0,-8.569999694824219,0.5904238820075989,7.301539897918701
1600,0,-8.569999694824219,0.5896736979484558,7.708600044250488
1601,0,-8.569999694824219,0.5909481048583984,7.501220703125
1602,0,-8.569999694824219,0.5875576734542847,7.531133651733398
1603,0,-8.569999694824219,0.5855023264884949,7.333181858062744
1604,0,-8.569999694824219,0.5915839076042175,7.421280384063721
1605,0,-8.569999694824219,0.5887221693992615,7.575462341308594
1606,0,-8.569999694824219,0.5869728326797485,7.524040222167969
1607,0,-8.569999694824219,0.5936710834503174,7.160367012023926
1608,0,-8.569999694824219,0.5870018601417542,7.321413993835449
1609,0,-8.569999694824219,0.5961169600486755,7.167448997497559
1610,0,-8.569999694824219,0.5948053002357483,7.5861496925354
1611,0,-8.569999694824219,0.5938059091567993,7.177966594696045
1612,0,-8.569999694824219,0.5897215008735657,7.374767780303955
1613,0,-8.569999694824219,0.5953134894371033,7.180246353149414
1614,0,-8.569999694824219,0.5903015732765198,7.166160583496094
1615,0,-8.569999694824219,0.5889846682548523,7.03440523147583
1616,0,-8.569999694824219,0.5869277119636536,7.551531791687012
1617,1,7.320000171661377,0.600561797618866,6.282663345336914
1618,1,7.320000171661377,0.5986982583999634,6.434366226196289
1619,0,-7.320000171661377,0.6027255058288574,6.696995735168457
1620,0,-7.320000171661377,0.5976120829582214,6.947129249572754
1621,0,-7.320000171661377,0.6017960906028748,6.966298580169678
1622,0,-7.320000171661377,0.5999897718429565,6.623210906982422
1623,0,-7.320000171661377,0.6025592088699341,6.599827766418457
1624,0,-7.320000171661377,0.6027001738548279,6.50880241394043
1625,0,-7.320000171661377,0.6042203903198242,6.721060752868652
1626,0,-7.320000171661377,0.5993269085884094,6.665292263031006
1627,0,-7.320000171661377,0.6034078001976013,6.816334247589111
1628,0,-7.320000171661377,0.6019230484962463,7.11742639541626
1629,0,-7.320000171661377,0.6000005006790161,6.914666175842285
1630,1,7.320000171661377,0.6003344655036926,6.18450403213501
1631,0,-7.320000171661377,0.6026611924171448,6.27073335647583
1632,0,-7.320000171661377,0.5991431474685669,7.0909600257873535
1633,0,-7.320000171661377,0.5992610454559326,6.887853622436523
1634,0,-7.320000171661377,0.6000215411186218,6.035738468170166
1635,0,-7.320000171661377,0.6047677993774414,6.65516996383667
1636,0,-7.320000171661377,0.6059178709983826,6.636425018310547
1637,1,4.300000190734863,0.5941609740257263,7.783729076385498
1638,1,4.300000190734863,0.5978286266326904,7.543573379516602
1639,1,4.300000190734863,0.6002546548843384,7.805149078369141
1640,0,-4.300000190734863,0.5973195433616638,7.936371326446533
1641,0,-4.300000190734863,0.5967649817466736,7.5852861404418945
1642,0,-4.300000190734863,0.5981758832931519,7.9037184715271
1643,0,-4.300000190734863,0.5991845726966858,7.432021617889404
1644,0,-4.300000190734863,0.6011449694633484,7.612393379211426
1645,0,-4.300000190734863,0.5987050533294678,7.53672456741333
1646,0,-4.300000190734863,0.5971288681030273,7.712707042694092
1647,0,-4.300000190734863,0.5981115102767944,7.421452522277832
1648,0,-4.300000190734863,0.5978566408157349,7.582592964172363
1649,0,-4.300000190734863,0.595020592212677,7.79121208190918
1650,0,-4.300000190734863,0.5964311361312866,7.770942687988281
1651,0,-4.300000190734863,0.6001946926116943,7.605574607849121
1652,0,-4.300000190734863,0.5990480184555054,7.824242115020752
1653,0,-4.300000190734863,0.5962604880332947,7.906627655029297
1654,0,-4.300000190734863,0.597375214099884,7.758001804351807
1655,0,-4.300000190734863,0.5990878343582153,8.123942375183105
1656,0,-4.300000190734863,0.6000621318817139,7.5445075035095215
1657,0,-4.300000190734863,0.5967452526092529,7.589937686920166
1658,1,4.429999828338623,0.6000970602035522,6.432502746582031
1659,0,-4.429999828338623,0.6055508255958557,6.72383975982666
1660,0,-4.429999828338623,0.6068956851959229,6.193899154663086
1661,0,-4.429999828338623,0.6052134037017822,6.718795299530029
1662,0,-4.429999828338623,0.6055524945259094,6.447993278503418
1663,0,-4.429999828338623,0.6018809676170349,6.015072822570801
1664,0,-4.429999828338623,0.605108380317688,6.512363910675049
1665,0,-4.429999828338623,0.6022979617118835,6.4367146492004395
1666,0,-4.429999828338623,0.5981403589248657,6.130879878997803
1667,0,-4.429999828338623,0.6059367060661316,6.4905219078063965
1668,0,-4.429999828338623,0.606776237487793,6.223199844360352
1669,0,-4.429999828338623,0.6002093553543091,6.209404468536377
1670,0,-4.429999828338623,0.6051838994026184,6.556851387023926
1671,0,-4.429999828338623,0.6024091839790344,6.462152004241943
1672,1,4.429999828338623,0.6003876328468323,5.794161796569824
1673,0,-4.429999828338623,0.6061633229255676,6.557562828063965
1674,0,-4.429999828338623,0.6015218496322632,6.169515132904053
1675,0,-4.429999828338623,0.6049715280532837,6.635313510894775
1676,1,4.429999828338623,0.5995556712150574,6.511706829071045
1677,0,-4.429999828338623,0.603278636932373,6.4574103355407715
1678,1,7.960000038146973,0.6034560799598694,7.245876789093018
1679,1,7.960000038146973,0.6017436981201172,7.506855010986328
1680,0,-7.960000038146973,0.6010141372680664,7.000270366668701
1681,0,-7.960000038146973,0.6041367650032043,7.256811141967773
1682,0,-7.960000038146973,0.5981228947639465,7.208479404449463
1683,0,-7.960000038146973,0.6010266542434692,7.250864505767822
1684,0,-7.960000038146973,0.5960837602615356,7.184874057769775
1685,0,-7.960000038146973,0.5992517471313477,7.73451042175293
1686,0,-7.960000038146973,0.6009837985038757,7.341686248779297
1687,0,-7.960000038146973,0.600775420665741,7.40686559677124
1688,0,-7.960000038146973,0.6008139848709106,7.224621772766113
1689,0,-7.960000038146973,0.5996462106704712,7.448886871337891
1690,0,-7.960000038146973,0.5985367298126221,7.2595696449279785
1691,0,-7.960000038146973,0.597989022731781,7.684567928314209
1692,0,-7.960000038146973,0.6022062301635742,7.085471153259277
1693,0,-7.960000038146973,0.6007915139198303,7.3941144943237305
1694,0,-7.960000038146973,0.6008180379867554,7.18029260635376
1695,0,-7.960000038146973,0.600592315196991,7.178897857666016
1696,0,-7.960000038146973,0.5938345789909363,7.355467796325684
1697,0,-7.960000038146973,0.5987441539764404,7.178012371063232
1698,1,7.46999979019165,0.5984960198402405,6.658574104309082
1699,0,-7.46999979019165,0.5938547849655151,6.145284175872803
1700,0,-7.46999979019165,0.5929688811302185,6.641048431396484
1701,1,7.46999979019165,0.5973366498947144,6.835545539855957
1702,0,-7.46999979019165,0.5971417427062988,6.8221540451049805
1703,0,-7.46999979019165,0.5958503484725952,6.772976875305176
1704,0,-7.46999979019165,0.5959183573722839,6.700453758239746
1705,0,-7.46999979019165,0.5966547727584839,6.733826160430908
1706,0,-7.46999979019165,0.5929754376411438,6.536627769470215
1707,0,-7.46999979019165,0.5950194597244263,6.61686372756958
1708,0,-7.46999979019165,0.5924498438835144,6.691775798797607
1709,0,-7.46999979019165,0.5936432480812073,6.716119289398193
1710,0,-7.46999979019165,0.5916223526000977,6.537864685058594
1711,0,-7.46999979019165,0.5943065881729126,6.762208461761475
1712,0,-7.46999979019165,0.5928751826286316,6.526367664337158
1713,0,-7.46999979019165,0.595838189125061,6.96927547454834
1714,0,-7.46999979019165,0.5951835513114929,6.843877792358398
1715,0,-7.46999979019165,0.5940219759941101,6.534034729003906
1716,0,-7.46999979019165,0.5949181914329529,6.866760730743408
1717,0,-7.46999979019165,0.5945693254470825,6.402144432067871
1718,0,-7.46999979019165,0.5940163731575012,6.805275917053223
1719,1,8.520000457763672,0.602178156375885,7.356719970703125
1720,1,8.520000457763672,0.6006160378456116,7.411647796630859
1721,0,-8.520000457763672,0.6004335880279541,7.362354755401611
1722,0,-8.520000457763672,0.6020408272743225,7.150024890899658
1723,1,2.119999885559082,0.6163403391838074,4.695169448852539
1724,0,-2.119999885559082,0.6041916012763977,4.78376579284668
1725,0,-2.119999885559082,0.6138308048248291,4.336441993713379
1726,0,-2.119999885559082,0.6118564009666443,3.995077610015869
1727,1,2.119999885559082,0.6106761693954468,3.797199010848999
1728,0,-2.119999885559082,0.6094022393226624,5.015903472900391
1729,0,-2.119999885559082,0.6070223450660706,3.8204996585845947
1730,0,-2.119999885559082,0.6104022264480591,4.209012031555176
1731,0,-2.119999885559082,0.6132704019546509,4.406939506530762
1732,0,-2.119999885559082,0.6102026700973511,4.172728061676025
1733,0,-2.119999885559082,0.6110676527023315,4.508101463317871
1734,0,-2.119999885559082,0.6126771569252014,4.708235740661621
1735,0,-2.119999885559082,0.6108492612838745,4.10324764251709
1736,0,-2.119999885559082,0.6062578558921814,3.8145499229431152
1737,0,-2.119999885559082,0.6128547787666321,4.033340930938721
1738,0,-2.119999885559082,0.605799674987793,3.52736234664917
1739,0,-2.119999885559082,0.6100735664367676,3.8328349590301514
1740,0,-2.119999885559082,0.6118980646133423,4.294447898864746
1741,0,-2.119999885559082,0.6073739528656006,3.8455007076263428
1742,0,-2.119999885559082,0.6142176985740662,4.996877670288086
1743,0,-2.119999885559082,0.611296534538269,4.804398059844971
1744,1,9.539999961853027,0.6055283546447754,7.018972873687744
1745,1,9.539999961853027,0.6055846214294434,6.999916076660156
1746,1,9.539999961853027,0.6059418320655823,6.942061901092529
1747,0,-9.539999961853027,0.6060148477554321,6.821353912353516
1748,0,-9.539999961853027,0.6053933501243591,7.014488220214844
1749,1,7.400000095367432,0.6086279153823853,6.731740474700928
1750,0,-7.400000095367432,0.6095085740089417,6.260332107543945
1751,0,-7.400000095367432,0.6110929250717163,6.087906360626221
1752,0,-7.400000095367432,0.6117004752159119,6.01032829284668
1753,0,-7.400000095367432,0.6104554533958435,6.309708595275879
1754,0,-7.400000095367432,0.6049790978431702,6.853044509887695
1755,0,-7.400000095367432,0.61166912317276,6.539146900177002
1756,0,-7.400000095367432,0.6116580367088318,6.353527545928955
1757,0,-7.400000095367432,0.6056246757507324,6.897522449493408
1758,0,-7.400000095367432,0.6053949594497681,6.643242835998535
1759,0,-7.400000095367432,0.6065790057182312,6.582237720489502
1760,0,-7.400000095367432,0.6073992848396301,6.607806205749512
1761,0,-7.400000095367432,0.6089376211166382,6.556572914123535
1762,0,-7.400000095367432,0.6102213859558105,6.43964958190918
1763,0,-7.400000095367432,0.6080845594406128,6.568362712860107
1764,0,-7.400000095367432,0.6079422831535339,6.920098304748535
1765,0,-7.400000095367432,0.6072357296943665,6.849663734436035
1766,0,-7.400000095367432,0.606020450592041,6.721611499786377
1767,0,-7.400000095367432,0.6057896018028259,6.74988317489624
1768,0,-7.400000095367432,0.6056177020072937,6.822768211364746
1769,0,-7.400000095367432,0.6087833046913147,6.412205219268799
1770,1,7.119999885559082,0.5977927446365356,6.622427940368652
1771,1,7.119999885559082,0.6010250449180603,6.5278143882751465
1772,0,-7.119999885559082,0.5992588400840759,6.347345352172852
1773,0,-7.119999885559082,0.5971165895462036,6.4101409912109375
1774,0,-7.119999885559082,0.5966199040412903,6.41094446182251
1775,1,2.569999933242798,0.6189420223236084,4.62418270111084
1776,1,2.569999933242798,0.6189711689949036,4.652534484863281
1777,1,2.569999933242798,0.6174781918525696,4.09200382232666
1778,0,-2.569999933242798,0.6194993257522583,4.633681297302246
1779,0,-2.569999933242798,0.6210017800331116,4.516824245452881
1780,1,2.569999933242798,0.6183273196220398,4.235081672668457
1781,0,-2.569999933242798,0.619227945804596,4.419158458709717
1782,1,2.569999933242798,0.6193519830703735,4.021966457366943
1783,0,-2.569999933242798,0.6177080869674683,4.4508209228515625
1784,0,-2.569999933242798,0.618631899356842,4.426054000854492
1785,0,-2.569999933242798,0.6190560460090637,4.3275909423828125
1786,0,-2.569999933242798,0.6123040914535522,4.098566055297852
1787,1,2.569999933242798,0.6165605187416077,4.476454734802246
1788,1,2.569999933242798,0.6178433895111084,4.65822696685791
1789,0,-2.569999933242798,0.6181401014328003,4.290788650512695
1790,0,-2.569999933242798,0.6176798343658447,4.052225112915039
1791,0,-2.569999933242798,0.6162008047103882,4.1840128898620605
1792,0,-2.569999933242798,0.6158460378646851,4.731405735015869
1793,0,-2.569999933242798,0.6091572046279907,3.9921369552612305
1794,0,-2.569999933242798,0.617317795753479,4.298293590545654
1795,1,5.019999980926514,0.6011574268341064,7.840700149536133
1796,1,5.019999980926514,0.6013048887252808,7.955230236053467
1797,0,-5.019999980926514,0.6026015281677246,7.438481330871582
1798,0,-5.019999980926514,0.6025059223175049,7.640639781951904
1799,0,-5.019999980926514,0.5989388823509216,8.079161643981934
1800,0,-5.019999980926514,0.6010857820510864,7.793685436248779
1801,0,-5.019999980926514,0.6018620133399963,7.7045416831970215
1802,0,-5.019999980926514,0.6017206907272339,7.876628398895264
1803,0,-5.019999980926514,0.6031681299209595,7.411860942840576
1804,0,-5.019999980926514,0.6008431315422058,8.240550994873047
1805,0,-5.019999980926514,0.6029147505760193,7.386966228485107
1806,0,-5.019999980926514,0.602565348148346,7.5976386070251465
1807,0,-5.019999980926514,0.6012513041496277,7.769535541534424
1808,0,-5.019999980926514,0.6025720238685608,7.684142589569092
1809,0,-5.019999980926514,0.5975023508071899,8.165353775024414
1810,1,5.960000038146973,0.6044789552688599,6.202256202697754
1811,1,5.960000038146973,0.6035394072532654,6.394269943237305
1812,1,5.960000038146973,0.6061864495277405,6.558824062347412
1813,0,-5.960000038146973,0.6045945882797241,6.777458667755127
1814,0,-5.960000038146973,0.6055008769035339,6.5813117027282715
1815,0,-5.960000038146973,0.604414701461792,6.071274757385254
1816,0,-5.960000038146973,0.601915180683136,6.555364608764648
1817,0,-5.960000038146973,0.6039761304855347,6.816208362579346
1818,0,-5.960000038146973,0.6032049655914307,6.866748332977295
1819,0,-5.960000038146973,0.6028222441673279,6.873278617858887
1820,0,-5.960000038146973,0.6066824793815613,6.54596471786499
1821,0,-5.960000038146973,0.5995866656303406,7.037293910980225
1822,0,-5.960000038146973,0.6033328771591187,6.812119483947754
1823,0,-5.960000038146973,0.6048085689544678,6.7679901123046875
1824,0,-5.960000038146973,0.6038085222244263,6.393851280212402
1825,0,-5.960000038146973,0.6008104681968689,6.141477584838867
1826,1,4.650000095367432,0.6055611968040466,6.512968063354492
1827,1,4.650000095367432,0.6063826680183411,6.629776477813721
1828,0,-4.650000095367432,0.6076409816741943,6.625046730041504
1829,0,-4.650000095367432,0.6073917746543884,6.424234867095947
1830,0,-4.650000095367432,0.6034471988677979,7.131034851074219
1831,0,-4.650000095367432,0.6062629222869873,6.458373546600342
1832,0,-4.650000095367432,0.608153223991394,6.241806983947754
1833,0,-4.650000095367432,0.6063017249107361,6.754506587982178
1834,0,-4.650000095367432,0.6055181622505188,6.744504928588867
1835,0,-4.650000095367432,0.6079202890396118,6.61644983291626
1836,0,-4.650000095367432,0.6087306141853333,6.124918460845947
1837,0,-4.650000095367432,0.6047474145889282,6.632404804229736
1838,0,-4.650000095367432,0.6028218269348145,6.472373962402344
1839,0,-4.650000095367432,0.6054965257644653,6.789933681488037
1840,0,-4.650000095367432,0.6051965951919556,6.661848068237305
1841,0,-4.650000095367432,0.6027607321739197,7.076796054840088
1842,0,-4.650000095367432,0.6049424409866333,6.675076007843018
1843,0,-4.650000095367432,0.605933427810669,6.952279567718506
1844,0,-4.650000095367432,0.6047162413597107,6.867147445678711
1845,0,-4.650000095367432,0.6057400107383728,6.21417236328125
1846,1,8.850000381469727,0.6016542315483093,7.970739364624023
1847,1,8.850000381469727,0.6026671528816223,7.9308295249938965
1848,0,-8.850000381469727,0.6030587553977966,7.643146991729736
1849,0,-8.850000381469727,0.6020116209983826,7.8689374923706055
1850,1,8.0,0.6042691469192505,7.0555243492126465
1851,1,8.0,0.6042734980583191,7.036652565002441
1852,0,-8.0,0.6049575805664062,7.024192810058594
1853,0,-8.0,0.6043099164962769,7.031918048858643
1854,1,4.380000114440918,0.6182612776756287,5.527060031890869
1855,1,4.380000114440918,0.6183258295059204,5.430826187133789
1856,0,-4.380000114440918,0.6179789900779724,5.639838218688965
1857,1,4.380000114440918,0.6169090867042542,5.614354133605957
1858,0,-4.380000114440918,0.6161049604415894,5.500156402587891
1859,0,-4.380000114440918,0.6175162196159363,5.697991371154785
1860,0,-4.380000114440918,0.6134212613105774,5.508176803588867
1861,0,-4.380000114440918,0.6188610196113586,5.483940601348877
1862,0,-4.380000114440918,0.6172271370887756,5.545420169830322
1863,0,-4.380000114440918,0.6172491312026978,5.438430309295654
1864,0,-4.380000114440918,0.6149888038635254,5.663603782653809
1865,0,-4.380000114440918,0.6187852621078491,5.407108306884766
1866,0,-4.380000114440918,0.6199170351028442,5.657745361328125
1867,0,-4.380000114440918,0.6183597445487976,5.397279739379883
1868,0,-4.380000114440918,0.6167970895767212,5.771203517913818
1869,0,-4.380000114440918,0.6180962920188904,5.2662458419799805
1870,0,-4.380000114440918,0.6182631254196167,5.698191165924072
1871,0,-4.380000114440918,0.6182039976119995,5.732606410980225
1872,0,-4.380000114440918,0.6196130514144897,5.69877815246582
1873,0,-4.380000114440918,0.6177835464477539,5.784879684448242
1874,0,-4.380000114440918,0.6174317002296448,5.661027908325195
1875,1,4.800000190734863,0.613441526889801,5.636775493621826
1876,1,4.800000190734863,0.6142904162406921,5.508540630340576
1877,0,-4.800000190734863,0.6178092956542969,5.597321510314941
1878,0,-4.800000190734863,0.6136038303375244,5.445491790771484
1879,0,-4.800000190734863,0.6117658019065857,5.292858123779297
1880,0,-4.800000190734863,0.6148691773414612,5.466989994049072
1881,0,-4.800000190734863,0.6125144362449646,5.3478546142578125
1882,0,-4.800000190734863,0.6094857454299927,5.361591339111328
1883,0,-4.800000190734863,0.6165358424186707,5.2403435707092285
1884,1,4.800000190734863,0.6158642172813416,5.3527679443359375
1885,0,-4.800000190734863,0.6150393486022949,5.2679643630981445
1886,0,-4.800000190734863,0.6157622337341309,5.252934455871582
1887,0,-4.800000190734863,0.6135076880455017,5.144669055938721
1888,0,-4.800000190734863,0.6072587370872498,5.2845540046691895
1889,0,-4.800000190734863,0.6132401823997498,5.369775295257568
1890,0,-4.800000190734863,0.6087627410888672,5.284749984741211
1891,0,-4.800000190734863,0.6105023622512817,5.346349716186523
1892,0,-4.800000190734863,0.60980224609375,4.97946310043335
1893,0,-4.800000190734863,0.6106433272361755,5.812027931213379
1894,0,-4.800000190734863,0.6126785278320312,5.111196994781494
1895,0,-4.800000190734863,0.6055014729499817,5.0846967697143555
1896,1,8.819999694824219,0.6083311438560486,5.000164985656738
1897,0,-8.819999694824219,0.6076892018318176,6.004949569702148
1898,0,-8.819999694824219,0.6027007699012756,5.727067470550537
1899,0,-8.819999694824219,0.6082627773284912,5.135051250457764
1900,0,-8.819999694824219,0.609490692615509,5.378663063049316
1901,0,-8.819999694824219,0.6068670153617859,5.857978343963623
1902,0,-8.819999694824219,0.6037659049034119,5.930922985076904
1903,0,-8.819999694824219,0.6054198145866394,5.672192573547363
1904,0,-8.819999694824219,0.6037966012954712,5.661009311676025
1905,0,-8.819999694824219,0.6053785681724548,5.681549072265625
1906,0,-8.819999694824219,0.6082384586334229,5.60368013381958
1907,0,-8.819999694824219,0.6081201434135437,5.801107883453369
1908,0,-8.819999694824219,0.6064994931221008,6.408040523529053
1909,0,-8.819999694824219,0.6077877879142761,5.688302993774414
1910,0,-8.819999694824219,0.6090604066848755,5.951658248901367
1911,1,8.819999694824219,0.6053349375724792,5.8501996994018555
1912,0,-8.819999694824219,0.6102184653282166,5.3455305099487305
1913,0,-8.819999694824219,0.6083149909973145,5.484295845031738
1914,0,-8.819999694824219,0.6051807403564453,6.087069511413574
1915,1,8.819999694824219,0.6057620048522949,4.999109745025635
1916,0,-8.819999694824219,0.604709267616272,5.686040878295898
1917,1,6.869999885559082,0.6049033999443054,7.089625835418701
1918,0,-6.869999885559082,0.6062580347061157,7.254110813140869
1919,0,-6.869999885559082,0.6032512187957764,7.261966705322266
1920,0,-6.869999885559082,0.6060571074485779,7.026209354400635
1921,1,6.869999885559082,0.6058264374732971,6.850330352783203
1922,1,6.869999885559082,0.6049906015396118,7.073958873748779
1923,1,6.869999885559082,0.6064064502716064,6.638223171234131
1924,1,6.869999885559082,0.6052244305610657,7.096536159515381
1925,1,6.869999885559082,0.6046110987663269,6.979119777679443
1926,0,-6.869999885559082,0.6069753766059875,6.910665512084961
1927,0,-6.869999885559082,0.6055362820625305,7.050734996795654
1928,0,-6.869999885559082,0.6050954461097717,6.998610019683838
1929,0,-6.869999885559082,0.6039547324180603,7.25541877746582
1930,0,-6.869999885559082,0.6041406393051147,7.239029884338379
1931,0,-6.869999885559082,0.6027119755744934,6.820135116577148
1932,0,-6.869999885559082,0.6047663688659668,6.489859580993652
1933,1,6.869999885559082,0.6037192344665527,6.698904991149902
1934,0,-6.869999885559082,0.6053037643432617,7.2950005531311035
1935,0,-6.869999885559082,0.6052407622337341,7.216062068939209
1936,1,11.220000267028809,0.597649097442627,8.145090103149414
1937,1,11.220000267028809,0.5978889465332031,8.122610092163086
1938,0,-11.220000267028809,0.5983344912528992,8.134390830993652
1939,0,-11.220000267028809,0.5980340242385864,8.08497142791748
1940,0,-11.220000267028809,0.5985745191574097,7.888134002685547
1941,0,-11.220000267028809,0.5989913940429688,7.946633338928223
1942,0,-11.220000267028809,0.5986741185188293,8.049338340759277
1943,0,-11.220000267028809,0.5987045764923096,8.008832931518555
1944,0,-11.220000267028809,0.5991632342338562,8.018390655517578
1945,0,-11.220000267028809,0.597723662853241,7.993217468261719
1946,0,-11.220000267028809,0.5985434055328369,7.887966156005859
1947,0,-11.220000267028809,0.5986674427986145,8.127023696899414
1948,0,-11.220000267028809,0.5990809202194214,7.872004985809326
1949,0,-11.220000267028809,0.59818035364151,7.860101699829102
1950,0,-11.220000267028809,0.5995375514030457,7.932097434997559
1951,0,-11.220000267028809,0.5977411866188049,8.214767456054688
1952,0,-11.220000267028809,0.5984082818031311,8.013867378234863
1953,0,-11.220000267028809,0.5981852412223816,8.25462532043457
1954,0,-11.220000267028809,0.5988420248031616,8.015567779541016
1955,0,-11.220000267028809,0.5981749296188354,8.0712251663208
1956,0,-11.220000267028809,0.5974910259246826,8.091187477111816
1957,1,4.550000190734863,0.6137287020683289,6.03963565826416
1958,1,4.550000190734863,0.6140178442001343,5.856919288635254
1959,0,-4.550000190734863,0.6139267683029175,5.868555545806885
1960,0,-4.550000190734863,0.614694356918335,5.987188339233398
1961,0,-4.550000190734863,0.6100460886955261,6.300511360168457
1962,0,-4.550000190734863,0.6118291616439819,6.13881778717041
1963,0,-4.550000190734863,0.6117103099822998,6.0619916915893555
1964,0,-4.550000190734863,0.6156510710716248,6.085277557373047
1965,0,-4.550000190734863,0.612757682800293,6.054206848144531
1966,0,-4.550000190734863,0.6137786507606506,6.078711032867432
1967,0,-4.550000190734863,0.6132822632789612,6.089745044708252
1968,0,-4.550000190734863,0.6143324375152588,5.841588020324707
1969,0,-4.550000190734863,0.6134560704231262,5.919149398803711
1970,0,-4.550000190734863,0.6130610108375549,6.1057586669921875
1971,0,-4.550000190734863,0.6131813526153564,5.997015953063965
1972,0,-4.550000190734863,0.6133695840835571,5.875853538513184
1973,0,-4.550000190734863,0.6123751997947693,5.921377658843994
1974,0,-4.550000190734863,0.6147890686988831,5.734435081481934
1975,0,-4.550000190734863,0.6145808696746826,5.945235729217529
1976,0,-4.550000190734863,0.6144283413887024,5.95198392868042
1977,1,9.220000267028809,0.6026195883750916,7.533052921295166
1978,1,9.220000267028809,0.6039171814918518,7.346680641174316
1979,0,-9.220000267028809,0.6052244305610657,7.525155544281006
1980,0,-9.220000267028809,0.6055218577384949,7.500132083892822
1981,0,-9.220000267028809,0.6035217046737671,7.375248908996582
1982,0,-9.220000267028809,0.6041665077209473,7.520191669464111
1983,0,-9.220000267028809,0.6045640707015991,7.398664951324463
1984,0,-9.220000267028809,0.6064724922180176,7.3133931159973145
1985,0,-9.220000267028809,0.6062672734260559,7.450600624084473
1986,0,-9.220000267028809,0.6029305458068848,7.496364593505859
1987,0,-9.220000267028809,0.6069101691246033,7.210798263549805
1988,0,-9.220000267028809,0.6052500009536743,7.487087249755859
1989,0,-9.220000267028809,0.6042682528495789,7.553563117980957
1990,0,-9.220000267028809,0.6064204573631287,7.481729984283447
1991,0,-9.220000267028809,0.6036766767501831,7.333469867706299
1992,0,-9.220000267028809,0.6033967137336731,7.4443206787109375
1993,0,-9.220000267028809,0.6031902432441711,7.547804355621338
1994,0,-9.220000267028809,0.6023092865943909,7.491383075714111
1995,0,-9.220000267028809,0.6027498245239258,7.511710166931152
1996,0,-9.220000267028809,0.603058397769928,7.418119430541992
1997,0,-9.220000267028809,0.6041114330291748,7.24512243270874
1998,1,7.659999847412109,0.6014759540557861,7.482913970947266
1999,1,7.659999847412109,0.6003310084342957,7.594218730926514
2000,0,-7.659999847412109,0.6007998585700989,7.756798267364502
2001,0,-7.659999847412109,0.6031607985496521,7.507013320922852
2002,1,6.659999847412109,0.5800502300262451,6.271104335784912
2003,1,6.659999847412109,0.5781991481781006,6.444006443023682
2004,0,-6.659999847412109,0.5761104226112366,6.313653469085693
2005,0,-6.659999847412109,0.5798608660697937,6.170471668243408
2006,0,-6.659999847412109,0.5748093128204346,6.080125331878662
2007,0,-6.659999847412109,0.5728697180747986,6.21507453918457
2008,0,-6.659999847412109,0.5802751779556274,6.2625203132629395
2009,0,-6.659999847412109,0.5840396285057068,6.29711389541626
2010,0,-6.659999847412109,0.5733306407928467,5.847355365753174
2011,0,-4.449999809265137,0.5838016271591187,6.153491497039795
2012,0,-4.449999809265137,0.5957280993461609,5.865447998046875
2013,0,-4.449999809265137,0.5934203863143921,6.07398796081543
2014,0,-4.449999809265137,0.5919715166091919,5.803393840789795
2015,0,-4.449999809265137,0.5887475609779358,6.020923137664795
2016,0,-4.449999809265137,0.5904950499534607,6.104876518249512
2017,0,-4.449999809265137,0.5894453525543213,6.2319207191467285
2018,0,-4.449999809265137,0.590836226940155,5.805403709411621
2019,0,-4.449999809265137,0.5940734148025513,6.2367167472839355
2020,0,-4.449999809265137,0.5909522771835327,6.139561653137207
2021,0,-4.449999809265137,0.5917614102363586,6.499086856842041
2022,0,-4.449999809265137,0.5906180739402771,6.228033065795898
2023,0,-4.449999809265137,0.5812107920646667,5.962160110473633
2024,0,-4.449999809265137,0.5934141874313354,6.06104850769043
2025,0,-4.449999809265137,0.587837815284729,6.18021821975708
2026,0,-4.449999809265137,0.5906053781509399,6.2154412269592285
2027,0,-4.449999809265137,0.5960803031921387,5.99015474319458
2028,0,-4.449999809265137,0.5854470133781433,6.345274925231934
2029,0,-4.449999809265137,0.5917276740074158,5.980597496032715
2030,0,-4.449999809265137,0.5845736265182495,6.03593635559082
2031,0,-4.449999809265137,0.5875478982925415,5.873974800109863
2032,1,7.409999847412109,0.6050353646278381,7.020584583282471
2033,1,7.409999847412109,0.605044960975647,7.020260334014893
2034,0,-7.409999847412109,0.6069174408912659,6.924138069152832
2035,0,-7.409999847412109,0.6044946908950806,6.813841342926025
2036,0,-7.409999847412109,0.6062954664230347,6.497230529785156
2037,1,4.820000171661377,0.5920829772949219,5.812407493591309
2038,1,4.820000171661377,0.5865716934204102,5.568948268890381
2039,0,-4.820000171661377,0.594635546207428,5.623819828033447
2040,0,-4.820000171661377,0.5960389971733093,5.307003974914551
2041,0,-4.820000171661377,0.598290205001831,5.748500823974609
2042,0,-4.820000171661377,0.5919756889343262,5.6461405754089355
2043,0,-4.820000171661377,0.5954198241233826,5.412333011627197
2044,0,-4.820000171661377,0.5950966477394104,5.252524375915527
2045,1,5.480000019073486,0.5820056796073914,6.371947765350342
2046,1,5.480000019073486,0.580329179763794,6.598982810974121
2047,0,-5.480000019073486,0.5810327529907227,6.370278835296631
2048,0,-5.480000019073486,0.5883191227912903,6.342175006866455
2049,0,-5.480000019073486,0.5797516703605652,6.19367790222168
2050,0,-5.480000019073486,0.5789408683776855,6.615157604217529
2051,0,-5.480000019073486,0.5818430185317993,6.299437522888184
2052,0,-5.480000019073486,0.5844879746437073,6.748782157897949
2053,0,-5.480000019073486,0.5908100008964539,6.676520347595215
2054,0,-5.480000019073486,0.5887094140052795,6.643505096435547
2055,0,-5.480000019073486,0.5918182134628296,6.688230991363525
2056,0,-5.480000019073486,0.5848054885864258,6.698041915893555
2057,0,-5.480000019073486,0.5903410911560059,6.520720481872559
2058,0,-5.480000019073486,0.5865143537521362,6.431995391845703
2059,0,-5.480000019073486,0.5888554453849792,6.774174690246582
2060,0,-5.480000019073486,0.5843318104743958,6.65976619720459
2061,0,-5.480000019073486,0.5914868712425232,6.800658226013184
2062,0,-5.480000019073486,0.5876758694648743,6.650656700134277
2063,0,-5.480000019073486,0.5868783593177795,6.47499942779541
2064,1,6.579999923706055,0.5973833799362183,7.843196392059326
2065,0,-6.579999923706055,0.5959854125976562,7.8398966789245605
2066,0,-6.579999923706055,0.6005159616470337,7.658237457275391
2067,0,-6.579999923706055,0.5964395403862,7.95972204208374
2068,0,-6.579999923706055,0.6004945635795593,7.649428844451904
2069,0,-6.579999923706055,0.5971853137016296,7.799589157104492
2070,0,-6.579999923706055,0.5979000926017761,7.514075756072998
2071,0,-6.579999923706055,0.5951882600784302,7.816065788269043
2072,0,-6.579999923706055,0.5961256623268127,7.832347869873047
2073,0,-6.579999923706055,0.5981585383415222,8.043523788452148
2074,0,-6.579999923706055,0.5995392203330994,7.837749481201172
2075,0,-6.579999923706055,0.5969225764274597,7.756230354309082
2076,0,-6.579999923706055,0.5990990996360779,7.961507320404053
2077,0,-6.579999923706055,0.5960046648979187,7.554749011993408
2078,0,-6.579999923706055,0.5969216227531433,7.804405212402344
2079,0,-6.579999923706055,0.5991805195808411,7.704529762268066
2080,0,-6.579999923706055,0.5952696204185486,7.778595924377441
2081,0,-6.579999923706055,0.5982727408409119,7.885281085968018
2082,0,-6.579999923706055,0.5962995886802673,7.878181457519531
2083,0,-6.579999923706055,0.5990676283836365,7.591268062591553
2084,0,-6.579999923706055,0.600990891456604,7.720198154449463
2085,0,-7.820000171661377,0.6013622879981995,7.979841232299805
2086,0,-7.820000171661377,0.6038652658462524,7.446750164031982
2087,0,-7.820000171661377,0.6037717461585999,7.4846086502075195
2088,0,-7.820000171661377,0.6026947498321533,7.8321733474731445
2089,0,-7.820000171661377,0.6028000712394714,7.759435653686523
2090,0,-7.820000171661377,0.6039788126945496,7.4559326171875
2091,0,-7.820000171661377,0.6022913455963135,7.7868971824646
2092,0,-7.820000171661377,0.603157103061676,7.655129909515381
2093,0,-7.820000171661377,0.6030558347702026,7.727236270904541
2094,0,-7.820000171661377,0.6020004153251648,7.8453898429870605
2095,0,-7.820000171661377,0.6033891439437866,7.638687610626221
2096,0,-7.820000171661377,0.6021079421043396,7.784640312194824
2097,0,-7.820000171661377,0.6006733775138855,7.437688827514648
2098,0,-7.820000171661377,0.6023718118667603,7.812324523925781
2099,0,-7.820000171661377,0.6035683751106262,7.5467963218688965
2100,0,-7.820000171661377,0.6022838950157166,7.941587448120117
2101,0,-7.820000171661377,0.6026763916015625,7.336146354675293
2102,0,-7.820000171661377,0.6016290187835693,7.590831756591797
2103,0,-7.820000171661377,0.603538453578949,7.471652507781982
2104,0,-7.820000171661377,0.6031568050384521,7.23334264755249
2105,0,-7.099999904632568,0.5621671676635742,4.099566459655762
2106,0,-7.099999904632568,0.5626005530357361,3.312589406967163
2107,0,-7.099999904632568,0.5627806186676025,4.070057392120361
2108,0,-7.099999904632568,0.5638828277587891,4.709196090698242
2109,0,-7.099999904632568,0.5613532662391663,3.132591724395752
2110,0,-7.099999904632568,0.5627685785293579,3.528780460357666
2111,0,-7.099999904632568,0.5634095668792725,4.629220008850098
2112,0,-7.099999904632568,0.5612728595733643,3.9190964698791504
2113,0,-7.099999904632568,0.5633130669593811,4.332059383392334
2114,0,-7.099999904632568,0.562105655670166,2.731173276901245
2115,0,-7.099999904632568,0.5631785988807678,3.0259056091308594
2116,0,-7.099999904632568,0.5649673938751221,4.784257888793945
2117,0,-7.099999904632568,0.56218421459198,3.6245174407958984
2118,0,-7.099999904632568,0.5610063672065735,3.3160173892974854
2119,0,-7.099999904632568,0.564506471157074,4.532081604003906
2120,0,-7.099999904632568,0.5626258850097656,3.3032498359680176
2121,0,-7.099999904632568,0.562436044216156,3.8803930282592773
2122,0,-7.099999904632568,0.5631935596466064,4.741113185882568
2123,0,-7.099999904632568,0.5622353553771973,3.7381889820098877
2124,0,-7.099999904632568,0.564195990562439,2.886571168899536
2125,0,-7.099999904632568,0.561769962310791,3.151923894882202
2126,1,9.0,0.5992814302444458,7.257359981536865
2127,0,-9.0,0.600254237651825,7.444064140319824
2128,0,-9.0,0.5997457504272461,7.220103740692139
2129,0,-9.0,0.6006012558937073,7.484108924865723
2130,0,-9.0,0.6000672578811646,7.3349809646606445
2131,0,-9.0,0.5998049974441528,7.247422218322754
2132,0,-9.0,0.6000057458877563,7.532229900360107
2133,0,-9.0,0.6005566716194153,7.708319664001465
2134,0,-9.0,0.599068820476532,7.58819580078125
2135,0,-9.0,0.6001150012016296,7.397796154022217
2136,0,-9.0,0.598946213722229,7.348118305206299
2137,0,-9.0,0.5984792113304138,7.311325550079346
2138,0,-9.0,0.6010236144065857,7.148002624511719
2139,0,-9.0,0.5986689925193787,7.429845333099365
2140,0,-9.0,0.5999636054039001,7.318282127380371
2141,0,-9.0,0.5983654856681824,7.200693607330322
2142,0,-9.0,0.5993973016738892,7.647796154022217
2143,0,-9.0,0.598110020160675,7.770252704620361
2144,0,-9.0,0.6005087494850159,7.2420783042907715
2145,0,-9.0,0.5979005098342896,7.5231781005859375
2146,0,-9.0,0.5958486795425415,7.178294658660889
2147,1,6.53000020980835,0.5999271869659424,6.521026134490967
2148,1,6.53000020980835,0.599498450756073,6.241565704345703
2149,0,-6.53000020980835,0.5981974005699158,6.108224391937256
2150,0,-6.53000020980835,0.5982710123062134,6.3617143630981445
2151,0,-6.53000020980835,0.6040260195732117,5.736603260040283
2152,0,-6.53000020980835,0.5987866520881653,5.719998836517334
2153,1,3.2799999713897705,0.6063726544380188,6.774924278259277
2154,1,3.2799999713897705,0.6066133379936218,6.564053535461426
2155,1,3.2799999713897705,0.6066648960113525,6.5608062744140625
2156,0,-3.2799999713897705,0.6072187423706055,6.647212505340576
2157,0,-3.2799999713897705,0.6066451072692871,6.694500923156738
2158,0,-3.2799999713897705,0.6074860095977783,6.4101996421813965
2159,0,-3.2799999713897705,0.6066220998764038,6.616241931915283
2160,0,-3.2799999713897705,0.6063270568847656,6.713586330413818
2161,0,-3.2799999713897705,0.606311559677124,6.774600982666016
2162,0,-3.2799999713897705,0.6061519980430603,6.611970901489258
2163,0,-3.2799999713897705,0.6061553359031677,6.512927055358887
2164,0,-3.2799999713897705,0.6061019897460938,6.207070827484131
2165,0,-3.2799999713897705,0.603958785533905,6.813509464263916
2166,0,-3.2799999713897705,0.6053553819656372,6.886638641357422
2167,0,-3.2799999713897705,0.6059431433677673,6.857730865478516
2168,0,-3.2799999713897705,0.6055835485458374,6.630268573760986
2169,0,-3.2799999713897705,0.6057327389717102,6.782190799713135
2170,1,3.2799999713897705,0.6065379977226257,6.663792133331299
2171,0,-3.2799999713897705,0.6038926243782043,6.690937519073486
2172,0,-3.2799999713897705,0.6061558127403259,6.29498291015625
2173,0,-3.2799999713897705,0.6047301292419434,6.640500068664551
2174,1,8.149999618530273,0.6012506484985352,7.34074592590332
2175,1,8.149999618530273,0.6014671325683594,7.331703186035156
2176,1,8.149999618530273,0.6010450720787048,7.379754066467285
2177,0,-8.149999618530273,0.6013506054878235,7.25804328918457
2178,0,-8.149999618530273,0.6012105345726013,7.319019794464111
2179,0,-8.149999618530273,0.6012065410614014,7.169950485229492
2180,0,-8.149999618530273,0.6011340022087097,7.520155429840088
2181,0,-8.149999618530273,0.6016654372215271,7.19256591796875
2182,0,-8.149999618530273,0.6013861298561096,7.3093061447143555
2183,0,-8.149999618530273,0.601738452911377,7.053142070770264
2184,0,-8.149999618530273,0.6012115478515625,7.365169525146484
2185,0,-8.149999618530273,0.6009067893028259,7.439615249633789
2186,0,-8.149999618530273,0.6004984378814697,7.384661674499512
2187,0,-8.149999618530273,0.6007525324821472,7.305224418640137
2188,0,-8.149999618530273,0.6009320020675659,7.218174934387207
2189,0,-8.149999618530273,0.6005504131317139,7.167363166809082
2190,0,-8.149999618530273,0.6011110544204712,7.367208480834961
2191,0,-8.149999618530273,0.6001134514808655,7.136402130126953
2192,0,-8.149999618530273,0.5999807119369507,7.217380523681641
2193,1,6.829999923706055,0.6008803248405457,7.47093391418457
2194,1,6.829999923706055,0.5996060371398926,7.768608093261719
2195,1,6.829999923706055,0.597140908241272,7.674074649810791
2196,0,-6.829999923706055,0.5967644453048706,7.5316972732543945
2197,0,-6.829999923706055,0.5934949517250061,7.630955696105957
2198,0,-6.829999923706055,0.5985860228538513,7.625249862670898
2199,0,-6.829999923706055,0.6004090309143066,7.540475368499756
2200,0,-6.829999923706055,0.5959951281547546,7.5676140785217285
2201,0,-6.829999923706055,0.6010197401046753,7.195620059967041
2202,0,-6.829999923706055,0.5968961715698242,7.055662155151367
2203,0,-6.829999923706055,0.5963468551635742,7.499065399169922
2204,0,-6.829999923706055,0.5981382727622986,7.262401103973389
2205,0,-6.829999923706055,0.5951944589614868,7.528740882873535
2206,1,3.1600000858306885,0.614595890045166,5.208461761474609
2207,1,3.1600000858306885,0.6136323809623718,5.301471710205078
2208,0,-3.1600000858306885,0.6120923161506653,5.070870399475098
2209,0,-3.1600000858306885,0.6152856945991516,5.410869121551514
2210,0,-3.1600000858306885,0.6144430637359619,5.384879112243652
2211,1,3.1600000858306885,0.6131362915039062,5.338099956512451
2212,0,-3.1600000858306885,0.6135290861129761,5.265755653381348
2213,0,-3.1600000858306885,0.6148699522018433,5.337535858154297
2214,0,-3.1600000858306885,0.6141881346702576,5.3665008544921875
2215,0,-3.1600000858306885,0.6147895455360413,5.0996575355529785
2216,1,2.7699999809265137,0.6079858541488647,4.423820972442627
2217,1,2.7699999809265137,0.6057419180870056,4.166275501251221
2218,0,-2.7699999809265137,0.6025875806808472,4.601444244384766
2219,0,-2.7699999809265137,0.6047642827033997,3.5879416465759277
2220,0,-2.7699999809265137,0.6107589602470398,4.405157089233398
2221,0,-2.7699999809265137,0.60979163646698,4.128022193908691
2222,0,-2.7699999809265137,0.6068468689918518,4.134170055389404
2223,0,-2.7699999809265137,0.6036144495010376,4.136991500854492
2224,0,-2.7699999809265137,0.6111829280853271,4.30039119720459
2225,0,-2.7699999809265137,0.6016868948936462,4.1204071044921875
2226,0,-2.7699999809265137,0.6079647541046143,3.9688682556152344
2227,0,-2.7699999809265137,0.6078394055366516,4.059238433837891
2228,0,-2.7699999809265137,0.6063950657844543,3.5840327739715576
2229,0,-2.7699999809265137,0.6020883321762085,4.236090183258057
2230,0,-2.7699999809265137,0.6063560247421265,4.5368852615356445
2231,0,-2.7699999809265137,0.6081690192222595,3.983102798461914
2232,0,-2.7699999809265137,0.6069796681404114,4.145993709564209
2233,0,-2.7699999809265137,0.6034683585166931,3.6982977390289307
2234,0,-2.7699999809265137,0.6112882494926453,3.986269950866699
2235,0,-2.7699999809265137,0.607837438583374,4.52093505859375
2236,0,-2.7699999809265137,0.6058480143547058,4.1370015144348145
2237,1,9.699999809265137,0.6013974547386169,7.933858871459961
2238,1,9.699999809265137,0.6005983948707581,8.128711700439453
2239,0,-9.699999809265137,0.5984799861907959,7.925762176513672
2240,0,-9.699999809265137,0.5988168716430664,8.028343200683594
2241,0,-9.699999809265137,0.5993819236755371,7.9197797775268555
2242,0,-9.699999809265137,0.6009466052055359,8.140615463256836
2243,0,-9.699999809265137,0.5989425778388977,8.029233932495117
2244,0,-9.699999809265137,0.5984169244766235,8.135595321655273
2245,0,-9.699999809265137,0.598572850227356,8.039251327514648
2246,0,-9.699999809265137,0.5956684947013855,8.015268325805664
2247,0,-9.699999809265137,0.5973597764968872,7.8863325119018555
2248,0,-9.699999809265137,0.598496675491333,7.936925888061523
2249,0,-9.699999809265137,0.5963015556335449,8.121414184570312
2250,1,4.03000020980835,0.6172494888305664,4.659122467041016
2251,0,-4.03000020980835,0.6193925738334656,4.7848100662231445
2252,0,-4.03000020980835,0.6167705059051514,5.003571033477783
2253,0,-4.03000020980835,0.6157841086387634,4.71307373046875
2254,0,-4.03000020980835,0.6183109879493713,4.903073310852051
2255,0,-4.03000020980835,0.616680383682251,5.0982842445373535
2256,0,-4.03000020980835,0.6178554892539978,5.109817028045654
2257,0,-4.03000020980835,0.6165103912353516,4.822445869445801
2258,0,-4.03000020980835,0.6171562075614929,4.910223484039307
2259,0,-4.03000020980835,0.6175804734230042,4.929769515991211
2260,0,-4.03000020980835,0.6188357472419739,4.645636081695557
2261,0,-4.03000020980835,0.6192600727081299,4.948723793029785
2262,0,-4.03000020980835,0.6195328831672668,4.971922397613525
2263,0,-4.03000020980835,0.616905927658081,4.942543983459473
2264,0,-4.03000020980835,0.6195132732391357,5.007706642150879
2265,0,-4.03000020980835,0.6177324652671814,4.978117942810059
2266,0,-4.03000020980835,0.6198430061340332,4.971684455871582
2267,0,-4.03000020980835,0.6187397241592407,4.890824794769287
2268,0,-4.03000020980835,0.6132355332374573,4.41893196105957
2269,0,-4.03000020980835,0.6185762286186218,4.990968704223633
2270,0,-4.03000020980835,0.6168937087059021,4.844747543334961
2271,1,9.100000381469727,0.5949968695640564,7.824822902679443
2272,1,9.100000381469727,0.5949758291244507,7.756007671356201
2273,1,9.100000381469727,0.5959262847900391,8.050963401794434
2274,0,-9.100000381469727,0.5972103476524353,8.201251029968262
2275,0,-9.100000381469727,0.5955430865287781,8.42170238494873
2276,0,-9.100000381469727,0.6000321507453918,8.146631240844727
2277,0,-9.100000381469727,0.5963659882545471,8.224028587341309
2278,0,-9.100000381469727,0.5948570370674133,7.761630535125732
2279,0,-9.100000381469727,0.5927268862724304,7.986846923828125
2280,0,-9.100000381469727,0.5920479893684387,7.577897548675537
2281,0,-9.100000381469727,0.5942984819412231,8.333707809448242
2282,1,5.820000171661377,0.6162121295928955,5.7485671043396
2283,0,-5.820000171661377,0.6146094799041748,5.985474586486816
2284,0,-5.820000171661377,0.61461341381073,5.98716402053833
2285,1,5.820000171661377,0.6160597801208496,5.750549793243408
2286,0,-5.820000171661377,0.614873468875885,5.900181293487549
2287,0,-5.820000171661377,0.6154636144638062,5.9121880531311035
2288,1,5.820000171661377,0.6154127717018127,5.773887634277344
2289,0,-5.820000171661377,0.6156128644943237,5.806529998779297
2290,0,-5.820000171661377,0.6145339608192444,5.780359745025635
2291,0,-5.820000171661377,0.6144194602966309,5.85706090927124
2292,0,-5.820000171661377,0.6143060326576233,5.848156929016113
2293,0,-5.820000171661377,0.6159854531288147,5.801478862762451
2294,0,-5.820000171661377,0.6134375929832458,5.936280727386475
2295,0,-5.820000171661377,0.6138185262680054,5.88269567489624
2296,0,-5.820000171661377,0.6145718693733215,5.795001029968262
2297,0,-5.820000171661377,0.6148407459259033,5.8840765953063965
2298,0,-5.820000171661377,0.6158040761947632,5.7403364181518555
2299,0,-5.820000171661377,0.6148740649223328,5.915768146514893
2300,0,-5.820000171661377,0.6134092211723328,6.048945903778076
2301,0,-5.820000171661377,0.6129032373428345,5.81193733215332
2302,0,-5.820000171661377,0.615779459476471,5.747520923614502
2303,0,-7.599999904632568,0.6063029766082764,7.12352180480957
2304,0,-7.599999904632568,0.6060858368873596,7.195276260375977
2305,0,-7.599999904632568,0.6061072945594788,7.030305862426758
2306,0,-7.599999904632568,0.6058027148246765,7.1459808349609375
2307,0,-7.599999904632568,0.6062613129615784,7.220981121063232
2308,0,-7.599999904632568,0.6059384346008301,7.263901233673096
2309,1,7.599999904632568,0.606372594833374,7.046216011047363
2310,0,-7.599999904632568,0.605757474899292,7.326344013214111
2311,0,-7.599999904632568,0.606448233127594,7.140399932861328
2312,0,-7.599999904632568,0.6052026748657227,7.224307537078857
2313,0,-7.599999904632568,0.6033281087875366,7.444879055023193
2314,0,-7.599999904632568,0.6048590540885925,7.424383163452148
2315,0,-7.599999904632568,0.6048871874809265,7.516236782073975
2316,1,7.599999904632568,0.6050518155097961,7.545866012573242
2317,0,-7.599999904632568,0.6050527095794678,7.37178897857666
2318,0,-7.599999904632568,0.6051949858665466,7.353219032287598
2319,0,-7.599999904632568,0.6064684391021729,7.101571559906006
2320,0,-7.599999904632568,0.6056181788444519,7.334338665008545
2321,0,-7.599999904632568,0.6066338419914246,7.366300582885742
2322,0,-7.599999904632568,0.6060968041419983,7.178072929382324
2323,0,-7.599999904632568,0.6066093444824219,7.1993184089660645
2324,1,4.690000057220459,0.592011570930481,7.652045726776123
2325,1,4.690000057220459,0.591243326663971,7.637592315673828
2326,1,4.690000057220459,0.5912168025970459,7.607321739196777
2327,1,4.690000057220459,0.5924375057220459,7.604118347167969
2328,1,4.690000057220459,0.5926515460014343,7.627688884735107
2329,1,4.690000057220459,0.5928842425346375,7.661528587341309
2330,1,4.690000057220459,0.5930176377296448,7.5622663497924805
2331,0,-4.690000057220459,0.5911087393760681,7.786285400390625
2332,1,4.690000057220459,0.5947935581207275,7.877200603485107
2333,0,-4.690000057220459,0.5920365452766418,7.73863410949707
2334,0,-4.690000057220459,0.5930565595626831,7.730157375335693
2335,1,2.8499999046325684,0.607786238193512,6.583798408508301
2336,1,2.8499999046325684,0.6065288186073303,6.809385776519775
2337,0,-2.8499999046325684,0.6045156121253967,7.145239353179932
2338,0,-2.8499999046325684,0.6093780994415283,6.71763801574707
2339,0,-2.8499999046325684,0.6062719821929932,6.452154159545898
2340,0,-2.8499999046325684,0.6043792366981506,6.987296104431152
2341,0,-2.8499999046325684,0.6085199117660522,6.790738582611084
2342,0,-2.8499999046325684,0.612662672996521,6.246859550476074
2343,0,-2.8499999046325684,0.6059483289718628,6.5602803230285645
2344,0,-2.8499999046325684,0.6019430160522461,6.904572486877441
2345,0,-2.8499999046325684,0.6055141687393188,6.842799186706543
2346,0,-2.8499999046325684,0.6033378839492798,6.9586687088012695
2347,0,-2.8499999046325684,0.607901394367218,6.6235857009887695
2348,0,-2.8499999046325684,0.6073833703994751,6.981494426727295
2349,0,-2.8499999046325684,0.6025672554969788,6.392796993255615
2350,0,-2.8499999046325684,0.6093615889549255,6.396913051605225
2351,0,-2.8499999046325684,0.6053946018218994,6.694449424743652
2352,0,-2.8499999046325684,0.6012201905250549,6.865789890289307
2353,0,-2.8499999046325684,0.6072739362716675,6.856790542602539
2354,0,-2.8499999046325684,0.6073814034461975,6.689286231994629
2355,0,-2.8499999046325684,0.6103463768959045,6.326322555541992
2356,1,2.299999952316284,0.5993056297302246,5.917937278747559
2357,0,-2.299999952316284,0.6056340932846069,5.841713905334473
2358,0,-2.299999952316284,0.6055066585540771,5.907713890075684
2359,0,-2.299999952316284,0.6001102924346924,5.793752670288086
2360,1,2.299999952316284,0.5996419787406921,6.039018630981445
2361,0,-2.299999952316284,0.5967487692832947,6.034531116485596
2362,1,2.299999952316284,0.5996642708778381,5.85916805267334
2363,1,2.299999952316284,0.6010613441467285,5.6559576988220215
2364,0,-2.299999952316284,0.600762128829956,5.641966819763184
2365,1,2.299999952316284,0.5973231196403503,6.065474033355713
2366,0,-2.299999952316284,0.597822368144989,6.1032795906066895
2367,0,-2.299999952316284,0.597761332988739,6.545424938201904
2368,0,-2.299999952316284,0.5970423221588135,6.089955806732178
2369,0,-2.299999952316284,0.5989553332328796,6.253358364105225
2370,0,-2.299999952316284,0.6001841425895691,6.445057392120361
2371,0,-2.299999952316284,0.599561333656311,6.244431495666504
2372,0,-2.299999952316284,0.6036432981491089,5.995185852050781
2373,1,2.299999952316284,0.598402202129364,5.870840549468994
2374,0,-2.299999952316284,0.5946850180625916,6.41859245300293
2375,0,-2.299999952316284,0.5965394973754883,5.989318370819092
2376,0,-2.299999952316284,0.5910463333129883,6.163795471191406
2377,1,9.520000457763672,0.6039195656776428,7.313863277435303
2378,1,9.520000457763672,0.6023680567741394,7.642831802368164
2379,0,-9.520000457763672,0.6036944389343262,7.308768272399902
2380,0,-9.520000457763672,0.6031659841537476,7.307693958282471
2381,0,-9.520000457763672,0.603348970413208,7.81496000289917
2382,0,-9.520000457763672,0.6021786332130432,7.59132194519043
2383,0,-9.520000457763672,0.602513313293457,7.649470806121826
2384,0,-9.520000457763672,0.6025271415710449,7.666250705718994
2385,0,-9.520000457763672,0.6046605706214905,7.340271949768066
2386,0,-9.520000457763672,0.5999035239219666,7.636483669281006
2387,0,-9.520000457763672,0.6016069650650024,8.041448593139648
2388,0,-9.520000457763672,0.6031118631362915,7.496917247772217
2389,0,-9.520000457763672,0.6033716201782227,7.389049053192139
2390,0,-9.520000457763672,0.6021664142608643,7.549610137939453
2391,0,-9.520000457763672,0.6019030213356018,7.727811813354492
2392,0,-9.520000457763672,0.6028730273246765,7.721158504486084
2393,0,-9.520000457763672,0.6025177836418152,7.533867835998535
2394,1,10.0,0.6032230257987976,7.227223873138428
2395,1,10.0,0.6036311388015747,7.258166313171387
2396,1,10.0,0.6040766835212708,7.309177398681641
2397,0,-10.0,0.6025875806808472,7.601146697998047
2398,0,-10.0,0.6019184589385986,7.501310348510742
2399,0,-10.0,0.6022096276283264,7.585370063781738
2400,0,-10.0,0.6037207245826721,7.287463665008545
2401,0,-10.0,0.6024252772331238,7.597838878631592
2402,0,-10.0,0.6027612686157227,7.380998611450195
2403,0,-10.0,0.6008697152137756,7.6177849769592285
2404,0,-10.0,0.6031115651130676,7.320234775543213
2405,0,-10.0,0.6031666994094849,7.3499627113342285
2406,0,-10.0,0.6024048924446106,7.503091335296631
2407,0,-10.0,0.6023447513580322,7.46661901473999
2408,0,-10.0,0.6021080613136292,7.503360748291016
2409,0,-10.0,0.6017114520072937,7.663665294647217
2410,1,5.059999942779541,0.6003050804138184,7.627527713775635
2411,1,5.059999942779541,0.5983180403709412,7.728716850280762
2412,0,-5.059999942779541,0.6051970720291138,7.382714748382568
2413,0,-5.059999942779541,0.5963297486305237,7.621578693389893
2414,0,-5.059999942779541,0.5996278524398804,7.625757217407227
2415,0,-5.059999942779541,0.595757007598877,7.69582462310791
2416,0,-5.059999942779541,0.5969088077545166,7.292858123779297
2417,0,-5.059999942779541,0.5947815775871277,8.283424377441406
2418,0,-5.059999942779541,0.5955256819725037,7.811684608459473
2419,0,-5.059999942779541,0.5968065857887268,8.187640190124512
2420,0,-5.059999942779541,0.5996506214141846,7.574484348297119
2421,0,-5.059999942779541,0.5979441404342651,7.217032432556152
2422,0,-5.059999942779541,0.5973072648048401,8.052889823913574
2423,0,-5.059999942779541,0.6004077792167664,7.485668182373047
2424,0,-5.059999942779541,0.5950084924697876,8.04679012298584
2425,0,-5.059999942779541,0.5971648097038269,7.491515636444092
2426,0,-5.059999942779541,0.5970603823661804,7.654416561126709
2427,0,-5.059999942779541,0.5966394543647766,7.706106185913086
2428,0,-5.059999942779541,0.5961148142814636,7.819858551025391
2429,0,-5.059999942779541,0.5967673063278198,8.012856483459473
2430,1,6.170000076293945,0.6013067364692688,5.190065383911133
2431,1,6.170000076293945,0.5993785262107849,4.639045715332031
2432,0,-6.170000076293945,0.602172315120697,5.4985198974609375
2433,0,-6.170000076293945,0.6027352213859558,5.1417059898376465
2434,0,-6.170000076293945,0.6053695678710938,6.1529927253723145
2435,0,-6.170000076293945,0.600450873374939,5.1842942237854
2436,0,-6.170000076293945,0.6002507209777832,5.882763862609863
2437,0,-6.170000076293945,0.6035091280937195,5.063922882080078
2438,0,-6.170000076293945,0.6045452356338501,5.4365973472595215
2439,0,-6.170000076293945,0.6039857268333435,5.226129531860352
2440,0,-6.170000076293945,0.6037535071372986,5.533876419067383
2441,0,-6.170000076293945,0.6038720011711121,4.588342666625977
2442,0,-6.170000076293945,0.602529764175415,5.641758918762207
2443,0,-6.170000076293945,0.6036417484283447,5.102035999298096
2444,0,-6.170000076293945,0.6022699475288391,5.319129943847656
2445,0,-6.170000076293945,0.6031219959259033,5.466399669647217
2446,0,-6.170000076293945,0.6006219983100891,5.220536231994629
2447,0,-6.170000076293945,0.6035953760147095,5.30826473236084
2448,1,5.159999847412109,0.6062167882919312,6.470077991485596
2449,1,5.159999847412109,0.6059041619300842,6.469153881072998
2450,1,5.159999847412109,0.6056389212608337,6.414246082305908
2451,0,-5.159999847412109,0.6074764728546143,6.288989067077637
2452,0,-5.159999847412109,0.60588139295578,6.284688949584961
2453,0,-5.159999847412109,0.6059991717338562,6.374833106994629
2454,0,-5.159999847412109,0.6059777736663818,6.269021511077881
2455,0,-5.159999847412109,0.6075303554534912,6.287209987640381
2456,0,-5.159999847412109,0.6075204610824585,6.201615810394287
2457,0,-5.159999847412109,0.6060139536857605,6.645112991333008
2458,0,-5.159999847412109,0.60658198595047,6.4734015464782715
2459,0,-5.159999847412109,0.6075382828712463,6.502601623535156
2460,0,-5.159999847412109,0.6098971366882324,6.382890224456787
2461,0,-5.159999847412109,0.607462465763092,6.434291839599609
2462,0,-5.159999847412109,0.6079491376876831,6.5194878578186035
2463,0,-5.159999847412109,0.6056531667709351,6.554482460021973
2464,0,-5.159999847412109,0.6054419875144958,6.675049781799316
2465,0,-5.159999847412109,0.6053608655929565,6.62240743637085
2466,0,-5.159999847412109,0.6070725321769714,6.660514831542969
2467,0,-5.159999847412109,0.6078066825866699,6.35658597946167
2468,1,6.0,0.6000586152076721,6.093630790710449
2469,0,-6.0,0.6100409030914307,5.9007344245910645
2470,0,-6.0,0.6088879108428955,6.035717010498047
2471,0,-6.0,0.6058401465415955,6.069809436798096
2472,0,-6.0,0.6133419871330261,5.544875144958496
2473,0,-6.0,0.6045592427253723,5.832216262817383
2474,0,-6.0,0.6040663123130798,6.101025104522705
2475,0,-6.0,0.6107699871063232,5.7841973304748535
2476,0,-6.0,0.6061897277832031,5.903870582580566
2477,0,-6.0,0.6046056151390076,5.724750995635986
2478,0,-6.0,0.6088907718658447,5.808910369873047
2479,0,-6.0,0.6063932776451111,5.928808212280273
2480,0,-6.0,0.6048720479011536,5.6942548751831055
2481,0,-6.0,0.6044979691505432,5.94778299331665
2482,0,-6.0,0.606842577457428,5.477737903594971
2483,0,-6.0,0.6038963794708252,5.472383499145508
2484,0,-6.0,0.5978552103042603,5.702425479888916
2485,0,-6.0,0.6048448085784912,5.920702934265137
2486,0,-6.0,0.603287935256958,5.778421401977539
2487,0,-6.0,0.6058987379074097,5.718125820159912
2488,1,6.0,0.6020826101303101,6.042670249938965
2489,0,-7.150000095367432,0.601885199546814,7.966784477233887
2490,0,-7.150000095367432,0.6021008491516113,7.881327152252197
2491,0,-7.150000095367432,0.6040834784507751,7.818386077880859
2492,0,-7.150000095367432,0.602689802646637,7.764644622802734
2493,0,-7.150000095367432,0.6020020246505737,7.800411224365234
2494,0,-7.150000095367432,0.6029226779937744,7.752832412719727
2495,0,-7.150000095367432,0.6022331118583679,7.756163597106934
2496,0,-7.150000095367432,0.6032442450523376,7.838881492614746
2497,0,-7.150000095367432,0.6021310687065125,8.11787223815918
2498,0,-7.150000095367432,0.6030107736587524,7.877125263214111
2499,0,-7.150000095367432,0.6015831828117371,8.034966468811035
2500,0,-7.150000095367432,0.6021970510482788,7.843815326690674
2501,0,-7.150000095367432,0.603162944316864,7.953001022338867
2502,0,-7.150000095367432,0.6031119227409363,7.803802013397217
2503,0,-7.150000095367432,0.6022873520851135,7.83280086517334
2504,0,-7.150000095367432,0.6022325754165649,7.8847246170043945
2505,0,-7.150000095367432,0.6023485660552979,7.937719345092773
2506,0,-7.150000095367432,0.6033869981765747,7.864782333374023
2507,0,-7.150000095367432,0.6028319597244263,7.900198936462402
2508,0,-7.150000095367432,0.6019624471664429,8.141027450561523
2509,0,-7.150000095367432,0.6020572185516357,7.720371723175049
2510,0,-6.400000095367432,0.5971130728721619,6.639743804931641
2511,0,-6.400000095367432,0.5951054096221924,6.301689147949219
2512,0,-6.400000095367432,0.5944010019302368,6.521302223205566
2513,0,-6.400000095367432,0.5997386574745178,6.323991775512695
2514,0,-6.400000095367432,0.588415265083313,6.148382186889648
2515,0,-6.400000095367432,0.5967440605163574,6.354231834411621
2516,0,-6.400000095367432,0.5917075872421265,6.32391357421875
2517,1,6.400000095367432,0.592413067817688,6.260439395904541
2518,1,6.400000095367432,0.5916731357574463,6.437931537628174
2519,0,-6.400000095367432,0.5973842740058899,6.571287631988525
2520,0,-6.400000095367432,0.5929405689239502,5.740293502807617
2521,0,-6.400000095367432,0.5898895859718323,5.988434791564941
2522,0,-6.400000095367432,0.5935437083244324,5.914333343505859
2523,0,-5.639999866485596,0.6038333773612976,6.767513275146484
2524,0,-5.639999866485596,0.6037374138832092,6.629002571105957
2525,0,-5.639999866485596,0.603461503982544,6.70135498046875
2526,0,-5.639999866485596,0.6025564670562744,6.536016941070557
2527,0,-5.639999866485596,0.602943480014801,6.455661296844482
2528,0,-5.639999866485596,0.6030656099319458,6.90167760848999
2529,0,-5.639999866485596,0.599165141582489,5.645549297332764
2530,0,-5.639999866485596,0.6021549701690674,6.629189968109131
2531,0,-5.639999866485596,0.6018998026847839,6.471011161804199
2532,1,5.639999866485596,0.6038916707038879,6.923745632171631
2533,0,-5.639999866485596,0.602904736995697,6.900985240936279
2534,0,-5.639999866485596,0.604263186454773,6.701766490936279
2535,0,-5.639999866485596,0.6028814911842346,6.399173259735107
2536,1,5.639999866485596,0.6037123203277588,6.725154399871826
2537,0,-5.639999866485596,0.6026084423065186,6.281722545623779
2538,0,-5.639999866485596,0.6038968563079834,6.778585433959961
2539,0,-5.639999866485596,0.6036400198936462,6.2609477043151855
2540,0,-5.639999866485596,0.603234052658081,6.546421527862549
2541,0,-5.639999866485596,0.6024900078773499,6.247613430023193
2542,0,-5.639999866485596,0.6036497354507446,6.302453517913818
2543,1,3.2200000286102295,0.6079447269439697,5.6915974617004395
2544,0,-3.2200000286102295,0.6050082445144653,5.92692232131958
2545,0,-3.2200000286102295,0.6078591346740723,5.8187994956970215
2546,1,3.2200000286102295,0.6062798500061035,5.650088787078857
2547,0,-3.2200000286102295,0.6088681817054749,5.623377799987793
2548,0,-3.2200000286102295,0.6096009612083435,5.960172653198242
2549,0,-3.2200000286102295,0.6060063242912292,5.97853422164917
2550,0,-3.2200000286102295,0.610981285572052,5.739439487457275
2551,0,-3.2200000286102295,0.606865406036377,5.891999244689941
2552,0,-3.2200000286102295,0.6123763918876648,6.044699192047119
2553,0,-3.2200000286102295,0.6115106344223022,5.902053356170654
2554,0,-3.2200000286102295,0.6087085604667664,6.408690452575684
2555,0,-3.2200000286102295,0.6062508821487427,6.069854259490967
2556,0,-3.2200000286102295,0.6058745384216309,5.872056007385254
2557,0,-3.2200000286102295,0.603832483291626,5.860891819000244
2558,0,-3.2200000286102295,0.6048070192337036,6.070792198181152
2559,0,-3.2200000286102295,0.6101996302604675,5.674516677856445
2560,0,-3.2200000286102295,0.6089056730270386,5.608141899108887
2561,0,-3.2200000286102295,0.605476975440979,5.610800266265869
2562,0,-3.2200000286102295,0.6090478301048279,5.6504926681518555
2563,0,-3.2200000286102295,0.603854238986969,5.701406478881836
2564,1,11.329999923706055,0.6001172661781311,7.850392818450928
2565,1,11.329999923706055,0.5998602509498596,7.928660869598389
2566,0,-11.329999923706055,0.5989655256271362,7.919666767120361
2567,0,-11.329999923706055,0.6008562445640564,8.087038040161133
2568,0,-11.329999923706055,0.602270245552063,7.900208473205566
2569,0,-11.329999923706055,0.6018766164779663,7.956998825073242
2570,1,3.6700000762939453,0.6035898327827454,7.272125244140625
2571,0,-3.6700000762939453,0.6033520102500916,7.3795952796936035
2572,1,3.6700000762939453,0.6036049723625183,7.290392875671387
2573,0,-3.6700000762939453,0.6035097241401672,7.308350563049316
2574,0,-3.6700000762939453,0.6039586663246155,7.471368789672852
2575,0,-3.6700000762939453,0.6038663387298584,7.36088752746582
2576,0,-3.6700000762939453,0.6040863394737244,7.47334098815918
2577,0,-3.6700000762939453,0.604174792766571,7.471812725067139
2578,0,-3.6700000762939453,0.604743480682373,7.383081436157227
2579,0,-3.6700000762939453,0.6044497489929199,7.451435089111328
2580,0,-3.6700000762939453,0.604902982711792,7.37424373626709
2581,0,-3.6700000762939453,0.6046015024185181,7.446543216705322
2582,0,-3.6700000762939453,0.6049149036407471,7.331175327301025
2583,0,-3.6700000762939453,0.6038317084312439,7.515103340148926
2584,0,-3.6700000762939453,0.6040859818458557,7.343680381774902
2585,0,-3.6700000762939453,0.6035781502723694,7.243230819702148
2586,0,-3.6700000762939453,0.6066164970397949,7.115909576416016
2587,0,-3.6700000762939453,0.6039168238639832,7.427132606506348
2588,0,-3.6700000762939453,0.6051498055458069,7.424068927764893
2589,0,-3.6700000762939453,0.6037871241569519,7.182704448699951
2590,0,-3.6700000762939453,0.6038968563079834,7.333352088928223
2591,1,7.800000190734863,0.5998141765594482,6.027371883392334
2592,1,7.800000190734863,0.5999180674552917,6.5851593017578125
2593,1,7.800000190734863,0.5993748307228088,6.56868839263916
2594,0,-7.800000190734863,0.598234236240387,6.614819526672363
2595,0,-7.800000190734863,0.6020051836967468,6.410459995269775
2596,0,-7.800000190734863,0.6003427505493164,6.352442741394043
2597,0,-7.800000190734863,0.5989835858345032,6.582137107849121
2598,0,-7.800000190734863,0.5972996950149536,6.116244316101074
2599,0,-7.800000190734863,0.5981010794639587,6.599177837371826
2600,0,-7.800000190734863,0.6020649075508118,7.022326469421387
2601,0,-7.800000190734863,0.5999851822853088,6.800171852111816
2602,0,-7.800000190734863,0.5989642143249512,6.814783096313477
2603,0,-7.800000190734863,0.5983036756515503,6.561768531799316
2604,1,7.800000190734863,0.5972629189491272,6.28361701965332
2605,0,-7.800000190734863,0.5939726829528809,6.6088457107543945
2606,0,-7.800000190734863,0.5990795493125916,6.3701910972595215
2607,0,-7.800000190734863,0.5934381484985352,6.72947883605957
2608,0,-7.800000190734863,0.5962351560592651,6.971988677978516
2609,0,-7.800000190734863,0.5985606908798218,6.5222344398498535
2610,0,-7.800000190734863,0.5936188697814941,6.976370334625244
2611,0,-7.800000190734863,0.5992778539657593,6.531911849975586
2612,1,7.849999904632568,0.5870643854141235,7.025959491729736
2613,1,7.849999904632568,0.5883989930152893,6.71708345413208
2614,0,-7.849999904632568,0.5899067521095276,7.035564422607422
2615,0,-7.849999904632568,0.5863466858863831,6.698051929473877
2616,0,-7.849999904632568,0.5907777547836304,6.905691623687744
2617,0,-7.849999904632568,0.5864573121070862,6.839008331298828
2618,0,-7.849999904632568,0.5907612442970276,7.158932209014893
2619,0,-7.849999904632568,0.5815309286117554,6.927274703979492
2620,0,-7.849999904632568,0.5888395309448242,6.74041748046875
2621,0,-7.849999904632568,0.580812394618988,7.2316718101501465
2622,0,-7.849999904632568,0.5918548703193665,6.916501522064209
2623,0,-7.849999904632568,0.5884342789649963,6.74470329284668
2624,0,-7.849999904632568,0.5890106558799744,7.024749279022217
2625,0,-7.849999904632568,0.5878793001174927,6.861123085021973
2626,0,-7.849999904632568,0.5826367139816284,7.51012659072876
2627,0,-7.849999904632568,0.5879257917404175,7.140084743499756
2628,0,-7.849999904632568,0.5869504809379578,6.743716239929199
2629,0,-7.849999904632568,0.5879343748092651,6.8573384284973145
2630,0,-7.849999904632568,0.585516095161438,7.108795166015625
2631,0,-7.849999904632568,0.589714765548706,6.947296142578125
2632,1,8.430000305175781,0.5988595485687256,7.790219306945801
2633,1,8.430000305175781,0.5991569757461548,7.894071102142334
2634,1,8.430000305175781,0.5997455716133118,7.731409549713135
2635,0,-8.430000305175781,0.6003942489624023,7.78127908706665
2636,0,-8.430000305175781,0.599288821220398,8.054213523864746
2637,0,-8.430000305175781,0.598325252532959,7.891630172729492
2638,0,-8.430000305175781,0.5999892354011536,7.76669979095459
2639,0,-8.430000305175781,0.5992034673690796,8.020480155944824
2640,0,-8.430000305175781,0.5997785925865173,7.508660793304443
2641,0,-8.430000305175781,0.5995221138000488,7.699591159820557
2642,1,7.590000152587891,0.5975169539451599,6.060196876525879
2643,1,7.590000152587891,0.5971871614456177,5.738961219787598
2644,0,-7.590000152587891,0.5853195786476135,6.164903163909912
2645,0,-7.590000152587891,0.5926347970962524,6.423928260803223
2646,0,-7.590000152587891,0.5948142409324646,5.682112216949463
2647,0,-7.590000152587891,0.5948169827461243,5.854715824127197
2648,0,-7.590000152587891,0.5940803289413452,5.954283714294434
2649,1,9.399999618530273,0.6041074395179749,6.703030586242676
2650,1,9.399999618530273,0.6041010022163391,6.740346431732178
2651,0,-9.399999618530273,0.603476881980896,6.904971599578857
2652,0,-9.399999618530273,0.6042991280555725,6.619022369384766
2653,0,-9.399999618530273,0.6059697270393372,6.631481647491455
2654,0,-9.399999618530273,0.6020853519439697,7.002407073974609
2655,0,-9.399999618530273,0.6006547212600708,6.8095879554748535
2656,0,-9.399999618530273,0.6043204069137573,6.765340328216553
2657,0,-9.399999618530273,0.6043074727058411,6.895290374755859
2658,0,-9.399999618530273,0.6029083132743835,6.842031955718994
2659,1,6.800000190734863,0.6152900457382202,6.6949567794799805
2660,1,6.800000190734863,0.6123978495597839,6.598783493041992
2661,0,-6.800000190734863,0.6087344288825989,6.6961164474487305
2662,0,-6.800000190734863,0.6102057099342346,6.743982791900635
2663,0,-6.800000190734863,0.6112580299377441,6.60775899887085
2664,0,-6.800000190734863,0.6123334765434265,6.558206081390381
2665,0,-6.800000190734863,0.6138946413993835,6.4204487800598145
2666,0,-6.800000190734863,0.6071881651878357,6.690702438354492
2667,0,-6.800000190734863,0.6075743436813354,6.689507484436035
2668,0,-6.800000190734863,0.6119455695152283,6.518217086791992
2669,0,-6.800000190734863,0.6145821213722229,6.452460765838623
2670,0,-6.800000190734863,0.6106492877006531,6.587789535522461
2671,1,4.889999866485596,0.6189513802528381,5.501798152923584
2672,1,4.889999866485596,0.6210573315620422,5.565586566925049
2673,0,-4.889999866485596,0.6209896802902222,5.754201889038086
2674,0,-4.889999866485596,0.619683563709259,5.684134483337402
2675,0,-4.889999866485596,0.6194019913673401,5.943287372589111
2676,1,4.889999866485596,0.620491623878479,5.2285308837890625
2677,0,-4.889999866485596,0.6205281615257263,5.522031307220459
2678,0,-4.889999866485596,0.6215434670448303,5.673618793487549
2679,0,-4.889999866485596,0.6209614276885986,5.568774223327637
2680,0,-4.889999866485596,0.6226538419723511,5.598302364349365
2681,0,-4.889999866485596,0.6193604469299316,5.631629943847656
2682,0,-4.889999866485596,0.6171351075172424,5.625024318695068
2683,0,-4.889999866485596,0.620267927646637,5.728291034698486
2684,0,-4.889999866485596,0.6174250841140747,5.704732894897461
2685,0,-4.889999866485596,0.6203433871269226,5.581082344055176
2686,0,-4.889999866485596,0.6218469738960266,5.323175430297852
2687,0,-4.889999866485596,0.6183424592018127,6.106443881988525
2688,0,-9.210000038146973,0.6047099232673645,7.0719804763793945
2689,1,9.210000038146973,0.6039676070213318,7.164203643798828
2690,0,-9.210000038146973,0.6048393249511719,7.117186069488525
2691,1,9.210000038146973,0.6038268208503723,7.149208068847656
2692,0,-9.210000038146973,0.6039800047874451,7.149221420288086
2693,0,-9.210000038146973,0.6062625050544739,6.920639991760254
2694,0,-9.210000038146973,0.6053748726844788,7.027548313140869
2695,0,-9.210000038146973,0.6056356430053711,7.0243072509765625
2696,0,-9.210000038146973,0.6041632890701294,7.200046539306641
2697,0,-9.210000038146973,0.6031550168991089,7.250313758850098
2698,0,-9.210000038146973,0.6049396395683289,7.175014019012451
2699,0,-9.210000038146973,0.6039667725563049,6.935640335083008
2700,0,-9.210000038146973,0.605426549911499,7.3687262535095215
2701,0,-9.210000038146973,0.6042338609695435,7.126156806945801
2702,0,-9.210000038146973,0.6025125980377197,7.1738996505737305
2703,0,-9.210000038146973,0.6025756001472473,7.069686412811279
2704,0,-9.210000038146973,0.6046139597892761,6.878947734832764
2705,0,-9.210000038146973,0.6041960120201111,6.987813949584961
2706,0,-7.699999809265137,0.625648558139801,5.830397605895996
2707,0,-7.699999809265137,0.625807523727417,5.558197021484375
2708,0,-7.699999809265137,0.625134289264679,5.753324508666992
2709,0,-7.699999809265137,0.6268307566642761,5.485119819641113
2710,0,-7.699999809265137,0.6235848665237427,5.726043224334717
2711,0,-7.699999809265137,0.6245962381362915,5.676546096801758
2712,1,6.900000095367432,0.6138367056846619,5.450926303863525
2713,1,6.900000095367432,0.6129061579704285,5.416036128997803
2714,1,6.900000095367432,0.6131836771965027,5.56786584854126
2715,0,-6.900000095367432,0.6067771911621094,5.378546714782715
2716,0,-6.900000095367432,0.6017635464668274,5.327789306640625
2717,0,-6.900000095367432,0.6104455590248108,6.042405605316162
2718,1,11.819999694824219,0.5984961986541748,7.670804023742676
2719,1,11.819999694824219,0.6012902855873108,7.895354747772217
2720,0,-11.819999694824219,0.6010183095932007,7.9739885330200195
2721,0,-11.819999694824219,0.5981469750404358,8.186822891235352
2722,0,-11.819999694824219,0.6005258560180664,7.504455089569092
2723,0,-11.819999694824219,0.6017810106277466,7.6598687171936035
2724,0,-11.819999694824219,0.5996372699737549,7.735040664672852
2725,0,-11.819999694824219,0.6043084859848022,7.3421711921691895
2726,0,-9.100000381469727,0.6105132102966309,6.808249473571777
2727,0,-9.100000381469727,0.6126366257667542,6.657645225524902
2728,0,-9.100000381469727,0.6116806268692017,6.493873596191406
2729,0,-9.100000381469727,0.6080988645553589,7.1647539138793945
2730,0,-9.100000381469727,0.6083478927612305,6.845046043395996
2731,0,-9.100000381469727,0.6105700135231018,6.537402153015137
2732,0,-9.100000381469727,0.6104337573051453,6.892618656158447
2733,1,9.100000381469727,0.6079996228218079,6.9245429039001465
2734,0,-9.100000381469727,0.6102109551429749,6.779087066650391
2735,0,-9.100000381469727,0.6088730692863464,6.886111736297607
2736,0,-9.100000381469727,0.608096718788147,7.189249515533447
2737,0,-9.100000381469727,0.6130577325820923,6.4531354904174805
2738,0,-9.100000381469727,0.6117932200431824,6.682191371917725
2739,0,-9.100000381469727,0.610355794429779,6.829704761505127
2740,0,-9.100000381469727,0.6100447177886963,6.804623603820801
2741,0,-9.100000381469727,0.6070273518562317,7.063534736633301
2742,0,-9.100000381469727,0.6056773662567139,7.148621082305908
2743,0,-9.100000381469727,0.6075007319450378,6.99375057220459
2744,0,-9.100000381469727,0.6081844568252563,6.929749011993408
2745,0,-9.100000381469727,0.6080124378204346,6.83965539932251
2746,1,8.399999618530273,0.5984811782836914,6.881741046905518
2747,1,8.399999618530273,0.6005542278289795,6.976538181304932
2748,0,-8.399999618530273,0.6014444828033447,6.282784461975098
2749,1,6.460000038146973,0.6071546673774719,6.819986343383789
2750,0,-6.460000038146973,0.6087713837623596,6.827054977416992
2751,0,-6.460000038146973,0.6073264479637146,7.157292366027832
2752,0,-6.460000038146973,0.6077619194984436,6.854522228240967
2753,0,-6.460000038146973,0.6089688539505005,6.7816081047058105
2754,0,-6.460000038146973,0.6078729033470154,6.801962852478027
2755,0,-6.460000038146973,0.6075434684753418,7.0570831298828125
2756,0,-6.460000038146973,0.6080617308616638,6.838149547576904
2757,0,-6.460000038146973,0.6091490387916565,6.655341625213623
2758,0,-6.460000038146973,0.6085984110832214,6.850926876068115
2759,0,-6.460000038146973,0.6067226529121399,6.940368175506592
2760,0,-6.460000038146973,0.6083634495735168,6.971771240234375
2761,0,-6.460000038146973,0.6059718132019043,7.318514347076416
2762,0,-6.460000038146973,0.6078720092773438,6.99962043762207
2763,0,-6.460000038146973,0.6082243323326111,6.873956203460693
2764,0,-6.460000038146973,0.6079627275466919,6.949006080627441
2765,0,-6.460000038146973,0.6075080633163452,6.999576568603516
2766,0,-6.460000038146973,0.6077443361282349,6.975733757019043
2767,0,-6.460000038146973,0.6068198680877686,6.853326797485352
2768,0,-6.460000038146973,0.6066879034042358,7.013484954833984
2769,0,-6.460000038146973,0.6067131757736206,7.159380912780762
2770,1,5.190000057220459,0.605939507484436,7.230099201202393
2771,1,5.190000057220459,0.6070390939712524,6.977530479431152
2772,0,-5.190000057220459,0.6059853434562683,7.095603942871094
2773,0,-5.190000057220459,0.6071652770042419,7.103490352630615
2774,0,-5.190000057220459,0.6073943376541138,6.933548927307129
2775,1,3.700000047683716,0.5921167731285095,5.28782844543457
2776,1,3.700000047683716,0.5965401530265808,5.091832637786865
2777,1,3.700000047683716,0.5940201878547668,5.356803894042969
2778,0,-3.700000047683716,0.5939270257949829,4.716960430145264
2779,0,-3.700000047683716,0.5953591465950012,5.380609035491943
2780,0,-3.700000047683716,0.5919052958488464,5.159066677093506
2781,0,-3.700000047683716,0.5948845148086548,4.996045112609863
2782,0,-3.700000047683716,0.590486466884613,4.784670829772949
2783,0,-3.700000047683716,0.6022840142250061,5.054971694946289
2784,0,-3.700000047683716,0.5926331877708435,5.101171493530273
2785,0,-3.700000047683716,0.593650758266449,5.2698869705200195
2786,0,-3.700000047683716,0.5996782183647156,5.000237941741943
2787,0,-3.700000047683716,0.5799229741096497,5.288416385650635
2788,1,6.849999904632568,0.6020429134368896,5.350164890289307
2789,1,6.849999904632568,0.6011579036712646,5.3281779289245605
2790,1,6.849999904632568,0.603155791759491,5.626021385192871
2791,0,-6.849999904632568,0.599035918712616,6.041722297668457
2792,0,-6.849999904632568,0.5986124277114868,6.309146404266357
2793,0,-6.849999904632568,0.5992618799209595,5.845980167388916
2794,0,-6.849999904632568,0.5969446897506714,5.538290977478027
2795,0,-6.849999904632568,0.6036133170127869,6.069653511047363
2796,0,-6.849999904632568,0.6006948947906494,6.16111421585083
2797,1,3.619999885559082,0.6147727370262146,5.657732963562012
2798,1,3.619999885559082,0.6102170944213867,6.1159162521362305
2799,0,-3.619999885559082,0.610482931137085,6.0984296798706055
2800,0,-3.619999885559082,0.6089035272598267,6.262608051300049
2801,0,-3.619999885559082,0.6035060882568359,5.684375762939453
2802,0,-3.619999885559082,0.6039299368858337,5.82855224609375
2803,0,-3.619999885559082,0.6046395301818848,6.230269908905029
2804,0,-3.619999885559082,0.6107931137084961,5.566833019256592
2805,0,-3.619999885559082,0.6042795777320862,5.659825325012207
2806,0,-3.619999885559082,0.6036050319671631,5.722914218902588
2807,0,-3.619999885559082,0.6088479161262512,6.12084436416626
2808,0,-3.619999885559082,0.5961068272590637,5.755380153656006
2809,0,-3.619999885559082,0.611443042755127,6.113857746124268
2810,0,-3.619999885559082,0.6034062504768372,5.688891887664795
2811,0,-3.619999885559082,0.6010520458221436,5.8470354080200195
2812,0,-3.619999885559082,0.6111900210380554,5.792398929595947
2813,0,-3.619999885559082,0.603179931640625,5.785473823547363
2814,0,-3.619999885559082,0.6096552014350891,6.113795280456543
2815,0,-3.619999885559082,0.6083909869194031,5.655847072601318
2816,0,-3.619999885559082,0.6070427298545837,6.080318450927734
2817,1,8.25,0.6019769906997681,8.227161407470703
2818,1,8.25,0.6019955277442932,8.204757690429688
2819,0,-8.25,0.6017770171165466,8.419090270996094
2820,1,3.569999933242798,0.5981974005699158,5.9948201179504395
2821,0,-3.569999933242798,0.6003285646438599,5.782240390777588
2822,1,3.569999933242798,0.6001543402671814,5.8122639656066895
2823,0,-3.569999933242798,0.6005043387413025,5.344448089599609
2824,0,-3.569999933242798,0.5975952744483948,6.194953441619873
2825,0,-3.569999933242798,0.6009440422058105,5.792662620544434
2826,0,-3.569999933242798,0.5990293025970459,6.036376476287842
2827,0,-3.569999933242798,0.5978583097457886,5.770443916320801
2828,0,-3.569999933242798,0.6005967855453491,5.6628217697143555
2829,0,-3.569999933242798,0.6006782054901123,5.79319429397583
2830,1,3.569999933242798,0.5987684726715088,5.988805770874023
2831,0,-3.569999933242798,0.6015331745147705,5.67912483215332
2832,0,-3.569999933242798,0.5998967885971069,5.814357757568359
2833,0,-3.569999933242798,0.5984957814216614,5.598031997680664
2834,0,-3.569999933242798,0.6003035306930542,5.473690509796143
2835,0,-3.569999933242798,0.6026666760444641,5.357544422149658
2836,0,-3.569999933242798,0.6049788594245911,5.104498863220215
2837,0,-3.569999933242798,0.6010733246803284,5.544764041900635
2838,0,-3.569999933242798,0.6000747680664062,5.647082328796387
2839,0,-3.569999933242798,0.6029828190803528,5.8933634757995605
2840,0,-3.569999933242798,0.598333477973938,5.934314727783203
2841,1,7.960000038146973,0.5932501554489136,8.77104663848877
2842,1,7.960000038146973,0.5936072468757629,8.633373260498047
2843,1,7.960000038146973,0.5922333598136902,8.62873649597168
2844,0,-7.960000038146973,0.5919812917709351,8.604665756225586
2845,0,-7.960000038146973,0.5936042666435242,8.642004013061523
2846,0,-7.960000038146973,0.5928431153297424,8.710287094116211
2847,0,-7.960000038146973,0.592979371547699,8.779233932495117
2848,1,9.270000457763672,0.607603132724762,6.602835178375244
2849,1,9.270000457763672,0.609260618686676,6.336095333099365
2850,1,9.270000457763672,0.6056593060493469,6.376585006713867
2851,1,2.4000000953674316,0.584800124168396,5.176302433013916
2852,1,2.4000000953674316,0.5831857919692993,5.185969829559326
2853,1,2.4000000953674316,0.5872829556465149,4.867675304412842
2854,0,-2.4000000953674316,0.5945660471916199,5.142873287200928
2855,0,-2.4000000953674316,0.5943043828010559,4.91196346282959
2856,0,-2.4000000953674316,0.5881335735321045,5.502335071563721
2857,0,-2.4000000953674316,0.597200334072113,5.433126449584961
2858,0,-2.4000000953674316,0.5956579446792603,5.231515407562256
2859,0,-2.4000000953674316,0.5917006134986877,4.860573768615723
2860,0,-2.4000000953674316,0.5899201035499573,5.17918586730957
2861,0,-2.4000000953674316,0.5882946848869324,5.4283061027526855
2862,0,-2.4000000953674316,0.5930372476577759,5.638332366943359
2863,0,-2.4000000953674316,0.5857445597648621,4.713045597076416
2864,0,-2.4000000953674316,0.5896639823913574,5.204862117767334
2865,1,9.039999961853027,0.602768063545227,7.859436988830566
2866,1,9.039999961853027,0.6034611463546753,7.8127641677856445
2867,0,-9.039999961853027,0.6020050644874573,8.007192611694336
2868,1,9.039999961853027,0.602459728717804,7.855103015899658
2869,0,-9.039999961853027,0.6029658317565918,7.625522136688232
2870,0,-9.039999961853027,0.6036573052406311,7.494184494018555
2871,0,-9.039999961853027,0.6026867628097534,8.065458297729492
2872,0,-9.039999961853027,0.6033815741539001,7.662200450897217
2873,0,-9.039999961853027,0.6028264760971069,7.59433650970459
2874,0,-9.039999961853027,0.6048694252967834,7.41465425491333
2875,0,-9.039999961853027,0.6034518480300903,7.545825004577637
2876,0,-9.039999961853027,0.6049487590789795,7.573871612548828
2877,1,6.320000171661377,0.5953211188316345,5.7067766189575195
2878,0,-6.320000171661377,0.5957541465759277,6.354935646057129
2879,0,-6.320000171661377,0.5992807745933533,6.311704158782959
2880,0,-6.320000171661377,0.5909037590026855,6.1405863761901855
2881,1,6.320000171661377,0.5952147245407104,5.628850936889648
2882,0,-6.320000171661377,0.5977778434753418,5.676754951477051
2883,0,-6.320000171661377,0.5969918966293335,5.411721229553223
2884,1,6.320000171661377,0.6036546230316162,6.351442337036133
2885,0,-6.320000171661377,0.5934932231903076,6.087502956390381
2886,0,-6.320000171661377,0.593431830406189,5.958456993103027
2887,0,-6.320000171661377,0.5940854549407959,6.117334365844727
2888,0,-6.320000171661377,0.5948627591133118,6.375467300415039
2889,0,-6.320000171661377,0.5917367935180664,5.044692039489746
2890,0,-6.320000171661377,0.5954121351242065,5.494025230407715
2891,0,-6.320000171661377,0.5945497155189514,5.897140979766846
2892,0,-6.320000171661377,0.5962772369384766,5.654538154602051
2893,0,-6.320000171661377,0.5995094776153564,6.558330059051514
2894,0,-6.320000171661377,0.5937945246696472,5.719527244567871
2895,0,-6.320000171661377,0.5994694828987122,5.622832775115967
2896,0,-6.320000171661377,0.5966640114784241,5.959766864776611
2897,0,-6.320000171661377,0.6024142503738403,6.739105701446533
2898,1,8.520000457763672,0.6035269498825073,7.020043849945068
2899,0,-8.520000457763672,0.6016809940338135,6.863977432250977
2900,0,-8.520000457763672,0.6028367877006531,6.873862266540527
2901,0,-8.520000457763672,0.604456901550293,6.96585750579834
2902,0,-8.520000457763672,0.6036322712898254,7.01448917388916
2903,0,-8.520000457763672,0.6030322313308716,7.236977577209473
2904,0,-8.520000457763672,0.6032558083534241,7.120617866516113
2905,0,-8.520000457763672,0.6038323044776917,6.93671989440918
2906,0,-8.520000457763672,0.6027384996414185,7.190855026245117
2907,0,-8.520000457763672,0.6036482453346252,7.176082611083984
2908,0,-8.520000457763672,0.6027676463127136,7.1660871505737305
2909,0,-8.520000457763672,0.6008484959602356,7.386778831481934
2910,0,-8.520000457763672,0.6042621731758118,7.055547714233398
2911,0,-8.520000457763672,0.6022220849990845,7.095316410064697
2912,0,-8.520000457763672,0.6018691658973694,7.4317193031311035
2913,0,-8.520000457763672,0.5994019508361816,7.350641250610352
2914,0,-8.520000457763672,0.6052787899971008,6.707871913909912
2915,0,-8.520000457763672,0.604924201965332,7.183327674865723
2916,0,-8.520000457763672,0.6032460927963257,7.210771083831787
2917,0,-8.520000457763672,0.6022166013717651,7.129859924316406
2918,0,-8.520000457763672,0.6054551005363464,6.803373336791992
2919,1,3.6600000858306885,0.6093732714653015,6.1965413093566895
2920,1,3.6600000858306885,0.610861599445343,6.203835487365723
2921,1,3.6600000858306885,0.6127344965934753,6.014221668243408
2922,0,-3.6600000858306885,0.6119868755340576,6.046792030334473
2923,1,3.6600000858306885,0.6116719245910645,6.2373552322387695
2924,0,-3.6600000858306885,0.61326664686203,5.821420192718506
2925,0,-3.6600000858306885,0.6121445298194885,5.6191301345825195
2926,0,-3.6600000858306885,0.6122629642486572,5.778290271759033
2927,0,-3.6600000858306885,0.6102993488311768,5.909593105316162
2928,0,-3.6600000858306885,0.6113700866699219,5.846009254455566
2929,0,-3.6600000858306885,0.6116712093353271,5.950145244598389
2930,0,-3.6600000858306885,0.6109662652015686,5.962375640869141
2931,0,-3.6600000858306885,0.6113156676292419,5.808196067810059
2932,1,3.6600000858306885,0.6122473478317261,6.013774394989014
2933,0,-3.6600000858306885,0.6129466891288757,5.916636943817139
2934,0,-3.6600000858306885,0.611441433429718,5.4975504875183105
2935,0,-3.6600000858306885,0.6117408871650696,6.024223804473877
2936,0,-3.6600000858306885,0.610902726650238,5.812794208526611
2937,0,-3.6600000858306885,0.6105283498764038,5.8605241775512695
2938,0,-3.6600000858306885,0.6123324632644653,5.755765438079834
2939,0,-3.6600000858306885,0.6114711165428162,5.820001125335693
2940,1,4.820000171661377,0.6196449398994446,4.908160209655762
2941,0,-4.820000171661377,0.60990309715271,4.282723903656006
2942,0,-4.820000171661377,0.6155089139938354,4.159911155700684
2943,0,-4.820000171661377,0.617712140083313,4.6437249183654785
2944,0,-4.820000171661377,0.6190056204795837,4.656264781951904
2945,1,4.820000171661377,0.6178783178329468,4.896679878234863
2946,0,-4.820000171661377,0.6166348457336426,4.75822114944458
2947,0,-4.820000171661377,0.6129413843154907,3.995143175125122
2948,0,-4.820000171661377,0.6196631193161011,5.1704792976379395
2949,0,-4.820000171661377,0.6180896759033203,4.754800319671631
2950,0,-4.820000171661377,0.6192435622215271,5.093805313110352
2951,0,-4.820000171661377,0.6185498237609863,4.562854766845703
2952,0,-4.820000171661377,0.6197226047515869,5.057999610900879
2953,0,-4.820000171661377,0.6156349182128906,4.688590049743652
2954,0,-4.820000171661377,0.6212886571884155,5.048433303833008
2955,0,-4.820000171661377,0.6177599430084229,4.680811882019043
2956,0,-4.820000171661377,0.6159077882766724,4.425168037414551
2957,0,-4.820000171661377,0.6192876696586609,5.064371109008789
2958,0,-4.820000171661377,0.6186536550521851,5.443204879760742
2959,1,4.820000171661377,0.6153427362442017,4.418343544006348
2960,0,-4.820000171661377,0.6186050176620483,4.583797454833984
2961,1,8.65999984741211,0.5935654640197754,5.995140075683594
2962,1,8.65999984741211,0.5867615342140198,6.41836404800415
2963,0,-8.65999984741211,0.5933704972267151,6.6691389083862305
2964,0,-8.65999984741211,0.5941022634506226,6.2143988609313965
2965,0,-8.65999984741211,0.5907425880432129,6.351432800292969
2966,0,-8.65999984741211,0.5900319218635559,6.440556049346924
2967,0,-8.65999984741211,0.5962427854537964,6.568299293518066
2968,0,-8.65999984741211,0.5922433137893677,6.753758907318115
2969,0,-8.65999984741211,0.5945727229118347,6.39584493637085
2970,0,-8.65999984741211,0.5975807309150696,6.364917755126953
2971,0,-8.65999984741211,0.5931167602539062,6.257977485656738
2972,0,-8.65999984741211,0.5931732058525085,6.172000885009766
2973,0,-8.65999984741211,0.5867156386375427,6.522490978240967
2974,1,10.170000076293945,0.5964656472206116,6.000352382659912
2975,1,10.170000076293945,0.5963757038116455,5.9775285720825195
2976,0,-10.170000076293945,0.5954585671424866,6.0097503662109375
2977,0,-10.170000076293945,0.5928090214729309,5.616030216217041
2978,0,-10.170000076293945,0.5913875102996826,5.731644630432129
2979,1,8.100000381469727,0.6051449179649353,6.262237071990967
2980,1,8.100000381469727,0.6053425073623657,6.12488317489624
2981,0,-8.100000381469727,0.6060589551925659,6.246393203735352
2982,1,8.100000381469727,0.6038739681243896,6.345577716827393
2983,0,-8.100000381469727,0.6047356128692627,6.538902282714844
2984,0,-8.100000381469727,0.6051696538925171,6.388020038604736
2985,0,-7.170000076293945,0.6053705215454102,7.289098739624023
2986,0,-7.170000076293945,0.6054106950759888,7.337861061096191
2987,0,-7.170000076293945,0.6062688827514648,7.169585227966309
2988,0,-7.170000076293945,0.6038139462471008,7.6072235107421875
2989,1,7.170000076293945,0.6061975955963135,6.773723602294922
2990,0,-7.170000076293945,0.6055147051811218,7.309757232666016
2991,0,-7.170000076293945,0.6068364977836609,7.136912822723389
2992,0,-7.170000076293945,0.6061953902244568,7.0875372886657715
2993,0,-7.170000076293945,0.605771541595459,7.039471626281738
2994,0,-7.170000076293945,0.6059844493865967,7.279658317565918
2995,0,-7.170000076293945,0.6058541536331177,7.431277275085449
2996,0,-7.170000076293945,0.6073662638664246,6.815197944641113
2997,0,-7.170000076293945,0.6070292592048645,6.875000476837158
2998,0,-7.170000076293945,0.6053956747055054,7.103480815887451
2999,0,-7.170000076293945,0.6052380800247192,7.174108505249023
3000,0,-7.170000076293945,0.6056683659553528,7.346620082855225
3001,0,-7.170000076293945,0.6061006188392639,7.222821235656738
3002,0,-7.170000076293945,0.6044273972511292,7.537899971008301
3003,0,-7.170000076293945,0.60606449842453,7.020864486694336
3004,0,-7.170000076293945,0.6053789854049683,7.447061538696289
3005,1,5.789999961853027,0.6023792028427124,6.988620281219482
3006,0,-5.789999961853027,0.5977180004119873,7.571413040161133
3007,1,5.789999961853027,0.6010153889656067,7.143811225891113
3008,0,-5.789999961853027,0.5963438153266907,7.648637294769287
3009,0,-5.789999961853027,0.6007084846496582,6.791049003601074
3010,0,-5.789999961853027,0.6008616089820862,7.294546604156494
3011,0,-5.789999961853027,0.5997886061668396,7.041951656341553
3012,0,-5.789999961853027,0.6007570028305054,6.819355010986328
3013,0,-5.789999961853027,0.5969157814979553,7.500662326812744
3014,0,-5.789999961853027,0.5964022874832153,7.842690944671631
3015,0,-5.789999961853027,0.5981869101524353,7.327837944030762
3016,0,-5.789999961853027,0.6006035804748535,7.325597286224365
3017,0,-5.789999961853027,0.5982896089553833,7.521229267120361
3018,0,-5.789999961853027,0.5964081287384033,7.894496917724609
3019,0,-5.789999961853027,0.5997936129570007,7.178005695343018
3020,0,-5.789999961853027,0.5998684167861938,7.086986541748047
3021,0,-5.789999961853027,0.600796639919281,6.920664310455322
3022,0,-5.789999961853027,0.5984708070755005,7.034150123596191
3023,0,-5.789999961853027,0.5992772579193115,7.568081378936768
3024,0,-5.789999961853027,0.5976795554161072,7.6571221351623535
3025,0,-5.789999961853027,0.6006150841712952,7.166116714477539
3026,1,7.800000190734863,0.6065170764923096,7.032526016235352
3027,1,7.800000190734863,0.6063316464424133,6.962648391723633
3028,1,7.800000190734863,0.60523921251297,6.80865478515625
3029,0,-7.800000190734863,0.606544554233551,6.842680931091309
3030,0,-7.800000190734863,0.6056196093559265,6.917964458465576
3031,0,-7.800000190734863,0.6060048341751099,6.917415142059326
3032,0,-7.800000190734863,0.6061580777168274,6.854483604431152
3033,0,-7.800000190734863,0.6047911047935486,7.177265644073486
3034,1,9.520000457763672,0.5990868806838989,6.980611801147461
3035,1,9.520000457763672,0.5988395810127258,6.977023124694824
3036,0,-9.520000457763672,0.5986331105232239,6.785519123077393
3037,1,3.0999999046325684,0.6085840463638306,3.881319284439087
3038,1,3.0999999046325684,0.6093573570251465,4.445138454437256
3039,0,-3.0999999046325684,0.6114616394042969,4.006617546081543
3040,0,-3.0999999046325684,0.6174026727676392,4.447273254394531
3041,0,-3.0999999046325684,0.6123497486114502,4.305769920349121
3042,0,-3.0999999046325684,0.6172900199890137,4.721083164215088
3043,0,-3.0999999046325684,0.6170333623886108,4.611606597900391
3044,0,-3.0999999046325684,0.617505669593811,4.8118815422058105
3045,0,-3.0999999046325684,0.6168162822723389,4.773739814758301
3046,0,-3.0999999046325684,0.6138920187950134,4.420858860015869
3047,0,-3.0999999046325684,0.6175794005393982,4.7702836990356445
3048,0,-3.0999999046325684,0.6157021522521973,4.62947940826416
3049,0,-3.0999999046325684,0.6215967535972595,4.873382091522217
3050,0,-3.0999999046325684,0.6192147135734558,4.915033340454102
3051,0,-3.0999999046325684,0.6152745485305786,4.555208683013916
3052,0,-3.0999999046325684,0.6130374073982239,4.482364654541016
3053,0,-3.0999999046325684,0.6206274628639221,4.941878318786621
3054,0,-3.0999999046325684,0.6204384565353394,4.9233293533325195
3055,0,-3.0999999046325684,0.61672443151474,4.48870849609375
3056,0,-3.0999999046325684,0.6181787252426147,5.026078224182129
3057,0,-3.0999999046325684,0.6212115287780762,5.214373588562012
3058,1,8.770000457763672,0.6018512845039368,6.97387170791626
3059,1,8.770000457763672,0.6028264164924622,7.134391784667969
3060,1,8.770000457763672,0.6014242768287659,7.154682159423828
3061,0,-8.770000457763672,0.6020205020904541,7.077938079833984
3062,0,-8.770000457763672,0.601585328578949,7.002355098724365
3063,1,2.890000104904175,0.6001014113426208,5.412851333618164
3064,0,-2.890000104904175,0.5932614207267761,5.139177322387695
3065,0,-2.890000104904175,0.5955336689949036,4.8456220626831055
3066,0,-2.890000104904175,0.5961076021194458,5.132592678070068
3067,0,-2.890000104904175,0.5981889367103577,5.131239891052246
3068,0,-2.890000104904175,0.5962955355644226,5.371045112609863
3069,0,-2.890000104904175,0.5979074239730835,4.875860214233398
3070,0,-2.890000104904175,0.5964055061340332,5.307268142700195
3071,0,-2.890000104904175,0.5974370241165161,5.487718105316162
3072,1,2.890000104904175,0.6014496684074402,5.38565731048584
3073,0,-2.890000104904175,0.5916604995727539,4.967700958251953
3074,0,-2.890000104904175,0.5970264077186584,5.283529281616211
3075,0,-2.890000104904175,0.5964450240135193,3.911623001098633
3076,0,-2.890000104904175,0.5990709662437439,5.556091785430908
3077,0,-2.890000104904175,0.5971663594245911,5.3634934425354
3078,0,-2.890000104904175,0.596183717250824,5.134479522705078
3079,0,-2.890000104904175,0.5985084176063538,4.809450149536133
3080,0,-2.890000104904175,0.6009770035743713,5.443919658660889
3081,0,-2.890000104904175,0.5994381904602051,6.159102916717529
3082,0,-2.890000104904175,0.5922660827636719,4.887273788452148
3083,0,-2.890000104904175,0.598959743976593,5.54820442199707
3084,1,2.9200000762939453,0.6052118539810181,6.660902976989746
3085,0,-2.9200000762939453,0.6019408702850342,6.9131059646606445
3086,0,-2.9200000762939453,0.6009989976882935,6.7212724685668945
3087,0,-2.9200000762939453,0.6042383909225464,6.607945442199707
3088,1,2.9200000762939453,0.6054337620735168,6.321662902832031
3089,0,-2.9200000762939453,0.5994970798492432,6.272586822509766
3090,0,-2.9200000762939453,0.6058419942855835,6.399908542633057
3091,0,-2.9200000762939453,0.5980449914932251,6.509095191955566
3092,0,-2.9200000762939453,0.5936606526374817,6.672257423400879
3093,0,-2.9200000762939453,0.6034548282623291,6.385858535766602
3094,0,-2.9200000762939453,0.6029143333435059,6.339570999145508
3095,0,-2.9200000762939453,0.6002522706985474,6.999423980712891
3096,0,-2.9200000762939453,0.5968596935272217,6.261003494262695
3097,0,-2.9200000762939453,0.5984308123588562,6.556784152984619
3098,0,-2.9200000762939453,0.5980015397071838,6.572833061218262
3099,0,-2.9200000762939453,0.6042026877403259,6.896660804748535
3100,1,6.5,0.6101346611976624,6.561224937438965
3101,1,6.5,0.6102361679077148,6.35145902633667
3102,0,-6.5,0.60946124792099,6.353315353393555
3103,0,-6.5,0.6122325658798218,6.401273727416992
3104,0,-6.5,0.6103594303131104,5.828036785125732
3105,0,-6.5,0.6090565919876099,6.8245368003845215
3106,0,-6.5,0.6081889271736145,6.649995803833008
3107,0,-6.5,0.6110038757324219,6.5328826904296875
3108,0,-6.5,0.6113094687461853,6.511137008666992
3109,1,5.369999885559082,0.6110396981239319,6.844560146331787
3110,0,-5.369999885559082,0.609870970249176,7.052637100219727
3111,1,5.369999885559082,0.6113533973693848,6.677542686462402
3112,0,-5.369999885559082,0.6099944710731506,6.787581443786621
3113,0,-5.369999885559082,0.608069121837616,6.991851806640625
3114,0,-5.369999885559082,0.607763946056366,6.929634094238281
3115,0,-5.369999885559082,0.6096630096435547,7.077083110809326
3116,0,-5.369999885559082,0.6127119660377502,6.769691467285156
3117,1,6.480000019073486,0.6080338954925537,7.290864944458008
3118,0,-6.480000019073486,0.6097025275230408,7.0425286293029785
3119,0,-6.480000019073486,0.6055030822753906,7.286753177642822
3120,0,-6.480000019073486,0.6075189113616943,6.955559253692627
3121,1,6.480000019073486,0.6078315377235413,7.298365116119385
3122,1,6.480000019073486,0.6053555607795715,7.569554328918457
3123,0,-6.480000019073486,0.6084336042404175,7.0906548500061035
3124,0,-6.480000019073486,0.6101493239402771,6.931712627410889
3125,0,-6.480000019073486,0.6071686148643494,7.448642730712891
3126,0,-6.480000019073486,0.6089816689491272,7.025991439819336
3127,1,5.099999904632568,0.6013657450675964,4.463327884674072
3128,1,5.099999904632568,0.6013661623001099,4.465149879455566
3129,0,-5.099999904632568,0.605361819267273,4.601836681365967
3130,0,-5.099999904632568,0.606406033039093,4.691221237182617
3131,1,5.099999904632568,0.6055079102516174,4.4311089515686035
3132,1,5.099999904632568,0.60546875,4.391720294952393
3133,0,-5.099999904632568,0.6055615544319153,4.433783531188965
3134,0,-5.099999904632568,0.6007040739059448,4.440268039703369
3135,0,-5.099999904632568,0.5966672897338867,3.7571661472320557
3136,0,-5.099999904632568,0.6037343740463257,4.108762741088867
3137,0,-5.099999904632568,0.6019124388694763,4.251972198486328
3138,0,-5.099999904632568,0.6072983145713806,4.154475212097168
3139,0,-5.099999904632568,0.6011239886283875,4.122255325317383
3140,0,-5.099999904632568,0.6015504002571106,4.2822465896606445
3141,0,-5.099999904632568,0.6033980250358582,4.439223766326904
3142,0,-5.099999904632568,0.5984561443328857,4.28792142868042
3143,0,-5.099999904632568,0.6063684225082397,4.223093032836914
3144,0,-5.099999904632568,0.5976384878158569,3.74656343460083
3145,0,-5.099999904632568,0.5991201400756836,4.109494209289551
3146,0,-5.099999904632568,0.6049863696098328,4.1876068115234375
3147,1,4.659999847412109,0.6067602634429932,6.579207420349121
3148,0,-4.659999847412109,0.6062508225440979,7.063423156738281
3149,0,-4.659999847412109,0.6070495843887329,6.337978363037109
3150,0,-4.659999847412109,0.6074819564819336,6.257400035858154
3151,0,-4.659999847412109,0.6060373783111572,6.782200336456299
3152,0,-4.659999847412109,0.6057806611061096,6.693810939788818
3153,1,4.659999847412109,0.6069372892379761,6.3757476806640625
3154,0,-4.659999847412109,0.6069738864898682,6.447756290435791
3155,0,-4.659999847412109,0.6058852672576904,6.703336238861084
3156,0,-4.659999847412109,0.6018346548080444,6.741529941558838
3157,0,-4.659999847412109,0.6065929532051086,6.7043843269348145
3158,0,-4.659999847412109,0.6055503487586975,6.645525932312012
3159,0,-4.659999847412109,0.6092233657836914,6.412847518920898
3160,0,-4.659999847412109,0.6069957613945007,6.4076337814331055
3161,0,-4.659999847412109,0.6063696146011353,6.3447041511535645
3162,0,-4.659999847412109,0.6049551367759705,6.917679309844971
3163,0,-4.659999847412109,0.6072399616241455,6.392500400543213
3164,0,-4.659999847412109,0.6026517152786255,6.839433670043945
3165,0,-4.659999847412109,0.6017346978187561,6.478764057159424
3166,1,2.069999933242798,0.6016649007797241,3.768475294113159
3167,1,2.069999933242798,0.6019057035446167,3.5120649337768555
3168,1,2.069999933242798,0.6029685139656067,3.9528427124023438
3169,1,2.069999933242798,0.6019017100334167,3.8751018047332764
3170,0,-2.069999933242798,0.6013645529747009,3.8276569843292236
3171,0,-2.069999933242798,0.6001240611076355,3.6568357944488525
3172,0,-2.069999933242798,0.5999439358711243,3.3721625804901123
3173,0,-2.069999933242798,0.6054189205169678,4.321175575256348
3174,0,-2.069999933242798,0.6014013290405273,3.8459672927856445
3175,0,-2.069999933242798,0.6040070056915283,3.879289150238037
3176,0,-2.069999933242798,0.6024854779243469,3.5257205963134766
3177,0,-2.069999933242798,0.6034535765647888,3.4266016483306885
3178,0,-2.069999933242798,0.5979651808738708,3.3498620986938477
3179,0,-2.069999933242798,0.60323566198349,4.181452751159668
3180,0,-2.069999933242798,0.6038408875465393,3.8701701164245605
3181,0,-2.069999933242798,0.601931631565094,4.15702486038208
3182,0,-2.069999933242798,0.6039870381355286,3.783506155014038
3183,0,-2.069999933242798,0.601379930973053,3.5432188510894775
3184,0,-2.069999933242798,0.59744793176651,3.2683470249176025
3185,0,-2.069999933242798,0.6007118821144104,3.4242377281188965
3186,1,10.920000076293945,0.5966033935546875,7.848925590515137
3187,1,10.920000076293945,0.5959828495979309,7.940014839172363
3188,0,-10.920000076293945,0.5960947275161743,8.000465393066406
3189,0,-10.920000076293945,0.5979366302490234,7.779833793640137
3190,0,-10.920000076293945,0.5978687405586243,7.959245681762695
3191,0,-10.920000076293945,0.5967650413513184,7.977560997009277
3192,0,-10.920000076293945,0.5961011648178101,7.810032844543457
3193,0,-10.920000076293945,0.596166729927063,7.846782684326172
3194,0,-10.920000076293945,0.597562313079834,7.782959938049316
3195,0,-10.920000076293945,0.5992140769958496,8.027691841125488
3196,0,-10.920000076293945,0.596962571144104,8.15442180633545
3197,0,-10.920000076293945,0.5966311097145081,8.104256629943848
3198,0,-10.920000076293945,0.5989224314689636,8.16774845123291
3199,0,-10.920000076293945,0.6002578735351562,7.7010650634765625
3200,0,-10.920000076293945,0.5992164611816406,7.949223041534424
3201,0,-10.920000076293945,0.5988573431968689,8.02451229095459
3202,0,-10.920000076293945,0.5979068875312805,7.874295711517334
3203,0,-10.920000076293945,0.596574604511261,7.916192054748535
3204,0,-10.920000076293945,0.5958635807037354,7.958887577056885
3205,0,-10.920000076293945,0.5965206027030945,7.736620903015137
3206,1,8.0,0.5983660221099854,8.344188690185547
3207,1,8.0,0.5991024374961853,8.248995780944824
3208,1,8.0,0.5977562665939331,8.39437484741211
3209,0,-8.0,0.5984629392623901,8.532562255859375
3210,1,2.819999933242798,0.604117751121521,6.398041248321533
3211,0,-2.819999933242798,0.6048456430435181,6.114384174346924
3212,0,-2.819999933242798,0.6109023690223694,6.186763763427734
3213,0,-2.819999933242798,0.6061996817588806,6.51021146774292
3214,1,2.819999933242798,0.6073607802391052,6.72080135345459
3215,0,-2.819999933242798,0.6046489477157593,6.435442924499512
3216,1,2.819999933242798,0.6102415919303894,6.611804008483887
3217,0,-2.819999933242798,0.6077418923377991,6.06856632232666
3218,0,-2.819999933242798,0.6060044765472412,6.008432865142822
3219,0,-2.819999933242798,0.6053541302680969,6.572390556335449
3220,0,-2.819999933242798,0.6012334227561951,5.907539367675781
3221,0,-2.819999933242798,0.6025782823562622,5.7082200050354
3222,0,-2.819999933242798,0.605478048324585,6.2056965827941895
3223,0,-2.819999933242798,0.6025948524475098,6.411596298217773
3224,0,-2.819999933242798,0.6059554815292358,6.389749050140381
3225,0,-2.819999933242798,0.6011695861816406,6.394618034362793
3226,0,-2.819999933242798,0.6040554642677307,6.370009422302246
3227,0,-2.819999933242798,0.5999581813812256,6.532060146331787
3228,0,-2.819999933242798,0.6055848002433777,6.29250955581665
3229,0,-2.819999933242798,0.6055580973625183,6.252438545227051
3230,0,-2.819999933242798,0.6036345362663269,5.971938133239746
3231,1,3.0999999046325684,0.5721165537834167,3.8646321296691895
3232,0,-3.0999999046325684,0.5767233967781067,3.999821186065674
3233,0,-3.0999999046325684,0.5743510127067566,3.327518939971924
3234,0,-3.0999999046325684,0.5701414942741394,3.3706467151641846
3235,0,-3.0999999046325684,0.5708835124969482,3.248413562774658
3236,0,-3.0999999046325684,0.5766234397888184,4.539597988128662
3237,0,-3.0999999046325684,0.5733125805854797,4.148133277893066
3238,0,-3.0999999046325684,0.572758674621582,3.0236265659332275
3239,0,-3.0999999046325684,0.572814404964447,2.7160720825195312
3240,0,-3.0999999046325684,0.5764477849006653,3.737154483795166
3241,0,-3.0999999046325684,0.5752100348472595,4.018999099731445
3242,0,-3.0999999046325684,0.5747008919715881,3.5635087490081787
3243,0,-3.0999999046325684,0.5725599527359009,3.7684519290924072
3244,0,-3.0999999046325684,0.574661910533905,3.0603301525115967
3245,0,-3.0999999046325684,0.5719240307807922,4.286808013916016
3246,0,-3.0999999046325684,0.5714978575706482,3.48724365234375
3247,0,-3.0999999046325684,0.5736718773841858,3.7381656169891357
3248,0,-3.0999999046325684,0.5746863484382629,3.340810537338257
3249,0,-3.0999999046325684,0.5770356059074402,4.050808906555176
3250,0,-3.0999999046325684,0.5735093355178833,3.675240993499756
3251,0,-3.0999999046325684,0.5768568515777588,3.883554458618164
3252,1,2.890000104904175,0.6195313334465027,5.162312030792236
3253,1,2.890000104904175,0.6213626861572266,5.118831634521484
3254,1,2.890000104904175,0.6204869151115417,5.040402412414551
3255,1,2.890000104904175,0.6205049157142639,5.080260753631592
3256,0,-2.890000104904175,0.6202582120895386,5.100246906280518
3257,0,-2.890000104904175,0.6202316880226135,5.09868049621582
3258,0,-2.890000104904175,0.620108962059021,5.126275062561035
3259,0,-2.890000104904175,0.6214790940284729,5.133532524108887
3260,1,2.890000104904175,0.6205478310585022,5.10545539855957
3261,0,-2.890000104904175,0.6200111508369446,5.11324405670166
3262,0,-2.890000104904175,0.6217019557952881,5.1974687576293945
3263,0,-2.890000104904175,0.6196261048316956,5.027222156524658
3264,0,-2.890000104904175,0.6201577186584473,5.10932731628418
3265,0,-2.890000104904175,0.6209009885787964,5.1519551277160645
3266,0,-2.890000104904175,0.6204392313957214,5.070534706115723
3267,0,-2.890000104904175,0.6197216510772705,5.030630588531494
3268,0,-2.890000104904175,0.6211345791816711,5.026705741882324
3269,0,-2.890000104904175,0.6202898025512695,5.035214900970459
3270,0,-2.890000104904175,0.6195127367973328,5.061478137969971
3271,0,-2.890000104904175,0.6205902695655823,5.129013538360596
3272,0,-2.890000104904175,0.6191210746765137,5.070308208465576
3273,1,9.460000038146973,0.6029245853424072,8.142277717590332
3274,1,9.460000038146973,0.6028701663017273,8.156346321105957
3275,0,-9.460000038146973,0.6020017266273499,8.45921516418457
3276,1,2.2799999713897705,0.5770937204360962,6.068743705749512
3277,0,-2.2799999713897705,0.572064995765686,5.435362815856934
3278,0,-2.2799999713897705,0.5768980979919434,5.704737663269043
3279,0,-2.2799999713897705,0.5717533230781555,5.736813068389893
3280,0,-2.2799999713897705,0.5668578743934631,5.937314033508301
3281,0,-2.2799999713897705,0.5690831542015076,5.626034259796143
3282,0,-2.2799999713897705,0.5709297060966492,5.726880073547363
3283,0,-2.2799999713897705,0.5747213959693909,5.8112616539001465
3284,0,-2.2799999713897705,0.5691763758659363,5.649981498718262
3285,0,-2.2799999713897705,0.572575032711029,5.75459623336792
3286,0,-2.2799999713897705,0.5723244547843933,5.70323371887207
3287,0,-2.2799999713897705,0.5751041173934937,5.7275261878967285
3288,0,-2.2799999713897705,0.5741807818412781,5.72572135925293
3289,0,-2.2799999713897705,0.5790001749992371,5.885468482971191
3290,0,-2.2799999713897705,0.5708667039871216,5.658339023590088
3291,0,-2.2799999713897705,0.5633447766304016,5.307920455932617
3292,0,-2.2799999713897705,0.5736754536628723,5.662746906280518
3293,0,-2.2799999713897705,0.5602503418922424,5.604252338409424
3294,0,-2.2799999713897705,0.5657108426094055,5.663813591003418
3295,0,-2.2799999713897705,0.5662883520126343,5.416250228881836
3296,0,-2.2799999713897705,0.5722672939300537,5.978795528411865
3297,1,6.510000228881836,0.5971247553825378,6.566361904144287
3298,0,-6.510000228881836,0.597021222114563,6.587491035461426
3299,0,-6.510000228881836,0.6003131866455078,6.37550163269043
3300,1,6.510000228881836,0.5994656682014465,6.588200569152832
3301,0,-6.510000228881836,0.5964696407318115,6.311561107635498
3302,0,-6.510000228881836,0.6003653407096863,6.018052577972412
3303,0,-6.510000228881836,0.598239004611969,6.140008926391602
3304,0,-6.510000228881836,0.5986212491989136,6.565998554229736
3305,0,-6.510000228881836,0.597003161907196,6.397560119628906
3306,0,-6.510000228881836,0.5953079462051392,6.784849166870117
3307,0,-6.510000228881836,0.5977011919021606,6.167722225189209
3308,0,-6.510000228881836,0.5978707075119019,6.279102802276611
3309,0,-6.510000228881836,0.5993305444717407,6.043485164642334
3310,0,-6.510000228881836,0.5937857031822205,6.669947147369385
3311,0,-6.510000228881836,0.5966376066207886,6.575632095336914
3312,0,-6.510000228881836,0.5996457934379578,6.56191873550415
3313,0,-6.510000228881836,0.5987862944602966,6.562549591064453
3314,0,-6.510000228881836,0.593946099281311,6.433269023895264
3315,0,-6.510000228881836,0.5961756110191345,6.4849677085876465
3316,0,-6.510000228881836,0.5965286493301392,6.2934956550598145
3317,0,-6.510000228881836,0.5942303538322449,6.200398921966553
3318,1,5.139999866485596,0.6048466563224792,7.424361705780029
3319,0,-5.139999866485596,0.6076942086219788,7.002081871032715
3320,0,-5.139999866485596,0.6062642335891724,7.113438129425049
3321,0,-5.139999866485596,0.6062690019607544,6.717811584472656
3322,1,5.139999866485596,0.6066193580627441,6.9953131675720215
3323,0,-5.139999866485596,0.6058149933815002,7.171084403991699
3324,1,5.139999866485596,0.6053560376167297,7.129971981048584
3325,0,-5.139999866485596,0.607046365737915,6.695527076721191
3326,0,-5.139999866485596,0.6069492697715759,6.847483158111572
3327,0,-5.139999866485596,0.6070106029510498,6.844759941101074
3328,0,-5.139999866485596,0.605408251285553,7.2849602699279785
3329,0,-5.139999866485596,0.6060724258422852,7.074402809143066
3330,0,-5.139999866485596,0.6060971021652222,6.911371231079102
3331,0,-5.139999866485596,0.6047769784927368,7.36212158203125
3332,0,-5.139999866485596,0.6051347851753235,7.072096347808838
3333,0,-5.139999866485596,0.6053110957145691,7.1785688400268555
3334,0,-5.139999866485596,0.6043633222579956,7.1218390464782715
3335,0,-5.139999866485596,0.6051098108291626,7.125816345214844
3336,0,-5.139999866485596,0.6044722199440002,7.3067402839660645
3337,0,-5.139999866485596,0.6054720282554626,7.222712516784668
3338,0,-5.139999866485596,0.6060912609100342,6.988982200622559
3339,1,4.860000133514404,0.6066151857376099,7.252041339874268
3340,0,-4.860000133514404,0.6061236262321472,7.19339656829834
3341,1,4.860000133514404,0.6048564314842224,7.365544319152832
3342,0,-4.860000133514404,0.6060026288032532,7.068585395812988
3343,0,-4.860000133514404,0.6051956415176392,7.180095195770264
3344,1,4.860000133514404,0.6048779487609863,7.4604339599609375
3345,0,-4.860000133514404,0.6064351797103882,6.918131351470947
3346,0,-4.860000133514404,0.6055310368537903,7.183529853820801
3347,0,-4.860000133514404,0.605615496635437,7.2160444259643555
3348,0,-4.860000133514404,0.6044943928718567,7.262437343597412
3349,0,-4.860000133514404,0.6057289838790894,7.020212650299072
3350,0,-4.860000133514404,0.6063247323036194,7.101478099822998
3351,0,-4.860000133514404,0.6056985259056091,7.033351898193359
3352,0,-4.860000133514404,0.6046462655067444,7.213781356811523
3353,0,-4.860000133514404,0.6062593460083008,7.032112121582031
3354,0,-4.860000133514404,0.6058021187782288,6.994899272918701
3355,0,-4.860000133514404,0.6065532565116882,6.917357444763184
3356,0,-4.860000133514404,0.6057539582252502,7.133485794067383
3357,0,-4.860000133514404,0.6055511832237244,7.273113250732422
3358,0,-4.860000133514404,0.6054338812828064,7.307714462280273
3359,0,-4.860000133514404,0.6063243746757507,7.355932235717773
3360,1,7.960000038146973,0.6042135953903198,7.141387939453125
3361,1,7.960000038146973,0.604543924331665,6.927291393280029
3362,0,-7.960000038146973,0.6038557291030884,6.8118462562561035
3363,0,-7.960000038146973,0.604607880115509,6.955226421356201
3364,0,-7.960000038146973,0.6053547263145447,7.127863883972168
3365,1,6.539999961853027,0.5998442769050598,7.2722601890563965
3366,0,-6.539999961853027,0.600648045539856,7.3729658126831055
3367,0,-6.539999961853027,0.5996991991996765,7.526307106018066
3368,0,-6.539999961853027,0.6001006960868835,7.338738441467285
3369,0,-6.539999961853027,0.6006581783294678,7.509437561035156
3370,0,-6.539999961853027,0.5993307828903198,7.570250511169434
3371,0,-6.539999961853027,0.5994937419891357,7.35501766204834
3372,1,6.539999961853027,0.600581169128418,7.747567176818848
3373,0,-6.539999961853027,0.6019936800003052,7.814349174499512
3374,0,-6.539999961853027,0.6011361479759216,7.677080154418945
3375,0,-6.539999961853027,0.6003126502037048,7.675774097442627
3376,0,-6.539999961853027,0.5991730690002441,7.728992938995361
3377,0,-6.539999961853027,0.5992408990859985,7.524456977844238
3378,0,-6.539999961853027,0.5984601378440857,7.56983757019043
3379,0,-6.539999961853027,0.6016063094139099,7.666491985321045
3380,0,-6.539999961853027,0.6024218797683716,7.271746635437012
3381,0,-6.539999961853027,0.6014972925186157,7.623995304107666
3382,0,-6.539999961853027,0.5999022722244263,7.290990829467773
3383,0,-6.539999961853027,0.6000123620033264,7.502948760986328
3384,0,-6.539999961853027,0.5991255044937134,7.5392961502075195
3385,0,-6.539999961853027,0.6013378500938416,7.53053092956543
3386,1,5.71999979019165,0.6036944389343262,7.120224475860596
3387,1,5.71999979019165,0.6024200320243835,7.23398494720459
3388,1,5.71999979019165,0.6013644933700562,7.641160011291504
3389,0,-5.71999979019165,0.6010896563529968,7.272101879119873
3390,0,-5.71999979019165,0.6013665795326233,7.239229202270508
3391,0,-5.71999979019165,0.6006134748458862,7.360084533691406
3392,0,-5.71999979019165,0.6019487380981445,7.249069690704346
3393,0,-5.71999979019165,0.6020107865333557,7.476421356201172
3394,0,-5.71999979019165,0.60395747423172,7.123586177825928
3395,0,-5.71999979019165,0.6013224124908447,7.502626895904541
3396,0,-5.71999979019165,0.6019861102104187,7.1068549156188965
3397,0,-5.71999979019165,0.6010528206825256,7.315100193023682
3398,0,-5.71999979019165,0.6005318760871887,7.806642055511475
3399,0,-5.71999979019165,0.6014503240585327,7.597665786743164
3400,0,-5.71999979019165,0.6012001633644104,7.52218770980835
3401,0,-5.71999979019165,0.6021617650985718,7.571779727935791
3402,0,-5.71999979019165,0.6016422510147095,7.218108654022217
3403,0,-5.71999979019165,0.6030296087265015,7.290130138397217
3404,0,-5.71999979019165,0.6010003685951233,7.8741679191589355
3405,0,-5.71999979019165,0.600475013256073,7.000454902648926
3406,0,-5.71999979019165,0.6010445356369019,7.592452049255371
3407,1,2.9600000381469727,0.6155652403831482,5.075064659118652
3408,0,-2.9600000381469727,0.614600658416748,5.356327533721924
3409,0,-2.9600000381469727,0.6145923733711243,5.295934677124023
3410,0,-2.9600000381469727,0.6152481436729431,5.521633148193359
3411,0,-2.9600000381469727,0.6167283058166504,5.064001083374023
3412,0,-2.9600000381469727,0.6154945492744446,5.421565532684326
3413,0,-2.9600000381469727,0.6169978380203247,5.316267967224121
3414,1,2.9600000381469727,0.6160085201263428,5.124485969543457
3415,0,-2.9600000381469727,0.615073025226593,5.430171966552734
3416,0,-2.9600000381469727,0.6151220202445984,5.4325947761535645
3417,0,-2.9600000381469727,0.6135491132736206,5.124323844909668
3418,0,-2.9600000381469727,0.6173058152198792,5.554584980010986
3419,0,-2.9600000381469727,0.6167053580284119,5.201822757720947
3420,0,-2.9600000381469727,0.6152169704437256,5.520684242248535
3421,0,-2.9600000381469727,0.6138803958892822,5.3734354972839355
3422,0,-2.9600000381469727,0.6159847974777222,5.321372032165527
3423,0,-2.9600000381469727,0.6161828637123108,5.370875358581543
3424,0,-2.9600000381469727,0.6128445267677307,5.588985919952393
3425,0,-2.9600000381469727,0.6154513359069824,5.264671325683594
3426,0,-2.9600000381469727,0.6146301627159119,5.5143938064575195
3427,0,-2.9600000381469727,0.6141974329948425,5.5124592781066895
3428,1,6.940000057220459,0.604356050491333,7.5480427742004395
3429,1,6.940000057220459,0.6043886542320251,7.54586124420166
3430,0,-6.940000057220459,0.6045156121253967,7.548168659210205
3431,0,-6.940000057220459,0.6043158173561096,7.532611846923828
3432,0,-6.940000057220459,0.6044501662254333,7.54856014251709
3433,0,-6.940000057220459,0.6043204069137573,7.524015426635742
3434,0,-6.940000057220459,0.6045594215393066,7.364121437072754
3435,0,-6.940000057220459,0.6045292019844055,7.397950172424316
3436,1,7.199999809265137,0.5822352170944214,7.6577935218811035
3437,0,-7.199999809265137,0.5824986100196838,7.721170425415039
3438,0,-7.199999809265137,0.58497154712677,7.664669513702393
3439,0,-7.199999809265137,0.5883752107620239,7.830658435821533
3440,0,-7.199999809265137,0.5901313424110413,7.666168689727783
3441,0,-7.199999809265137,0.5857938528060913,7.636923789978027
3442,0,-7.199999809265137,0.5866813659667969,7.803579330444336
3443,0,-7.199999809265137,0.5865437984466553,7.644810199737549
3444,0,-7.199999809265137,0.5835120677947998,7.7449445724487305
3445,0,-7.199999809265137,0.5887627005577087,7.774674415588379
3446,0,-7.199999809265137,0.5878321528434753,7.692211151123047
3447,0,-7.199999809265137,0.5859153270721436,7.860029220581055
3448,0,-7.199999809265137,0.582460343837738,7.715743541717529
3449,0,-7.199999809265137,0.5887921452522278,7.906888484954834
3450,0,-7.199999809265137,0.5835184454917908,7.959988594055176
3451,0,-7.199999809265137,0.5857160091400146,7.829185485839844
3452,1,4.760000228881836,0.6057812571525574,7.194398880004883
3453,1,4.760000228881836,0.6059294939041138,7.072967052459717
3454,0,-4.760000228881836,0.6036894917488098,6.853559970855713
3455,0,-4.760000228881836,0.603884756565094,6.923636436462402
3456,1,4.760000228881836,0.6033705472946167,7.14106559753418
3457,0,-4.760000228881836,0.6053578853607178,7.2187910079956055
3458,1,6.119999885559082,0.5600764155387878,6.292396545410156
3459,1,6.119999885559082,0.5632269382476807,6.287558078765869
3460,0,-6.119999885559082,0.5634834170341492,6.282703399658203
3461,0,-6.119999885559082,0.5594597458839417,6.091592788696289
3462,0,-6.119999885559082,0.5625807642936707,6.170966625213623
3463,0,-6.119999885559082,0.5593761801719666,6.225814342498779
3464,0,-6.119999885559082,0.5610591769218445,6.117158889770508
3465,0,-6.119999885559082,0.5637048482894897,6.049766540527344
3466,0,-6.119999885559082,0.5626929998397827,6.188259601593018
3467,0,-6.119999885559082,0.5626996159553528,6.28125524520874
3468,0,-6.119999885559082,0.5637089610099792,6.227268695831299
3469,0,-6.119999885559082,0.5604997873306274,6.179534912109375
3470,0,-6.119999885559082,0.5609527826309204,6.218132019042969
3471,0,-6.119999885559082,0.5628344416618347,6.10750675201416
3472,0,-6.119999885559082,0.5577975511550903,6.160195827484131
3473,0,-6.119999885559082,0.5608721375465393,6.181121826171875
3474,0,-6.119999885559082,0.5612631440162659,6.141207218170166
3475,0,-6.119999885559082,0.5613790154457092,6.2606306076049805
3476,0,-6.119999885559082,0.558538019657135,6.226431369781494
3477,0,-6.119999885559082,0.5612296462059021,5.965916633605957
3478,0,-6.119999885559082,0.5541132688522339,6.057563304901123
3479,1,4.110000133514404,0.6116735339164734,5.413497447967529
3480,1,4.110000133514404,0.6090027093887329,5.424941539764404
3481,1,4.110000133514404,0.6108518242835999,5.6142497062683105
3482,0,-4.110000133514404,0.6100786328315735,5.193970680236816
3483,0,-4.110000133514404,0.6119183301925659,5.290163040161133
3484,0,-4.110000133514404,0.6106269359588623,5.60175085067749
3485,0,-4.110000133514404,0.6141487956047058,5.4755730628967285
3486,0,-4.110000133514404,0.6162407398223877,5.69931697845459
3487,0,-4.110000133514404,0.6101996302604675,5.668305397033691
3488,0,-4.110000133514404,0.6094538569450378,5.456385612487793
3489,0,-4.110000133514404,0.6117982268333435,5.726405620574951
3490,0,-4.110000133514404,0.6123075485229492,5.457259178161621
3491,0,-4.110000133514404,0.610518217086792,5.5786051750183105
3492,0,-4.110000133514404,0.6106169819831848,5.546856880187988
3493,0,-4.110000133514404,0.6133975982666016,5.754560947418213
3494,0,-4.110000133514404,0.6106893420219421,5.604522705078125
3495,0,-4.110000133514404,0.6131203174591064,5.315539360046387
3496,0,-4.110000133514404,0.6116502285003662,5.640687465667725
3497,0,-4.110000133514404,0.6061674952507019,5.507720947265625
3498,0,-4.110000133514404,0.6124314665794373,5.581846237182617
3499,0,-4.110000133514404,0.612660825252533,5.507984161376953
3500,1,5.239999771118164,0.6076762080192566,6.180586338043213
3501,1,5.239999771118164,0.6076712012290955,6.307797431945801
3502,0,-5.239999771118164,0.6080469489097595,6.279122352600098
3503,0,-5.239999771118164,0.6074369549751282,6.451986312866211
3504,0,-5.239999771118164,0.608345627784729,6.272454261779785
3505,0,-5.239999771118164,0.607695996761322,6.304718971252441
3506,0,-5.239999771118164,0.6064527630805969,6.43721342086792
3507,0,-5.239999771118164,0.607042670249939,6.44968318939209
3508,0,-5.239999771118164,0.6076518297195435,6.310948848724365
3509,0,-5.239999771118164,0.606971263885498,6.334394931793213
3510,0,-5.239999771118164,0.608253002166748,6.235774040222168
3511,0,-5.239999771118164,0.6062182784080505,6.4600043296813965
3512,0,-5.239999771118164,0.6071620583534241,6.433194160461426
3513,0,-5.239999771118164,0.6086152791976929,6.172737121582031
3514,0,-5.239999771118164,0.6077293157577515,6.4815473556518555
3515,0,-5.239999771118164,0.6069889068603516,6.400651931762695
3516,0,-5.239999771118164,0.6065991520881653,6.275209426879883
3517,0,-5.239999771118164,0.6090763807296753,6.125859260559082
3518,0,-5.239999771118164,0.6070261001586914,6.476443767547607
3519,0,-5.239999771118164,0.6070391535758972,6.474730014801025
3520,0,-5.239999771118164,0.6112819910049438,6.241549968719482
3521,1,5.269999980926514,0.5942299962043762,5.61817741394043
3522,0,-5.269999980926514,0.5900559425354004,6.132699966430664
3523,0,-5.269999980926514,0.5946338772773743,6.148731708526611
3524,0,-5.269999980926514,0.5927363038063049,6.036067962646484
3525,0,-5.269999980926514,0.5947542190551758,6.167220592498779
3526,0,-5.269999980926514,0.5913147330284119,6.284122467041016
3527,0,-5.269999980926514,0.5898715257644653,5.934810638427734
3528,0,-5.269999980926514,0.5890804529190063,5.959299564361572
3529,0,-5.269999980926514,0.5941274762153625,6.0357441902160645
3530,0,-5.269999980926514,0.5937398672103882,6.596721172332764
3531,0,-5.269999980926514,0.5928109884262085,5.871546268463135
3532,0,-5.269999980926514,0.5911884307861328,5.799988746643066
3533,0,-5.269999980926514,0.5936299562454224,6.0852484703063965
3534,0,-5.269999980926514,0.593291163444519,5.517548561096191
3535,0,-5.269999980926514,0.5928708910942078,5.677294731140137
3536,0,-5.269999980926514,0.5960208773612976,5.866211414337158
3537,0,-5.269999980926514,0.5921264886856079,6.370532512664795
3538,0,-5.269999980926514,0.5912919044494629,5.803528785705566
3539,0,-5.269999980926514,0.5953177809715271,5.69449520111084
3540,0,-5.269999980926514,0.5926737189292908,5.927001476287842
3541,0,-5.269999980926514,0.5920984148979187,6.024111747741699
3542,1,5.519999980926514,0.605385422706604,5.4804301261901855
3543,1,5.519999980926514,0.604823648929596,5.780553817749023
3544,1,5.519999980926514,0.6058472394943237,5.936515808105469
3545,0,-5.519999980926514,0.6040528416633606,5.877060890197754
3546,0,-5.519999980926514,0.6049433946609497,5.698440074920654
3547,0,-5.519999980926514,0.6061157584190369,5.865077972412109
3548,0,-5.519999980926514,0.6057155132293701,5.981078624725342
3549,0,-5.519999980926514,0.6054854989051819,5.916228294372559
3550,0,-5.519999980926514,0.6061282753944397,5.994000434875488
3551,0,-5.519999980926514,0.6065767407417297,5.647486686706543
3552,0,-5.519999980926514,0.6061142683029175,5.997857570648193
3553,0,-5.519999980926514,0.6061328053474426,5.902609348297119
3554,0,-5.519999980926514,0.6059741377830505,5.596785545349121
3555,0,-5.519999980926514,0.6024923920631409,5.665058135986328
3556,0,-5.519999980926514,0.6052722334861755,5.969000339508057
3557,0,-5.519999980926514,0.6035109758377075,5.7645368576049805
3558,0,-5.519999980926514,0.6055804491043091,5.683906078338623
3559,0,-5.519999980926514,0.6044285893440247,5.422646999359131
3560,0,-5.519999980926514,0.6041163206100464,5.96820068359375
3561,0,-5.519999980926514,0.6053028702735901,5.600099086761475
3562,0,-5.519999980926514,0.6049239635467529,5.523532390594482
3563,1,4.119999885559082,0.6084879636764526,5.891869068145752
3564,1,4.119999885559082,0.6079947352409363,5.814949035644531
3565,0,-4.119999885559082,0.6082068681716919,5.837831020355225
3566,0,-4.119999885559082,0.6065250039100647,6.127127170562744
3567,1,4.119999885559082,0.6080952286720276,5.72848653793335
3568,0,-4.119999885559082,0.6076511144638062,6.049160480499268
3569,0,-4.119999885559082,0.6058124303817749,5.866919994354248
3570,0,-4.119999885559082,0.6062967777252197,5.670534610748291
3571,0,-4.119999885559082,0.6062683463096619,6.192695617675781
3572,0,-4.119999885559082,0.6086636185646057,5.581246376037598
3573,0,-4.119999885559082,0.6085027456283569,5.729661464691162
3574,0,-4.119999885559082,0.6073982119560242,5.830018997192383
3575,0,-4.119999885559082,0.6068283319473267,5.285451889038086
3576,0,-4.119999885559082,0.6089835166931152,5.547608375549316
3577,0,-4.119999885559082,0.6057505011558533,5.284718036651611
3578,0,-4.119999885559082,0.6062152981758118,5.99469518661499
3579,0,-4.119999885559082,0.6058880686759949,5.572269439697266
3580,0,-4.119999885559082,0.6064340472221375,5.9595842361450195
3581,0,-4.119999885559082,0.6057869791984558,5.73275089263916
3582,0,-4.119999885559082,0.6086411476135254,5.453319549560547
3583,0,-4.119999885559082,0.6072481870651245,5.627106189727783
3584,1,5.960000038146973,0.6080369353294373,6.217315196990967
3585,1,5.960000038146973,0.6064978241920471,5.916101932525635
3586,1,5.960000038146973,0.6071065068244934,5.765244483947754
3587,1,5.960000038146973,0.6080100536346436,5.867356300354004
3588,0,-5.960000038146973,0.6085224151611328,6.225484848022461
3589,0,-5.960000038146973,0.6067219376564026,6.024668216705322
3590,0,-5.960000038146973,0.6076564192771912,5.690014362335205
3591,0,-5.960000038146973,0.6070815920829773,5.4290313720703125
3592,0,-5.960000038146973,0.6083583235740662,6.127879619598389
3593,0,-5.960000038146973,0.6074992418289185,5.897683620452881
3594,0,-5.960000038146973,0.6070634722709656,6.068537712097168
3595,0,-5.960000038146973,0.6065241098403931,5.789584159851074
3596,0,-5.960000038146973,0.6069878339767456,6.222482204437256
3597,0,-5.960000038146973,0.6065367460250854,6.057919502258301
3598,0,-5.960000038146973,0.6050222516059875,5.504753589630127
3599,0,-5.960000038146973,0.6074077486991882,5.442093372344971
3600,0,-5.960000038146973,0.605417013168335,5.356193542480469
3601,0,-5.960000038146973,0.6069464087486267,6.030560493469238
3602,0,-5.960000038146973,0.6076700091362,5.780030727386475
3603,0,-5.960000038146973,0.6064934730529785,5.736938953399658
3604,0,-5.960000038146973,0.6078373789787292,5.264548301696777
3605,1,6.679999828338623,0.6018503904342651,6.829682350158691
3606,1,6.679999828338623,0.603184163570404,7.0095062255859375
3607,0,-6.679999828338623,0.6025773286819458,6.7945990562438965
3608,0,-6.679999828338623,0.6000447869300842,6.919685363769531
3609,0,-6.679999828338623,0.6035577654838562,6.672962188720703
3610,0,-6.679999828338623,0.602443516254425,6.817112922668457
3611,0,-6.679999828338623,0.6045658588409424,6.800449371337891
3612,0,-6.679999828338623,0.6014771461486816,6.8425726890563965
3613,0,-6.679999828338623,0.5948696732521057,6.227663040161133
3614,0,-6.679999828338623,0.6043387651443481,6.797226428985596
3615,0,-6.679999828338623,0.6042747497558594,6.638715744018555
3616,0,-6.679999828338623,0.6002072691917419,6.89222526550293
3617,0,-6.679999828338623,0.6032232046127319,6.586381912231445
3618,0,-6.679999828338623,0.603766143321991,7.262163162231445
3619,0,-6.679999828338623,0.6034624576568604,6.755174160003662
3620,0,-6.679999828338623,0.6014459133148193,6.895835876464844
3621,0,-6.679999828338623,0.6031583547592163,6.923153877258301
3622,0,-6.679999828338623,0.6053584218025208,6.73594331741333
3623,0,-6.679999828338623,0.6012796759605408,6.999145030975342
3624,0,-6.679999828338623,0.6043025851249695,7.0969696044921875
3625,0,-6.679999828338623,0.6025519371032715,6.594399452209473
3626,1,6.860000133514404,0.6000169515609741,7.711488723754883
3627,1,6.860000133514404,0.5997348427772522,7.701116561889648
3628,1,6.860000133514404,0.6000685691833496,7.70733118057251
3629,0,-6.860000133514404,0.6007921099662781,7.666898727416992
3630,0,-6.860000133514404,0.5984826683998108,7.765270233154297
3631,0,-6.860000133514404,0.6007800102233887,7.791685581207275
3632,0,-6.860000133514404,0.6003804802894592,7.746263027191162
3633,0,-6.860000133514404,0.6034623384475708,7.802066802978516
3634,0,-6.860000133514404,0.6004247665405273,7.641585350036621
3635,0,-6.860000133514404,0.5999788641929626,7.4119720458984375
3636,0,-6.860000133514404,0.5991196632385254,7.710563659667969
3637,0,-6.860000133514404,0.5998409986495972,7.743831634521484
3638,0,-6.860000133514404,0.6003326773643494,7.543065071105957
3639,0,-6.860000133514404,0.5987248420715332,7.666176795959473
3640,0,-6.860000133514404,0.5977592468261719,7.611962795257568
3641,0,-6.860000133514404,0.6020219922065735,7.581508636474609
3642,0,-6.860000133514404,0.6011053323745728,7.714892387390137
3643,0,-6.860000133514404,0.6015318632125854,7.331305980682373
3644,0,-6.860000133514404,0.6004625558853149,7.602673053741455
3645,0,-6.860000133514404,0.600375235080719,7.853249549865723
3646,1,5.099999904632568,0.5908765196800232,5.177813529968262
3647,1,5.099999904632568,0.5884092450141907,5.31115198135376
3648,0,-5.099999904632568,0.5868467092514038,5.481627464294434
3649,0,-5.099999904632568,0.5882996320724487,5.665309906005859
3650,0,-5.099999904632568,0.5851143002510071,5.383406639099121
3651,0,-5.099999904632568,0.5854209065437317,5.607307434082031
3652,0,-5.099999904632568,0.591278612613678,5.73065710067749
3653,0,-5.099999904632568,0.5842259526252747,5.381112098693848
3654,1,5.170000076293945,0.612877607345581,5.896393299102783
3655,0,-5.170000076293945,0.6159061193466187,5.976006984710693
3656,0,-5.170000076293945,0.615296483039856,5.99611234664917
3657,0,-5.170000076293945,0.6147819757461548,5.923226356506348
3658,1,5.170000076293945,0.6142652630805969,6.173454284667969
3659,0,-5.170000076293945,0.6112952828407288,6.170629501342773
3660,0,-5.170000076293945,0.6160975694656372,5.957164764404297
3661,0,-5.170000076293945,0.6107456684112549,6.12847900390625
3662,0,-5.170000076293945,0.6161516904830933,6.11058235168457
3663,0,-5.170000076293945,0.615149974822998,5.852565288543701
3664,0,-5.170000076293945,0.6130352020263672,6.10952615737915
3665,0,-5.170000076293945,0.6143167614936829,6.296574115753174
3666,0,-5.170000076293945,0.6111430525779724,6.045805931091309
3667,0,-5.170000076293945,0.6141471266746521,5.908274173736572
3668,0,-5.170000076293945,0.6113006472587585,6.116026401519775
3669,0,-5.170000076293945,0.6093336939811707,5.9566826820373535
3670,0,-5.170000076293945,0.612945020198822,6.192580699920654
3671,0,-5.170000076293945,0.6100092530250549,6.157782077789307
3672,0,-5.170000076293945,0.614643394947052,6.201102256774902
3673,0,-5.170000076293945,0.6127244234085083,5.889338493347168
3674,0,-5.170000076293945,0.6134700179100037,6.195801734924316
3675,1,11.819999694824219,0.5926066637039185,8.418773651123047
3676,0,-11.819999694824219,0.5901655554771423,8.681434631347656
3677,1,11.819999694824219,0.5895509719848633,8.146415710449219
3678,0,-11.819999694824219,0.5918890833854675,8.664409637451172
3679,0,-11.819999694824219,0.5929415225982666,8.168855667114258
3680,0,-11.819999694824219,0.5923618078231812,8.497220993041992
3681,0,-11.819999694824219,0.592819094657898,8.360711097717285
3682,0,-11.819999694824219,0.5901983380317688,8.30486011505127
3683,0,-11.819999694824219,0.5906926393508911,8.391128540039062
3684,0,-11.819999694824219,0.591440737247467,8.495409965515137
3685,0,-11.819999694824219,0.5918248295783997,8.384222030639648
3686,0,-11.819999694824219,0.5928971767425537,7.92507791519165
3687,0,-11.819999694824219,0.5907106399536133,8.213566780090332
3688,0,-11.819999694824219,0.5905293226242065,8.33340072631836
3689,0,-11.819999694824219,0.5930154919624329,8.111724853515625
3690,0,-11.819999694824219,0.5943707823753357,8.519550323486328
3691,0,-11.819999694824219,0.5928433537483215,8.284673690795898
3692,0,-11.819999694824219,0.5899208784103394,7.795236587524414
3693,0,-11.819999694824219,0.590962827205658,8.568964004516602
3694,0,-11.819999694824219,0.5934771299362183,8.218270301818848
3695,0,-8.350000381469727,0.6079925894737244,7.437322616577148
3696,0,-8.350000381469727,0.6102493405342102,7.11376428604126
3697,0,-8.350000381469727,0.6098328232765198,6.598244667053223
3698,0,-8.350000381469727,0.6059939861297607,7.1612548828125
3699,0,-8.350000381469727,0.6073140501976013,7.020102500915527
3700,0,-8.350000381469727,0.6102654933929443,6.724252223968506
3701,0,-8.350000381469727,0.6098854541778564,6.807493209838867
3702,0,-8.350000381469727,0.6067163944244385,6.9386515617370605
3703,0,-8.350000381469727,0.6093884706497192,6.806650161743164
3704,1,8.350000381469727,0.6050834059715271,7.364124298095703
3705,0,-8.350000381469727,0.6067228317260742,7.138471603393555
3706,0,-8.350000381469727,0.6084576845169067,6.868539333343506
3707,0,-8.350000381469727,0.6082175970077515,6.9120330810546875
3708,0,-8.350000381469727,0.6070877909660339,7.230417728424072
3709,0,-8.350000381469727,0.6098894476890564,7.111381530761719
3710,0,-8.350000381469727,0.607973575592041,6.967272758483887
3711,0,-8.350000381469727,0.6083944439888,7.071512699127197
3712,1,8.350000381469727,0.6096336841583252,6.67811918258667
3713,0,-8.350000381469727,0.6084542274475098,6.911578178405762
3714,0,-8.350000381469727,0.6060400009155273,7.326250076293945
3715,1,6.630000114440918,0.6067833304405212,6.260173797607422
3716,0,-6.630000114440918,0.605614185333252,6.550780296325684
3717,0,-6.630000114440918,0.607397735118866,6.374497413635254
3718,0,-6.630000114440918,0.6084272861480713,6.536849498748779
3719,0,-6.630000114440918,0.6070278882980347,6.425366401672363
3720,1,6.630000114440918,0.6069044470787048,6.181155204772949
3721,0,-6.630000114440918,0.607169508934021,6.327404975891113
3722,0,-6.630000114440918,0.6070399284362793,6.38256311416626
3723,0,-6.630000114440918,0.6082994341850281,6.340580463409424
3724,0,-6.630000114440918,0.6076076030731201,6.458296298980713
3725,0,-6.630000114440918,0.6078835129737854,6.271305561065674
3726,0,-6.630000114440918,0.6105135679244995,5.6566925048828125
3727,0,-6.630000114440918,0.6089317202568054,6.246771812438965
3728,0,-6.630000114440918,0.6092466115951538,6.231133937835693
3729,0,-6.630000114440918,0.608007550239563,6.42888879776001
3730,0,-6.630000114440918,0.6060795187950134,6.428514003753662
3731,0,-6.630000114440918,0.6095730662345886,5.9969987869262695
3732,0,-6.630000114440918,0.6092636585235596,6.134706974029541
3733,0,-6.630000114440918,0.6060660481452942,6.304116725921631
3734,0,-6.630000114440918,0.6067066192626953,6.752453804016113
3735,1,4.099999904632568,0.6114659309387207,5.105713844299316
3736,0,-4.099999904632568,0.6077123284339905,5.544270992279053
3737,1,4.099999904632568,0.6114340424537659,5.367995262145996
3738,0,-4.099999904632568,0.6129938364028931,5.54835319519043
3739,0,-4.099999904632568,0.6094228625297546,5.386861801147461
3740,0,-4.099999904632568,0.6107488870620728,5.313129425048828
3741,0,-4.099999904632568,0.6104671359062195,4.973369598388672
3742,0,-4.099999904632568,0.6101308465003967,5.445306301116943
3743,0,-4.099999904632568,0.6086569428443909,5.477688312530518
3744,0,-4.099999904632568,0.6102693676948547,5.2531328201293945
3745,0,-4.099999904632568,0.6103230118751526,5.393864631652832
3746,0,-4.099999904632568,0.607029378414154,5.871292591094971
3747,0,-4.099999904632568,0.6093345880508423,5.230408668518066
3748,0,-4.099999904632568,0.6106398105621338,5.283164978027344
3749,0,-4.099999904632568,0.6071822047233582,5.506001949310303
3750,0,-4.099999904632568,0.6087601780891418,5.6046953201293945
3751,0,-4.099999904632568,0.609644889831543,5.1957807540893555
3752,0,-4.099999904632568,0.6096959114074707,5.3280487060546875
3753,0,-4.099999904632568,0.6080451011657715,5.250679969787598
3754,0,-4.099999904632568,0.6083663702011108,5.2543439865112305
3755,0,-7.21999979019165,0.6032131910324097,7.801372528076172
3756,0,-7.21999979019165,0.6040298342704773,7.522399425506592
3757,1,7.21999979019165,0.6038072109222412,7.582181453704834
3758,0,-7.21999979019165,0.6043803095817566,7.59860897064209
3759,0,-7.21999979019165,0.6030346751213074,7.8797078132629395
3760,1,7.21999979019165,0.6053264141082764,7.277492523193359
3761,0,-7.21999979019165,0.6019899845123291,7.767551422119141
3762,0,-7.21999979019165,0.6037258505821228,7.5912184715271
3763,0,-7.21999979019165,0.6038125157356262,7.7010345458984375
3764,0,-7.21999979019165,0.6039106249809265,7.434819221496582
3765,0,-7.21999979019165,0.603435218334198,7.494174480438232
3766,0,-7.21999979019165,0.6042152047157288,7.512790203094482
3767,0,-7.21999979019165,0.6039262413978577,7.497696876525879
3768,0,-7.21999979019165,0.6032285094261169,7.360372543334961
3769,0,-7.21999979019165,0.6042671203613281,7.43063497543335
3770,0,-7.21999979019165,0.6036829352378845,7.602217197418213
3771,0,-7.21999979019165,0.6052880883216858,7.437294006347656
3772,0,-7.21999979019165,0.6034727096557617,7.737228870391846
3773,0,-7.21999979019165,0.6028656959533691,7.745938777923584
3774,0,-7.21999979019165,0.6033087372779846,7.654824256896973
3775,1,8.720000267028809,0.6033724546432495,7.713971138000488
3776,0,-8.720000267028809,0.6034258604049683,7.65926456451416
3777,0,-8.720000267028809,0.6031012535095215,7.7608323097229
3778,1,8.720000267028809,0.603625476360321,7.601343631744385
3779,0,-8.720000267028809,0.6033769249916077,7.858211994171143
3780,1,8.720000267028809,0.6031774282455444,7.727351188659668
3781,0,-8.720000267028809,0.6036199927330017,7.701256275177002
3782,0,-8.720000267028809,0.6036297678947449,7.799955368041992
3783,0,-8.720000267028809,0.6036942601203918,7.6924896240234375
3784,0,-8.720000267028809,0.6030623912811279,7.773019790649414
3785,0,-8.720000267028809,0.6036743521690369,7.857171535491943
3786,0,-8.720000267028809,0.6030102968215942,7.72487735748291
3787,0,-8.720000267028809,0.6032572984695435,7.67549991607666
3788,0,-8.720000267028809,0.6036777496337891,7.754491806030273
3789,0,-8.720000267028809,0.6033191084861755,7.659274101257324
3790,0,-8.720000267028809,0.6036538481712341,7.832268714904785
3791,0,-8.720000267028809,0.6037882566452026,7.52468204498291
3792,0,-8.720000267028809,0.6032103896141052,7.64188814163208
3793,0,-8.720000267028809,0.6038625836372375,7.662743091583252
3794,0,-8.720000267028809,0.603581428527832,7.727621555328369
3795,0,-8.720000267028809,0.6033362746238708,7.767051696777344
3796,1,3.759999990463257,0.5915576815605164,5.561984062194824
3797,0,-3.759999990463257,0.5888246893882751,5.791794776916504
3798,0,-3.759999990463257,0.5952818393707275,5.696422576904297
3799,0,-3.759999990463257,0.5889102816581726,5.49271821975708
3800,0,-3.759999990463257,0.5965970754623413,5.605372905731201
3801,0,-3.759999990463257,0.5974099636077881,5.751145839691162
3802,0,-3.759999990463257,0.5935348272323608,5.6750030517578125
3803,0,-3.759999990463257,0.5955787301063538,5.753815650939941
3804,0,-3.759999990463257,0.5923497676849365,5.69138240814209
3805,0,-3.759999990463257,0.5908917784690857,5.926648139953613
3806,0,-3.759999990463257,0.5917291045188904,5.5697340965271
3807,0,-3.759999990463257,0.597652018070221,5.72433614730835
3808,0,-3.759999990463257,0.6020964980125427,5.819108009338379
3809,0,-3.759999990463257,0.591606855392456,5.634370803833008
3810,0,-3.759999990463257,0.5926451086997986,5.6382036209106445
3811,0,-3.759999990463257,0.5992796421051025,5.631888389587402
3812,0,-3.759999990463257,0.5957198739051819,5.6594085693359375
3813,0,-3.759999990463257,0.5898301005363464,5.317525386810303
3814,0,-3.759999990463257,0.5945384502410889,5.550004482269287
3815,0,-3.759999990463257,0.5952435731887817,5.552475929260254
3816,0,-3.759999990463257,0.5959880948066711,5.788372993469238
3817,1,8.739999771118164,0.6011700630187988,7.696113586425781
3818,1,8.739999771118164,0.6008966565132141,7.831210136413574
3819,0,-8.739999771118164,0.6004833579063416,7.832407474517822
3820,0,-8.739999771118164,0.600951075553894,7.9543609619140625
3821,1,8.739999771118164,0.6013485193252563,7.787840843200684
3822,0,-8.739999771118164,0.6017053723335266,7.846839904785156
3823,0,-8.739999771118164,0.6013607382774353,7.967182159423828
3824,0,-8.739999771118164,0.6010215282440186,7.790449142456055
3825,0,-8.739999771118164,0.6010221242904663,7.779068470001221
3826,1,7.400000095367432,0.6052191257476807,5.725917339324951
3827,0,-7.400000095367432,0.6020864248275757,5.366003036499023
3828,1,7.400000095367432,0.6056827902793884,5.5860090255737305
3829,0,-7.400000095367432,0.6073077321052551,6.030335903167725
3830,0,-7.400000095367432,0.6051992177963257,5.612125873565674
3831,0,-7.400000095367432,0.6026331186294556,5.554237365722656
3832,0,-7.400000095367432,0.6044564247131348,5.853805065155029
3833,0,-7.400000095367432,0.6068229079246521,5.843530178070068
3834,0,-7.400000095367432,0.6062502264976501,5.127028465270996
3835,0,-7.400000095367432,0.6057336330413818,6.012412071228027
3836,0,-7.400000095367432,0.6057292222976685,5.841411113739014
3837,0,-7.400000095367432,0.6073647737503052,5.850163459777832
3838,0,-7.400000095367432,0.6041627526283264,5.312690258026123
3839,0,-7.400000095367432,0.6064128279685974,5.523258209228516
3840,0,-7.400000095367432,0.6032328009605408,5.024965763092041
3841,0,-7.400000095367432,0.6044427752494812,5.814154624938965
3842,0,-7.400000095367432,0.60689377784729,5.857348918914795
3843,0,-7.400000095367432,0.6038727760314941,5.412839889526367
3844,0,-7.400000095367432,0.6051005125045776,5.90214204788208
3845,0,-7.400000095367432,0.6048612594604492,5.604851722717285
3846,0,-7.400000095367432,0.6017550230026245,5.8450751304626465
3847,1,8.399999618530273,0.6114454865455627,5.61874532699585
3848,1,8.399999618530273,0.6108846068382263,5.714852333068848
3849,0,-8.399999618530273,0.6085785627365112,5.704777717590332
3850,0,-8.399999618530273,0.6127841472625732,5.657859802246094
3851,0,-8.399999618530273,0.6083627343177795,5.490962028503418
3852,0,-8.399999618530273,0.608100414276123,5.478485584259033
3853,0,-8.399999618530273,0.6082651019096375,5.671178817749023
3854,1,11.149999618530273,0.597954511642456,7.621603012084961
3855,1,11.149999618530273,0.5977600812911987,7.761355400085449
3856,1,11.149999618530273,0.5998960137367249,7.867555618286133
3857,0,-11.149999618530273,0.6008996367454529,7.455732345581055
3858,0,-11.149999618530273,0.5986655950546265,7.761343479156494
3859,0,-11.149999618530273,0.5995625853538513,7.380355358123779
3860,0,-11.149999618530273,0.599176287651062,7.936651706695557
3861,0,-11.149999618530273,0.6005328297615051,7.920884609222412
3862,0,-11.149999618530273,0.5994158387184143,7.667937278747559
3863,0,-11.149999618530273,0.6000439524650574,7.621108531951904
3864,0,-11.149999618530273,0.5993960499763489,7.864071846008301
3865,0,-11.149999618530273,0.5987991094589233,7.744729518890381
3866,0,-11.149999618530273,0.5987932085990906,7.946008682250977
3867,0,-11.149999618530273,0.5995272994041443,7.810537338256836
3868,0,-11.149999618530273,0.600595235824585,7.893034934997559
3869,0,-11.149999618530273,0.6008831262588501,7.703515529632568
3870,0,-11.149999618530273,0.5985828042030334,7.8439412117004395
3871,0,-11.149999618530273,0.6019295454025269,7.874706745147705
3872,0,-11.149999618530273,0.600538969039917,7.682986736297607
3873,0,-11.149999618530273,0.5994386672973633,8.105664253234863
3874,0,-11.149999618530273,0.5999135971069336,7.975829601287842
3875,1,8.960000038146973,0.6040017008781433,7.8612871170043945
3876,1,8.960000038146973,0.6047108173370361,7.736572742462158
3877,0,-8.960000038146973,0.6036068797111511,7.752063751220703
3878,0,-8.960000038146973,0.605833113193512,7.491880893707275
3879,0,-8.960000038146973,0.6048920750617981,7.574049949645996
3880,0,-8.960000038146973,0.6050511598587036,7.539420127868652
3881,0,-8.960000038146973,0.605345606803894,7.5742411613464355
3882,0,-8.960000038146973,0.6048480868339539,7.603796482086182
3883,0,-8.960000038146973,0.6056854724884033,7.50323486328125
3884,0,-8.960000038146973,0.6047447919845581,7.733368873596191
3885,0,-8.960000038146973,0.6050074100494385,7.577235698699951
3886,0,-8.960000038146973,0.6034545302391052,7.738324165344238
3887,0,-8.960000038146973,0.6044319272041321,7.529241561889648
3888,0,-8.960000038146973,0.6043864488601685,7.634627342224121
3889,0,-8.960000038146973,0.605438768863678,7.468698978424072
3890,0,-8.960000038146973,0.6039057374000549,7.691414833068848
3891,0,-8.960000038146973,0.604580819606781,7.748979091644287
3892,0,-8.960000038146973,0.604279637336731,7.754645347595215
3893,0,-8.960000038146973,0.6054699420928955,7.3822784423828125
3894,1,9.520000457763672,0.6030714511871338,7.798564434051514
3895,0,-9.520000457763672,0.6024057865142822,7.758978843688965
3896,0,-9.520000457763672,0.6023600697517395,7.7902021408081055
3897,0,-9.520000457763672,0.6033225059509277,7.655296802520752
3898,0,-9.520000457763672,0.6017448902130127,7.839479923248291
3899,0,-9.520000457763672,0.6025730967521667,7.68492317199707
3900,0,-9.520000457763672,0.6024770140647888,7.891889572143555
3901,0,-9.520000457763672,0.6023609042167664,7.810183525085449
3902,0,-9.520000457763672,0.6020868420600891,7.723432540893555
3903,0,-9.520000457763672,0.6031639575958252,7.79857063293457
3904,0,-9.520000457763672,0.6020780801773071,7.8371453285217285
3905,0,-9.520000457763672,0.6020333766937256,7.790870666503906
3906,0,-9.520000457763672,0.6026924252510071,7.861887454986572
3907,0,-9.520000457763672,0.6028040647506714,7.796128273010254
3908,0,-9.520000457763672,0.6032617092132568,7.892810344696045
3909,0,-9.520000457763672,0.6022478342056274,7.950407981872559
3910,0,-9.520000457763672,0.602172315120697,7.821075916290283
3911,0,-9.520000457763672,0.6030962467193604,7.88677453994751
3912,0,-9.520000457763672,0.6024942994117737,7.933535099029541
3913,0,-9.520000457763672,0.6025444269180298,7.783022403717041
3914,0,-9.520000457763672,0.6018950939178467,7.890499114990234
3915,1,8.399999618530273,0.5931563377380371,7.168445587158203
3916,1,8.399999618530273,0.5940628051757812,7.072678089141846
3917,0,-8.399999618530273,0.5928730964660645,7.372061252593994
3918,0,-8.399999618530273,0.5918400883674622,7.074231147766113
3919,0,-8.399999618530273,0.5895880460739136,7.366599082946777
3920,1,8.399999618530273,0.5971758961677551,7.1172614097595215
3921,0,-8.399999618530273,0.5931458473205566,7.49140739440918
3922,0,-8.399999618530273,0.5929116606712341,7.420681953430176
3923,0,-8.399999618530273,0.5903285145759583,7.535582542419434
3924,0,-8.399999618530273,0.589359700679779,7.598705291748047
3925,0,-8.399999618530273,0.5955158472061157,7.620258331298828
3926,0,-8.399999618530273,0.5922976732254028,7.531443119049072
3927,0,-8.399999618530273,0.595393180847168,7.16735315322876
3928,0,-8.399999618530273,0.5914292931556702,7.435557842254639
3929,0,-8.399999618530273,0.5938047766685486,7.322582244873047
3930,0,-8.399999618530273,0.5947099328041077,7.421674728393555
3931,0,-8.399999618530273,0.5929784178733826,7.729025363922119
3932,0,-8.399999618530273,0.5915822982788086,7.542987823486328
3933,0,-8.399999618530273,0.5899275541305542,7.417187213897705
3934,0,-8.399999618530273,0.5913780331611633,7.295402526855469
3935,0,-8.399999618530273,0.5914604663848877,7.418139457702637
3936,1,6.329999923706055,0.6015810370445251,6.826263427734375
3937,0,-6.329999923706055,0.6013365983963013,6.77131462097168
3938,0,-6.329999923706055,0.60109543800354,6.7318549156188965
3939,0,-6.329999923706055,0.602292001247406,6.753408432006836
3940,0,-6.329999923706055,0.6014887094497681,6.774935722351074
3941,0,-6.329999923706055,0.6012563109397888,6.833114147186279
3942,0,-6.329999923706055,0.6014140844345093,6.813823699951172
3943,0,-6.329999923706055,0.6010593175888062,6.50806999206543
3944,0,-6.329999923706055,0.6014161705970764,6.694167137145996
3945,0,-6.329999923706055,0.6022220253944397,6.031591892242432
3946,0,-6.329999923706055,0.6013762354850769,6.684433460235596
3947,0,-6.329999923706055,0.6012622117996216,6.648193359375
3948,0,-6.329999923706055,0.6008591651916504,6.748838424682617
3949,0,-6.329999923706055,0.5997698903083801,6.838252067565918
3950,0,-6.329999923706055,0.5988518595695496,6.757077217102051
3951,0,-6.329999923706055,0.6013970375061035,6.76682186126709
3952,0,-6.329999923706055,0.5999542474746704,6.742516040802002
3953,0,-6.329999923706055,0.6021970510482788,6.335886478424072
3954,0,-6.329999923706055,0.599798321723938,6.646474361419678
3955,0,-6.329999923706055,0.601508378982544,6.8522257804870605
3956,0,-6.329999923706055,0.6004886031150818,6.830695629119873
3957,1,7.260000228881836,0.6043558716773987,7.466830253601074
3958,1,7.260000228881836,0.6041489839553833,7.564388275146484
3959,0,-7.260000228881836,0.6034578084945679,7.333805561065674
3960,1,7.260000228881836,0.6041739583015442,7.47135066986084
3961,0,-7.260000228881836,0.6042125225067139,7.512237071990967
3962,0,-7.260000228881836,0.6050980091094971,7.023919582366943
3963,0,-7.260000228881836,0.6047496199607849,7.481191158294678
3964,0,-7.260000228881836,0.6043153405189514,7.4031782150268555
3965,0,-7.260000228881836,0.6035751104354858,7.484391689300537
3966,0,-7.260000228881836,0.6047069430351257,7.274183750152588
3967,0,-7.260000228881836,0.6032844185829163,7.529982089996338
3968,0,-7.260000228881836,0.6037526726722717,7.330660820007324
3969,0,-7.260000228881836,0.60345059633255,7.496023178100586
3970,0,-7.260000228881836,0.6044961214065552,7.4716291427612305
3971,0,-7.260000228881836,0.6048621535301208,7.280972957611084
3972,0,-8.050000190734863,0.5809041857719421,7.097522258758545
3973,0,-8.050000190734863,0.5783193707466125,7.44978666305542
3974,0,-8.050000190734863,0.5817628502845764,7.299064636230469
3975,0,-8.050000190734863,0.5819578766822815,7.115440845489502
3976,0,-8.050000190734863,0.5835146903991699,6.6287713050842285
3977,0,-8.050000190734863,0.5822600722312927,6.841124534606934
3978,0,-8.050000190734863,0.5847394466400146,7.363562107086182
3979,0,-8.050000190734863,0.5806061625480652,7.43315315246582
3980,0,-8.050000190734863,0.5834101438522339,7.473714828491211
3981,0,-8.050000190734863,0.5781697630882263,7.069971561431885
3982,0,-8.050000190734863,0.5835259556770325,7.026711940765381
3983,0,-8.050000190734863,0.5818475484848022,7.0032196044921875
3984,0,-8.050000190734863,0.5801721215248108,7.137394905090332
3985,0,-8.050000190734863,0.5778378844261169,7.282209873199463
3986,0,-8.050000190734863,0.581095278263092,7.155689716339111
3987,0,-8.050000190734863,0.5824486613273621,7.0469970703125
3988,0,-8.050000190734863,0.5825638175010681,6.8935227394104
3989,0,-8.050000190734863,0.5804367661476135,7.479510307312012
3990,0,-8.050000190734863,0.5832797884941101,6.900266170501709
3991,0,-8.050000190734863,0.5804259777069092,7.182496547698975
3992,1,4.409999847412109,0.6058809757232666,6.469548225402832
3993,1,4.409999847412109,0.6066980361938477,6.41280460357666
3994,0,-4.409999847412109,0.6064261794090271,6.529378890991211
3995,0,-4.409999847412109,0.6063342094421387,6.406020164489746
3996,0,-4.409999847412109,0.6080176830291748,6.243387222290039
3997,0,-4.409999847412109,0.6077712178230286,6.398059844970703
3998,0,-4.409999847412109,0.6070586442947388,6.541081428527832
3999,0,-4.409999847412109,0.6063635349273682,6.487015247344971
4000,0,-4.409999847412109,0.6071659326553345,6.2838640213012695
4001,0,-4.409999847412109,0.6075077056884766,6.410884857177734
4002,0,-4.409999847412109,0.6076835989952087,6.373708724975586
4003,0,-4.409999847412109,0.6062800884246826,6.429060459136963
4004,0,-4.409999847412109,0.6074835658073425,6.318044662475586
4005,0,-4.409999847412109,0.6068257689476013,6.4075446128845215
4006,0,-4.409999847412109,0.6061996221542358,6.60844612121582
4007,0,-4.409999847412109,0.6071601510047913,6.442337512969971
4008,0,-4.409999847412109,0.6067569851875305,6.451651573181152
4009,0,-4.409999847412109,0.6061755418777466,6.446168422698975
4010,0,-4.409999847412109,0.6070921421051025,6.502536296844482
4011,0,-4.409999847412109,0.606399655342102,6.486466884613037
4012,0,-4.409999847412109,0.6068967580795288,6.4889750480651855
4013,1,4.889999866485596,0.5864900350570679,6.456034183502197
4014,1,4.889999866485596,0.5828874707221985,6.329441547393799
4015,0,-4.889999866485596,0.5874060392379761,6.429354190826416
4016,0,-4.889999866485596,0.5910543203353882,6.436070442199707
4017,0,-4.889999866485596,0.5850815773010254,6.282973766326904
4018,0,-4.889999866485596,0.5829774141311646,5.903014659881592
4019,0,-4.889999866485596,0.5870178937911987,6.292947769165039
4020,0,-4.889999866485596,0.5857563614845276,6.191188812255859
4021,0,-4.889999866485596,0.5830007195472717,6.231954574584961
4022,0,-4.889999866485596,0.5847881436347961,6.556388854980469
4023,0,-4.889999866485596,0.5878126621246338,6.410451412200928
4024,0,-4.889999866485596,0.5872650742530823,6.481926441192627
4025,0,-4.889999866485596,0.5866214036941528,6.3819169998168945
4026,0,-4.889999866485596,0.5787244439125061,6.254132270812988
4027,0,-4.889999866485596,0.589592695236206,6.277019023895264
4028,0,-4.889999866485596,0.5807680487632751,6.061931133270264
4029,0,-4.889999866485596,0.5784637331962585,6.332782745361328
4030,0,-4.889999866485596,0.5830749869346619,6.259454250335693
4031,0,-4.889999866485596,0.5764216184616089,6.350982666015625
4032,0,-4.889999866485596,0.5743494629859924,6.495855331420898
4033,0,-4.889999866485596,0.5844548344612122,6.294268608093262
4034,1,6.889999866485596,0.6007546186447144,7.395386695861816
4035,0,-6.889999866485596,0.6018196940422058,7.3043365478515625
4036,1,6.889999866485596,0.6011604070663452,7.431407928466797
4037,0,-6.889999866485596,0.600002646446228,7.063343524932861
4038,0,-6.889999866485596,0.6015310287475586,7.253325939178467
4039,0,-6.889999866485596,0.6004590392112732,7.037801742553711
4040,0,-6.889999866485596,0.601296603679657,7.238038539886475
4041,0,-6.889999866485596,0.601384162902832,6.893682479858398
4042,0,-6.889999866485596,0.6017676591873169,7.470037460327148
4043,0,-6.889999866485596,0.6007044315338135,7.186208248138428
4044,0,-6.889999866485596,0.6006807088851929,7.538719654083252
4045,0,-6.889999866485596,0.601529061794281,7.408657550811768
4046,0,-6.889999866485596,0.6010743975639343,7.456005096435547
4047,0,-6.889999866485596,0.5976121425628662,7.504043102264404
4048,0,-6.889999866485596,0.5995217561721802,7.608885765075684
4049,0,-6.889999866485596,0.6028186082839966,6.827995777130127
4050,0,-6.889999866485596,0.6020098328590393,7.07001256942749
4051,0,-6.889999866485596,0.6004132032394409,7.271791458129883
4052,0,-6.889999866485596,0.6018083095550537,7.1268792152404785
4053,0,-6.889999866485596,0.600998044013977,7.110167503356934
4054,0,-6.889999866485596,0.6019108891487122,7.402566909790039
4055,1,8.359999656677246,0.6065479516983032,7.097966194152832
4056,0,-8.359999656677246,0.6078336834907532,7.278503894805908
4057,1,8.359999656677246,0.6057443022727966,7.2763214111328125
4058,0,-8.359999656677246,0.6051008701324463,7.467708587646484
4059,0,-8.359999656677246,0.6085406541824341,7.020580291748047
4060,0,-8.359999656677246,0.6054694652557373,7.394282341003418
4061,0,-8.359999656677246,0.6069750189781189,7.083319664001465
4062,0,-8.359999656677246,0.6066713929176331,6.827964782714844
4063,0,-8.359999656677246,0.6041139364242554,7.661843299865723
4064,0,-8.359999656677246,0.6081091165542603,7.200802803039551
4065,1,8.359999656677246,0.6054667830467224,6.963230133056641
4066,0,-8.359999656677246,0.6047878265380859,7.577042579650879
4067,0,-8.359999656677246,0.6085385680198669,6.666980743408203
4068,0,-8.359999656677246,0.6083328723907471,6.9563422203063965
4069,0,-8.359999656677246,0.607418417930603,6.760676860809326
4070,0,-8.359999656677246,0.6046822667121887,7.55757474899292
4071,0,-8.359999656677246,0.6072078347206116,7.286783218383789
4072,0,-8.359999656677246,0.6078382134437561,7.147305488586426
4073,0,-8.359999656677246,0.6026671528816223,7.487954139709473
4074,0,-8.359999656677246,0.6060367226600647,7.292800426483154
4075,1,4.050000190734863,0.5645123720169067,6.6991448402404785
4076,0,-4.050000190734863,0.5599791407585144,6.530364513397217
4077,0,-4.050000190734863,0.5634636878967285,6.4910101890563965
4078,0,-4.050000190734863,0.5614814758300781,6.665093421936035
4079,0,-4.050000190734863,0.5633050799369812,6.410825252532959
4080,0,-4.050000190734863,0.5593879222869873,6.4061598777771
4081,0,-4.050000190734863,0.5610841512680054,6.578278064727783
4082,0,-4.050000190734863,0.5628079771995544,6.644921779632568
4083,0,-4.050000190734863,0.5662240982055664,6.398876667022705
4084,0,-4.050000190734863,0.5652740597724915,6.670103073120117
4085,0,-4.050000190734863,0.5597873330116272,6.595329284667969
4086,0,-4.050000190734863,0.56360924243927,6.736696720123291
4087,0,-4.050000190734863,0.5702176690101624,6.6848859786987305
4088,0,-4.050000190734863,0.564856767654419,6.702977657318115
4089,0,-4.050000190734863,0.5609017014503479,6.637243270874023
4090,1,6.059999942779541,0.5960773229598999,6.685728549957275
4091,0,-6.059999942779541,0.6008999347686768,7.047837257385254
4092,0,-6.059999942779541,0.6028900146484375,6.922354698181152
4093,0,-6.059999942779541,0.6024558544158936,6.726215362548828
4094,0,-6.059999942779541,0.5986099243164062,7.150186538696289
4095,0,-6.059999942779541,0.603706419467926,7.126828193664551
4096,0,-6.059999942779541,0.6002151370048523,7.727950572967529
4097,0,-6.059999942779541,0.6003017425537109,6.869875431060791
4098,0,-6.059999942779541,0.6036983132362366,7.561280727386475
4099,0,-6.059999942779541,0.604141354560852,7.238442420959473
4100,0,-6.059999942779541,0.6019652485847473,7.245059013366699
4101,0,-6.059999942779541,0.6037216782569885,6.893712043762207
4102,0,-6.059999942779541,0.6047453284263611,6.908153533935547
4103,0,-6.059999942779541,0.6025158166885376,7.386056423187256
4104,0,-6.059999942779541,0.5993771553039551,7.4175286293029785
4105,0,-6.059999942779541,0.5983386039733887,7.5576605796813965
4106,0,-6.059999942779541,0.6034640073776245,6.989683151245117
4107,0,-6.059999942779541,0.6025575399398804,7.018596172332764
4108,0,-6.059999942779541,0.6038399934768677,6.978670597076416
4109,0,-6.059999942779541,0.6002098917961121,6.902833938598633
4110,0,-6.059999942779541,0.6056708693504333,6.912688255310059
4111,1,5.599999904632568,0.5798525214195251,6.323911666870117
4112,0,-5.599999904632568,0.5830761194229126,6.270262241363525
4113,0,-5.599999904632568,0.5821049213409424,6.400115489959717
4114,0,-5.599999904632568,0.5801822543144226,6.1339192390441895
4115,0,-5.599999904632568,0.583966851234436,6.374093055725098
4116,0,-5.599999904632568,0.5850096940994263,6.131255626678467
4117,0,-5.599999904632568,0.5827963948249817,6.252414226531982
4118,0,-5.599999904632568,0.5796783566474915,6.210619926452637
4119,0,-5.599999904632568,0.5847944617271423,6.1707763671875
4120,0,-5.599999904632568,0.5832979083061218,5.882376194000244
4121,0,-5.599999904632568,0.5819029808044434,6.0109429359436035
4122,0,-5.599999904632568,0.577507495880127,5.894852161407471
4123,0,-5.599999904632568,0.5805920362472534,6.2961297035217285
4124,0,-5.599999904632568,0.5833165049552917,6.01145076751709
4125,0,-5.599999904632568,0.5877136588096619,6.3561577796936035
4126,0,-5.599999904632568,0.5852726101875305,6.645832061767578
4127,0,-5.599999904632568,0.585789144039154,5.859441757202148
4128,0,-5.599999904632568,0.5826757550239563,6.324269771575928
4129,0,-5.599999904632568,0.5815935134887695,6.798379898071289
4130,0,-5.599999904632568,0.577834963798523,5.51686429977417
4131,0,-5.599999904632568,0.5812596678733826,6.16669225692749
4132,1,5.440000057220459,0.6138084530830383,6.055214881896973
4133,1,5.440000057220459,0.6135279536247253,6.087464809417725
4134,0,-5.440000057220459,0.6186041235923767,6.007869720458984
4135,1,5.440000057220459,0.613897979259491,5.907743453979492
4136,0,-5.440000057220459,0.614084780216217,5.763740539550781
4137,1,9.550000190734863,0.6016502380371094,7.516257286071777
4138,0,-9.550000190734863,0.6022297739982605,7.580116271972656
4139,0,-9.550000190734863,0.6016831994056702,7.534421920776367
4140,0,-9.550000190734863,0.602370023727417,7.722448825836182
4141,0,-9.550000190734863,0.6025885343551636,7.589411735534668
4142,0,-9.550000190734863,0.6021625399589539,7.47968053817749
4143,0,-9.550000190734863,0.6016332507133484,7.472588539123535
4144,0,-9.550000190734863,0.6022055149078369,7.72894811630249
4145,0,-9.550000190734863,0.6013617515563965,7.522123336791992
4146,0,-9.550000190734863,0.6022395491600037,7.446635723114014
4147,0,-9.550000190734863,0.6024142503738403,7.641945838928223
4148,0,-9.550000190734863,0.6026766896247864,7.595061302185059
4149,0,-9.550000190734863,0.6022812128067017,7.529694080352783
4150,0,-9.550000190734863,0.6025652885437012,7.742842674255371
4151,0,-9.550000190734863,0.6019642949104309,7.418346405029297
4152,0,-9.550000190734863,0.6017128229141235,7.521823406219482
4153,0,-9.550000190734863,0.6020561456680298,7.588407516479492
4154,0,-9.550000190734863,0.6034789085388184,7.557995319366455
4155,1,8.720000267028809,0.601699948310852,7.386958122253418
4156,1,8.720000267028809,0.6017536520957947,7.394129276275635
4157,1,8.720000267028809,0.6043919920921326,7.059488296508789
4158,0,-8.720000267028809,0.6026358604431152,7.435086250305176
4159,0,-8.720000267028809,0.6024558544158936,7.42778205871582
4160,0,-8.720000267028809,0.6016213893890381,7.363122940063477
4161,0,-8.720000267028809,0.6019173264503479,7.495544910430908
4162,0,-8.720000267028809,0.6037346720695496,7.302584171295166
4163,0,-8.720000267028809,0.6043739318847656,7.050771236419678
4164,0,-8.720000267028809,0.6018587946891785,7.568972587585449
4165,0,-8.720000267028809,0.6026574969291687,7.503283500671387
4166,0,-8.720000267028809,0.6011893153190613,7.4912943840026855
4167,0,-8.720000267028809,0.6017155051231384,7.745066165924072
4168,0,-8.720000267028809,0.6006839871406555,7.5577521324157715
4169,0,-8.720000267028809,0.6024762392044067,7.607943534851074
4170,1,9.720000267028809,0.6004382967948914,7.731841087341309
4171,1,9.720000267028809,0.6005701422691345,7.522582054138184
4172,0,-9.720000267028809,0.6009023189544678,7.865501880645752
4173,0,-9.720000267028809,0.6008208394050598,7.814258098602295
4174,0,-9.720000267028809,0.5984786748886108,7.778193950653076
4175,0,-9.720000267028809,0.6001893877983093,7.612493991851807
4176,0,-9.720000267028809,0.6004006862640381,7.793007850646973
4177,0,-9.720000267028809,0.6001242995262146,7.643387317657471
4178,1,5.150000095367432,0.6166135668754578,5.1945366859436035
4179,1,5.150000095367432,0.6166189908981323,5.197399139404297
4180,0,-5.150000095367432,0.6168890595436096,5.412590980529785
4181,0,-5.150000095367432,0.6169001460075378,5.39987325668335
4182,0,-5.150000095367432,0.6134488582611084,5.020442962646484
4183,0,-5.150000095367432,0.6146363019943237,5.237796306610107
4184,0,-5.150000095367432,0.6158632040023804,4.826122760772705
4185,0,-5.150000095367432,0.6163276433944702,5.099719047546387
4186,0,-5.150000095367432,0.614738404750824,4.905162811279297
4187,0,-5.150000095367432,0.6116817593574524,4.990116596221924
4188,0,-5.150000095367432,0.6153696775436401,5.158979892730713
4189,0,-5.150000095367432,0.6163432002067566,5.138149261474609
4190,0,-5.150000095367432,0.6142559051513672,5.107734203338623
4191,0,-5.150000095367432,0.6172852516174316,5.378897190093994
4192,0,-5.150000095367432,0.6165326237678528,5.144265174865723
4193,0,-5.150000095367432,0.6159029603004456,5.2759504318237305
4194,0,-5.150000095367432,0.6152274012565613,4.92793083190918
4195,0,-5.150000095367432,0.6154292225837708,5.30247688293457
4196,0,-5.150000095367432,0.6148809194564819,5.340757846832275
4197,0,-5.150000095367432,0.6149246096611023,5.497779846191406
4198,0,-7.159999847412109,0.6267156004905701,5.392249584197998
4199,0,-7.159999847412109,0.6264007687568665,5.496053218841553
4200,0,-7.159999847412109,0.6286885738372803,5.4820170402526855
4201,1,6.019999980926514,0.6160151362419128,5.677718162536621
4202,1,6.019999980926514,0.6139823198318481,5.754490852355957
4203,1,6.019999980926514,0.6139732003211975,5.738831520080566
4204,1,6.019999980926514,0.616169810295105,5.758932590484619
4205,1,6.019999980926514,0.613648533821106,5.845611095428467
4206,1,6.019999980926514,0.6147587895393372,5.892561435699463
4207,0,-6.019999980926514,0.6152551174163818,5.707479476928711
4208,0,-4.190000057220459,0.6192627549171448,5.786740779876709
4209,0,-4.190000057220459,0.6215787529945374,5.732569217681885
4210,0,-4.190000057220459,0.6211933493614197,5.697991371154785
4211,0,-4.190000057220459,0.6205964684486389,5.787961006164551
4212,1,6.320000171661377,0.603702187538147,7.289137363433838
4213,1,6.320000171661377,0.6037091016769409,7.335536003112793
4214,1,6.320000171661377,0.6056191325187683,7.1989970207214355
4215,0,-6.320000171661377,0.6037980318069458,7.378267765045166
4216,0,-6.320000171661377,0.60394686460495,7.321130752563477
4217,0,-6.320000171661377,0.6036784052848816,7.3717803955078125
4218,0,-6.320000171661377,0.6035436391830444,7.320171356201172
4219,0,-6.320000171661377,0.6028316617012024,7.327614784240723
4220,0,-6.320000171661377,0.6035169363021851,7.441311836242676
4221,1,5.099999904632568,0.6055065393447876,7.137871265411377
4222,0,-5.099999904632568,0.6044532656669617,7.298825740814209
4223,0,-5.099999904632568,0.6057328581809998,7.315051078796387
4224,0,-5.099999904632568,0.6051061749458313,7.223197937011719
4225,0,-5.099999904632568,0.6057026982307434,6.681039810180664
4226,0,-5.099999904632568,0.6046891808509827,7.212206840515137
4227,0,-5.099999904632568,0.6050840616226196,7.3459601402282715
4228,0,-5.099999904632568,0.6045956015586853,7.3457560539245605
4229,0,-5.099999904632568,0.6048253178596497,7.148540019989014
4230,0,-5.099999904632568,0.6052554845809937,7.054945468902588
4231,0,-5.099999904632568,0.6041829586029053,7.21044397354126
4232,0,-5.099999904632568,0.6053674221038818,7.226517200469971
4233,0,-5.099999904632568,0.6057201623916626,6.889493465423584
4234,0,-5.099999904632568,0.6051355600357056,7.280763149261475
4235,0,-5.099999904632568,0.603934109210968,7.2301716804504395
4236,0,-5.099999904632568,0.6035521626472473,7.2327728271484375
4237,0,-5.099999904632568,0.605114758014679,7.121365547180176
4238,0,-5.099999904632568,0.6043440699577332,7.1516900062561035
4239,0,-5.099999904632568,0.6055077910423279,7.227331161499023
4240,0,-5.099999904632568,0.6051999926567078,7.302350997924805
4241,0,-5.099999904632568,0.6052231192588806,7.225583076477051
4242,1,7.960000038146973,0.6048562526702881,7.006566524505615
4243,1,7.960000038146973,0.6050514578819275,6.964766979217529
4244,1,7.960000038146973,0.6054118871688843,6.910077095031738
4245,1,7.960000038146973,0.6048266291618347,6.949243545532227
4246,0,-7.960000038146973,0.6051902770996094,6.808227062225342
4247,0,-7.960000038146973,0.6041126847267151,7.225744247436523
4248,0,-7.960000038146973,0.6045129895210266,7.01326322555542
4249,0,-7.960000038146973,0.604189395904541,7.0279154777526855
4250,0,-7.960000038146973,0.6042156219482422,7.0484395027160645
4251,0,-7.960000038146973,0.6039608716964722,7.192765235900879
4252,0,-7.960000038146973,0.6027109026908875,7.256784915924072
4253,0,-7.960000038146973,0.6036370992660522,7.008791923522949
4254,0,-7.960000038146973,0.6049718260765076,6.810838222503662
4255,0,-7.960000038146973,0.6044600605964661,6.7772722244262695
4256,0,-7.960000038146973,0.6050482392311096,7.058684825897217
4257,1,4.849999904632568,0.5914241075515747,5.301190376281738
4258,1,4.849999904632568,0.5811479687690735,5.226651191711426
4259,0,-4.849999904632568,0.5854326486587524,5.713849067687988
4260,0,-4.849999904632568,0.5937784314155579,5.759627819061279
4261,0,-4.849999904632568,0.593049168586731,5.831523895263672
4262,0,-4.849999904632568,0.5911361575126648,5.543049335479736
4263,0,-4.849999904632568,0.5868209600448608,6.065845012664795
4264,0,-4.849999904632568,0.580467164516449,5.477610111236572
4265,0,-4.849999904632568,0.5863727331161499,5.671880722045898
4266,0,-4.849999904632568,0.5835829377174377,5.771951198577881
4267,0,-4.849999904632568,0.5814450979232788,5.944291114807129
4268,0,-4.849999904632568,0.5812325477600098,5.734988689422607
4269,0,-4.849999904632568,0.5857067108154297,5.920628070831299
4270,0,-4.849999904632568,0.577893078327179,5.789295196533203
4271,0,-4.849999904632568,0.584314227104187,5.657485008239746
4272,0,-4.849999904632568,0.590028703212738,5.683016777038574
4273,0,-4.849999904632568,0.590732991695404,5.855949401855469
4274,0,-4.849999904632568,0.5868284702301025,5.563260078430176
4275,0,-4.849999904632568,0.5903221368789673,5.685583114624023
4276,0,-4.849999904632568,0.5872332453727722,5.497270584106445
4277,0,-4.849999904632568,0.5828844904899597,5.452856063842773
4278,1,6.110000133514404,0.5940494537353516,9.07588005065918
4279,1,6.110000133514404,0.5919443368911743,9.258852005004883
4280,1,6.110000133514404,0.5927011370658875,9.181175231933594
4281,0,-6.110000133514404,0.5876336097717285,8.787885665893555
4282,0,-6.110000133514404,0.5876359343528748,8.784317016601562
4283,0,-6.110000133514404,0.5936453342437744,8.778255462646484
4284,0,-6.110000133514404,0.5952561497688293,8.961387634277344
4285,0,-6.110000133514404,0.5958857536315918,9.075916290283203
4286,0,-6.110000133514404,0.5954935550689697,8.685175895690918
4287,1,6.110000133514404,0.59414142370224,8.828396797180176
4288,0,-6.110000133514404,0.5952640771865845,8.897459030151367
4289,0,-6.110000133514404,0.5949832797050476,8.643960952758789
4290,0,-6.110000133514404,0.5946559906005859,9.055892944335938
4291,0,-6.110000133514404,0.5943894386291504,9.083826065063477
4292,0,-6.110000133514404,0.5919451713562012,8.948478698730469
4293,0,-6.110000133514404,0.5943135619163513,9.06029224395752
4294,0,-6.110000133514404,0.5962746143341064,8.936250686645508
4295,0,-6.110000133514404,0.5952573418617249,8.993491172790527
4296,1,5.570000171661377,0.5891531109809875,7.199685096740723
4297,1,5.570000171661377,0.583471417427063,6.331952095031738
4298,0,-5.570000171661377,0.5849157571792603,6.698400497436523
4299,0,-5.570000171661377,0.5867091417312622,6.618048667907715
4300,0,-5.570000171661377,0.583680272102356,6.624996662139893
4301,0,-5.570000171661377,0.5790884494781494,7.2454047203063965
4302,0,-5.570000171661377,0.5873926281929016,7.0311198234558105
4303,0,-5.570000171661377,0.5835742950439453,7.300975799560547
4304,0,-5.570000171661377,0.5880595445632935,6.796782493591309
4305,0,-5.570000171661377,0.5838504433631897,6.707520484924316
4306,0,-5.570000171661377,0.5842368602752686,7.257708549499512
4307,0,-5.570000171661377,0.5833472609519958,7.144625186920166
4308,0,-5.570000171661377,0.5868518352508545,6.465268135070801
4309,0,-5.570000171661377,0.5825777649879456,6.962327003479004
4310,0,-5.570000171661377,0.5870833396911621,7.009322166442871
4311,0,-5.570000171661377,0.5883269309997559,6.409492015838623
4312,0,-5.570000171661377,0.5846301317214966,6.688244819641113
4313,0,-5.570000171661377,0.5831092000007629,7.6314377784729
4314,0,-5.570000171661377,0.5855490565299988,6.748067855834961
4315,0,-5.570000171661377,0.5874609351158142,7.064151763916016
4316,0,-5.570000171661377,0.5886207222938538,6.93467903137207
4317,1,6.019999980926514,0.5887514352798462,6.948420524597168
4318,1,6.019999980926514,0.5875878930091858,7.349907398223877
4319,0,-6.019999980926514,0.5872648358345032,6.891467094421387
4320,0,-6.019999980926514,0.588205873966217,6.951377868652344
4321,0,-6.019999980926514,0.5855236053466797,7.459715843200684
4322,0,-6.019999980926514,0.5835689306259155,7.058265209197998
4323,0,-6.019999980926514,0.5850679874420166,6.939296722412109
4324,0,-6.019999980926514,0.5859025716781616,7.5048699378967285
4325,0,-6.019999980926514,0.5826568603515625,7.089366436004639
4326,0,-6.019999980926514,0.5888702273368835,6.800032615661621
4327,0,-6.019999980926514,0.584106981754303,7.499906539916992
4328,0,-6.019999980926514,0.5915123820304871,7.192818641662598
4329,0,-6.019999980926514,0.5858134627342224,6.809944152832031
4330,0,-6.019999980926514,0.588981568813324,7.10230827331543
4331,0,-6.019999980926514,0.5841236710548401,7.245599746704102
4332,0,-6.019999980926514,0.5893834233283997,6.716221809387207
4333,0,-7.800000190734863,0.5923278331756592,7.016270160675049
4334,0,-7.800000190734863,0.590130627155304,6.739404201507568
4335,0,-7.800000190734863,0.5916546583175659,6.93640661239624
4336,0,-7.800000190734863,0.5925858616828918,7.000072002410889
4337,0,-7.800000190734863,0.5924849510192871,6.847212791442871
4338,0,-7.800000190734863,0.5899839401245117,6.745738983154297
4339,0,-7.800000190734863,0.5918572545051575,6.634252548217773
4340,0,-7.800000190734863,0.5947109460830688,7.481906890869141
4341,0,-7.800000190734863,0.5932810306549072,7.157021999359131
4342,0,-7.800000190734863,0.5933871865272522,6.912396430969238
4343,0,-7.800000190734863,0.5931760668754578,6.551249027252197
4344,0,-7.800000190734863,0.5939026474952698,7.17262077331543
4345,0,-7.800000190734863,0.5963812470436096,6.883421897888184
4346,0,-7.800000190734863,0.5904198288917542,6.928465843200684
4347,0,-7.800000190734863,0.5915796756744385,7.116875648498535
4348,0,-7.800000190734863,0.5944764018058777,6.691089630126953
4349,0,-7.800000190734863,0.5919883251190186,6.765732765197754
4350,0,-7.800000190734863,0.5917622447013855,6.826011657714844
4351,0,-7.800000190734863,0.5932652950286865,6.9886474609375
4352,0,-7.800000190734863,0.5900513529777527,7.17460823059082
4353,1,2.4000000953674316,0.5927273035049438,5.489326477050781
4354,0,-2.4000000953674316,0.598980188369751,5.218512535095215
4355,0,-2.4000000953674316,0.6023615002632141,5.53119421005249
4356,0,-2.4000000953674316,0.59898841381073,5.057300567626953
4357,0,-2.4000000953674316,0.5932174324989319,5.378056049346924
4358,0,-2.4000000953674316,0.6022359132766724,5.540825843811035
4359,0,-2.4000000953674316,0.5982626676559448,5.397311210632324
4360,0,-2.4000000953674316,0.596579372882843,5.494996070861816
4361,0,-2.4000000953674316,0.5986400246620178,5.470711708068848
4362,0,-2.4000000953674316,0.6006973385810852,5.394136905670166
4363,0,-2.4000000953674316,0.5957736968994141,5.602501392364502
4364,0,-2.4000000953674316,0.6009384393692017,5.731930732727051
4365,0,-2.4000000953674316,0.5948318243026733,5.222022533416748
4366,0,-2.4000000953674316,0.5958311557769775,5.323897838592529
4367,0,-2.4000000953674316,0.6028701663017273,5.659363746643066
4368,0,-2.4000000953674316,0.6023712754249573,5.385367393493652
4369,0,-2.4000000953674316,0.6042552590370178,5.446835994720459
4370,0,-2.4000000953674316,0.5965033769607544,5.32921028137207
4371,0,-2.4000000953674316,0.5952412486076355,5.5666046142578125
4372,0,-2.4000000953674316,0.5974382162094116,5.506560325622559
4373,0,-2.4000000953674316,0.596686601638794,5.613047122955322
4374,1,3.5799999237060547,0.5874689221382141,5.602262020111084
4375,0,-3.5799999237060547,0.5992202758789062,5.50074577331543
4376,0,-3.5799999237060547,0.5915408134460449,5.4625654220581055
4377,0,-3.5799999237060547,0.5934580564498901,5.580691814422607
4378,0,-3.5799999237060547,0.5882745981216431,5.460655689239502
4379,0,-3.5799999237060547,0.5962618589401245,5.6733808517456055
4380,0,-3.5799999237060547,0.5939199328422546,5.64656925201416
4381,0,-3.5799999237060547,0.5949521064758301,5.477406024932861
4382,0,-3.5799999237060547,0.5993828177452087,5.433667182922363
4383,0,-3.5799999237060547,0.5894951224327087,5.510317802429199
4384,0,-3.5799999237060547,0.5894678235054016,5.486044883728027
4385,0,-3.5799999237060547,0.5885549187660217,5.576695919036865
4386,0,-3.5799999237060547,0.5917205810546875,5.339711666107178
4387,0,-3.5799999237060547,0.5894297361373901,5.833222389221191
4388,0,-3.5799999237060547,0.5927320122718811,5.394773483276367
4389,0,-3.5799999237060547,0.5921881198883057,5.513278484344482
4390,0,-3.5799999237060547,0.5873693823814392,5.520599365234375
4391,0,-3.5799999237060547,0.592038094997406,5.537307262420654
4392,1,6.820000171661377,0.5778539776802063,5.740478038787842
4393,0,-6.820000171661377,0.5773866176605225,5.331758975982666
4394,0,-6.820000171661377,0.5772275924682617,5.5702714920043945
4395,0,-6.820000171661377,0.5753422975540161,5.378058910369873
4396,0,-6.820000171661377,0.5842142105102539,5.379690647125244
4397,0,-6.820000171661377,0.5736104249954224,5.730800628662109
4398,0,-6.820000171661377,0.5779155492782593,5.464951038360596
4399,0,-6.820000171661377,0.5745318531990051,5.348010540008545
4400,0,-6.820000171661377,0.5797956585884094,4.882876873016357
4401,0,-6.820000171661377,0.5708572268486023,5.26009464263916
4402,0,-6.820000171661377,0.5789278149604797,5.6159186363220215
4403,0,-6.820000171661377,0.5797709822654724,5.546070098876953
4404,0,-6.820000171661377,0.5720880031585693,4.894957542419434
4405,0,-6.820000171661377,0.5724217891693115,5.5400519371032715
4406,0,-6.820000171661377,0.5742255449295044,5.372941493988037
4407,0,-6.820000171661377,0.5724576711654663,5.4198455810546875
4408,0,-6.820000171661377,0.5751461982727051,5.770996570587158
4409,0,-6.820000171661377,0.5696910619735718,5.771550178527832
4410,0,-6.820000171661377,0.5737505555152893,5.199448108673096
4411,0,-6.820000171661377,0.5848249197006226,4.998837471008301
4412,0,-6.820000171661377,0.5812069773674011,5.632126808166504
4413,1,7.090000152587891,0.6033897399902344,7.897204399108887
4414,0,-7.090000152587891,0.6031177639961243,7.864964008331299
4415,0,-7.090000152587891,0.6027498245239258,7.889177322387695
4416,0,-7.090000152587891,0.6023480892181396,8.123403549194336
4417,0,-7.090000152587891,0.6029457449913025,8.213780403137207
4418,0,-7.090000152587891,0.6012672781944275,7.98336935043335
4419,0,-7.090000152587891,0.6019560694694519,7.979095458984375
4420,0,-7.090000152587891,0.6027541756629944,7.846177101135254
4421,0,-7.090000152587891,0.6023145318031311,8.010892868041992
4422,0,-7.090000152587891,0.6032021045684814,8.065028190612793
4423,0,-7.090000152587891,0.6033278107643127,7.926008224487305
4424,0,-7.090000152587891,0.603661060333252,7.922513008117676
4425,0,-7.090000152587891,0.603352963924408,7.941534519195557
4426,0,-7.090000152587891,0.6038642525672913,7.876893997192383
4427,0,-7.090000152587891,0.6031480431556702,8.023309707641602
4428,0,-7.090000152587891,0.603580117225647,7.923399925231934
4429,0,-7.090000152587891,0.6035280823707581,7.872448921203613
4430,0,-7.090000152587891,0.6034558415412903,7.994709014892578
4431,0,-7.090000152587891,0.6034978032112122,7.826188087463379
4432,0,-7.090000152587891,0.6040113568305969,7.871270179748535
4433,0,-7.090000152587891,0.6030094623565674,8.022163391113281
4434,1,8.479999542236328,0.6052417755126953,7.580574035644531
4435,1,8.479999542236328,0.6055083870887756,7.663529396057129
4436,0,-8.479999542236328,0.6041393876075745,7.734218597412109
4437,0,-8.479999542236328,0.6040140986442566,7.798930644989014
4438,0,-8.479999542236328,0.6040970087051392,7.644012928009033
4439,0,-8.479999542236328,0.6007693409919739,7.883825778961182
4440,0,-8.479999542236328,0.6006026268005371,7.8703460693359375
4441,0,-8.479999542236328,0.6061859726905823,7.119470119476318
4442,0,-8.479999542236328,0.6031463742256165,7.573155879974365
4443,0,-8.479999542236328,0.6040656566619873,7.5498833656311035
4444,0,-8.479999542236328,0.6044489741325378,7.360962867736816
4445,0,-8.479999542236328,0.6028768420219421,7.665337085723877
4446,0,-8.479999542236328,0.601535975933075,7.868281364440918
4447,0,-8.479999542236328,0.603400468826294,7.604515075683594
4448,1,8.300000190734863,0.603081464767456,7.967900276184082
4449,0,-8.300000190734863,0.6035822629928589,7.798160552978516
4450,0,-8.300000190734863,0.6031681299209595,7.8232951164245605
4451,0,-8.300000190734863,0.603192150592804,7.818985939025879
4452,0,-8.300000190734863,0.6031206846237183,7.946759223937988
4453,0,-8.300000190734863,0.603650689125061,7.722285747528076
4454,0,-8.300000190734863,0.603890061378479,7.814400672912598
4455,0,-8.300000190734863,0.6026208996772766,7.862905502319336
4456,0,-8.300000190734863,0.6035699248313904,7.758358955383301
4457,0,-8.300000190734863,0.6030108332633972,7.817335605621338
4458,0,-8.300000190734863,0.6026847958564758,8.015284538269043
4459,0,-8.300000190734863,0.6031524538993835,7.860309600830078
4460,0,-8.300000190734863,0.6038424968719482,7.823127269744873
4461,0,-8.300000190734863,0.6037808060646057,7.788827896118164
4462,0,-8.300000190734863,0.6033006906509399,7.8727545738220215
4463,0,-8.300000190734863,0.6035598516464233,8.035175323486328
4464,0,-8.300000190734863,0.6029126644134521,7.844186305999756
4465,0,-8.300000190734863,0.6029837727546692,7.912889003753662
4466,0,-8.300000190734863,0.6029536724090576,7.9127984046936035
4467,0,-8.300000190734863,0.6029599905014038,7.692769527435303
4468,0,-8.300000190734863,0.6037091016769409,7.961924076080322
4469,1,10.300000190734863,0.6015961170196533,7.723695278167725
4470,1,10.300000190734863,0.6017492413520813,7.760712146759033
4471,0,-10.300000190734863,0.6007357835769653,8.206512451171875
4472,0,-10.300000190734863,0.6004624962806702,7.944728374481201
4473,1,4.760000228881836,0.6094203591346741,6.436943054199219
4474,0,-4.760000228881836,0.6099890470504761,6.516549110412598
4475,0,-4.760000228881836,0.6095311641693115,6.814472675323486
4476,0,-4.760000228881836,0.6086073517799377,6.856236457824707
4477,0,-4.760000228881836,0.6136182546615601,6.166321754455566
4478,0,-4.760000228881836,0.6140164136886597,6.10392951965332
4479,0,-4.760000228881836,0.6128785014152527,6.3706889152526855
4480,1,4.760000228881836,0.6131592988967896,6.3377604484558105
4481,0,-4.760000228881836,0.6120931506156921,6.295263290405273
4482,0,-4.760000228881836,0.6134383082389832,6.54689359664917
4483,0,-4.760000228881836,0.6097152233123779,6.544296741485596
4484,0,-4.760000228881836,0.6114822626113892,6.542692184448242
4485,0,-4.760000228881836,0.6102582216262817,6.218307971954346
4486,0,-4.760000228881836,0.6118927597999573,6.426436901092529
4487,0,-4.760000228881836,0.611721932888031,6.511830806732178
4488,0,-4.760000228881836,0.6113582253456116,6.492430210113525
4489,0,-4.760000228881836,0.61235111951828,6.491673946380615
4490,0,-4.760000228881836,0.6121681332588196,6.26422643661499
4491,0,-4.760000228881836,0.6146096587181091,6.268435955047607
4492,0,-4.760000228881836,0.6123809218406677,6.345354080200195
4493,1,5.960000038146973,0.5951682329177856,8.241362571716309
4494,1,5.960000038146973,0.5956183075904846,8.194720268249512
4495,0,-5.960000038146973,0.6007397174835205,7.723054885864258
4496,0,-5.960000038146973,0.5973391532897949,8.311075210571289
4497,0,-5.960000038146973,0.5977628827095032,8.131568908691406
4498,0,-5.960000038146973,0.6028347611427307,7.793392658233643
4499,0,-5.960000038146973,0.6011858582496643,7.654006481170654
4500,0,-5.960000038146973,0.5979644060134888,7.972222328186035
4501,0,-5.960000038146973,0.5991454124450684,7.800191879272461
4502,0,-5.960000038146973,0.5969768166542053,8.009415626525879
4503,0,-5.960000038146973,0.5949037075042725,8.460466384887695
4504,0,-5.960000038146973,0.5989169478416443,7.875923156738281
4505,0,-5.960000038146973,0.5983460545539856,8.402300834655762
4506,0,-5.960000038146973,0.5983651876449585,8.046911239624023
4507,0,-5.960000038146973,0.5990391969680786,8.07404899597168
4508,0,-5.960000038146973,0.5988872051239014,7.916912078857422
4509,0,-5.960000038146973,0.5987374782562256,7.736023426055908
4510,0,-5.960000038146973,0.5997987389564514,7.910305500030518
4511,0,-5.960000038146973,0.600525975227356,7.681649684906006
4512,0,-5.960000038146973,0.598263144493103,8.281658172607422
4513,0,-5.960000038146973,0.5968775749206543,8.235673904418945
4514,0,-7.320000171661377,0.6015192270278931,8.222929000854492
4515,1,7.320000171661377,0.6010818481445312,8.188139915466309
4516,0,-7.320000171661377,0.6025694608688354,8.087203979492188
4517,0,-7.320000171661377,0.6018237471580505,8.275428771972656
4518,0,-7.320000171661377,0.6015021800994873,8.098210334777832
4519,0,-7.320000171661377,0.6021316647529602,8.21713638305664
4520,0,-7.320000171661377,0.6027504205703735,8.275264739990234
4521,0,-7.320000171661377,0.6011307835578918,8.398900032043457
4522,0,-7.320000171661377,0.6009882688522339,8.517935752868652
4523,0,-7.320000171661377,0.6021792888641357,8.1840238571167
4524,0,-7.320000171661377,0.601486325263977,8.07911491394043
4525,0,-7.320000171661377,0.602030873298645,8.068683624267578
4526,0,-7.320000171661377,0.6017066240310669,8.371444702148438
4527,0,-7.320000171661377,0.602295994758606,8.272751808166504
4528,0,-7.320000171661377,0.6021108627319336,8.08664608001709
4529,0,-7.320000171661377,0.6033169627189636,8.281414031982422
4530,0,-7.320000171661377,0.6013120412826538,8.461015701293945
4531,0,-7.320000171661377,0.6026002764701843,8.080835342407227
4532,0,-7.320000171661377,0.6036357879638672,8.070144653320312
4533,0,-7.320000171661377,0.6026996970176697,8.055636405944824
4534,1,6.300000190734863,0.6043041944503784,6.503589153289795
4535,0,-6.300000190734863,0.6035452485084534,5.909041404724121
4536,0,-6.300000190734863,0.6044198870658875,6.318566799163818
4537,0,-6.300000190734863,0.60139000415802,5.803587913513184
4538,0,-6.300000190734863,0.6046532988548279,6.093917369842529
4539,0,-6.300000190734863,0.6041790843009949,6.215209007263184
4540,1,6.300000190734863,0.604120135307312,5.960549831390381
4541,0,-6.300000190734863,0.603144109249115,6.066091060638428
4542,0,-6.300000190734863,0.602767825126648,6.084054946899414
4543,1,6.300000190734863,0.6046482920646667,6.1644487380981445
4544,0,-6.300000190734863,0.6037734746932983,6.116028785705566
4545,0,-6.300000190734863,0.6017792224884033,6.308658123016357
4546,0,-6.300000190734863,0.6051874160766602,5.904247283935547
4547,0,-6.300000190734863,0.6056768298149109,5.9461669921875
4548,0,-6.300000190734863,0.6016367673873901,6.038477897644043
4549,0,-6.300000190734863,0.6028784513473511,6.031157493591309
4550,0,-6.300000190734863,0.6025552749633789,5.6554059982299805
4551,0,-6.300000190734863,0.6015417575836182,5.970091342926025
4552,0,-6.300000190734863,0.6048765182495117,6.316054344177246
4553,0,-6.300000190734863,0.604040265083313,5.929347038269043
4554,0,-6.300000190734863,0.6035921573638916,5.725167751312256
4555,0,-4.690000057220459,0.600664496421814,6.605816841125488
4556,0,-4.690000057220459,0.5999876260757446,6.917397499084473
4557,0,-4.690000057220459,0.5978024005889893,7.205166816711426
4558,0,-4.690000057220459,0.6014919281005859,6.549114227294922
4559,0,-4.690000057220459,0.5999311804771423,6.730241298675537
4560,0,-4.690000057220459,0.6002659201622009,6.8784918785095215
4561,0,-4.690000057220459,0.5987735390663147,7.142858505249023
4562,0,-4.690000057220459,0.597964346408844,6.697366714477539
4563,0,-4.690000057220459,0.5983187556266785,7.012038230895996
4564,0,-4.690000057220459,0.5984848737716675,6.9899163246154785
4565,0,-4.690000057220459,0.5986737012863159,7.121941566467285
4566,0,-4.690000057220459,0.5981171727180481,7.070274353027344
4567,0,-4.690000057220459,0.5994685888290405,6.960042953491211
4568,0,-4.690000057220459,0.5987857580184937,6.727520942687988
4569,0,-4.690000057220459,0.599509060382843,7.1396379470825195
4570,0,-4.690000057220459,0.5987377166748047,7.055050849914551
4571,0,-4.690000057220459,0.5989537239074707,7.250227928161621
4572,0,-4.690000057220459,0.5995046496391296,7.078419208526611
4573,0,-4.690000057220459,0.5981854200363159,6.580554962158203
4574,0,-4.690000057220459,0.5987900495529175,7.055115699768066
4575,0,-4.690000057220459,0.6002609133720398,6.836777210235596
4576,0,-5.010000228881836,0.6004977822303772,6.883254051208496
4577,0,-5.010000228881836,0.5991049408912659,7.030423641204834
4578,0,-5.010000228881836,0.5988913178443909,6.76613187789917
4579,0,-5.010000228881836,0.5996590256690979,7.047980785369873
4580,0,-5.010000228881836,0.5995738506317139,6.509740352630615
4581,0,-5.010000228881836,0.600095272064209,7.086272239685059
4582,0,-5.010000228881836,0.5993881225585938,7.343663692474365
4583,0,-5.010000228881836,0.6001474261283875,7.172609329223633
4584,0,-5.010000228881836,0.5996635556221008,7.049094200134277
4585,0,-5.010000228881836,0.5979790687561035,6.692442417144775
4586,0,-5.010000228881836,0.5991289615631104,6.910401344299316
4587,0,-5.010000228881836,0.597802996635437,7.283097743988037
4588,0,-5.010000228881836,0.5992529988288879,6.712399482727051
4589,0,-5.010000228881836,0.598464846611023,7.222705841064453
4590,0,-5.010000228881836,0.5988508462905884,7.438720226287842
4591,0,-5.010000228881836,0.5979913473129272,7.021059989929199
4592,0,-5.010000228881836,0.5979064106941223,7.6130475997924805
4593,0,-5.010000228881836,0.6002306938171387,6.998348236083984
4594,0,-5.010000228881836,0.5987402200698853,7.043654918670654
4595,0,-5.010000228881836,0.5979504585266113,7.079662799835205
4596,0,-5.010000228881836,0.5995522737503052,7.0551018714904785
4597,1,3.9700000286102295,0.6002653241157532,6.323554515838623
4598,1,3.9700000286102295,0.5979062914848328,6.560118198394775
4599,0,-3.9700000286102295,0.6002272367477417,6.405315399169922
4600,0,-3.9700000286102295,0.5990588068962097,6.463033199310303
4601,0,-3.9700000286102295,0.5967952609062195,6.504040241241455
4602,0,-3.9700000286102295,0.5991278886795044,6.575989246368408
4603,0,-3.9700000286102295,0.5942067503929138,7.067972660064697
4604,0,-3.9700000286102295,0.5981168746948242,6.767072677612305
4605,0,-3.9700000286102295,0.5981953144073486,6.715975761413574
4606,0,-3.9700000286102295,0.5958582758903503,6.9673614501953125
4607,0,-3.9700000286102295,0.5971491932868958,6.642140865325928
4608,0,-3.9700000286102295,0.5980612635612488,6.706458568572998
4609,0,-3.9700000286102295,0.5979394912719727,6.722071170806885
4610,0,-3.9700000286102295,0.5987105369567871,6.587057590484619
4611,0,-3.9700000286102295,0.5978469252586365,6.717307090759277
4612,0,-3.9700000286102295,0.5967696309089661,6.925448417663574
4613,0,-3.9700000286102295,0.5976046323776245,6.799864768981934
4614,0,-3.9700000286102295,0.5966123342514038,6.69392204284668
4615,0,-3.9700000286102295,0.595615565776825,7.101557731628418
4616,0,-3.9700000286102295,0.5970174670219421,7.083361625671387
4617,0,-3.9700000286102295,0.5995665192604065,6.2557854652404785
