index,label,affinity_true,p_good,affinity_pred
0,1,3.2799999713897705,0.5771581530570984,5.633230686187744
1,0,-3.2799999713897705,0.5720610022544861,6.071996688842773
2,0,-3.2799999713897705,0.5642301440238953,5.417856693267822
3,0,-3.2799999713897705,0.565411388874054,5.65967321395874
4,0,-3.2799999713897705,0.572149932384491,5.591816425323486
5,0,-3.2799999713897705,0.5659690499305725,6.510371685028076
6,0,-3.2799999713897705,0.5754155516624451,5.8397216796875
7,0,-3.2799999713897705,0.5769305229187012,6.031562805175781
8,0,-3.2799999713897705,0.5653175711631775,5.190178871154785
9,0,-3.2799999713897705,0.5769246220588684,5.557506084442139
10,0,-3.2799999713897705,0.5629177093505859,5.740942478179932
11,0,-3.2799999713897705,0.5776481032371521,5.821967601776123
12,0,-3.2799999713897705,0.5759778022766113,5.598127841949463
13,0,-3.2799999713897705,0.5667154788970947,5.577998161315918
14,0,-3.2799999713897705,0.5782116055488586,5.71506404876709
15,1,3.2799999713897705,0.5629177093505859,5.595491409301758
16,0,-3.2799999713897705,0.5715872049331665,5.4948272705078125
17,0,-3.2799999713897705,0.569730281829834,5.733680725097656
18,0,-3.2799999713897705,0.568372368812561,5.3079833984375
19,0,-3.2799999713897705,0.5749067664146423,6.135997295379639
20,0,-3.2799999713897705,0.5723037123680115,5.8028035163879395
21,1,3.5199999809265137,0.6555740833282471,6.210370063781738
22,1,3.5199999809265137,0.6291043162345886,6.231945991516113
23,1,3.5199999809265137,0.6385970711708069,5.77073860168457
24,0,-3.5199999809265137,0.637119472026825,6.491272926330566
25,0,-3.5199999809265137,0.6004998683929443,6.005095958709717
26,0,-3.5199999809265137,0.6366867423057556,5.801785469055176
27,1,7.050000190734863,0.6094025373458862,5.601044178009033
28,1,7.050000190734863,0.5875521302223206,6.126965045928955
29,0,-7.050000190734863,0.6115328073501587,5.906411170959473
30,0,-7.050000190734863,0.5695014595985413,5.994794845581055
31,0,-7.050000190734863,0.578813374042511,5.7185444831848145
32,0,-7.050000190734863,0.5752956867218018,5.831962585449219
33,0,-7.050000190734863,0.58658766746521,6.214343070983887
34,0,-7.050000190734863,0.5688362121582031,6.615111351013184
35,0,-7.050000190734863,0.5724513530731201,7.272704124450684
36,0,-7.050000190734863,0.6045880913734436,6.659269332885742
37,0,-7.050000190734863,0.6049641966819763,5.439337253570557
38,0,-7.050000190734863,0.6132100224494934,6.359556198120117
39,0,-7.050000190734863,0.5936705470085144,7.015982627868652
40,0,-7.050000190734863,0.5578603148460388,6.645557880401611
41,0,-7.050000190734863,0.5659430623054504,5.933830738067627
42,0,-7.050000190734863,0.5787228941917419,6.2500152587890625
43,0,-7.050000190734863,0.5769720077514648,7.237442970275879
44,0,-7.050000190734863,0.588811993598938,6.450744152069092
45,0,-7.050000190734863,0.5724586248397827,6.560798168182373
46,0,-7.050000190734863,0.5731076598167419,6.516843795776367
47,0,-7.050000190734863,0.5871710777282715,6.499288082122803
48,1,6.5,0.603178858757019,7.4254841804504395
49,1,6.5,0.6158772706985474,7.01725435256958
50,0,-6.5,0.6158391833305359,7.569632530212402
51,0,-6.5,0.6222413182258606,6.9259843826293945
52,0,-6.5,0.6099683046340942,7.260250091552734
53,0,-6.5,0.5964179635047913,7.423524379730225
54,0,-6.5,0.567267656326294,7.378486633300781
55,0,-6.5,0.5971916913986206,7.06238317489624
56,0,-6.5,0.6000843644142151,7.23596715927124
57,0,-6.5,0.5551421046257019,7.332230567932129
58,0,-6.5,0.6214383840560913,7.041483402252197
59,0,-6.5,0.536645233631134,8.549365997314453
60,0,-6.5,0.5642015933990479,7.511800765991211
61,0,-6.5,0.5699616074562073,7.115354061126709
62,0,-6.5,0.6154653429985046,7.378965377807617
63,0,-6.5,0.5704648494720459,7.435009479522705
64,0,-6.5,0.6033695340156555,7.538717746734619
65,0,-6.5,0.592257022857666,7.15472936630249
66,0,-6.5,0.5853180885314941,7.754667282104492
67,0,-6.5,0.5950948596000671,7.668768882751465
68,0,-6.5,0.5999829173088074,7.694990158081055
69,1,8.020000457763672,0.6104604601860046,6.528975009918213
70,0,-8.020000457763672,0.6158037185668945,6.731876373291016
71,0,-8.020000457763672,0.6003621220588684,6.532259941101074
72,0,-8.020000457763672,0.5858013033866882,7.432523727416992
73,0,-8.020000457763672,0.5859789252281189,6.998697757720947
74,0,-8.020000457763672,0.591404139995575,7.411307334899902
75,0,-8.020000457763672,0.5940296053886414,6.231349468231201
76,0,-8.020000457763672,0.581490159034729,6.351029872894287
77,0,-8.020000457763672,0.5941334366798401,6.134613990783691
78,0,-8.020000457763672,0.5992631912231445,7.3454484939575195
79,0,-8.020000457763672,0.5892813801765442,6.505023956298828
80,0,-8.020000457763672,0.5948906540870667,7.308083534240723
81,0,-8.020000457763672,0.5991727113723755,5.766110420227051
82,0,-8.020000457763672,0.6428744792938232,6.884716987609863
83,0,-8.020000457763672,0.6206598281860352,6.209021091461182
84,0,-8.020000457763672,0.5978527069091797,7.1094512939453125
85,0,-8.020000457763672,0.6273918747901917,6.0811052322387695
86,0,-8.020000457763672,0.574023425579071,6.195122241973877
87,0,-8.020000457763672,0.6032538414001465,6.560332775115967
88,0,-8.020000457763672,0.6084951162338257,5.703577995300293
89,0,-8.020000457763672,0.5703639984130859,7.202198505401611
90,1,2.9800000190734863,0.6202428340911865,6.191932678222656
91,0,-2.9800000190734863,0.5889455676078796,5.999377250671387
92,1,2.9800000190734863,0.60600346326828,6.304409503936768
93,0,-2.9800000190734863,0.5713480710983276,5.870736122131348
94,0,-2.9800000190734863,0.6082243323326111,6.003242492675781
95,0,-2.9800000190734863,0.5848813056945801,6.290681838989258
96,0,-2.9800000190734863,0.599944531917572,6.135158538818359
97,0,-2.9800000190734863,0.6176738739013672,6.5125627517700195
98,0,-2.9800000190734863,0.60573810338974,5.876679420471191
99,0,-2.9800000190734863,0.5818784832954407,6.385514736175537
100,0,-2.9800000190734863,0.5960518717765808,6.0550150871276855
101,0,-2.9800000190734863,0.604999303817749,6.2786736488342285
102,0,-2.9800000190734863,0.593460202217102,6.128118515014648
103,0,-2.9800000190734863,0.6074597835540771,6.130218029022217
104,0,-2.9800000190734863,0.598366379737854,6.535684108734131
105,0,-2.9800000190734863,0.5925636291503906,5.722314834594727
106,0,-2.9800000190734863,0.5887857675552368,5.910853862762451
107,0,-2.9800000190734863,0.6075663566589355,6.436524391174316
108,0,-2.9800000190734863,0.6218199729919434,5.671480178833008
109,0,-2.9800000190734863,0.5854032039642334,6.037838459014893
110,0,-2.9800000190734863,0.5895953178405762,6.020063400268555
111,1,8.640000343322754,0.5747191905975342,6.313284397125244
112,0,-8.640000343322754,0.5630694627761841,6.574329853057861
113,1,8.640000343322754,0.5772256255149841,6.475599765777588
114,0,-8.640000343322754,0.5947609543800354,6.565998554229736
115,0,-8.640000343322754,0.5720677375793457,7.107316493988037
116,0,-8.640000343322754,0.5701883435249329,6.811209201812744
117,0,-8.640000343322754,0.5938197374343872,6.700777053833008
118,0,-8.640000343322754,0.5887441039085388,7.227559566497803
119,0,-8.640000343322754,0.5835854411125183,6.586871147155762
120,0,-8.640000343322754,0.5828976631164551,6.592203140258789
121,0,-8.640000343322754,0.5733586549758911,6.0928730964660645
122,0,-8.640000343322754,0.5785135626792908,6.724689483642578
123,0,-8.640000343322754,0.6002894639968872,6.507627010345459
124,0,-8.640000343322754,0.5778067708015442,6.558941841125488
125,0,-8.640000343322754,0.5816496014595032,7.014829635620117
126,0,-8.640000343322754,0.5775068402290344,6.718200206756592
127,0,-8.640000343322754,0.5988189578056335,7.152016639709473
128,0,-8.640000343322754,0.5974953174591064,7.427474498748779
129,0,-8.640000343322754,0.5869410634040833,7.1733598709106445
130,0,-8.640000343322754,0.5974326729774475,6.318566799163818
131,0,-8.640000343322754,0.5809845924377441,6.547499179840088
132,1,6.420000076293945,0.6224310398101807,5.688258171081543
133,1,6.420000076293945,0.6254833936691284,5.810100078582764
134,0,-6.420000076293945,0.6349430680274963,6.921463489532471
135,0,-6.420000076293945,0.5891678333282471,5.94139289855957
136,0,-6.420000076293945,0.655330240726471,6.208155155181885
137,0,-6.420000076293945,0.6549877524375916,5.959114074707031
138,0,-6.420000076293945,0.6458903551101685,6.27518892288208
139,0,-6.420000076293945,0.6023167967796326,5.388454437255859
140,0,-6.420000076293945,0.5910718441009521,5.986471176147461
141,0,-6.420000076293945,0.6122954487800598,6.848250389099121
142,0,-6.420000076293945,0.6441841125488281,6.545699119567871
143,0,-6.420000076293945,0.6306213140487671,6.837923049926758
144,0,-6.420000076293945,0.6236830949783325,6.932761192321777
145,0,-6.420000076293945,0.5967460870742798,7.036121845245361
146,0,-6.420000076293945,0.6056223511695862,6.379206657409668
147,0,-6.420000076293945,0.5851913690567017,6.715540409088135
148,0,-6.420000076293945,0.6166080832481384,5.9789886474609375
149,0,-6.420000076293945,0.6156100630760193,7.069149971008301
150,0,-6.420000076293945,0.5872087478637695,6.324690341949463
151,0,-6.420000076293945,0.6342539191246033,5.973237991333008
152,0,-6.420000076293945,0.6253465414047241,6.199917316436768
153,1,7.190000057220459,0.6270039677619934,6.1362433433532715
154,0,-7.190000057220459,0.6193297505378723,6.609744548797607
155,0,-7.190000057220459,0.6531644463539124,6.3770575523376465
156,0,-7.190000057220459,0.590166449546814,7.015928745269775
157,0,-7.190000057220459,0.5982954502105713,7.72041654586792
158,0,-7.190000057220459,0.6329408288002014,6.037177085876465
159,0,-7.190000057220459,0.6194567680358887,7.042505264282227
160,0,-7.190000057220459,0.6476239562034607,6.766918659210205
161,0,-7.190000057220459,0.6201231479644775,7.449389457702637
162,0,-7.190000057220459,0.5945801138877869,7.729323863983154
163,0,-7.190000057220459,0.6629732847213745,6.547678470611572
164,0,-7.190000057220459,0.6159818172454834,6.904417037963867
165,0,-7.190000057220459,0.6139995455741882,7.557791233062744
166,0,-7.190000057220459,0.5859748125076294,6.386162757873535
167,0,-7.190000057220459,0.6545270085334778,6.8272013664245605
168,0,-7.190000057220459,0.5977675318717957,7.232780456542969
169,0,-7.190000057220459,0.6197785139083862,6.417480945587158
170,0,-7.190000057220459,0.6409359574317932,6.051393985748291
171,0,-7.190000057220459,0.6186553835868835,7.101835250854492
172,0,-7.190000057220459,0.6114580631256104,6.795341491699219
173,0,-7.190000057220459,0.5916934013366699,6.8924713134765625
174,1,5.889999866485596,0.6259910464286804,6.191278457641602
175,0,-5.889999866485596,0.639021635055542,7.212255477905273
176,0,-5.889999866485596,0.62960284948349,6.330214977264404
177,0,-5.889999866485596,0.6560218334197998,6.535920143127441
178,0,-5.889999866485596,0.6450982093811035,6.284985542297363
179,1,5.889999866485596,0.6564018726348877,6.391956806182861
180,0,-5.889999866485596,0.6469575762748718,6.004306316375732
181,0,-5.889999866485596,0.6077284216880798,6.132551670074463
182,0,-5.889999866485596,0.6407681107521057,6.422880172729492
183,0,-5.889999866485596,0.6291177868843079,6.629117488861084
184,0,-5.889999866485596,0.6404336094856262,5.800344944000244
185,0,-5.889999866485596,0.6505306363105774,6.357269287109375
186,0,-5.889999866485596,0.6403161883354187,6.482495307922363
187,0,-5.889999866485596,0.6175896525382996,7.0968017578125
188,0,-5.889999866485596,0.6173466444015503,7.289030075073242
189,0,-5.889999866485596,0.6338725686073303,6.93953275680542
190,0,-5.889999866485596,0.5906410217285156,6.031098365783691
191,0,-5.889999866485596,0.6172618865966797,7.145437240600586
192,0,-5.889999866485596,0.6534634232521057,6.689279079437256
193,1,5.239999771118164,0.6329877376556396,5.946272373199463
194,0,-5.239999771118164,0.6693761348724365,6.084273338317871
195,0,-5.239999771118164,0.6630489230155945,6.277340412139893
196,0,-5.239999771118164,0.6470440626144409,6.1983489990234375
197,0,-5.239999771118164,0.6262436509132385,6.7130045890808105
198,0,-5.239999771118164,0.6507756114006042,6.928294658660889
199,1,5.239999771118164,0.6722381711006165,6.623004913330078
200,0,-5.239999771118164,0.6361870765686035,7.031431198120117
201,1,5.239999771118164,0.654106080532074,6.425429821014404
202,0,-5.239999771118164,0.6509389877319336,6.0878729820251465
203,0,-5.239999771118164,0.6358218789100647,7.210506439208984
204,1,5.239999771118164,0.6081752777099609,6.983992099761963
205,0,-5.239999771118164,0.6351251006126404,7.304993152618408
206,0,-5.239999771118164,0.6399005055427551,6.172346591949463
207,0,-5.239999771118164,0.6267239451408386,6.995213508605957
208,0,-5.239999771118164,0.6439653038978577,6.1775431632995605
209,0,-5.239999771118164,0.5777459740638733,6.714573860168457
210,0,-5.239999771118164,0.6328479051589966,5.555350303649902
211,0,-5.239999771118164,0.5940960049629211,6.043251991271973
212,0,-5.239999771118164,0.6251810789108276,6.731053352355957
213,0,-5.239999771118164,0.6480063796043396,6.883686065673828
214,0,-6.920000076293945,0.6348855495452881,7.090325832366943
215,0,-6.920000076293945,0.6574693918228149,6.276084899902344
216,0,-6.920000076293945,0.6031582355499268,6.933084011077881
217,0,-6.920000076293945,0.6146216988563538,6.862833499908447
218,0,-6.920000076293945,0.6316931247711182,6.456437110900879
219,0,-6.920000076293945,0.6111488342285156,7.106711387634277
220,0,-6.920000076293945,0.6349121928215027,6.523777484893799
221,0,-6.920000076293945,0.6305516958236694,7.069872856140137
222,0,-6.920000076293945,0.6052469611167908,6.764252185821533
223,0,-6.920000076293945,0.6159067153930664,7.249450206756592
224,0,-6.920000076293945,0.6274403929710388,7.445069313049316
225,0,-6.920000076293945,0.6408465504646301,6.013609886169434
226,1,6.920000076293945,0.5855647921562195,6.5802321434021
227,0,-6.920000076293945,0.6218041777610779,6.574548721313477
228,0,-6.920000076293945,0.6383560299873352,5.781409740447998
229,0,-6.920000076293945,0.6117244362831116,6.136748790740967
230,0,-6.920000076293945,0.6152226328849792,6.607754230499268
231,0,-6.920000076293945,0.5951160788536072,7.525967597961426
232,0,-6.920000076293945,0.6215364933013916,6.430639743804932
233,0,-6.920000076293945,0.6123879551887512,7.102112293243408
234,0,-6.920000076293945,0.6002270579338074,7.146825313568115
235,1,6.880000114440918,0.5772534012794495,6.737647533416748
236,1,6.880000114440918,0.5655285716056824,5.986888885498047
237,0,-6.880000114440918,0.5778045654296875,6.202141761779785
238,0,-6.880000114440918,0.5811659693717957,6.352558135986328
239,0,-6.880000114440918,0.5882454514503479,7.279629230499268
240,0,-6.880000114440918,0.6064090728759766,6.303037166595459
241,0,-6.880000114440918,0.583273708820343,6.925930976867676
242,0,-6.880000114440918,0.5788031220436096,6.43778133392334
243,0,-6.880000114440918,0.5636409521102905,6.304100036621094
244,0,-6.880000114440918,0.563831090927124,5.957695960998535
245,0,-6.880000114440918,0.5685088038444519,5.984243869781494
246,0,-6.880000114440918,0.5862255692481995,6.741790771484375
247,0,-6.880000114440918,0.5897316932678223,6.4997878074646
248,0,-6.880000114440918,0.5745539665222168,5.955836296081543
249,0,-6.880000114440918,0.5862142443656921,6.7618327140808105
250,1,6.789999961853027,0.579854428768158,6.2175679206848145
251,0,-6.789999961853027,0.5758025050163269,6.080312728881836
252,0,-6.789999961853027,0.5777027606964111,6.0241780281066895
253,0,-6.789999961853027,0.5769631862640381,6.582983493804932
254,0,-6.789999961853027,0.5830294489860535,6.251368045806885
255,0,-6.789999961853027,0.583741307258606,6.078172206878662
256,0,-6.789999961853027,0.5791443586349487,6.61124849319458
257,0,-6.789999961853027,0.5800784826278687,6.361287593841553
258,0,-6.789999961853027,0.593146800994873,6.352671146392822
259,0,-6.789999961853027,0.5868302583694458,6.493356704711914
260,0,-6.789999961853027,0.5781963467597961,6.836973190307617
261,0,-6.789999961853027,0.5779980421066284,6.889497756958008
262,0,-6.789999961853027,0.5884395241737366,6.628953456878662
263,0,-6.789999961853027,0.5780923366546631,6.1436052322387695
264,0,-6.789999961853027,0.5812922716140747,6.741004943847656
265,0,-6.789999961853027,0.5705249309539795,6.221959114074707
266,0,-6.789999961853027,0.5727629065513611,6.65188455581665
267,0,-6.789999961853027,0.5831934213638306,6.611743450164795
268,0,-6.789999961853027,0.5786110758781433,6.556204319000244
269,0,-6.789999961853027,0.5725398063659668,6.213437557220459
270,0,-6.789999961853027,0.5704588890075684,7.2325568199157715
271,1,4.920000076293945,0.5907862782478333,6.688577651977539
272,0,-4.920000076293945,0.6060461401939392,6.544641971588135
273,0,-4.920000076293945,0.5913152098655701,7.097087860107422
274,0,-4.920000076293945,0.6125494241714478,6.482639789581299
275,1,4.920000076293945,0.5773476362228394,6.17115592956543
276,0,-4.920000076293945,0.5840380191802979,6.273049831390381
277,0,-4.920000076293945,0.5808521509170532,6.153649806976318
278,0,-4.920000076293945,0.6017736792564392,5.933155536651611
279,0,-4.920000076293945,0.6030303835868835,6.748241424560547
280,0,-4.920000076293945,0.6075283288955688,7.00664758682251
281,0,-4.920000076293945,0.5885509848594666,6.182705402374268
282,0,-4.920000076293945,0.5932538509368896,6.011049747467041
283,0,-4.920000076293945,0.5970126390457153,6.95335054397583
284,0,-4.920000076293945,0.616245448589325,7.5570454597473145
285,0,-4.920000076293945,0.5951765179634094,6.520698070526123
286,0,-4.920000076293945,0.5929659008979797,7.102991580963135
287,0,-4.920000076293945,0.5801097750663757,6.475378036499023
288,0,-4.920000076293945,0.5836103558540344,6.67197322845459
289,0,-4.920000076293945,0.5912065505981445,7.029356956481934
290,0,-4.920000076293945,0.5999763011932373,6.599200248718262
291,0,-4.920000076293945,0.5742831826210022,7.0256266593933105
292,1,6.630000114440918,0.5810659527778625,7.628942966461182
293,1,6.630000114440918,0.5692708492279053,5.553985595703125
294,0,-6.630000114440918,0.5968723297119141,6.090488910675049
295,0,-6.630000114440918,0.6243789196014404,5.610238075256348
296,0,-6.630000114440918,0.6131684184074402,6.299034595489502
297,0,-6.630000114440918,0.5799293518066406,6.529623031616211
298,0,-6.630000114440918,0.5747663974761963,5.78343391418457
299,0,-6.630000114440918,0.5800794363021851,5.662817001342773
300,0,-6.630000114440918,0.5947587490081787,6.31076717376709
301,0,-6.630000114440918,0.587532103061676,5.955639362335205
302,0,-6.630000114440918,0.5903387069702148,5.6285858154296875
303,0,-6.630000114440918,0.5682898759841919,6.304361820220947
304,0,-6.630000114440918,0.5790208578109741,6.593324661254883
305,0,-6.630000114440918,0.5648571252822876,6.306821346282959
306,0,-6.630000114440918,0.5733942985534668,5.904721736907959
307,0,-6.630000114440918,0.5659561157226562,6.317962646484375
308,0,-6.630000114440918,0.5668786764144897,5.693694591522217
309,0,-6.630000114440918,0.5667955279350281,7.052771091461182
310,0,-6.630000114440918,0.5875283479690552,5.487559795379639
311,0,-6.630000114440918,0.5732378363609314,6.028356552124023
312,0,-6.630000114440918,0.5663009881973267,5.652599811553955
313,1,8.399999618530273,0.5946525931358337,6.606425762176514
314,1,8.399999618530273,0.5893149971961975,6.229618072509766
315,1,8.399999618530273,0.6005785465240479,6.857028007507324
316,0,-8.399999618530273,0.5661433935165405,6.625293731689453
317,0,-8.399999618530273,0.5961558818817139,6.648824691772461
318,0,-8.399999618530273,0.6049072742462158,6.810878276824951
319,0,-8.399999618530273,0.5921306610107422,6.911671161651611
320,0,-8.399999618530273,0.5604420900344849,6.79582405090332
321,0,-8.399999618530273,0.5835311412811279,7.183957576751709
322,0,-8.399999618530273,0.596886157989502,6.767701625823975
323,0,-8.399999618530273,0.5641350746154785,7.066763401031494
324,0,-8.399999618530273,0.5786798000335693,6.928887367248535
325,0,-8.399999618530273,0.6015758514404297,6.30692195892334
326,1,10.699999809265137,0.5810321569442749,6.336304187774658
327,0,-10.699999809265137,0.5873718857765198,6.593151092529297
328,0,-10.699999809265137,0.5724231600761414,6.486985206604004
329,0,-10.699999809265137,0.5731816291809082,8.030611038208008
330,1,10.699999809265137,0.5792040824890137,6.992094993591309
331,0,-10.699999809265137,0.575519323348999,6.53211784362793
332,0,-10.699999809265137,0.5660978555679321,6.160685062408447
333,1,10.699999809265137,0.5812692642211914,6.949977397918701
334,0,-10.699999809265137,0.5718319416046143,6.5806965827941895
335,0,-10.699999809265137,0.5742678642272949,6.429815769195557
336,0,-10.699999809265137,0.5613952875137329,6.450514793395996
337,0,-10.699999809265137,0.5694901347160339,6.117035865783691
338,0,-10.699999809265137,0.5753782391548157,6.5323967933654785
339,0,-10.699999809265137,0.5687218904495239,6.276256084442139
340,0,-10.699999809265137,0.5730838775634766,6.445995330810547
341,0,-10.699999809265137,0.5719168186187744,6.683049201965332
342,0,-10.699999809265137,0.5630064606666565,6.580965995788574
343,0,-10.699999809265137,0.5693204998970032,6.672641754150391
344,0,-10.699999809265137,0.5659261345863342,6.381213188171387
345,0,-10.699999809265137,0.5759907364845276,6.432126998901367
346,0,-10.699999809265137,0.5875087976455688,6.494400978088379
347,1,11.300000190734863,0.5996426939964294,6.8062744140625
348,1,11.300000190734863,0.6115581393241882,6.8410210609436035
349,0,-11.300000190734863,0.6041662096977234,7.815794467926025
350,0,-11.300000190734863,0.588724672794342,7.394340991973877
351,0,-11.300000190734863,0.598777174949646,6.568376064300537
352,0,-11.300000190734863,0.6025915145874023,7.022467136383057
353,0,-11.300000190734863,0.6468135714530945,6.465561866760254
354,0,-11.300000190734863,0.6036679148674011,6.7549943923950195
355,1,10.109999656677246,0.634986937046051,6.880488872528076
356,1,10.109999656677246,0.6203710436820984,7.500279426574707
357,0,-10.109999656677246,0.6164869666099548,6.825362682342529
358,1,7.150000095367432,0.6269873380661011,6.982558250427246
359,1,7.150000095367432,0.6118634939193726,6.532639026641846
360,0,-7.150000095367432,0.6094673871994019,6.4138336181640625
361,0,-7.150000095367432,0.6065150499343872,6.5327277183532715
362,0,-7.150000095367432,0.5987916588783264,6.901544570922852
363,0,-7.150000095367432,0.6083860397338867,6.971408843994141
364,0,-7.150000095367432,0.6231243014335632,6.636165618896484
365,0,-7.150000095367432,0.5948529243469238,6.787179946899414
366,0,-7.150000095367432,0.6013234257698059,7.20441198348999
367,0,-7.150000095367432,0.6236183643341064,6.887386322021484
368,0,-7.150000095367432,0.6137264370918274,6.471982479095459
369,0,-7.150000095367432,0.5877732634544373,6.41349458694458
370,0,-7.150000095367432,0.5921152830123901,6.494950294494629
371,0,-7.150000095367432,0.6087952852249146,6.573617458343506
372,0,-7.150000095367432,0.6115219593048096,6.801977634429932
373,0,-7.150000095367432,0.6041368842124939,6.695146083831787
374,0,-7.150000095367432,0.5927119851112366,6.621340751647949
375,0,-7.150000095367432,0.6109630465507507,7.011894702911377
376,0,-7.150000095367432,0.6108134388923645,6.029460430145264
377,0,-7.150000095367432,0.6182646751403809,7.152094841003418
378,0,-7.150000095367432,0.6329832077026367,6.41463565826416
379,1,7.239999771118164,0.5742586255073547,7.599467754364014
380,0,-7.239999771118164,0.5946689248085022,7.583677291870117
381,0,-7.239999771118164,0.60426265001297,6.931607246398926
382,0,-7.239999771118164,0.6049619913101196,6.785991191864014
383,0,-7.239999771118164,0.5649690628051758,6.549386501312256
384,0,-7.239999771118164,0.6004646420478821,7.086736679077148
385,0,-7.239999771118164,0.5878931879997253,6.273311138153076
386,0,-7.239999771118164,0.5677154660224915,6.49334192276001
387,0,-7.239999771118164,0.5891993641853333,6.667665004730225
388,0,-7.239999771118164,0.5700588226318359,6.104273319244385
389,0,-7.239999771118164,0.5947455763816833,7.855842113494873
390,0,-7.239999771118164,0.5958017110824585,7.198022842407227
391,0,-7.239999771118164,0.5875746607780457,6.331208229064941
392,0,-7.239999771118164,0.5915862321853638,7.108248710632324
393,0,-7.239999771118164,0.5688633322715759,7.65646505355835
394,0,-7.239999771118164,0.5792027711868286,6.915071487426758
395,0,-7.239999771118164,0.5833298563957214,7.090524673461914
396,0,-7.239999771118164,0.568117082118988,6.619787693023682
397,0,-7.239999771118164,0.5700961947441101,7.105016231536865
398,0,-7.239999771118164,0.5794063806533813,7.639885425567627
399,0,-7.239999771118164,0.5724930763244629,6.879954814910889
400,1,10.050000190734863,0.6023620963096619,6.139336109161377
401,1,10.050000190734863,0.6115160584449768,6.088062286376953
402,0,-10.050000190734863,0.6049101948738098,5.701960563659668
403,0,-10.050000190734863,0.5964131355285645,6.319520473480225
404,0,-10.050000190734863,0.6300955414772034,6.364837646484375
405,0,-10.050000190734863,0.5706273913383484,6.021318435668945
406,0,-10.050000190734863,0.5945563316345215,7.366220474243164
407,0,-10.050000190734863,0.5876304507255554,6.419339179992676
408,0,-10.770000457763672,0.612197756767273,6.048159122467041
409,0,-10.770000457763672,0.6080524921417236,6.342648506164551
410,0,-10.770000457763672,0.6010257005691528,6.316728115081787
411,0,-10.770000457763672,0.6091814041137695,6.155276775360107
412,0,-10.770000457763672,0.6075031161308289,5.796710014343262
413,0,-10.770000457763672,0.5868054032325745,6.130298137664795
414,0,-10.770000457763672,0.6005141139030457,6.208136558532715
415,0,-10.770000457763672,0.6007837057113647,6.369194507598877
416,0,-10.770000457763672,0.5747377872467041,6.503807067871094
417,0,-10.770000457763672,0.6071476936340332,6.210185527801514
418,0,-10.770000457763672,0.5778113603591919,6.263126373291016
419,0,-10.770000457763672,0.6150221824645996,6.160815715789795
420,0,-10.770000457763672,0.6368187665939331,5.927256107330322
421,0,-10.770000457763672,0.5883969664573669,6.1416239738464355
422,0,-10.770000457763672,0.5968772172927856,6.267244338989258
423,0,-10.770000457763672,0.5664589405059814,6.557848930358887
424,0,-10.770000457763672,0.5757221579551697,6.580981731414795
425,0,-10.770000457763672,0.5839167833328247,6.314210891723633
426,0,-10.770000457763672,0.6265745759010315,6.097838401794434
427,0,-10.770000457763672,0.5699360370635986,7.34704065322876
428,1,7.260000228881836,0.624367356300354,7.554911136627197
429,1,7.260000228881836,0.621746838092804,7.6800127029418945
430,0,-7.260000228881836,0.6324583888053894,6.9508819580078125
431,0,-7.260000228881836,0.6175524592399597,6.811794757843018
432,0,-7.260000228881836,0.6166406869888306,6.769447326660156
433,0,-7.260000228881836,0.6364098191261292,6.890754699707031
434,0,-7.260000228881836,0.6129689812660217,6.265474796295166
435,0,-7.260000228881836,0.6315938234329224,6.673044204711914
436,0,-7.260000228881836,0.6456886529922485,6.832928657531738
437,0,-7.260000228881836,0.6516773700714111,6.872638702392578
438,0,-7.260000228881836,0.6115871071815491,6.610934257507324
439,0,-7.260000228881836,0.6154670715332031,6.430806636810303
440,0,-7.260000228881836,0.6368217468261719,6.443965435028076
441,0,-7.260000228881836,0.5983759164810181,6.003752708435059
442,0,-7.260000228881836,0.6025012731552124,6.496678829193115
443,0,-7.260000228881836,0.6040486097335815,6.334322929382324
444,1,4.079999923706055,0.5802351236343384,7.165806293487549
445,0,-4.079999923706055,0.5890283584594727,7.808883190155029
446,0,-4.079999923706055,0.6026914119720459,7.155511856079102
447,0,-4.079999923706055,0.5960224270820618,6.915526390075684
448,0,-4.079999923706055,0.6017501354217529,6.6888017654418945
449,0,-4.079999923706055,0.6018843054771423,7.590640544891357
450,0,-4.079999923706055,0.6085845828056335,8.079954147338867
451,0,-4.079999923706055,0.5930001139640808,7.578578948974609
452,0,-4.079999923706055,0.6140996813774109,7.496564865112305
453,0,-4.079999923706055,0.5865290760993958,6.944212913513184
454,0,-4.079999923706055,0.6005772948265076,7.67508602142334
455,0,-4.079999923706055,0.5933168530464172,7.761273384094238
456,0,-4.079999923706055,0.5636730194091797,7.8862152099609375
457,0,-4.079999923706055,0.5919510126113892,8.355165481567383
458,0,-4.079999923706055,0.6003409624099731,6.699687480926514
459,0,-4.079999923706055,0.5675707459449768,8.37746524810791
460,0,-4.079999923706055,0.572284460067749,7.945661544799805
461,0,-4.079999923706055,0.6031515002250671,7.856443405151367
462,0,-4.079999923706055,0.5889541506767273,6.919617652893066
463,0,-4.079999923706055,0.6045790910720825,7.295466423034668
464,0,-4.079999923706055,0.5840991139411926,6.982351303100586
465,1,6.699999809265137,0.5561307072639465,7.542454719543457
466,1,6.699999809265137,0.5577781796455383,6.9391279220581055
467,1,6.699999809265137,0.5581597685813904,7.217111110687256
468,0,-6.699999809265137,0.5619112253189087,7.357342720031738
469,0,-6.699999809265137,0.5583682060241699,7.160595893859863
470,0,-6.699999809265137,0.5534459948539734,7.185403823852539
471,0,-6.699999809265137,0.5553903579711914,7.32874870300293
472,0,-6.699999809265137,0.5667866468429565,8.167901039123535
473,0,-6.699999809265137,0.5585202574729919,7.935214042663574
474,0,-6.699999809265137,0.5598118305206299,8.835947036743164
475,0,-6.699999809265137,0.5561001300811768,7.3053131103515625
476,0,-6.699999809265137,0.545846164226532,8.435481071472168
477,0,-6.699999809265137,0.5586667656898499,8.13698673248291
478,0,-6.699999809265137,0.5618211627006531,8.56821346282959
479,0,-6.699999809265137,0.5752754807472229,7.8685431480407715
480,0,-6.699999809265137,0.5629177093505859,7.684319019317627
481,0,-6.699999809265137,0.5589995980262756,8.39726448059082
482,0,-6.699999809265137,0.5802217721939087,7.359347343444824
483,0,-6.699999809265137,0.5560368299484253,7.810262203216553
484,0,-6.699999809265137,0.5791540145874023,6.978834629058838
485,1,6.309999942779541,0.6400743722915649,7.180215358734131
486,0,-6.309999942779541,0.6737492680549622,5.896106243133545
487,0,-6.309999942779541,0.6165369153022766,6.897058010101318
488,0,-6.309999942779541,0.601707398891449,6.785154819488525
489,0,-6.309999942779541,0.6404631733894348,6.760321617126465
490,0,-6.309999942779541,0.6341554522514343,6.4473676681518555
491,0,-6.309999942779541,0.6205132007598877,7.642921447753906
492,0,-6.309999942779541,0.6350997090339661,7.084840297698975
493,0,-6.309999942779541,0.6384051442146301,6.908712387084961
494,0,-6.309999942779541,0.6100850105285645,6.727412700653076
495,0,-6.309999942779541,0.5988725423812866,6.986088752746582
496,0,-6.309999942779541,0.6275571584701538,5.947973251342773
497,0,-6.309999942779541,0.6176098585128784,5.896193981170654
498,0,-6.309999942779541,0.6172829270362854,7.146915912628174
499,0,-6.309999942779541,0.5899466276168823,6.309142112731934
500,1,6.309999942779541,0.5979338884353638,7.072121620178223
501,0,-6.309999942779541,0.6100444793701172,7.487910270690918
502,0,-6.309999942779541,0.644737184047699,6.984234809875488
503,0,-6.309999942779541,0.5945267677307129,7.46303129196167
504,0,-6.309999942779541,0.6178364753723145,6.499008655548096
505,0,-6.309999942779541,0.6224297881126404,6.589546203613281
506,1,6.119999885559082,0.6284174919128418,6.739656925201416
507,1,6.119999885559082,0.6170241832733154,7.643199920654297
508,1,6.119999885559082,0.617760956287384,7.198161602020264
509,1,5.0,0.6067894697189331,6.424562931060791
510,1,5.0,0.6224371790885925,6.300338268280029
511,0,-5.0,0.6216015815734863,6.197761535644531
512,0,-5.0,0.6255331039428711,6.46249532699585
513,0,-5.0,0.6068956851959229,6.11407470703125
514,1,7.300000190734863,0.6694698929786682,6.108549118041992
515,1,7.300000190734863,0.6634809970855713,6.158825397491455
516,0,-7.300000190734863,0.6528863906860352,6.630546569824219
517,0,-7.300000190734863,0.5740650296211243,6.379489898681641
518,0,-7.300000190734863,0.5874811410903931,6.51807165145874
519,0,-7.300000190734863,0.6077911853790283,6.459880828857422
520,1,6.71999979019165,0.654945433139801,6.2924580574035645
521,1,6.71999979019165,0.645747721195221,5.9294023513793945
522,1,6.71999979019165,0.6334721446037292,6.658122539520264
523,0,-6.71999979019165,0.6488238573074341,6.872426986694336
524,0,-6.71999979019165,0.6175705194473267,7.094301223754883
525,0,-6.71999979019165,0.6005525588989258,6.542306423187256
526,0,-6.71999979019165,0.6546865105628967,6.302951335906982
527,0,-6.71999979019165,0.5858235359191895,6.670815467834473
528,0,-6.71999979019165,0.6327769756317139,6.545340061187744
529,0,-6.71999979019165,0.6237180829048157,6.653832912445068
530,0,-6.71999979019165,0.6307884454727173,6.380707740783691
531,0,-6.71999979019165,0.6115375757217407,6.8420562744140625
532,0,-6.71999979019165,0.606128454208374,6.195525169372559
533,0,-6.71999979019165,0.6306984424591064,6.423349857330322
534,0,-6.71999979019165,0.6693015694618225,6.530648708343506
535,0,-6.71999979019165,0.599486768245697,6.662054061889648
536,0,-6.71999979019165,0.6444296836853027,6.752471446990967
537,0,-6.71999979019165,0.5956189036369324,6.62860631942749
538,0,-6.71999979019165,0.6166327595710754,6.466596603393555
539,0,-6.71999979019165,0.6185755133628845,6.525102138519287
540,1,3.799999952316284,0.5811045169830322,5.067718982696533
541,1,3.799999952316284,0.5912353992462158,4.984589099884033
542,0,-3.799999952316284,0.5781621336936951,5.767116546630859
543,1,3.799999952316284,0.584787905216217,5.765884876251221
544,0,-3.799999952316284,0.5846942663192749,6.014777183532715
545,0,-3.799999952316284,0.5775938034057617,5.6244354248046875
546,0,-3.799999952316284,0.5954014658927917,6.039605140686035
547,0,-3.799999952316284,0.5768888592720032,5.4717793464660645
548,0,-3.799999952316284,0.5796284079551697,5.551921367645264
549,0,-3.799999952316284,0.5873972177505493,5.546019077301025
550,0,-3.799999952316284,0.6190330386161804,5.33310079574585
551,0,-3.799999952316284,0.6011472344398499,5.289305210113525
552,0,-3.799999952316284,0.5776050686836243,6.256028652191162
553,0,-3.799999952316284,0.6020086407661438,5.486664772033691
554,0,-3.799999952316284,0.5888805985450745,5.565974235534668
555,0,-3.799999952316284,0.6137345433235168,5.905562877655029
556,0,-3.799999952316284,0.5886262059211731,5.874078273773193
557,0,-3.799999952316284,0.5762799382209778,6.098495960235596
558,0,-3.799999952316284,0.6071565747261047,5.843151569366455
559,1,4.71999979019165,0.6264893412590027,6.491405487060547
560,0,-4.71999979019165,0.6178789734840393,6.278459548950195
561,1,4.71999979019165,0.6248382925987244,6.68668794631958
562,0,-4.71999979019165,0.6453365087509155,6.7737812995910645
563,0,-4.71999979019165,0.654534101486206,6.441674709320068
564,0,-4.71999979019165,0.6559918522834778,5.54130220413208
565,0,-4.71999979019165,0.6512324213981628,6.375570774078369
566,0,-4.71999979019165,0.6284074187278748,5.939851760864258
567,0,-4.71999979019165,0.6484754681587219,6.480739593505859
568,0,-4.71999979019165,0.6546427011489868,5.804167747497559
569,0,-4.71999979019165,0.6374879479408264,6.445614814758301
570,0,-4.71999979019165,0.6544556021690369,6.303539752960205
571,0,-4.71999979019165,0.6266394257545471,5.938327312469482
572,0,-4.71999979019165,0.6161524057388306,5.740138053894043
573,0,-4.71999979019165,0.6424136161804199,6.280787467956543
574,0,-4.71999979019165,0.627732515335083,6.134872913360596
575,0,-4.71999979019165,0.6301514506340027,6.124616622924805
576,0,-4.71999979019165,0.639718234539032,5.76934814453125
577,0,-4.71999979019165,0.6467038989067078,6.432947158813477
578,0,-4.71999979019165,0.6638465523719788,6.073675632476807
579,0,-4.71999979019165,0.6247954964637756,6.317096710205078
580,1,9.890000343322754,0.6674308776855469,6.290863037109375
581,1,9.890000343322754,0.6585715413093567,6.441588878631592
582,1,10.0,0.6172723174095154,7.261290550231934
583,1,10.0,0.6108139157295227,6.051877021789551
584,0,-10.0,0.6065089702606201,7.237009525299072
585,0,-10.0,0.5768512487411499,6.876035213470459
586,0,-10.0,0.5750414729118347,7.4944963455200195
587,1,10.0,0.5762377977371216,7.719673156738281
588,0,-10.0,0.5587384104728699,7.521157741546631
589,0,-10.0,0.5731576681137085,7.575259208679199
590,0,-10.0,0.5672537684440613,7.759795665740967
591,0,-10.0,0.5691003203392029,7.145900249481201
592,0,-10.0,0.5846368670463562,6.607565879821777
593,0,-10.0,0.5576902627944946,8.198328971862793
594,0,-10.0,0.6012088656425476,6.5032429695129395
595,0,-10.0,0.5713388919830322,8.145620346069336
596,0,-10.0,0.5616212487220764,6.341866493225098
597,0,-10.0,0.5585900545120239,7.292187690734863
598,0,-10.0,0.5798669457435608,7.831133842468262
599,1,5.699999809265137,0.6227796077728271,6.1671366691589355
600,0,-5.699999809265137,0.6196504831314087,5.852311611175537
601,1,5.699999809265137,0.5941334366798401,6.3410820960998535
602,0,-5.699999809265137,0.6012515425682068,6.659991264343262
603,1,5.699999809265137,0.5790845155715942,6.6682915687561035
604,0,-5.699999809265137,0.6307467818260193,6.3944621086120605
605,0,-5.699999809265137,0.6256744861602783,6.354987621307373
606,0,-5.699999809265137,0.6164855360984802,5.900726795196533
607,0,-5.699999809265137,0.6154647469520569,5.572959899902344
608,0,-5.699999809265137,0.6067001223564148,6.2240166664123535
609,0,-5.699999809265137,0.5823259949684143,6.61057186126709
610,0,-5.699999809265137,0.5669215321540833,5.858321189880371
611,0,-5.699999809265137,0.6428954005241394,6.365474700927734
612,0,-5.699999809265137,0.623698890209198,6.41580867767334
613,0,-5.699999809265137,0.582589328289032,5.944652080535889
614,0,-5.699999809265137,0.5716304183006287,7.102887153625488
615,0,-5.699999809265137,0.5789703726768494,6.874659061431885
616,0,-5.699999809265137,0.5934174656867981,6.29477596282959
617,0,-5.699999809265137,0.6015459895133972,6.661445617675781
618,0,-5.699999809265137,0.5688329339027405,6.475320339202881
619,0,-5.699999809265137,0.5861886739730835,6.856269359588623
620,1,6.300000190734863,0.5836665034294128,7.474666595458984
621,0,-6.300000190734863,0.5893676280975342,6.915673732757568
622,1,6.300000190734863,0.5738942623138428,7.102090835571289
623,0,-6.300000190734863,0.6090182662010193,7.148613452911377
624,0,-6.300000190734863,0.5750430822372437,7.025588512420654
625,0,-6.300000190734863,0.5985276103019714,6.760925769805908
626,0,-6.300000190734863,0.5908358693122864,7.192890167236328
627,0,-6.300000190734863,0.5930766463279724,6.88314151763916
628,0,-6.300000190734863,0.5762597918510437,7.621543884277344
629,0,-6.300000190734863,0.5748481750488281,7.009685039520264
630,0,-6.300000190734863,0.5969895720481873,6.846418380737305
631,0,-6.300000190734863,0.5776031613349915,7.346426963806152
632,0,-6.300000190734863,0.5782222747802734,6.714555740356445
633,0,-6.300000190734863,0.5703979730606079,6.987950801849365
634,0,-6.300000190734863,0.592799723148346,6.7969970703125
635,0,-6.300000190734863,0.5743206739425659,7.469292640686035
636,0,-6.300000190734863,0.5814132690429688,6.695713043212891
637,0,-6.300000190734863,0.5814899206161499,7.044590950012207
638,0,-6.300000190734863,0.5910268425941467,6.2992377281188965
639,0,-6.300000190734863,0.5717887878417969,7.309986591339111
640,0,-6.300000190734863,0.5932815670967102,6.6192216873168945
641,1,2.2699999809265137,0.6448357105255127,5.517333507537842
642,1,2.2699999809265137,0.6389485597610474,4.782102584838867
643,1,2.2699999809265137,0.6359765529632568,4.886538028717041
644,1,2.2699999809265137,0.6676971316337585,5.759821891784668
645,0,-2.2699999809265137,0.6594081521034241,5.576231479644775
646,0,-2.2699999809265137,0.6768582463264465,5.6791839599609375
647,0,-2.2699999809265137,0.6398781538009644,5.730804443359375
648,0,-2.2699999809265137,0.6485846638679504,5.081964015960693
649,1,2.2699999809265137,0.6438879370689392,5.321295738220215
650,1,2.2699999809265137,0.6188945174217224,5.773565292358398
651,0,-2.2699999809265137,0.6589813828468323,5.079566955566406
652,0,-2.2699999809265137,0.6023182272911072,6.252564430236816
653,0,-2.2699999809265137,0.6190277338027954,5.57679557800293
654,0,-2.2699999809265137,0.6045231223106384,5.451528549194336
655,0,-2.2699999809265137,0.6322544813156128,6.535032272338867
656,0,-2.2699999809265137,0.6439738273620605,5.496053218841553
657,0,-2.2699999809265137,0.6079591512680054,5.31772518157959
658,0,-2.2699999809265137,0.6330571174621582,6.395788669586182
659,0,-2.2699999809265137,0.6652567982673645,6.049534320831299
660,0,-2.2699999809265137,0.6610656380653381,6.62086820602417
661,0,-2.2699999809265137,0.6624287962913513,5.8365068435668945
662,1,5.619999885559082,0.5963574051856995,6.380952835083008
663,1,5.619999885559082,0.5849423408508301,6.869028091430664
664,0,-5.619999885559082,0.5760137438774109,6.483003616333008
665,0,-5.619999885559082,0.6144445538520813,6.7081217765808105
666,0,-5.619999885559082,0.6028502583503723,6.747182369232178
667,0,-5.619999885559082,0.5753843784332275,6.2690558433532715
668,0,-5.619999885559082,0.5848255157470703,6.629831314086914
669,0,-5.619999885559082,0.5792912840843201,6.407824993133545
670,1,5.619999885559082,0.5821734070777893,6.519482135772705
671,0,-5.619999885559082,0.6018705368041992,6.727742671966553
672,0,-5.619999885559082,0.6007433533668518,6.571794509887695
673,0,-5.619999885559082,0.5785307884216309,6.45619010925293
674,1,5.820000171661377,0.5852970480918884,6.408902645111084
675,0,-5.820000171661377,0.6340735554695129,6.2247819900512695
676,1,5.820000171661377,0.6220364570617676,6.390249729156494
677,0,-5.820000171661377,0.5911775231361389,6.4215617179870605
678,0,-5.820000171661377,0.5996678471565247,6.362779140472412
679,0,-5.820000171661377,0.6092866063117981,6.399014472961426
680,0,-5.820000171661377,0.6220728754997253,6.798029899597168
681,0,-5.820000171661377,0.6035296320915222,6.406808853149414
682,0,-5.820000171661377,0.6120671033859253,6.283444404602051
683,0,-5.820000171661377,0.6275539398193359,6.4072089195251465
684,0,-5.820000171661377,0.5873454809188843,6.735825061798096
685,0,-5.820000171661377,0.6238400340080261,6.4835710525512695
686,0,-5.820000171661377,0.6260054111480713,6.392513751983643
687,0,-5.820000171661377,0.5954098701477051,6.364012718200684
688,0,-5.820000171661377,0.632986843585968,5.935524940490723
689,0,-5.820000171661377,0.6078698039054871,6.914168834686279
690,0,-5.820000171661377,0.6149979829788208,6.592820167541504
691,0,-5.820000171661377,0.6622298359870911,7.263312816619873
692,0,-5.820000171661377,0.6143327951431274,6.59496545791626
693,0,-5.820000171661377,0.6044814586639404,7.056415557861328
694,0,-5.820000171661377,0.6156395077705383,6.396342754364014
695,1,4.130000114440918,0.608911395072937,5.807641506195068
696,1,4.130000114440918,0.6099870800971985,6.732958793640137
697,0,-4.130000114440918,0.5695516467094421,6.759143829345703
698,0,-4.130000114440918,0.5945391058921814,6.518831729888916
699,0,-4.130000114440918,0.5792316794395447,6.4865899085998535
700,0,-4.130000114440918,0.5926622748374939,7.287085056304932
701,0,-4.130000114440918,0.613803505897522,5.970978736877441
702,0,-4.130000114440918,0.5857678055763245,7.396838665008545
703,0,-4.130000114440918,0.5735684633255005,6.324251174926758
704,0,-4.130000114440918,0.5884861946105957,5.641165733337402
705,1,5.329999923706055,0.6200640797615051,6.188845634460449
706,1,5.329999923706055,0.5786402821540833,6.9793195724487305
707,1,5.329999923706055,0.6038497090339661,6.181087970733643
708,0,-5.329999923706055,0.5814557671546936,7.739266872406006
709,0,-5.329999923706055,0.6258991360664368,7.394486427307129
710,0,-5.329999923706055,0.6193626523017883,7.802288055419922
711,0,-5.329999923706055,0.6121606230735779,6.898048400878906
712,0,-5.329999923706055,0.6087188720703125,8.569052696228027
713,0,-5.329999923706055,0.6123985648155212,7.028104782104492
714,0,-5.329999923706055,0.6103769540786743,8.302081108093262
715,0,-5.329999923706055,0.6215388178825378,7.057201385498047
716,0,-5.329999923706055,0.6205878853797913,7.6536688804626465
717,0,-5.329999923706055,0.5923067927360535,7.18414306640625
718,0,-5.329999923706055,0.6486280560493469,8.081624984741211
719,0,-5.329999923706055,0.5812498331069946,8.23330307006836
720,0,-5.329999923706055,0.629075825214386,8.059886932373047
721,0,-5.329999923706055,0.6146240830421448,8.145634651184082
722,0,-5.329999923706055,0.5934972763061523,7.769493579864502
723,0,-5.329999923706055,0.6325558423995972,7.795408248901367
724,1,8.100000381469727,0.5839394927024841,5.737661361694336
725,1,8.100000381469727,0.5765236020088196,6.001072406768799
726,0,-8.100000381469727,0.5871086120605469,6.386162757873535
727,0,-8.100000381469727,0.574722170829773,5.782830715179443
728,0,-8.100000381469727,0.5789539813995361,6.07609224319458
729,0,-8.100000381469727,0.5856956243515015,5.587844371795654
730,0,-8.100000381469727,0.5930768847465515,6.377910614013672
731,0,-8.100000381469727,0.597348153591156,5.4712677001953125
732,0,-8.100000381469727,0.5886613726615906,6.235806941986084
733,0,-8.100000381469727,0.5943010449409485,6.380026340484619
734,0,-8.100000381469727,0.6038075089454651,5.890008926391602
735,0,-8.100000381469727,0.5903399586677551,6.070713520050049
736,0,-8.100000381469727,0.5842285752296448,5.987354278564453
737,0,-8.100000381469727,0.5929243564605713,6.2758965492248535
738,0,-8.100000381469727,0.5809912085533142,6.444114685058594
739,0,-8.100000381469727,0.6142364740371704,6.33957576751709
740,0,-8.100000381469727,0.5915611386299133,6.314237117767334
741,0,-8.100000381469727,0.5952269434928894,5.9587860107421875
742,0,-8.100000381469727,0.5788268446922302,6.401604652404785
743,0,-8.100000381469727,0.5854593515396118,7.022981643676758
744,0,-8.100000381469727,0.5870024561882019,6.5300092697143555
745,0,-2.359999895095825,0.640940248966217,5.803737640380859
746,0,-2.359999895095825,0.6447401642799377,5.693631172180176
747,0,-2.359999895095825,0.65868079662323,5.437169075012207
748,0,-2.359999895095825,0.6171868443489075,5.133296489715576
749,0,-2.359999895095825,0.632142186164856,5.581401348114014
750,0,-2.359999895095825,0.6334043741226196,5.521406650543213
751,0,-2.359999895095825,0.6195863485336304,5.7387847900390625
752,0,-2.359999895095825,0.6195159554481506,5.677903652191162
753,0,-2.359999895095825,0.6494886875152588,5.603519439697266
754,0,-2.359999895095825,0.614721953868866,5.790698528289795
755,0,-2.359999895095825,0.6159085035324097,6.001679420471191
756,0,-2.359999895095825,0.6235049366950989,6.194485664367676
757,0,-2.359999895095825,0.6369433403015137,5.233206748962402
758,0,-2.359999895095825,0.647987425327301,6.29446268081665
759,0,-2.359999895095825,0.6204847693443298,5.216468811035156
760,0,-2.359999895095825,0.6526572108268738,5.68065881729126
761,0,-2.359999895095825,0.6296746134757996,5.3962483406066895
762,0,-2.359999895095825,0.6422643661499023,5.7651238441467285
763,0,-2.359999895095825,0.6071768403053284,5.890124320983887
764,0,-2.359999895095825,0.6125991940498352,5.6654863357543945
765,0,-2.359999895095825,0.659199595451355,5.057396411895752
766,1,4.090000152587891,0.6310603618621826,5.28216552734375
767,1,4.090000152587891,0.6619749069213867,4.7414655685424805
768,0,-4.090000152587891,0.6605991721153259,6.134706020355225
769,1,4.090000152587891,0.634451150894165,5.922188758850098
770,0,-4.090000152587891,0.6422459483146667,5.957508087158203
771,0,-4.090000152587891,0.6251624822616577,5.714540004730225
772,0,-4.090000152587891,0.6384212970733643,5.837841033935547
773,0,-4.090000152587891,0.6726353168487549,5.874417781829834
774,0,-4.090000152587891,0.6427001357078552,5.843205451965332
775,0,-4.090000152587891,0.650773823261261,6.02417516708374
776,0,-4.090000152587891,0.6507875919342041,6.027322769165039
777,0,-4.090000152587891,0.6546300053596497,5.881832599639893
778,0,-4.090000152587891,0.6361079812049866,5.930889129638672
779,0,-4.090000152587891,0.6318703293800354,5.913117408752441
780,0,-4.090000152587891,0.604285717010498,5.269687175750732
781,0,-4.090000152587891,0.6095579266548157,6.117656707763672
782,0,-4.090000152587891,0.62909334897995,6.389769554138184
783,0,-4.090000152587891,0.6376115083694458,6.208794593811035
784,0,-4.090000152587891,0.6330029964447021,6.3068156242370605
785,1,6.460000038146973,0.6373814344406128,6.267434597015381
786,0,-6.460000038146973,0.6392353773117065,6.866130352020264
787,1,6.460000038146973,0.6411301493644714,6.293461322784424
788,0,-6.460000038146973,0.617141604423523,6.930974960327148
789,0,-6.460000038146973,0.6424925923347473,7.339690208435059
790,0,-6.460000038146973,0.6446574926376343,7.532223224639893
791,0,-6.460000038146973,0.6073423624038696,8.0324068069458
792,0,-6.460000038146973,0.668509304523468,6.764817237854004
793,0,-6.460000038146973,0.667126476764679,7.188438415527344
794,0,-6.460000038146973,0.6179548501968384,7.0528717041015625
795,0,-6.460000038146973,0.6572975516319275,7.622426986694336
796,0,-6.460000038146973,0.6163641810417175,7.2177300453186035
797,0,-6.460000038146973,0.613707959651947,7.258728504180908
798,0,-6.460000038146973,0.6486830115318298,7.365941524505615
799,0,-6.460000038146973,0.6409794092178345,7.193889617919922
800,0,-6.460000038146973,0.6494829654693604,6.719600677490234
801,0,-6.460000038146973,0.6409469842910767,7.758962154388428
802,0,-6.460000038146973,0.6347824931144714,7.149294853210449
803,0,-6.460000038146973,0.6202544569969177,7.0030293464660645
804,0,-6.460000038146973,0.6143004894256592,7.304489612579346
805,0,-6.460000038146973,0.6348989009857178,6.753540992736816
806,1,9.0,0.6251145601272583,7.888847351074219
807,1,9.0,0.6312930583953857,7.596158027648926
808,0,-9.0,0.6310789585113525,7.328261852264404
809,0,-9.0,0.6642594337463379,6.389695167541504
810,0,-9.0,0.6213433146476746,4.940875053405762
811,0,-9.0,0.6054536700248718,5.256871700286865
812,0,-9.0,0.6036183834075928,5.893409252166748
813,0,-9.0,0.6212378740310669,7.460376739501953
814,0,-9.0,0.6453227400779724,6.3238325119018555
815,0,-9.0,0.5973271727561951,8.180209159851074
816,0,-9.0,0.6499314308166504,6.8308281898498535
817,1,8.229999542236328,0.5706301927566528,6.072784423828125
818,1,8.229999542236328,0.575228214263916,7.118809223175049
819,1,8.229999542236328,0.5727648138999939,6.5799384117126465
820,1,8.229999542236328,0.5642855167388916,6.967134952545166
821,0,-8.229999542236328,0.560896635055542,6.19061803817749
822,0,-8.229999542236328,0.5934749841690063,6.551824569702148
823,0,-8.229999542236328,0.5575001239776611,6.228845119476318
824,0,-8.229999542236328,0.5640369057655334,6.157108783721924
825,0,-8.229999542236328,0.5783328413963318,5.997624397277832
826,0,-8.229999542236328,0.5623373985290527,6.1019415855407715
827,0,-8.229999542236328,0.5775018334388733,6.360029697418213
828,0,-8.229999542236328,0.570617139339447,6.24519681930542
829,0,-8.229999542236328,0.565583348274231,6.452646255493164
830,0,-8.229999542236328,0.5757010579109192,5.676543235778809
831,0,-8.229999542236328,0.575126588344574,5.508647918701172
832,0,-8.229999542236328,0.5810462832450867,6.056004524230957
833,0,-8.229999542236328,0.572788417339325,6.048800468444824
834,0,-8.229999542236328,0.5592913627624512,6.218039512634277
835,0,-8.229999542236328,0.5635676383972168,5.91678524017334
836,0,-8.229999542236328,0.5770009160041809,6.0927414894104
837,0,-8.229999542236328,0.5719701051712036,6.133841037750244
838,1,5.119999885559082,0.5776631236076355,5.770971298217773
839,1,5.119999885559082,0.5672243237495422,5.037487030029297
840,0,-5.119999885559082,0.5653481483459473,5.836483478546143
841,0,-5.119999885559082,0.571421205997467,5.153498649597168
842,0,-5.119999885559082,0.5821635723114014,5.574724197387695
843,0,-5.119999885559082,0.5759240388870239,5.767747402191162
844,0,-5.119999885559082,0.5776851177215576,5.8532562255859375
845,0,-5.119999885559082,0.5726132392883301,5.898662567138672
846,0,-5.119999885559082,0.5760798454284668,5.750726222991943
847,0,-5.119999885559082,0.56577068567276,5.958584785461426
848,0,-5.119999885559082,0.5638379454612732,5.563043117523193
849,0,-5.119999885559082,0.5728627443313599,5.518063545227051
850,0,-5.119999885559082,0.5700315237045288,5.788887023925781
851,0,-5.119999885559082,0.571681559085846,6.084583759307861
852,0,-5.119999885559082,0.5809142589569092,5.734155178070068
853,0,-5.119999885559082,0.5745806694030762,5.737563610076904
854,0,-5.119999885559082,0.5848428010940552,5.700611114501953
855,0,-5.119999885559082,0.5838283896446228,5.688645839691162
856,0,-5.119999885559082,0.59285968542099,5.153918266296387
857,0,-5.119999885559082,0.5731868743896484,5.658690452575684
858,0,-5.119999885559082,0.568080723285675,6.126890659332275
859,0,-4.739999771118164,0.5127830505371094,6.1716742515563965
860,0,-4.739999771118164,0.5106328725814819,6.041563034057617
861,0,-4.739999771118164,0.5196746587753296,6.443897247314453
862,0,-4.739999771118164,0.5175432562828064,6.318396091461182
863,0,-4.739999771118164,0.512956440448761,5.867262363433838
864,0,-4.739999771118164,0.5110077857971191,6.001068592071533
865,0,-4.739999771118164,0.5055249333381653,5.9243574142456055
866,0,-4.739999771118164,0.5079521536827087,5.82849645614624
867,0,-4.739999771118164,0.513042151927948,6.059006690979004
868,0,-4.739999771118164,0.5124995112419128,6.064216136932373
869,0,-4.739999771118164,0.5228756070137024,6.350062370300293
870,0,-4.739999771118164,0.5123202204704285,6.128553867340088
871,0,-4.739999771118164,0.5172205567359924,6.516546249389648
872,0,-4.739999771118164,0.5086479783058167,5.8699259757995605
873,0,-4.739999771118164,0.5101666450500488,5.753922939300537
874,0,-4.739999771118164,0.5148982405662537,5.918527603149414
875,0,-4.739999771118164,0.5217248201370239,6.466386795043945
876,0,-4.739999771118164,0.5003538727760315,5.521717071533203
877,0,-4.739999771118164,0.5157639980316162,5.798465728759766
878,0,-4.739999771118164,0.5026118755340576,5.717892646789551
879,1,5.610000133514404,0.5928094983100891,6.729159832000732
880,1,5.610000133514404,0.5846615433692932,6.115893840789795
881,0,-5.610000133514404,0.5971850156784058,6.396435737609863
882,1,5.610000133514404,0.5885462164878845,6.197651386260986
883,0,-5.610000133514404,0.5879493951797485,7.062660217285156
884,0,-5.610000133514404,0.5871255993843079,6.397005558013916
885,0,-5.610000133514404,0.5824342966079712,6.053635597229004
886,0,-5.610000133514404,0.6071211695671082,6.499836444854736
887,0,-5.610000133514404,0.5824019908905029,7.048174858093262
888,0,-5.610000133514404,0.5890154242515564,6.481542587280273
889,0,-5.610000133514404,0.5922316908836365,6.434437274932861
890,0,-5.610000133514404,0.5943796634674072,6.899375915527344
891,0,-5.610000133514404,0.562498927116394,5.846202850341797
892,0,-5.610000133514404,0.5676721334457397,6.038569927215576
893,0,-5.610000133514404,0.595426082611084,6.225137233734131
894,0,-5.610000133514404,0.5769425630569458,6.848576545715332
895,0,-5.610000133514404,0.5995547771453857,6.416339874267578
896,0,-5.610000133514404,0.5904772281646729,6.667959690093994
897,0,-5.610000133514404,0.5712892413139343,6.789093971252441
898,0,-5.610000133514404,0.5841546654701233,6.707543849945068
899,0,-5.610000133514404,0.571808934211731,6.290616035461426
900,1,5.909999847412109,0.5781247615814209,6.372038841247559
901,1,5.909999847412109,0.5693350434303284,5.788680076599121
902,0,-5.909999847412109,0.5887107849121094,6.168444633483887
903,0,-5.909999847412109,0.5779847502708435,5.621068477630615
904,0,-5.909999847412109,0.612750768661499,6.147638320922852
905,0,-5.909999847412109,0.60377436876297,6.472429275512695
906,0,-5.909999847412109,0.578481912612915,6.3014726638793945
907,0,-5.909999847412109,0.5744825601577759,5.86822509765625
908,0,-5.909999847412109,0.6038928627967834,5.537158012390137
909,0,-5.909999847412109,0.5710075497627258,5.048703670501709
910,0,-5.909999847412109,0.5871028304100037,6.1669697761535645
911,0,-5.909999847412109,0.5872622132301331,6.3115315437316895
912,1,8.739999771118164,0.6291831731796265,5.975275039672852
913,0,-8.739999771118164,0.6157576441764832,6.546289443969727
914,0,-8.739999771118164,0.6570624113082886,5.998797416687012
915,0,-8.739999771118164,0.6155331134796143,6.454521179199219
916,0,-8.739999771118164,0.6284845471382141,5.986173629760742
917,0,-8.739999771118164,0.6091328263282776,6.461440086364746
918,0,-8.739999771118164,0.6085788607597351,6.211950778961182
919,0,-8.739999771118164,0.6354189515113831,6.364386558532715
920,0,-8.739999771118164,0.5902594923973083,6.4757537841796875
921,0,-8.739999771118164,0.607811450958252,6.138734817504883
922,0,-8.739999771118164,0.5794250965118408,6.254000186920166
923,0,-8.739999771118164,0.6535769701004028,6.2580742835998535
924,0,-8.739999771118164,0.5988783836364746,6.617429733276367
925,1,9.0,0.6114224791526794,7.550148010253906
926,1,9.0,0.6015638709068298,7.023303508758545
927,1,9.0,0.611755907535553,6.546469211578369
928,0,-9.0,0.5885109901428223,7.488461494445801
929,0,-9.0,0.5908223986625671,6.83342170715332
930,0,-9.0,0.5763317942619324,8.103157997131348
931,0,-9.0,0.5685144066810608,7.872681617736816
932,0,-9.0,0.5805801153182983,7.388001918792725
933,0,-9.0,0.5833682417869568,7.179469585418701
934,0,-9.0,0.5888432264328003,7.901580810546875
935,0,-9.0,0.6055002212524414,7.156015396118164
936,0,-9.0,0.615208089351654,6.347418308258057
937,0,-9.0,0.5601337552070618,8.245208740234375
938,0,-9.0,0.5846713185310364,7.429671287536621
939,0,-9.0,0.620705783367157,7.428824424743652
940,0,-9.0,0.5811505913734436,7.470757484436035
941,0,-9.0,0.5727946162223816,7.130172252655029
942,0,-9.0,0.5589930415153503,7.671250343322754
943,0,-9.0,0.569957435131073,7.27144193649292
944,0,-9.0,0.600523054599762,7.889359951019287
945,0,-9.0,0.5805776119232178,7.3420090675354
946,1,6.099999904632568,0.5921630263328552,6.694951057434082
947,1,6.099999904632568,0.620361328125,6.610552787780762
948,0,-6.099999904632568,0.6096534132957458,6.586289405822754
949,0,-6.099999904632568,0.5971664786338806,6.062290191650391
950,0,-6.099999904632568,0.6055710911750793,6.404519081115723
951,0,-6.099999904632568,0.6080679893493652,6.943828582763672
952,1,3.569999933242798,0.6196216940879822,6.383485794067383
953,0,-3.569999933242798,0.5880690217018127,5.7569355964660645
954,0,-3.569999933242798,0.616759717464447,6.197841644287109
955,0,-3.569999933242798,0.6325844526290894,6.338796138763428
956,0,-3.569999933242798,0.6207759976387024,6.179746627807617
957,0,-3.569999933242798,0.6196438670158386,6.448391914367676
958,0,-3.569999933242798,0.6273267269134521,6.355461597442627
959,0,-3.569999933242798,0.6328876614570618,6.001970291137695
960,0,-3.569999933242798,0.654473602771759,6.250289440155029
961,0,-3.569999933242798,0.6099309921264648,6.0469069480896
962,0,-3.569999933242798,0.5952261686325073,6.091800689697266
963,0,-3.569999933242798,0.5875759124755859,6.419107913970947
964,0,-3.569999933242798,0.6032825708389282,7.026894569396973
965,0,-3.569999933242798,0.5935193300247192,6.033257007598877
966,0,-3.569999933242798,0.6028909683227539,6.3925323486328125
967,0,-3.569999933242798,0.6155310869216919,6.444581508636475
968,0,-3.569999933242798,0.5935622453689575,6.749180316925049
969,0,-3.569999933242798,0.6092205047607422,6.395783424377441
970,0,-3.569999933242798,0.588073194026947,6.369058132171631
971,0,-3.569999933242798,0.5887086987495422,6.992588043212891
972,1,6.5,0.6089466214179993,6.681485652923584
973,1,6.5,0.6025601625442505,6.652711391448975
974,0,-6.5,0.6080237030982971,6.427040100097656
975,0,-6.5,0.6306662559509277,6.485436916351318
976,0,-6.5,0.5988560914993286,6.832452297210693
977,1,6.440000057220459,0.5992316603660583,6.28313684463501
978,0,-6.440000057220459,0.6234824061393738,6.051670074462891
979,0,-6.440000057220459,0.6232714056968689,6.244925022125244
980,0,-6.440000057220459,0.6304580569267273,6.722426414489746
981,0,-6.440000057220459,0.6191417574882507,6.265641689300537
982,0,-6.440000057220459,0.620747447013855,6.270437717437744
983,0,-6.440000057220459,0.6102780103683472,6.197558403015137
984,0,-6.440000057220459,0.6078870296478271,6.790400981903076
985,0,-6.440000057220459,0.6195986866950989,6.255665302276611
986,0,-6.440000057220459,0.6439640522003174,5.954484462738037
987,0,-6.440000057220459,0.6222647428512573,6.27106237411499
988,1,6.440000057220459,0.6040767431259155,6.393308639526367
989,0,-6.440000057220459,0.6468275189399719,6.412107944488525
990,0,-6.440000057220459,0.6539968252182007,6.0657639503479
991,0,-6.440000057220459,0.634056568145752,6.21799373626709
992,0,-6.440000057220459,0.6299188733100891,6.273865699768066
993,0,-6.440000057220459,0.629276692867279,6.407690048217773
994,0,-6.440000057220459,0.6200546622276306,6.284694671630859
995,0,-6.440000057220459,0.6253874897956848,6.20761251449585
996,0,-6.440000057220459,0.6056723594665527,6.801881313323975
997,0,-6.440000057220459,0.6291136741638184,5.983089923858643
998,1,8.520000457763672,0.5971678495407104,7.339763641357422
999,0,-8.520000457763672,0.6080635786056519,8.216011047363281
1000,0,-8.520000457763672,0.6061025857925415,7.13720178604126
1001,0,-8.520000457763672,0.5761563777923584,6.630764007568359
1002,0,-8.520000457763672,0.585351288318634,7.2991943359375
1003,0,-8.520000457763672,0.5737558603286743,7.244190216064453
1004,0,-8.520000457763672,0.5960909724235535,7.61374044418335
1005,0,-8.520000457763672,0.5740122199058533,7.1671247482299805
1006,0,-8.520000457763672,0.562325656414032,6.376833915710449
1007,0,-8.520000457763672,0.562019407749176,6.748594760894775
1008,0,-8.520000457763672,0.6145082116127014,7.68480110168457
1009,0,-8.520000457763672,0.5850088000297546,6.598072052001953
1010,0,-8.520000457763672,0.6166394948959351,7.512552261352539
1011,0,-8.520000457763672,0.5741221904754639,7.676037311553955
1012,0,-8.520000457763672,0.5967410802841187,7.919068336486816
1013,0,-8.520000457763672,0.5747712254524231,7.4141387939453125
1014,0,-8.520000457763672,0.6170116662979126,7.855334281921387
1015,0,-8.520000457763672,0.5775755047798157,7.60482931137085
1016,0,-8.520000457763672,0.6020640134811401,7.140836238861084
1017,0,-8.520000457763672,0.6055346727371216,7.268415451049805
1018,0,-8.520000457763672,0.5753182768821716,7.442455291748047
1019,1,8.699999809265137,0.6409387588500977,6.833672523498535
1020,1,8.699999809265137,0.6449092030525208,7.424216270446777
1021,0,-8.699999809265137,0.618385910987854,6.808281898498535
1022,1,8.699999809265137,0.6444833278656006,7.380756855010986
1023,0,-8.699999809265137,0.5903998017311096,7.269348621368408
1024,0,-8.699999809265137,0.5703338980674744,6.93870210647583
1025,0,-8.699999809265137,0.6132887005805969,7.209442615509033
1026,0,-8.699999809265137,0.5748180150985718,7.107877731323242
1027,0,-8.699999809265137,0.5916290879249573,7.475941181182861
1028,0,-8.699999809265137,0.6093050241470337,6.914040565490723
1029,0,-8.699999809265137,0.5851070880889893,7.523750305175781
1030,0,-8.699999809265137,0.6027917265892029,6.693223476409912
1031,1,7.920000076293945,0.5856038331985474,6.828240871429443
1032,0,-7.920000076293945,0.5718904733657837,6.345618724822998
1033,0,-7.920000076293945,0.5873833894729614,6.923606872558594
1034,0,-7.920000076293945,0.5886809825897217,6.444722652435303
1035,0,-7.920000076293945,0.5632781386375427,7.755702972412109
1036,0,-7.920000076293945,0.6034114956855774,7.956367492675781
1037,0,-7.920000076293945,0.6044954061508179,6.3204240798950195
1038,1,7.920000076293945,0.5691936016082764,6.99169397354126
1039,0,-7.920000076293945,0.5490931868553162,7.493377208709717
1040,0,-7.920000076293945,0.5642446279525757,6.916661262512207
1041,0,-7.920000076293945,0.5725544095039368,7.317145824432373
1042,0,-7.920000076293945,0.5921927690505981,6.162313938140869
1043,0,-7.920000076293945,0.5709937214851379,6.585845470428467
1044,0,-7.920000076293945,0.5709193348884583,7.052122116088867
1045,0,-7.920000076293945,0.5710289478302002,6.627156734466553
1046,0,-7.920000076293945,0.5808987021446228,6.695065975189209
1047,0,-7.920000076293945,0.611788809299469,7.165551662445068
1048,0,-7.920000076293945,0.5807650685310364,8.061132431030273
1049,0,-7.920000076293945,0.5895058512687683,6.86981201171875
1050,0,-7.920000076293945,0.565399169921875,7.444040775299072
1051,0,-7.920000076293945,0.5719366073608398,6.429292678833008
1052,0,-7.400000095367432,0.6584817171096802,6.7208733558654785
1053,1,7.400000095367432,0.6267443299293518,5.55936336517334
1054,0,-7.400000095367432,0.6398307681083679,6.569515228271484
1055,1,7.400000095367432,0.6045463681221008,5.624537944793701
1056,0,-7.400000095367432,0.6207004189491272,6.3545823097229
1057,0,-7.400000095367432,0.61418217420578,5.874362945556641
1058,0,-7.400000095367432,0.6021397113800049,6.145711421966553
1059,1,7.400000095367432,0.6216489672660828,6.728838920593262
1060,0,-7.400000095367432,0.6082079410552979,6.254825115203857
1061,0,-7.400000095367432,0.6144635677337646,6.297547817230225
1062,0,-7.400000095367432,0.6281939148902893,6.401050090789795
1063,0,-7.400000095367432,0.6058791279792786,6.5639166831970215
1064,0,-7.400000095367432,0.5928915739059448,6.989138603210449
1065,0,-7.400000095367432,0.6175425052642822,6.4974870681762695
1066,0,-7.400000095367432,0.5802464485168457,6.119978427886963
1067,0,-7.400000095367432,0.6140588521957397,6.193219184875488
1068,0,-7.400000095367432,0.5844285488128662,6.504289150238037
1069,0,-7.400000095367432,0.6219313144683838,6.135865211486816
1070,0,-7.400000095367432,0.6274901628494263,6.16175651550293
1071,1,6.519999980926514,0.5851011276245117,6.4809346199035645
1072,0,-6.519999980926514,0.5627967715263367,6.816887378692627
1073,0,-6.519999980926514,0.5648304224014282,6.302682876586914
1074,0,-6.519999980926514,0.5756403803825378,6.915363311767578
1075,1,6.519999980926514,0.586084246635437,6.626922607421875
1076,0,-6.519999980926514,0.5884096026420593,5.56195592880249
1077,0,-6.519999980926514,0.5884407758712769,5.744211196899414
1078,0,-6.519999980926514,0.5933886170387268,5.905959129333496
1079,1,6.519999980926514,0.569532573223114,6.17989444732666
1080,0,-6.519999980926514,0.5649058818817139,6.594560146331787
1081,0,-6.519999980926514,0.5816565752029419,6.352285861968994
1082,0,-6.519999980926514,0.5733053088188171,6.514621257781982
1083,0,-6.519999980926514,0.5892173051834106,6.9960618019104
1084,0,-6.519999980926514,0.5737305879592896,6.3799662590026855
1085,0,-6.519999980926514,0.5677860975265503,7.306539058685303
1086,0,-6.519999980926514,0.5797911882400513,5.33439826965332
1087,0,-6.519999980926514,0.563187837600708,6.222378730773926
1088,0,-6.519999980926514,0.5746381878852844,6.414678573608398
1089,0,-6.519999980926514,0.5981831550598145,6.85062313079834
1090,0,-6.519999980926514,0.5677874684333801,5.999175071716309
1091,0,-6.519999980926514,0.5725931525230408,6.585868835449219
1092,1,5.519999980926514,0.6011060476303101,6.167728900909424
1093,1,5.519999980926514,0.6068493127822876,6.189037799835205
1094,0,-5.519999980926514,0.6019605994224548,6.5121870040893555
1095,0,-5.519999980926514,0.6135067939758301,6.751575469970703
1096,0,-5.519999980926514,0.5995266437530518,6.63107967376709
1097,0,-5.519999980926514,0.5901996493339539,6.627715110778809
1098,0,-5.519999980926514,0.5742191076278687,6.609921932220459
1099,0,-5.519999980926514,0.5966215133666992,6.564587116241455
1100,0,-5.519999980926514,0.5842851996421814,6.567537784576416
1101,0,-5.519999980926514,0.616294264793396,6.3948845863342285
1102,0,-5.519999980926514,0.5802419781684875,6.967581748962402
1103,0,-5.519999980926514,0.6125697493553162,6.498704433441162
1104,0,-5.519999980926514,0.629447340965271,6.801609039306641
1105,0,-5.519999980926514,0.617033064365387,6.780487537384033
1106,0,-5.519999980926514,0.5954288244247437,6.639906883239746
1107,0,-5.519999980926514,0.6097397804260254,6.370508193969727
1108,0,-5.519999980926514,0.5903733968734741,6.904778480529785
1109,0,-5.519999980926514,0.5867649912834167,6.600736618041992
1110,0,-5.519999980926514,0.5926739573478699,6.601034164428711
1111,0,-5.519999980926514,0.600447416305542,6.715822219848633
1112,0,-5.519999980926514,0.6013389229774475,6.698986053466797
1113,1,7.320000171661377,0.6128504872322083,6.210041046142578
1114,0,-7.320000171661377,0.59986412525177,6.105626106262207
1115,0,-7.320000171661377,0.5998669862747192,6.656695365905762
1116,0,-7.320000171661377,0.5965452194213867,6.577261924743652
1117,0,-7.320000171661377,0.6203373670578003,6.488126754760742
1118,0,-7.320000171661377,0.6314682364463806,6.867771148681641
1119,0,-7.320000171661377,0.6013427376747131,6.665658473968506
1120,0,-7.320000171661377,0.624758780002594,6.774230003356934
1121,0,-7.320000171661377,0.6306718587875366,6.814770698547363
1122,0,-7.320000171661377,0.6136789321899414,6.686992645263672
1123,0,-7.320000171661377,0.6057580709457397,6.567699909210205
1124,0,-7.320000171661377,0.6255063414573669,6.8868727684021
1125,0,-7.320000171661377,0.623332142829895,6.667154788970947
1126,0,-7.320000171661377,0.6210554838180542,6.191748142242432
1127,0,-7.320000171661377,0.6150131821632385,6.685331344604492
1128,0,-7.320000171661377,0.624541163444519,6.521190166473389
1129,0,-7.320000171661377,0.6081050038337708,6.673356056213379
1130,0,-7.320000171661377,0.6075507998466492,6.3301472663879395
1131,0,-7.320000171661377,0.6366739869117737,6.079445838928223
1132,0,-7.320000171661377,0.6226871013641357,6.355457782745361
1133,1,3.9200000762939453,0.5030797719955444,5.548490524291992
1134,0,-3.9200000762939453,0.49939343333244324,5.4655561447143555
1135,0,-3.9200000762939453,0.4999396502971649,5.544748306274414
1136,0,-3.9200000762939453,0.5018622875213623,5.448810577392578
1137,0,-3.9200000762939453,0.4999980628490448,5.437612533569336
1138,0,-3.9200000762939453,0.5024674534797668,5.464356422424316
1139,0,-3.9200000762939453,0.4998241364955902,5.4691667556762695
1140,0,-3.9200000762939453,0.5049800276756287,5.384442329406738
1141,0,-3.9200000762939453,0.5023284554481506,5.513393402099609
1142,0,-3.9200000762939453,0.5007891654968262,5.571827411651611
1143,0,-3.9200000762939453,0.4944927394390106,5.629754066467285
1144,0,-3.9200000762939453,0.4997320771217346,5.5049614906311035
1145,0,-3.9200000762939453,0.5022796392440796,5.448200225830078
1146,0,-3.9200000762939453,0.5007302761077881,5.569304466247559
1147,0,-3.9200000762939453,0.4994206726551056,5.503462314605713
1148,0,-3.9200000762939453,0.49996790289878845,5.6162543296813965
1149,0,-3.9200000762939453,0.5008040070533752,5.4983439445495605
1150,0,-3.9200000762939453,0.49956953525543213,5.412323474884033
1151,0,-3.9200000762939453,0.5044001936912537,5.606825828552246
1152,0,-3.9200000762939453,0.5001146793365479,5.474849700927734
1153,0,-3.9200000762939453,0.5004052519798279,5.5215864181518555
1154,1,5.659999847412109,0.6350446343421936,6.010904312133789
1155,1,5.659999847412109,0.657478392124176,6.00346565246582
1156,0,-5.659999847412109,0.6483243703842163,6.231314659118652
1157,0,-5.659999847412109,0.6162528395652771,6.668670177459717
1158,1,5.659999847412109,0.6317446231842041,5.786035060882568
1159,0,-5.659999847412109,0.6385762095451355,6.718245983123779
1160,0,-5.659999847412109,0.6421222686767578,6.069068908691406
1161,0,-5.659999847412109,0.6400748491287231,6.4770188331604
1162,0,-5.659999847412109,0.6241832375526428,6.467024326324463
1163,0,-5.659999847412109,0.6472769379615784,6.632312297821045
1164,0,-5.659999847412109,0.6292687058448792,6.243082523345947
1165,0,-5.659999847412109,0.6430261135101318,6.508183479309082
1166,0,-5.659999847412109,0.6404668092727661,6.364620685577393
1167,0,-5.659999847412109,0.6004539728164673,6.367948055267334
1168,0,-5.659999847412109,0.5885156989097595,6.212700366973877
1169,0,-5.659999847412109,0.6354349255561829,6.454036235809326
1170,0,-5.659999847412109,0.6435573697090149,6.696049213409424
1171,0,-5.659999847412109,0.6270579695701599,7.282122611999512
1172,0,-5.659999847412109,0.6105895638465881,7.171074867248535
1173,0,-5.659999847412109,0.642667829990387,6.006856441497803
1174,0,-5.659999847412109,0.6293839812278748,7.392240524291992
1175,0,-11.09000015258789,0.5539137721061707,8.474065780639648
1176,0,-11.09000015258789,0.5107038617134094,7.8976640701293945
1177,0,-11.09000015258789,0.5003923773765564,8.31197738647461
1178,0,-11.09000015258789,0.5090550780296326,8.21476936340332
1179,0,-11.09000015258789,0.5018723011016846,8.617608070373535
1180,0,-11.09000015258789,0.5168355703353882,8.064729690551758
1181,0,-11.09000015258789,0.5021213889122009,8.34286880493164
1182,0,-11.09000015258789,0.5170930027961731,8.275896072387695
1183,0,-11.09000015258789,0.49568936228752136,8.731595039367676
1184,0,-11.09000015258789,0.4992263913154602,8.349315643310547
1185,0,-11.09000015258789,0.5103853344917297,7.790007591247559
1186,0,-11.09000015258789,0.48278936743736267,8.261210441589355
1187,0,-11.09000015258789,0.4996538758277893,7.987792015075684
1188,0,-11.09000015258789,0.4991610050201416,8.33503532409668
1189,0,-11.09000015258789,0.4972647428512573,8.617891311645508
1190,0,-11.09000015258789,0.5032802224159241,8.256189346313477
1191,0,-11.09000015258789,0.49760279059410095,8.140896797180176
1192,0,-11.09000015258789,0.5219008922576904,7.985193252563477
1193,0,-11.09000015258789,0.5083515048027039,8.257984161376953
1194,0,-11.09000015258789,0.5044800639152527,7.455005645751953
1195,0,-11.09000015258789,0.5179551243782043,7.913731575012207
1196,1,5.639999866485596,0.6240052580833435,6.067693710327148
1197,1,5.639999866485596,0.5993344783782959,5.926077365875244
1198,0,-5.639999866485596,0.613657534122467,6.1166582107543945
1199,1,5.639999866485596,0.615428626537323,6.136202335357666
1200,0,-5.639999866485596,0.6374709010124207,5.822922229766846
1201,1,4.010000228881836,0.6452465653419495,6.435811519622803
1202,1,4.010000228881836,0.6195487976074219,6.918240547180176
1203,1,4.010000228881836,0.6195111870765686,6.917159080505371
1204,0,-4.010000228881836,0.6474156379699707,6.238670825958252
1205,0,-4.010000228881836,0.6627832651138306,5.6083879470825195
1206,1,4.010000228881836,0.6214385032653809,6.164905071258545
1207,0,-4.010000228881836,0.661974310874939,6.471312999725342
1208,0,-4.010000228881836,0.6624407172203064,6.422935962677002
1209,0,-4.010000228881836,0.6428092122077942,5.969608306884766
1210,0,-4.010000228881836,0.6386486887931824,6.328816890716553
1211,0,-4.010000228881836,0.6450828313827515,6.939784526824951
1212,0,-4.010000228881836,0.6371931433677673,6.172684192657471
1213,0,-4.010000228881836,0.6481562256813049,6.248933792114258
1214,0,-4.010000228881836,0.6531748175621033,6.432225704193115
1215,0,-4.010000228881836,0.6349905133247375,6.361467361450195
1216,0,-4.010000228881836,0.6302267909049988,7.133822441101074
1217,0,-4.010000228881836,0.6341627240180969,6.653946876525879
1218,0,-4.010000228881836,0.6674069166183472,7.817295551300049
1219,0,-4.010000228881836,0.6114969849586487,6.385722637176514
1220,1,6.260000228881836,0.5728326439857483,6.1562018394470215
1221,0,-6.260000228881836,0.5833503603935242,5.778745174407959
1222,1,6.260000228881836,0.591503918170929,5.903629302978516
1223,1,6.260000228881836,0.5897781848907471,6.00167179107666
1224,0,-6.260000228881836,0.5753113627433777,6.383074760437012
1225,0,-6.260000228881836,0.5823036432266235,6.530031681060791
1226,0,-6.260000228881836,0.5878785848617554,6.124515056610107
1227,0,-6.260000228881836,0.5825937390327454,6.451792240142822
1228,0,-6.260000228881836,0.5698822140693665,5.964762210845947
1229,0,-6.260000228881836,0.5896663665771484,6.390444755554199
1230,0,-6.260000228881836,0.5851827263832092,6.572884559631348
1231,0,-6.260000228881836,0.5839880108833313,6.331146717071533
1232,0,-6.260000228881836,0.5875407457351685,5.951284408569336
1233,0,-6.260000228881836,0.5712345242500305,6.341363906860352
1234,0,-6.260000228881836,0.573453962802887,5.9574079513549805
1235,0,-6.260000228881836,0.5861514806747437,6.086099624633789
1236,0,-6.260000228881836,0.5885112881660461,6.304094314575195
1237,0,-6.260000228881836,0.5841631293296814,6.207653522491455
1238,0,-6.260000228881836,0.5651119351387024,5.907352924346924
1239,0,-6.260000228881836,0.5845203399658203,6.794310092926025
1240,0,-6.260000228881836,0.5959811210632324,6.233301639556885
1241,1,6.260000228881836,0.5976525545120239,6.295033931732178
1242,1,6.260000228881836,0.6068692207336426,6.469893932342529
1243,0,-6.260000228881836,0.5722101330757141,5.637367248535156
1244,1,6.260000228881836,0.5673553347587585,6.087530612945557
1245,0,-6.260000228881836,0.6074686050415039,6.448690414428711
1246,0,-6.260000228881836,0.5947800278663635,7.1575822830200195
1247,0,-6.260000228881836,0.5757178664207458,6.348568916320801
1248,0,-6.260000228881836,0.5975882411003113,6.346318244934082
1249,0,-6.260000228881836,0.6051995158195496,6.801215648651123
1250,0,-6.260000228881836,0.5745871663093567,6.854066848754883
1251,0,-6.260000228881836,0.5640947818756104,8.049251556396484
1252,0,-6.260000228881836,0.6126370429992676,6.68263053894043
1253,0,-6.260000228881836,0.5759226083755493,6.906754493713379
1254,0,-6.260000228881836,0.5808537006378174,7.012249946594238
1255,0,-6.260000228881836,0.582811176776886,6.810756206512451
1256,0,-6.260000228881836,0.6009304523468018,6.74539041519165
1257,0,-6.260000228881836,0.5699114203453064,6.944210052490234
1258,1,5.21999979019165,0.6215200424194336,5.9526495933532715
1259,1,5.21999979019165,0.6077336072921753,5.60307502746582
1260,0,-5.21999979019165,0.6133324503898621,6.189629077911377
1261,0,-5.21999979019165,0.613373875617981,5.795123100280762
1262,0,-5.21999979019165,0.6043128371238708,6.0636420249938965
1263,0,-5.21999979019165,0.598689079284668,5.89407205581665
1264,0,-5.21999979019165,0.6254867911338806,6.019965648651123
1265,0,-5.21999979019165,0.6459950804710388,6.759400367736816
1266,1,5.21999979019165,0.6376604437828064,6.3130035400390625
1267,0,-5.21999979019165,0.5987378358840942,6.330865859985352
1268,0,-5.21999979019165,0.6268361210823059,5.206231594085693
1269,0,-5.21999979019165,0.6341685056686401,5.635610103607178
1270,0,-5.21999979019165,0.6312795877456665,6.255849838256836
1271,0,-5.21999979019165,0.5857711434364319,6.574559211730957
1272,0,-5.21999979019165,0.6093662977218628,5.870894432067871
1273,0,-5.21999979019165,0.616124153137207,6.160757064819336
1274,0,-5.21999979019165,0.6134913563728333,6.555758953094482
1275,0,-5.21999979019165,0.5997501015663147,6.548498630523682
1276,0,-5.21999979019165,0.5869014859199524,5.888250350952148
1277,0,-5.21999979019165,0.6299237012863159,6.080214977264404
1278,0,-5.21999979019165,0.6467871069908142,7.213035583496094
1279,1,5.639999866485596,0.5783957242965698,6.225216388702393
1280,0,-5.639999866485596,0.6026875376701355,6.50786828994751
1281,1,5.639999866485596,0.5889460444450378,7.224863052368164
1282,0,-5.639999866485596,0.5764287114143372,6.492504596710205
1283,1,5.639999866485596,0.5984579920768738,7.355518341064453
1284,0,-5.639999866485596,0.5843573808670044,6.71136474609375
1285,0,-5.639999866485596,0.5674538016319275,6.9321160316467285
1286,0,-5.639999866485596,0.5714057087898254,6.235705852508545
1287,0,-5.639999866485596,0.5685161352157593,6.321363925933838
1288,0,-5.639999866485596,0.6004934906959534,6.993259429931641
1289,0,-5.639999866485596,0.5746667981147766,6.782451152801514
1290,0,-5.639999866485596,0.5712820291519165,6.8987298011779785
1291,0,-5.639999866485596,0.577815055847168,6.342010021209717
1292,0,-5.639999866485596,0.584234356880188,6.573898792266846
1293,0,-5.639999866485596,0.5697039365768433,6.756931781768799
1294,0,-5.639999866485596,0.6025679111480713,6.18122673034668
1295,0,-5.639999866485596,0.5771856307983398,6.709486961364746
1296,0,-5.639999866485596,0.5640069246292114,6.188103675842285
1297,0,-5.639999866485596,0.5816144347190857,6.510250568389893
1298,0,-5.639999866485596,0.5815635323524475,6.704070091247559
1299,0,-5.639999866485596,0.592492401599884,6.792632102966309
1300,1,5.820000171661377,0.6112417578697205,5.945640563964844
1301,0,-5.820000171661377,0.6272669434547424,6.237550258636475
1302,0,-5.820000171661377,0.6313209533691406,5.44826602935791
1303,0,-5.820000171661377,0.6301292181015015,6.180225849151611
1304,0,-5.820000171661377,0.6214067935943604,5.504918575286865
1305,0,-5.820000171661377,0.6220560073852539,5.868068695068359
1306,0,-5.820000171661377,0.6265811324119568,6.199261665344238
1307,0,-5.820000171661377,0.5917744636535645,6.2263102531433105
1308,0,-5.820000171661377,0.6269780993461609,5.69069766998291
1309,0,-5.820000171661377,0.6149598360061646,5.985430717468262
1310,0,-5.820000171661377,0.6360504031181335,6.674357891082764
1311,0,-5.820000171661377,0.6040815114974976,5.6514482498168945
1312,0,-5.820000171661377,0.6243841648101807,5.560827732086182
1313,0,-5.820000171661377,0.6193513870239258,6.193232536315918
1314,0,-5.820000171661377,0.6050746440887451,6.307548522949219
1315,0,-5.820000171661377,0.6078655123710632,5.986863613128662
1316,0,-5.820000171661377,0.6036813855171204,6.240350723266602
1317,0,-5.820000171661377,0.6487751007080078,6.210106372833252
1318,0,-5.820000171661377,0.6203544735908508,6.1884765625
1319,0,-5.820000171661377,0.6098355054855347,6.779019355773926
1320,0,-5.820000171661377,0.6134824156761169,5.876089572906494
1321,1,9.0,0.6310467720031738,7.097697734832764
1322,1,9.0,0.6341699361801147,7.058621406555176
1323,0,-9.0,0.6312603950500488,6.704196929931641
1324,0,-9.0,0.6251024603843689,6.5676422119140625
1325,0,-9.0,0.6066391468048096,6.267571926116943
1326,0,-9.0,0.6103835701942444,7.075842380523682
1327,0,-9.0,0.632500946521759,7.800408363342285
1328,0,-9.0,0.6045644879341125,6.652862548828125
1329,0,-9.0,0.5998926162719727,6.163291931152344
1330,0,-9.0,0.5967301726341248,7.045502662658691
1331,0,-9.0,0.6050634980201721,6.460844993591309
1332,0,-9.0,0.6137128472328186,6.555354118347168
1333,0,-9.0,0.5948314666748047,6.991065502166748
1334,0,-9.0,0.580443799495697,6.44389009475708
1335,0,-9.0,0.6165728569030762,6.914055347442627
1336,0,-9.0,0.6291565299034119,6.902462005615234
1337,0,-9.0,0.6074124574661255,7.187286853790283
1338,0,-9.0,0.57978355884552,6.641500473022461
1339,0,-9.0,0.5870280861854553,7.758422374725342
1340,0,-9.0,0.5872374176979065,6.623650074005127
1341,0,-9.0,0.6275404095649719,7.393982887268066
1342,1,7.420000076293945,0.6429977416992188,6.827012062072754
1343,1,7.420000076293945,0.6498652100563049,7.0944719314575195
1344,0,-7.420000076293945,0.654690682888031,7.18912935256958
1345,1,7.420000076293945,0.649968147277832,6.7901082038879395
1346,0,-7.420000076293945,0.6631917953491211,6.9245924949646
1347,1,9.300000190734863,0.6357409358024597,5.659106254577637
1348,1,9.300000190734863,0.6188268661499023,5.657674312591553
1349,1,8.109999656677246,0.601523220539093,5.296696662902832
1350,1,8.109999656677246,0.6136459708213806,5.416666030883789
1351,1,7.440000057220459,0.5955877900123596,7.225429058074951
1352,0,-7.440000057220459,0.6007678508758545,5.954862117767334
1353,0,-7.440000057220459,0.5832710266113281,5.698683261871338
1354,1,7.440000057220459,0.6245637536048889,5.545475482940674
1355,1,7.440000057220459,0.5985234379768372,6.318717956542969
1356,0,-7.440000057220459,0.6400197744369507,5.64034366607666
1357,0,-7.440000057220459,0.6307770013809204,6.255462646484375
1358,0,-7.440000057220459,0.6110411286354065,5.898991584777832
1359,0,-7.440000057220459,0.5995491147041321,6.367312908172607
1360,0,-7.440000057220459,0.6102238297462463,5.736226558685303
1361,0,-7.440000057220459,0.6029954552650452,6.054008483886719
1362,0,-7.440000057220459,0.6287139058113098,6.415393829345703
1363,0,-7.440000057220459,0.6205958127975464,5.781457424163818
1364,0,-7.440000057220459,0.6399425268173218,6.019113540649414
1365,0,-7.440000057220459,0.5995334982872009,5.444600582122803
1366,0,-7.440000057220459,0.6094505786895752,5.917757511138916
1367,0,-7.440000057220459,0.596285343170166,6.111393451690674
1368,0,-7.440000057220459,0.5919941067695618,5.968252658843994
1369,0,-7.440000057220459,0.6021448969841003,6.185992240905762
1370,0,-7.440000057220459,0.6144484281539917,6.043163776397705
1371,0,-7.440000057220459,0.6088709235191345,6.117428302764893
1372,0,-7.800000190734863,0.5902954339981079,6.466849327087402
1373,1,7.800000190734863,0.5744141340255737,6.615889549255371
1374,0,-7.800000190734863,0.5697915554046631,6.924317359924316
1375,0,-7.800000190734863,0.5585581660270691,7.119931697845459
1376,0,-7.800000190734863,0.5603693127632141,6.587231159210205
1377,0,-7.800000190734863,0.5810245871543884,6.4173736572265625
1378,0,-7.800000190734863,0.5796825885772705,6.549610137939453
1379,0,-7.800000190734863,0.5815147161483765,6.662886619567871
1380,0,-7.800000190734863,0.5769173502922058,7.338011264801025
1381,0,-7.800000190734863,0.5831831693649292,7.095088005065918
1382,0,-7.800000190734863,0.5761843323707581,6.924931526184082
1383,0,-7.800000190734863,0.5782027840614319,7.041481018066406
1384,0,-7.800000190734863,0.5706493258476257,6.941582679748535
1385,0,-7.800000190734863,0.5836231112480164,6.608405113220215
1386,0,-7.800000190734863,0.5806008577346802,6.636112689971924
1387,0,-7.800000190734863,0.5800328850746155,7.112043380737305
1388,0,-7.800000190734863,0.5884990692138672,6.8406267166137695
1389,0,-7.800000190734863,0.5733461976051331,7.092811584472656
1390,0,-7.800000190734863,0.5818563103675842,6.370838165283203
1391,0,-7.800000190734863,0.581563413143158,6.622704982757568
1392,1,8.300000190734863,0.5845731496810913,6.522071361541748
1393,1,8.300000190734863,0.5933759808540344,6.522512435913086
1394,0,-8.300000190734863,0.5934450626373291,7.2227606773376465
1395,0,-8.300000190734863,0.5775423049926758,6.437702178955078
1396,0,-8.300000190734863,0.5871468186378479,6.109675407409668
1397,0,-8.300000190734863,0.5645000338554382,6.388662338256836
1398,0,-8.300000190734863,0.5870729088783264,6.709476470947266
1399,0,-8.300000190734863,0.5831378698348999,6.385958671569824
1400,0,-8.300000190734863,0.5849010348320007,6.153006553649902
1401,0,-8.300000190734863,0.5969881415367126,6.418957710266113
1402,0,-8.300000190734863,0.5766989588737488,6.766586780548096
1403,0,-8.300000190734863,0.5642071962356567,5.600812911987305
1404,0,-8.300000190734863,0.5849990248680115,5.904712677001953
1405,0,-8.300000190734863,0.5956711173057556,6.535242080688477
1406,0,-8.300000190734863,0.5608446598052979,5.563832759857178
1407,1,6.730000019073486,0.5780725479125977,5.9901509284973145
1408,1,6.730000019073486,0.5734264850616455,5.92161750793457
1409,1,6.730000019073486,0.5699776411056519,5.799078941345215
1410,0,-6.730000019073486,0.5735940933227539,6.836347579956055
1411,0,-6.730000019073486,0.5629177093505859,6.6893086433410645
1412,0,-6.730000019073486,0.573879599571228,6.165719509124756
1413,0,-6.730000019073486,0.561899721622467,6.992556571960449
1414,0,-6.730000019073486,0.569041907787323,6.339447021484375
1415,0,-6.730000019073486,0.561569094657898,8.412158966064453
1416,1,7.21999979019165,0.582675039768219,6.899729251861572
1417,0,-7.21999979019165,0.5641430020332336,7.4411797523498535
1418,0,-7.21999979019165,0.5641419291496277,7.44096040725708
1419,0,-7.21999979019165,0.5723839998245239,7.288093090057373
1420,0,-7.21999979019165,0.560803234577179,7.119023323059082
1421,0,-7.21999979019165,0.5624465942382812,7.383691787719727
1422,0,-7.21999979019165,0.5404461622238159,7.2663373947143555
1423,0,-7.21999979019165,0.571961522102356,7.547307014465332
1424,0,-7.21999979019165,0.5897435545921326,7.259397029876709
1425,0,-7.21999979019165,0.6212983131408691,7.0366997718811035
1426,0,-7.21999979019165,0.5460845828056335,7.557957172393799
1427,1,7.21999979019165,0.6077831983566284,6.834988117218018
1428,0,-7.21999979019165,0.5787860155105591,7.28414249420166
1429,0,-7.21999979019165,0.5440175533294678,7.3037333488464355
1430,0,-7.21999979019165,0.5887320637702942,7.159529209136963
1431,0,-7.21999979019165,0.5600497722625732,7.737756729125977
1432,0,-7.21999979019165,0.5779168009757996,6.7812819480896
1433,0,-7.21999979019165,0.5689065456390381,7.590033531188965
1434,0,-7.21999979019165,0.5620648860931396,6.951626777648926
1435,0,-7.21999979019165,0.5598234534263611,6.1256608963012695
1436,1,5.920000076293945,0.5991323590278625,4.000678062438965
1437,0,-5.920000076293945,0.5882713198661804,3.9873669147491455
1438,0,-5.920000076293945,0.6024972200393677,4.51974630355835
1439,1,5.920000076293945,0.5771622657775879,4.714982986450195
1440,0,-5.920000076293945,0.5859174132347107,5.199620723724365
1441,0,-5.920000076293945,0.5635713338851929,6.204026699066162
1442,0,-5.920000076293945,0.5987234711647034,4.2112226486206055
1443,0,-5.920000076293945,0.6030628681182861,4.875441551208496
1444,0,-5.920000076293945,0.624702513217926,5.304562568664551
1445,0,-5.920000076293945,0.561004102230072,5.45713996887207
1446,0,-5.920000076293945,0.5902963876724243,4.928193092346191
1447,0,-5.920000076293945,0.5870820879936218,4.840372085571289
1448,0,-5.920000076293945,0.5757817029953003,5.800957679748535
1449,0,-5.920000076293945,0.5639390349388123,5.956080436706543
1450,0,-5.920000076293945,0.5745552182197571,5.765914440155029
1451,0,-5.920000076293945,0.5882472395896912,5.399650573730469
1452,0,-5.920000076293945,0.5742104053497314,5.920124530792236
1453,0,-5.920000076293945,0.5921494364738464,4.48508358001709
1454,0,-5.920000076293945,0.575585126876831,4.9044647216796875
1455,0,-5.920000076293945,0.5746035575866699,5.683940410614014
1456,0,-5.920000076293945,0.5858995914459229,5.240289211273193
1457,1,5.849999904632568,0.5680893659591675,6.022254467010498
1458,0,-5.849999904632568,0.5927149057388306,6.377545356750488
1459,1,5.849999904632568,0.5786406993865967,5.778082370758057
1460,0,-5.849999904632568,0.5969274044036865,6.041108131408691
1461,1,5.849999904632568,0.5897784233093262,6.425843238830566
1462,0,-5.849999904632568,0.5857331156730652,6.264377593994141
1463,1,5.849999904632568,0.5785204768180847,6.021475315093994
1464,0,-5.849999904632568,0.5897529125213623,6.107334136962891
1465,0,-5.849999904632568,0.5829818248748779,6.325119972229004
1466,0,-5.849999904632568,0.5745437145233154,6.533515453338623
1467,0,-5.849999904632568,0.570734441280365,6.083009243011475
1468,0,-5.849999904632568,0.5650670528411865,5.980680465698242
1469,0,-5.849999904632568,0.5821064114570618,6.299771308898926
1470,0,-5.849999904632568,0.5866319537162781,6.820810317993164
1471,0,-5.849999904632568,0.5756126046180725,6.2126545906066895
1472,0,-5.849999904632568,0.5962264537811279,5.906311511993408
1473,0,-5.849999904632568,0.5691628456115723,7.013315200805664
1474,0,-5.849999904632568,0.5889930129051208,5.720323085784912
1475,0,-5.849999904632568,0.5808509588241577,6.46962833404541
1476,0,-5.849999904632568,0.5729466080665588,5.910391330718994
1477,0,-5.849999904632568,0.5781168937683105,6.2627105712890625
1478,1,2.5199999809265137,0.5835912823677063,6.186141014099121
1479,0,-2.5199999809265137,0.614853024482727,6.722658634185791
1480,0,-2.5199999809265137,0.6279581189155579,6.405500888824463
1481,0,-2.5199999809265137,0.6017554998397827,6.856406211853027
1482,0,-2.5199999809265137,0.6025338768959045,6.000434398651123
1483,0,-2.5199999809265137,0.6180031299591064,6.131592273712158
1484,0,-2.5199999809265137,0.5904121994972229,6.605922222137451
1485,0,-2.5199999809265137,0.5787568688392639,5.915480613708496
1486,0,-2.5199999809265137,0.6048151850700378,6.084158420562744
1487,0,-2.5199999809265137,0.6088774800300598,6.259698390960693
1488,1,2.5199999809265137,0.566670835018158,7.2137770652771
1489,0,-2.5199999809265137,0.6050974130630493,6.023564338684082
1490,0,-2.5199999809265137,0.6299903988838196,6.184208393096924
1491,0,-2.5199999809265137,0.614224910736084,5.920073509216309
1492,0,-2.5199999809265137,0.5794907808303833,5.742483615875244
1493,0,-2.5199999809265137,0.5759198665618896,6.113705635070801
1494,0,-2.5199999809265137,0.5799688696861267,6.180939674377441
1495,0,-2.5199999809265137,0.5816883444786072,5.8430304527282715
1496,0,-2.5199999809265137,0.625784695148468,5.96077299118042
1497,0,-2.5199999809265137,0.5948217511177063,6.724585056304932
1498,0,-2.5199999809265137,0.5868384838104248,6.444553852081299
1499,1,3.299999952316284,0.608797013759613,6.4556779861450195
1500,1,3.299999952316284,0.6219320297241211,6.155551910400391
1501,0,-3.299999952316284,0.6136617064476013,5.374658584594727
1502,0,-3.299999952316284,0.6003130674362183,5.459486961364746
1503,0,-3.299999952316284,0.6075885891914368,5.812867164611816
1504,0,-3.299999952316284,0.6146436333656311,5.764035224914551
1505,0,-3.299999952316284,0.608299970626831,5.5081024169921875
1506,0,-3.299999952316284,0.6175072193145752,5.718005657196045
1507,0,-3.299999952316284,0.6093827486038208,5.538792610168457
1508,0,-3.299999952316284,0.6178221702575684,5.73060941696167
1509,0,-3.299999952316284,0.6113836169242859,5.953034400939941
1510,0,-3.299999952316284,0.6093205809593201,5.605251789093018
1511,0,-3.299999952316284,0.588666558265686,6.41422176361084
1512,0,-3.299999952316284,0.5864131450653076,5.9093170166015625
1513,0,-3.299999952316284,0.6191704869270325,5.541542053222656
1514,0,-3.299999952316284,0.5889831781387329,5.9423699378967285
1515,0,-3.299999952316284,0.6128875017166138,5.92288064956665
1516,0,-3.299999952316284,0.5839003920555115,5.917108535766602
1517,0,-3.299999952316284,0.6111772656440735,5.456532955169678
1518,0,-3.299999952316284,0.5939538478851318,6.002600193023682
1519,1,2.2899999618530273,0.5942586064338684,6.849987030029297
1520,1,2.2899999618530273,0.614381730556488,6.484663963317871
1521,0,-2.2899999618530273,0.5723304152488708,5.916473865509033
1522,0,-2.2899999618530273,0.5784802436828613,6.290547847747803
1523,0,-2.2899999618530273,0.6054337024688721,5.24665641784668
1524,0,-2.2899999618530273,0.6336475014686584,5.762284278869629
1525,0,-2.2899999618530273,0.5773893594741821,5.266921043395996
1526,0,-2.2899999618530273,0.5939212441444397,5.469598770141602
1527,0,-2.2899999618530273,0.5982238054275513,5.521056175231934
1528,0,-2.2899999618530273,0.5980725288391113,5.616049766540527
1529,0,-2.2899999618530273,0.6021326184272766,6.069169044494629
1530,0,-2.2899999618530273,0.5843704342842102,5.951112270355225
1531,0,-2.2899999618530273,0.5929884314537048,5.552159309387207
1532,0,-2.2899999618530273,0.5994536280632019,5.734992504119873
1533,0,-2.2899999618530273,0.5929497480392456,5.76723575592041
1534,0,-2.2899999618530273,0.6092555522918701,5.7852983474731445
1535,0,-2.2899999618530273,0.6019510626792908,6.069000244140625
1536,0,-2.2899999618530273,0.5983809232711792,5.681233882904053
1537,0,-2.2899999618530273,0.577278196811676,6.132769584655762
1538,0,-2.2899999618530273,0.5999287366867065,5.848445415496826
1539,0,-2.2899999618530273,0.6236072778701782,6.485940456390381
1540,1,7.519999980926514,0.6534997820854187,7.44544792175293
1541,1,7.519999980926514,0.6485413312911987,7.476027011871338
1542,0,-7.519999980926514,0.6458038091659546,7.2182297706604
1543,0,-7.519999980926514,0.6196271777153015,6.985445499420166
1544,0,-7.519999980926514,0.6562526226043701,7.708296298980713
1545,0,-7.519999980926514,0.6027995347976685,6.782827854156494
1546,0,-7.519999980926514,0.6513748168945312,7.073459148406982
1547,0,-7.519999980926514,0.6537226438522339,6.65720272064209
1548,0,-7.519999980926514,0.6113817095756531,6.801693916320801
1549,0,-7.519999980926514,0.6099238395690918,7.3217973709106445
1550,0,-7.519999980926514,0.6214012503623962,7.217414855957031
1551,0,-7.519999980926514,0.6341332197189331,6.682316303253174
1552,0,-7.519999980926514,0.6386368870735168,7.041483402252197
1553,0,-7.519999980926514,0.5929296016693115,6.491960048675537
1554,0,-7.519999980926514,0.612403154373169,7.734591484069824
1555,0,-7.519999980926514,0.5567699074745178,6.978885650634766
1556,1,5.769999980926514,0.6694625616073608,6.38657283782959
1557,1,5.769999980926514,0.6884437799453735,6.43529748916626
1558,0,-5.769999980926514,0.6380683183670044,6.272839546203613
1559,0,-5.769999980926514,0.6523258090019226,6.309137344360352
1560,0,-5.769999980926514,0.6373796463012695,6.2594709396362305
1561,0,-5.769999980926514,0.6577305197715759,6.985633850097656
1562,0,-5.769999980926514,0.6345965266227722,6.488949775695801
1563,0,-5.769999980926514,0.6409158110618591,6.694913864135742
1564,0,-5.769999980926514,0.6638866662979126,6.307658672332764
1565,0,-5.769999980926514,0.6451025009155273,6.964997291564941
1566,0,-5.769999980926514,0.640158474445343,7.523703575134277
1567,0,-5.769999980926514,0.6138805747032166,6.650094509124756
1568,0,-5.769999980926514,0.6399074792861938,7.085092544555664
1569,0,-5.769999980926514,0.6179592609405518,6.500312805175781
1570,0,-5.769999980926514,0.6216874718666077,7.247620105743408
1571,0,-5.769999980926514,0.6483343839645386,7.761838436126709
1572,0,-5.769999980926514,0.6449026465415955,7.712653160095215
1573,0,-5.769999980926514,0.602338433265686,6.301868915557861
1574,0,-5.769999980926514,0.6265541315078735,7.116915702819824
1575,0,-5.769999980926514,0.6056245565414429,7.287363052368164
1576,1,2.8399999141693115,0.5621715784072876,6.488065242767334
1577,1,2.8399999141693115,0.5691314339637756,5.813017845153809
1578,0,-2.8399999141693115,0.5644116997718811,5.802108287811279
1579,0,-2.8399999141693115,0.5686488747596741,5.580916404724121
1580,0,-2.8399999141693115,0.5712030529975891,5.790388107299805
1581,0,-2.8399999141693115,0.5646631717681885,5.389066696166992
1582,0,-2.8399999141693115,0.5689775943756104,5.542769908905029
1583,0,-2.8399999141693115,0.5644838213920593,5.341628551483154
1584,0,-2.8399999141693115,0.5776205062866211,5.038847923278809
1585,0,-2.8399999141693115,0.5792810916900635,5.525459289550781
1586,0,-2.8399999141693115,0.5658408403396606,5.561967849731445
1587,0,-2.8399999141693115,0.573295533657074,5.690047264099121
1588,0,-2.8399999141693115,0.5646653175354004,5.860357284545898
1589,0,-2.8399999141693115,0.5677353739738464,5.456289768218994
1590,0,-2.8399999141693115,0.565615713596344,5.6218461990356445
1591,0,-2.8399999141693115,0.5664043426513672,5.498279571533203
1592,0,-2.8399999141693115,0.5660582780838013,5.668900489807129
1593,0,-2.8399999141693115,0.56184321641922,5.069593906402588
1594,0,-2.8399999141693115,0.5666829943656921,5.285412788391113
1595,0,-2.8399999141693115,0.5654211044311523,6.063971042633057
1596,0,-8.569999694824219,0.5916352868080139,6.074726581573486
1597,1,8.569999694824219,0.5932448506355286,5.989429473876953
1598,0,-8.569999694824219,0.5782147645950317,6.918354034423828
1599,0,-8.569999694824219,0.5802995562553406,6.944516181945801
1600,0,-8.569999694824219,0.6089680194854736,6.106870651245117
1601,0,-8.569999694824219,0.5731677412986755,6.313465118408203
1602,0,-8.569999694824219,0.5711184144020081,7.282175540924072
1603,0,-8.569999694824219,0.585929274559021,6.381672382354736
1604,0,-8.569999694824219,0.5911428332328796,6.880602836608887
1605,0,-8.569999694824219,0.5738616585731506,6.992822170257568
1606,0,-8.569999694824219,0.6111336946487427,7.198517799377441
1607,0,-8.569999694824219,0.5861841440200806,6.4432268142700195
1608,0,-8.569999694824219,0.585922360420227,7.264167785644531
1609,0,-8.569999694824219,0.5987654328346252,6.164196491241455
1610,0,-8.569999694824219,0.5817418098449707,6.3762407302856445
1611,0,-8.569999694824219,0.5850851535797119,7.519553184509277
1612,0,-8.569999694824219,0.5904389023780823,6.644193649291992
1613,0,-8.569999694824219,0.5805578231811523,6.21333122253418
1614,0,-8.569999694824219,0.5702594518661499,6.363679885864258
1615,0,-8.569999694824219,0.572471559047699,6.657698631286621
1616,0,-8.569999694824219,0.5781795978546143,6.186603546142578
1617,1,7.320000171661377,0.6102627515792847,6.285797595977783
1618,1,7.320000171661377,0.5992470979690552,6.542326927185059
1619,0,-7.320000171661377,0.5883704423904419,6.309136390686035
1620,0,-7.320000171661377,0.5748754739761353,6.080236434936523
1621,0,-7.320000171661377,0.5686771273612976,6.198690414428711
1622,0,-7.320000171661377,0.6016817688941956,6.983378887176514
1623,0,-7.320000171661377,0.5752540230751038,6.100492000579834
1624,0,-7.320000171661377,0.6014907360076904,6.167283058166504
1625,0,-7.320000171661377,0.5929596424102783,6.314150333404541
1626,0,-7.320000171661377,0.5913535356521606,6.445283889770508
1627,0,-7.320000171661377,0.5724580883979797,6.454753398895264
1628,0,-7.320000171661377,0.5917060375213623,6.186740875244141
1629,0,-7.320000171661377,0.5789288282394409,5.903446197509766
1630,1,7.320000171661377,0.5845940709114075,6.172656059265137
1631,0,-7.320000171661377,0.6165050864219666,6.97999906539917
1632,0,-7.320000171661377,0.588695228099823,6.156856060028076
1633,0,-7.320000171661377,0.5866053104400635,6.2926201820373535
1634,0,-7.320000171661377,0.5919996500015259,6.672212600708008
1635,0,-7.320000171661377,0.5727055668830872,6.537657737731934
1636,0,-7.320000171661377,0.5751655697822571,5.778524398803711
1637,1,4.300000190734863,0.5736414194107056,5.741913795471191
1638,1,4.300000190734863,0.5761663913726807,6.474490642547607
1639,1,4.300000190734863,0.5893359184265137,5.947831153869629
1640,0,-4.300000190734863,0.5853931903839111,5.715889930725098
1641,0,-4.300000190734863,0.6052908301353455,6.073203086853027
1642,0,-4.300000190734863,0.5687502026557922,5.321552276611328
1643,0,-4.300000190734863,0.6042532920837402,6.26187801361084
1644,0,-4.300000190734863,0.6176686882972717,5.8495659828186035
1645,0,-4.300000190734863,0.6066507697105408,5.449729919433594
1646,0,-4.300000190734863,0.6222462058067322,6.204458236694336
1647,0,-4.300000190734863,0.5951048135757446,5.822065353393555
1648,0,-4.300000190734863,0.5926073789596558,5.884065628051758
1649,0,-4.300000190734863,0.5859624147415161,5.5646820068359375
1650,0,-4.300000190734863,0.5822007060050964,6.3250651359558105
1651,0,-4.300000190734863,0.5989130139350891,5.5923943519592285
1652,0,-4.300000190734863,0.6001811027526855,6.659990310668945
1653,0,-4.300000190734863,0.6096895933151245,6.246519088745117
1654,0,-4.300000190734863,0.6198216676712036,5.806644916534424
1655,0,-4.300000190734863,0.6045812964439392,6.846661567687988
1656,0,-4.300000190734863,0.5669184923171997,6.194319725036621
1657,0,-4.300000190734863,0.607724130153656,5.899683475494385
1658,1,4.429999828338623,0.5820682048797607,6.519542694091797
1659,0,-4.429999828338623,0.5920946598052979,6.762599945068359
1660,0,-4.429999828338623,0.5974989533424377,6.105406284332275
1661,0,-4.429999828338623,0.5723313093185425,6.043011665344238
1662,0,-4.429999828338623,0.5885236263275146,5.73966121673584
1663,0,-4.429999828338623,0.6090584397315979,6.751940727233887
1664,0,-4.429999828338623,0.5764451622962952,5.835289478302002
1665,0,-4.429999828338623,0.5776810050010681,5.81927490234375
1666,0,-4.429999828338623,0.5934047102928162,7.321956634521484
1667,0,-4.429999828338623,0.5802532434463501,6.123743057250977
1668,0,-4.429999828338623,0.6024346947669983,6.824248790740967
1669,0,-4.429999828338623,0.5726928114891052,6.140695571899414
1670,0,-4.429999828338623,0.5731588006019592,6.213113307952881
1671,0,-4.429999828338623,0.5902040004730225,6.605215549468994
1672,1,4.429999828338623,0.5938248038291931,6.71271276473999
1673,0,-4.429999828338623,0.5925629734992981,6.669447422027588
1674,0,-4.429999828338623,0.5605887770652771,6.241255283355713
1675,0,-4.429999828338623,0.566375195980072,6.984701633453369
1676,1,4.429999828338623,0.5982329249382019,6.116729259490967
1677,0,-4.429999828338623,0.6055033206939697,6.623970985412598
1678,1,7.960000038146973,0.5600681304931641,6.89043664932251
1679,1,7.960000038146973,0.6123136878013611,6.982600212097168
1680,0,-7.960000038146973,0.5894902348518372,6.043572902679443
1681,0,-7.960000038146973,0.6129859089851379,6.420300483703613
1682,0,-7.960000038146973,0.6150469183921814,7.087040424346924
1683,0,-7.960000038146973,0.5932297110557556,6.362348556518555
1684,0,-7.960000038146973,0.5954864621162415,6.323564052581787
1685,0,-7.960000038146973,0.5825449824333191,6.9972076416015625
1686,0,-7.960000038146973,0.5841537714004517,7.065577507019043
1687,0,-7.960000038146973,0.5774109363555908,6.861991882324219
1688,0,-7.960000038146973,0.6214510202407837,6.9136457443237305
1689,0,-7.960000038146973,0.6442481875419617,6.956365585327148
1690,0,-7.960000038146973,0.6060287952423096,6.414187908172607
1691,0,-7.960000038146973,0.6132715344429016,6.746329307556152
1692,0,-7.960000038146973,0.5979611277580261,6.6772260665893555
1693,0,-7.960000038146973,0.5871661901473999,6.603378772735596
1694,0,-7.960000038146973,0.6208376288414001,6.492534637451172
1695,0,-7.960000038146973,0.583131730556488,6.446669101715088
1696,0,-7.960000038146973,0.6016092300415039,7.119245529174805
1697,0,-7.960000038146973,0.5855244398117065,7.361601829528809
1698,1,7.46999979019165,0.5793030261993408,5.675471305847168
1699,0,-7.46999979019165,0.5774900317192078,6.619324207305908
1700,0,-7.46999979019165,0.6124324202537537,6.554106712341309
1701,1,7.46999979019165,0.5803498029708862,6.185199737548828
1702,0,-7.46999979019165,0.5806525945663452,6.2915358543396
1703,0,-7.46999979019165,0.6042221188545227,6.980863571166992
1704,0,-7.46999979019165,0.5755295157432556,5.8489861488342285
1705,0,-7.46999979019165,0.5741246342658997,6.71597957611084
1706,0,-7.46999979019165,0.5933998823165894,6.584165573120117
1707,0,-7.46999979019165,0.5646132826805115,6.465243816375732
1708,0,-7.46999979019165,0.5760603547096252,6.112543106079102
1709,0,-7.46999979019165,0.5930246710777283,6.77839994430542
1710,0,-7.46999979019165,0.5896416306495667,5.409289836883545
1711,0,-7.46999979019165,0.5664620399475098,5.594506740570068
1712,0,-7.46999979019165,0.5767854452133179,6.532973766326904
1713,0,-7.46999979019165,0.606256365776062,6.512857437133789
1714,0,-7.46999979019165,0.5663389563560486,6.95184850692749
1715,0,-7.46999979019165,0.5827109217643738,6.117794036865234
1716,0,-7.46999979019165,0.5888270735740662,5.661195755004883
1717,0,-7.46999979019165,0.5746831297874451,6.00139856338501
1718,0,-7.46999979019165,0.616875171661377,7.179515361785889
1719,1,8.520000457763672,0.6485249400138855,6.5800065994262695
1720,1,8.520000457763672,0.6356133222579956,6.711064338684082
1721,0,-8.520000457763672,0.5630354881286621,7.310851097106934
1722,0,-8.520000457763672,0.5827196836471558,6.961071968078613
1723,1,2.119999885559082,0.6164472103118896,6.523107051849365
1724,0,-2.119999885559082,0.6110433340072632,5.815352439880371
1725,0,-2.119999885559082,0.5997555255889893,5.645219326019287
1726,0,-2.119999885559082,0.6053263545036316,5.982249736785889
1727,1,2.119999885559082,0.5880944728851318,5.9813947677612305
1728,0,-2.119999885559082,0.6060001254081726,6.030150413513184
1729,0,-2.119999885559082,0.6062924265861511,6.189767837524414
1730,0,-2.119999885559082,0.592566192150116,6.074967861175537
1731,0,-2.119999885559082,0.5923752784729004,6.402277946472168
1732,0,-2.119999885559082,0.5768917202949524,6.3999786376953125
1733,0,-2.119999885559082,0.5874752402305603,5.750406265258789
1734,0,-2.119999885559082,0.6267208456993103,6.372583389282227
1735,0,-2.119999885559082,0.5754498243331909,6.041228294372559
1736,0,-2.119999885559082,0.6038626432418823,6.218723773956299
1737,0,-2.119999885559082,0.592287540435791,5.700682163238525
1738,0,-2.119999885559082,0.6012045741081238,6.168641567230225
1739,0,-2.119999885559082,0.605305016040802,7.308433532714844
1740,0,-2.119999885559082,0.6256965398788452,6.088933944702148
1741,0,-2.119999885559082,0.5947746634483337,6.841294288635254
1742,0,-2.119999885559082,0.6087435483932495,6.022953033447266
1743,0,-2.119999885559082,0.5990720391273499,6.000568866729736
1744,1,9.539999961853027,0.609504222869873,7.0204644203186035
1745,1,9.539999961853027,0.6331913471221924,7.091599464416504
1746,1,9.539999961853027,0.6052135229110718,6.558224678039551
1747,0,-9.539999961853027,0.6109861731529236,6.911223888397217
1748,0,-9.539999961853027,0.6380279064178467,6.969086170196533
1749,1,7.400000095367432,0.6046351790428162,6.5300984382629395
1750,0,-7.400000095367432,0.618851900100708,7.010651588439941
1751,0,-7.400000095367432,0.6268089413642883,6.567777156829834
1752,0,-7.400000095367432,0.5878019332885742,6.3694963455200195
1753,0,-7.400000095367432,0.6390466094017029,6.539919853210449
1754,0,-7.400000095367432,0.6179779171943665,6.0767717361450195
1755,0,-7.400000095367432,0.5989466309547424,6.2024641036987305
1756,0,-7.400000095367432,0.6406375169754028,6.245360374450684
1757,0,-7.400000095367432,0.6327803730964661,6.314937114715576
1758,0,-7.400000095367432,0.6183736324310303,6.310976028442383
1759,0,-7.400000095367432,0.6051439642906189,6.2986273765563965
1760,0,-7.400000095367432,0.6220358610153198,5.834807395935059
1761,0,-7.400000095367432,0.6017981767654419,6.343204021453857
1762,0,-7.400000095367432,0.6052889823913574,6.3822150230407715
1763,0,-7.400000095367432,0.5981153845787048,6.126049518585205
1764,0,-7.400000095367432,0.5847263932228088,5.819476127624512
1765,0,-7.400000095367432,0.6213889718055725,6.581796646118164
1766,0,-7.400000095367432,0.6424108147621155,6.0677971839904785
1767,0,-7.400000095367432,0.5888200998306274,5.7171196937561035
1768,0,-7.400000095367432,0.6252754330635071,6.464319705963135
1769,0,-7.400000095367432,0.6017756462097168,6.173379421234131
1770,1,7.119999885559082,0.6687932014465332,7.345417499542236
1771,1,7.119999885559082,0.6823756694793701,6.759667873382568
1772,0,-7.119999885559082,0.6192171573638916,7.223357200622559
1773,0,-7.119999885559082,0.6852588057518005,7.193728446960449
1774,0,-7.119999885559082,0.6591629981994629,7.467508316040039
1775,1,2.569999933242798,0.6003738045692444,5.512393951416016
1776,1,2.569999933242798,0.6102196574211121,5.239640235900879
1777,1,2.569999933242798,0.5879072546958923,5.459864139556885
1778,0,-2.569999933242798,0.5941057205200195,5.677768707275391
1779,0,-2.569999933242798,0.6346754431724548,5.915186882019043
1780,1,2.569999933242798,0.6199014186859131,4.9460768699646
1781,0,-2.569999933242798,0.6002640724182129,6.202856540679932
1782,1,2.569999933242798,0.6311880946159363,4.887421607971191
1783,0,-2.569999933242798,0.5888239145278931,6.328567028045654
1784,0,-2.569999933242798,0.6238982081413269,6.780549049377441
1785,0,-2.569999933242798,0.6213889122009277,5.672277927398682
1786,0,-2.569999933242798,0.5887706875801086,6.045416355133057
1787,1,2.569999933242798,0.577523946762085,5.440183162689209
1788,1,2.569999933242798,0.6058496832847595,5.093338966369629
1789,0,-2.569999933242798,0.5749263167381287,5.689051628112793
1790,0,-2.569999933242798,0.5842200517654419,5.62344217300415
1791,0,-2.569999933242798,0.6056593656539917,5.2751784324646
1792,0,-2.569999933242798,0.5895466208457947,5.616248607635498
1793,0,-2.569999933242798,0.5965251922607422,5.627941608428955
1794,0,-2.569999933242798,0.6378002762794495,5.161605358123779
1795,1,5.019999980926514,0.582159698009491,5.3795061111450195
1796,1,5.019999980926514,0.5792950391769409,6.1705546379089355
1797,0,-5.019999980926514,0.5815057754516602,6.20875358581543
1798,0,-5.019999980926514,0.5863223075866699,4.970265865325928
1799,0,-5.019999980926514,0.588333010673523,5.747795104980469
1800,0,-5.019999980926514,0.568937361240387,6.732654094696045
1801,0,-5.019999980926514,0.5709469318389893,6.413989543914795
1802,0,-5.019999980926514,0.5792496204376221,6.184584140777588
1803,0,-5.019999980926514,0.604779064655304,6.50979471206665
1804,0,-5.019999980926514,0.5713281035423279,7.5491437911987305
1805,0,-5.019999980926514,0.5734972357749939,5.87166166305542
1806,0,-5.019999980926514,0.5728031992912292,6.332037925720215
1807,0,-5.019999980926514,0.5793484449386597,7.011630058288574
1808,0,-5.019999980926514,0.5843090415000916,6.204846382141113
1809,0,-5.019999980926514,0.5937131643295288,5.354846954345703
1810,1,5.960000038146973,0.5912694334983826,6.000334739685059
1811,1,5.960000038146973,0.5871171355247498,6.087571144104004
1812,1,5.960000038146973,0.5724380612373352,6.296501636505127
1813,0,-5.960000038146973,0.5724503993988037,6.467957496643066
1814,0,-5.960000038146973,0.5626083016395569,7.110894680023193
1815,0,-5.960000038146973,0.5763906836509705,7.080447196960449
1816,0,-5.960000038146973,0.5799868106842041,6.151423454284668
1817,0,-5.960000038146973,0.5790645480155945,6.355476379394531
1818,0,-5.960000038146973,0.573092520236969,6.118659973144531
1819,0,-5.960000038146973,0.5734925270080566,7.018816947937012
1820,0,-5.960000038146973,0.5630856156349182,6.370439052581787
1821,0,-5.960000038146973,0.5847220420837402,6.60625696182251
1822,0,-5.960000038146973,0.5755326151847839,5.882438659667969
1823,0,-5.960000038146973,0.5698933601379395,6.4369401931762695
1824,0,-5.960000038146973,0.5618552565574646,6.005784034729004
1825,0,-5.960000038146973,0.5717142820358276,6.689075469970703
1826,1,4.650000095367432,0.5769664645195007,6.269803524017334
1827,1,4.650000095367432,0.5629177093505859,5.8333539962768555
1828,0,-4.650000095367432,0.5675588250160217,5.947474479675293
1829,0,-4.650000095367432,0.5866647958755493,7.51491117477417
1830,0,-4.650000095367432,0.5674847960472107,6.302762985229492
1831,0,-4.650000095367432,0.563014566898346,8.858129501342773
1832,0,-4.650000095367432,0.5636245608329773,6.409056663513184
1833,0,-4.650000095367432,0.5647192597389221,7.077132701873779
1834,0,-4.650000095367432,0.583603024482727,6.17101526260376
1835,0,-4.650000095367432,0.5567950010299683,7.440013408660889
1836,0,-4.650000095367432,0.5823670625686646,5.900246620178223
1837,0,-4.650000095367432,0.5675379633903503,6.516364574432373
1838,0,-4.650000095367432,0.5824059844017029,6.244412899017334
1839,0,-4.650000095367432,0.5726819634437561,6.145264625549316
1840,0,-4.650000095367432,0.5607020258903503,6.075994491577148
1841,0,-4.650000095367432,0.5714688897132874,5.997929573059082
1842,0,-4.650000095367432,0.5794409513473511,6.384039878845215
1843,0,-4.650000095367432,0.5657281279563904,7.684877395629883
1844,0,-4.650000095367432,0.567657470703125,6.269308567047119
1845,0,-4.650000095367432,0.5888020992279053,8.583952903747559
1846,1,8.850000381469727,0.6235381960868835,7.1644487380981445
1847,1,8.850000381469727,0.6397395730018616,6.875029563903809
1848,0,-8.850000381469727,0.6510143876075745,6.779549598693848
1849,0,-8.850000381469727,0.6152233481407166,6.789872169494629
1850,1,8.0,0.6569057703018188,6.8492608070373535
1851,1,8.0,0.6474254131317139,6.492086887359619
1852,0,-8.0,0.6476333141326904,6.804984092712402
1853,0,-8.0,0.6393300890922546,7.161456108093262
1854,1,4.380000114440918,0.5808140635490417,7.3127031326293945
1855,1,4.380000114440918,0.6286716461181641,6.715744495391846
1856,0,-4.380000114440918,0.6181313395500183,7.2810444831848145
1857,1,4.380000114440918,0.6103321313858032,6.960851192474365
1858,0,-4.380000114440918,0.6182612776756287,6.925810813903809
1859,0,-4.380000114440918,0.6131158471107483,7.194631576538086
1860,0,-4.380000114440918,0.5970005989074707,6.706151962280273
1861,0,-4.380000114440918,0.6028632521629333,6.997621536254883
1862,0,-4.380000114440918,0.6243693232536316,6.994391441345215
1863,0,-4.380000114440918,0.5870827436447144,6.6723785400390625
1864,0,-4.380000114440918,0.6056963205337524,6.956279754638672
1865,0,-4.380000114440918,0.5976975560188293,6.5010986328125
1866,0,-4.380000114440918,0.62342369556427,7.423141956329346
1867,0,-4.380000114440918,0.6077664494514465,6.422263145446777
1868,0,-4.380000114440918,0.6216233372688293,7.037651062011719
1869,0,-4.380000114440918,0.6355639100074768,6.698708534240723
1870,0,-4.380000114440918,0.618670642375946,7.292356491088867
1871,0,-4.380000114440918,0.6147494912147522,7.550195693969727
1872,0,-4.380000114440918,0.6221184730529785,7.515096664428711
1873,0,-4.380000114440918,0.61244136095047,6.913437843322754
1874,0,-4.380000114440918,0.625979483127594,6.575449466705322
1875,1,4.800000190734863,0.6114224791526794,6.279507160186768
1876,1,4.800000190734863,0.6031153202056885,6.293032646179199
1877,0,-4.800000190734863,0.5969293713569641,6.892273426055908
1878,0,-4.800000190734863,0.5949953198432922,6.38228702545166
1879,0,-4.800000190734863,0.6229352951049805,6.675926208496094
1880,0,-4.800000190734863,0.5837295651435852,6.7653913497924805
1881,0,-4.800000190734863,0.5858981609344482,6.215071201324463
1882,0,-4.800000190734863,0.5824504494667053,7.068312168121338
1883,0,-4.800000190734863,0.5962279438972473,7.032317161560059
1884,1,4.800000190734863,0.5902487635612488,6.611822128295898
1885,0,-4.800000190734863,0.5767048597335815,6.631464004516602
1886,0,-4.800000190734863,0.5871538519859314,6.729103088378906
1887,0,-4.800000190734863,0.593015730381012,6.932223320007324
1888,0,-4.800000190734863,0.5795660614967346,6.339953422546387
1889,0,-4.800000190734863,0.5815066695213318,6.810725688934326
1890,0,-4.800000190734863,0.6044443249702454,6.112496376037598
1891,0,-4.800000190734863,0.5963144302368164,6.5932111740112305
1892,0,-4.800000190734863,0.5842657685279846,6.244134902954102
1893,0,-4.800000190734863,0.5745165348052979,6.42575740814209
1894,0,-4.800000190734863,0.576946496963501,6.80310583114624
1895,0,-4.800000190734863,0.5684208869934082,6.838241100311279
1896,1,8.819999694824219,0.6068233251571655,6.191014289855957
1897,0,-8.819999694824219,0.6256800889968872,6.680142402648926
1898,0,-8.819999694824219,0.6328623294830322,6.0482401847839355
1899,0,-8.819999694824219,0.6350343227386475,6.534897327423096
1900,0,-8.819999694824219,0.6081536412239075,6.202065944671631
1901,0,-8.819999694824219,0.6209039092063904,6.192326068878174
1902,0,-8.819999694824219,0.6303860545158386,6.723538875579834
1903,0,-8.819999694824219,0.6190081834793091,6.780098915100098
1904,0,-8.819999694824219,0.6160456538200378,6.361508369445801
1905,0,-8.819999694824219,0.6017680764198303,6.218225002288818
1906,0,-8.819999694824219,0.5986635684967041,6.706834316253662
1907,0,-8.819999694824219,0.6337814331054688,6.725313186645508
1908,0,-8.819999694824219,0.6059830784797668,6.504912853240967
1909,0,-8.819999694824219,0.6313808560371399,6.159377098083496
1910,0,-8.819999694824219,0.6282148361206055,6.257883071899414
1911,1,8.819999694824219,0.6361817717552185,6.25614070892334
1912,0,-8.819999694824219,0.5945954918861389,7.515370845794678
1913,0,-8.819999694824219,0.6261536478996277,6.225301265716553
1914,0,-8.819999694824219,0.6395224332809448,6.309372425079346
1915,1,8.819999694824219,0.6509930491447449,6.0889973640441895
1916,0,-8.819999694824219,0.6023696660995483,6.37016487121582
1917,1,6.869999885559082,0.6171926856040955,6.581889629364014
1918,0,-6.869999885559082,0.630269467830658,6.818608283996582
1919,0,-6.869999885559082,0.5955808162689209,5.812448501586914
1920,0,-6.869999885559082,0.6126508116722107,6.097874164581299
1921,1,6.869999885559082,0.6128565073013306,6.656767845153809
1922,1,6.869999885559082,0.6197670698165894,6.1114888191223145
1923,1,6.869999885559082,0.6194545030593872,6.4187703132629395
1924,1,6.869999885559082,0.6062690615653992,6.2597336769104
1925,1,6.869999885559082,0.6054086089134216,6.496101379394531
1926,0,-6.869999885559082,0.6333110928535461,6.204225540161133
1927,0,-6.869999885559082,0.6284463405609131,6.4004130363464355
1928,0,-6.869999885559082,0.6015695333480835,5.9875006675720215
1929,0,-6.869999885559082,0.6204589009284973,6.885092735290527
1930,0,-6.869999885559082,0.594081461429596,6.404332637786865
1931,0,-6.869999885559082,0.6219081878662109,6.186620235443115
1932,0,-6.869999885559082,0.6135253310203552,5.957911491394043
1933,1,6.869999885559082,0.5926491022109985,6.452688217163086
1934,0,-6.869999885559082,0.612255871295929,6.735014915466309
1935,0,-6.869999885559082,0.6213739514350891,6.235349178314209
1936,1,11.220000267028809,0.588893473148346,8.004144668579102
1937,1,11.220000267028809,0.5922474265098572,8.109053611755371
1938,0,-11.220000267028809,0.5761281251907349,8.29572582244873
1939,0,-11.220000267028809,0.5967907309532166,7.921798229217529
1940,0,-11.220000267028809,0.6331980228424072,7.368383407592773
1941,0,-11.220000267028809,0.6235184073448181,6.979815483093262
1942,0,-11.220000267028809,0.6438673734664917,7.259273052215576
1943,0,-11.220000267028809,0.5710361003875732,7.737631797790527
1944,0,-11.220000267028809,0.5937415361404419,7.480626106262207
1945,0,-11.220000267028809,0.6268725395202637,6.839771747589111
1946,0,-11.220000267028809,0.6277616024017334,7.440871238708496
1947,0,-11.220000267028809,0.5984368324279785,7.784292221069336
1948,0,-11.220000267028809,0.6094440817832947,7.465996742248535
1949,0,-11.220000267028809,0.6247413158416748,8.180607795715332
1950,0,-11.220000267028809,0.5679646134376526,7.810547351837158
1951,0,-11.220000267028809,0.6103290915489197,7.26142692565918
1952,0,-11.220000267028809,0.591838002204895,7.029778480529785
1953,0,-11.220000267028809,0.6133375763893127,7.6027421951293945
1954,0,-11.220000267028809,0.5679444670677185,7.650130748748779
1955,0,-11.220000267028809,0.5984383225440979,7.906249046325684
1956,0,-11.220000267028809,0.5748243927955627,7.037161350250244
1957,1,4.550000190734863,0.6416662335395813,6.268102169036865
1958,1,4.550000190734863,0.645297110080719,6.525287628173828
1959,0,-4.550000190734863,0.6484119892120361,7.1403093338012695
1960,0,-4.550000190734863,0.6472357511520386,7.690618515014648
1961,0,-4.550000190734863,0.6275948882102966,6.734549522399902
1962,0,-4.550000190734863,0.6236954927444458,6.716904640197754
1963,0,-4.550000190734863,0.6467818021774292,7.509504318237305
1964,0,-4.550000190734863,0.6072456240653992,6.120781898498535
1965,0,-4.550000190734863,0.6390990614891052,7.851060390472412
1966,0,-4.550000190734863,0.6566365957260132,6.766399383544922
1967,0,-4.550000190734863,0.6427879929542542,7.245034694671631
1968,0,-4.550000190734863,0.6315300464630127,7.020015239715576
1969,0,-4.550000190734863,0.6373738050460815,7.224853038787842
1970,0,-4.550000190734863,0.6383070945739746,7.186030387878418
1971,0,-4.550000190734863,0.6532532572746277,6.773410320281982
1972,0,-4.550000190734863,0.6320245265960693,6.531158447265625
1973,0,-4.550000190734863,0.6356815099716187,6.603846073150635
1974,0,-4.550000190734863,0.6483871936798096,6.965174198150635
1975,0,-4.550000190734863,0.6547200083732605,6.634268283843994
1976,0,-4.550000190734863,0.6327795386314392,6.366799354553223
1977,1,9.220000267028809,0.5597905516624451,7.652678966522217
1978,1,9.220000267028809,0.5893625617027283,7.01207160949707
1979,0,-9.220000267028809,0.536327064037323,7.480440616607666
1980,0,-9.220000267028809,0.5647353529930115,7.156071186065674
1981,0,-9.220000267028809,0.5475534796714783,7.653183937072754
1982,0,-9.220000267028809,0.5358881950378418,7.435344219207764
1983,0,-9.220000267028809,0.5349472761154175,7.999080657958984
1984,0,-9.220000267028809,0.5615271329879761,7.385873794555664
1985,0,-9.220000267028809,0.5346825122833252,7.910895347595215
1986,0,-9.220000267028809,0.5371724963188171,7.645254135131836
1987,0,-9.220000267028809,0.572782039642334,7.451542377471924
1988,0,-9.220000267028809,0.5175477862358093,7.584697723388672
1989,0,-9.220000267028809,0.5491461753845215,7.756354331970215
1990,0,-9.220000267028809,0.5452539324760437,7.805766582489014
1991,0,-9.220000267028809,0.5103603005409241,7.90485143661499
1992,0,-9.220000267028809,0.5465441942214966,8.011361122131348
1993,0,-9.220000267028809,0.5588197708129883,7.544973850250244
1994,0,-9.220000267028809,0.5746729373931885,7.237615585327148
1995,0,-9.220000267028809,0.5309688448905945,7.681983470916748
1996,0,-9.220000267028809,0.5259921550750732,8.072729110717773
1997,0,-9.220000267028809,0.5615918040275574,7.199068546295166
1998,1,7.659999847412109,0.586179792881012,7.601820945739746
1999,1,7.659999847412109,0.5967753529548645,7.912252902984619
2000,0,-7.659999847412109,0.594063937664032,7.29151725769043
2001,0,-7.659999847412109,0.5625349879264832,8.112642288208008
2002,1,6.659999847412109,0.6085754632949829,6.2504096031188965
2003,1,6.659999847412109,0.6303204298019409,6.517007827758789
2004,0,-6.659999847412109,0.5791845917701721,7.027773857116699
2005,0,-6.659999847412109,0.5821545124053955,6.350856781005859
2006,0,-6.659999847412109,0.5714895725250244,6.240484237670898
2007,0,-6.659999847412109,0.5736201405525208,6.068243980407715
2008,0,-6.659999847412109,0.5971627235412598,7.600094318389893
2009,0,-6.659999847412109,0.6017195582389832,6.697333335876465
2010,0,-6.659999847412109,0.593123733997345,6.934206485748291
2011,0,-4.449999809265137,0.6015463471412659,6.290641784667969
2012,0,-4.449999809265137,0.6058539152145386,6.585486888885498
2013,0,-4.449999809265137,0.6043447256088257,6.045868396759033
2014,0,-4.449999809265137,0.625774621963501,6.2441182136535645
2015,0,-4.449999809265137,0.6313072443008423,6.7722392082214355
2016,0,-4.449999809265137,0.6046201586723328,6.194411754608154
2017,0,-4.449999809265137,0.6394035816192627,6.193227767944336
2018,0,-4.449999809265137,0.6240039467811584,6.803220272064209
2019,0,-4.449999809265137,0.6331002116203308,7.622185707092285
2020,0,-4.449999809265137,0.6090558767318726,6.8465962409973145
2021,0,-4.449999809265137,0.6090891361236572,6.746761798858643
2022,0,-4.449999809265137,0.6122518181800842,5.8611602783203125
2023,0,-4.449999809265137,0.586179256439209,6.028867721557617
2024,0,-4.449999809265137,0.6034743785858154,6.478507995605469
2025,0,-4.449999809265137,0.6142297387123108,6.81762170791626
2026,0,-4.449999809265137,0.614905834197998,6.232207775115967
2027,0,-4.449999809265137,0.6144230365753174,6.466372966766357
2028,0,-4.449999809265137,0.6336144804954529,6.225606441497803
2029,0,-4.449999809265137,0.6070878505706787,6.693554401397705
2030,0,-4.449999809265137,0.5932464599609375,6.2463579177856445
2031,0,-4.449999809265137,0.5978126525878906,6.211759567260742
2032,1,7.409999847412109,0.569774866104126,7.19235897064209
2033,1,7.409999847412109,0.5794000029563904,7.011914253234863
2034,0,-7.409999847412109,0.5930430293083191,6.946173667907715
2035,0,-7.409999847412109,0.5838379263877869,6.858644008636475
2036,0,-7.409999847412109,0.565950334072113,7.294319152832031
2037,1,4.820000171661377,0.5980480313301086,5.497013568878174
2038,1,4.820000171661377,0.6085300445556641,5.340407371520996
2039,0,-4.820000171661377,0.5903121829032898,5.63128662109375
2040,0,-4.820000171661377,0.5822063088417053,5.663418292999268
2041,0,-4.820000171661377,0.5889557003974915,5.895409107208252
2042,0,-4.820000171661377,0.6000324487686157,5.273903846740723
2043,0,-4.820000171661377,0.5934255719184875,5.86186408996582
2044,0,-4.820000171661377,0.5673400163650513,5.971446990966797
2045,1,5.480000019073486,0.6239151954650879,6.026728630065918
2046,1,5.480000019073486,0.6291454434394836,5.77516508102417
2047,0,-5.480000019073486,0.6428573727607727,5.684016227722168
2048,0,-5.480000019073486,0.6012253165245056,6.28834867477417
2049,0,-5.480000019073486,0.6506856679916382,6.92316198348999
2050,0,-5.480000019073486,0.6529058814048767,6.2231364250183105
2051,0,-5.480000019073486,0.6536865830421448,6.577180862426758
2052,0,-5.480000019073486,0.603792130947113,7.296157360076904
2053,0,-5.480000019073486,0.6205337643623352,6.07695198059082
2054,0,-5.480000019073486,0.6533547043800354,6.693183422088623
2055,0,-5.480000019073486,0.6238012909889221,6.68843412399292
2056,0,-5.480000019073486,0.6376084089279175,6.930508613586426
2057,0,-5.480000019073486,0.6146522760391235,6.660545825958252
2058,0,-5.480000019073486,0.6275690197944641,6.463901042938232
2059,0,-5.480000019073486,0.6242982745170593,6.538720607757568
2060,0,-5.480000019073486,0.6045629978179932,7.4969258308410645
2061,0,-5.480000019073486,0.5854488015174866,6.999100208282471
2062,0,-5.480000019073486,0.605851948261261,5.817467212677002
2063,0,-5.480000019073486,0.5964230298995972,6.995206832885742
2064,1,6.579999923706055,0.614152193069458,5.6396918296813965
2065,0,-6.579999923706055,0.6124281287193298,5.612947463989258
2066,0,-6.579999923706055,0.6439310312271118,5.429620742797852
2067,0,-6.579999923706055,0.6144368052482605,5.360213279724121
2068,0,-6.579999923706055,0.6177675724029541,6.223030090332031
2069,0,-6.579999923706055,0.6366370320320129,5.815891265869141
2070,0,-6.579999923706055,0.6273896098136902,5.758331298828125
2071,0,-6.579999923706055,0.6163983345031738,5.567293643951416
2072,0,-6.579999923706055,0.6555421352386475,5.647301197052002
2073,0,-6.579999923706055,0.6352509260177612,5.340338230133057
2074,0,-6.579999923706055,0.6369766592979431,5.148247241973877
2075,0,-6.579999923706055,0.6514575481414795,6.241814613342285
2076,0,-6.579999923706055,0.58073490858078,6.564505577087402
2077,0,-6.579999923706055,0.6091751456260681,5.941866397857666
2078,0,-6.579999923706055,0.6012908816337585,5.638686656951904
2079,0,-6.579999923706055,0.6013621091842651,5.694491386413574
2080,0,-6.579999923706055,0.6293215155601501,5.051951885223389
2081,0,-6.579999923706055,0.5677728652954102,6.134745121002197
2082,0,-6.579999923706055,0.6103229522705078,5.275574684143066
2083,0,-6.579999923706055,0.6242066025733948,5.959848880767822
2084,0,-6.579999923706055,0.6162664294242859,6.096343994140625
2085,0,-7.820000171661377,0.6242685317993164,6.251384735107422
2086,0,-7.820000171661377,0.6413635015487671,6.201873302459717
2087,0,-7.820000171661377,0.594861626625061,7.059010982513428
2088,0,-7.820000171661377,0.6452291011810303,6.65869140625
2089,0,-7.820000171661377,0.5992032885551453,6.21748685836792
2090,0,-7.820000171661377,0.6376455426216125,6.323974132537842
2091,0,-7.820000171661377,0.6157343983650208,6.0188889503479
2092,0,-7.820000171661377,0.6629477739334106,6.576477527618408
2093,0,-7.820000171661377,0.6051813960075378,6.361983776092529
2094,0,-7.820000171661377,0.6508108377456665,6.358308792114258
2095,0,-7.820000171661377,0.6404746174812317,6.28633451461792
2096,0,-7.820000171661377,0.6235153675079346,6.290063858032227
2097,0,-7.820000171661377,0.6250208020210266,6.308370113372803
2098,0,-7.820000171661377,0.653403103351593,6.340568542480469
2099,0,-7.820000171661377,0.6092807650566101,6.227604389190674
2100,0,-7.820000171661377,0.640294075012207,6.368967056274414
2101,0,-7.820000171661377,0.652603030204773,6.8624982833862305
2102,0,-7.820000171661377,0.636737048625946,6.33826208114624
2103,0,-7.820000171661377,0.6383355259895325,6.706629276275635
2104,0,-7.820000171661377,0.6430214643478394,6.676136016845703
2105,0,-7.099999904632568,0.47574925422668457,7.865360260009766
2106,0,-7.099999904632568,0.46948179602622986,8.20808219909668
2107,0,-7.099999904632568,0.4647645354270935,8.581904411315918
2108,0,-7.099999904632568,0.46373897790908813,8.309134483337402
2109,0,-7.099999904632568,0.503805935382843,9.002727508544922
2110,0,-7.099999904632568,0.494720995426178,9.73835563659668
2111,0,-7.099999904632568,0.4572157561779022,7.703151702880859
2112,0,-7.099999904632568,0.489584743976593,8.180529594421387
2113,0,-7.099999904632568,0.46224352717399597,7.062986373901367
2114,0,-7.099999904632568,0.46225884556770325,8.426729202270508
2115,0,-7.099999904632568,0.48886775970458984,8.360377311706543
2116,0,-7.099999904632568,0.4884521961212158,7.738796234130859
2117,0,-7.099999904632568,0.48494020104408264,9.42988395690918
2118,0,-7.099999904632568,0.4720931351184845,7.86415958404541
2119,0,-7.099999904632568,0.4943688213825226,8.611685752868652
2120,0,-7.099999904632568,0.4911838173866272,8.276911735534668
2121,0,-7.099999904632568,0.49327024817466736,8.688600540161133
2122,0,-7.099999904632568,0.4675586223602295,8.40434741973877
2123,0,-7.099999904632568,0.4651758074760437,8.344747543334961
2124,0,-7.099999904632568,0.472133070230484,8.830780029296875
2125,0,-7.099999904632568,0.4740903675556183,8.615019798278809
2126,1,9.0,0.5671093463897705,7.603700637817383
2127,0,-9.0,0.5629177093505859,7.313662528991699
2128,0,-9.0,0.5651364326477051,7.1827473640441895
2129,0,-9.0,0.5937151908874512,7.26613712310791
2130,0,-9.0,0.5621628761291504,6.92973518371582
2131,0,-9.0,0.588624119758606,6.859732627868652
2132,0,-9.0,0.5788512825965881,6.921304225921631
2133,0,-9.0,0.5690874457359314,7.249121189117432
2134,0,-9.0,0.5633703470230103,7.6679911613464355
2135,0,-9.0,0.5655457377433777,6.180128574371338
2136,0,-9.0,0.5623288750648499,7.220447540283203
2137,0,-9.0,0.5689743757247925,7.446822166442871
2138,0,-9.0,0.5629177093505859,6.737251281738281
2139,0,-9.0,0.5629177093505859,6.823588848114014
2140,0,-9.0,0.6284759044647217,8.607548713684082
2141,0,-9.0,0.5668206810951233,7.684804916381836
2142,0,-9.0,0.5658330321311951,7.537845134735107
2143,0,-9.0,0.5634298920631409,6.567144393920898
2144,0,-9.0,0.5629177093505859,7.353888511657715
2145,0,-9.0,0.599666953086853,6.690837860107422
2146,0,-9.0,0.5656833648681641,7.908114433288574
2147,1,6.53000020980835,0.6611363887786865,6.639183521270752
2148,1,6.53000020980835,0.6628037095069885,6.386434078216553
2149,0,-6.53000020980835,0.6460266709327698,6.401678085327148
2150,0,-6.53000020980835,0.6464040279388428,6.449744701385498
2151,0,-6.53000020980835,0.6691986322402954,7.03206729888916
2152,0,-6.53000020980835,0.6480795741081238,6.552344799041748
2153,1,3.2799999713897705,0.5613681674003601,6.191597938537598
2154,1,3.2799999713897705,0.5629177093505859,6.07816743850708
2155,1,3.2799999713897705,0.563105046749115,6.164858341217041
2156,0,-3.2799999713897705,0.577973484992981,6.507864475250244
2157,0,-3.2799999713897705,0.5699403882026672,6.149240970611572
2158,0,-3.2799999713897705,0.6053067445755005,7.173415184020996
2159,0,-3.2799999713897705,0.5617002844810486,6.463621616363525
2160,0,-3.2799999713897705,0.5629177093505859,6.268474102020264
2161,0,-3.2799999713897705,0.5629177093505859,7.112318515777588
2162,0,-3.2799999713897705,0.560472846031189,6.335301876068115
2163,0,-3.2799999713897705,0.5612051486968994,6.296439170837402
2164,0,-3.2799999713897705,0.5629177093505859,6.219418525695801
2165,0,-3.2799999713897705,0.5734820365905762,6.6293110847473145
2166,0,-3.2799999713897705,0.5769152045249939,6.0969648361206055
2167,0,-3.2799999713897705,0.5648120641708374,6.626960754394531
2168,0,-3.2799999713897705,0.5730176568031311,7.283787727355957
2169,0,-3.2799999713897705,0.5595982670783997,6.020325660705566
2170,1,3.2799999713897705,0.5839912295341492,6.471070766448975
2171,0,-3.2799999713897705,0.5631009340286255,6.288446426391602
2172,0,-3.2799999713897705,0.5601124167442322,6.124508380889893
2173,0,-3.2799999713897705,0.5659238696098328,6.373938083648682
2174,1,8.149999618530273,0.6253475546836853,6.092252254486084
2175,1,8.149999618530273,0.6226630806922913,6.319659233093262
2176,1,8.149999618530273,0.631272554397583,6.605602264404297
2177,0,-8.149999618530273,0.6063637137413025,6.464318752288818
2178,0,-8.149999618530273,0.6153759956359863,6.516127586364746
2179,0,-8.149999618530273,0.6424017548561096,6.476052284240723
2180,0,-8.149999618530273,0.6068688035011292,6.336019039154053
2181,0,-8.149999618530273,0.6161247491836548,6.030210018157959
2182,0,-8.149999618530273,0.5756677985191345,6.923938751220703
2183,0,-8.149999618530273,0.5918704271316528,6.072424411773682
2184,0,-8.149999618530273,0.5867226719856262,5.9849534034729
2185,0,-8.149999618530273,0.5888702869415283,6.371331214904785
2186,0,-8.149999618530273,0.6097542643547058,5.589186191558838
2187,0,-8.149999618530273,0.5992090702056885,5.707782745361328
2188,0,-8.149999618530273,0.5874034762382507,6.336895942687988
2189,0,-8.149999618530273,0.5827258825302124,6.430288314819336
2190,0,-8.149999618530273,0.6015016436576843,5.998701572418213
2191,0,-8.149999618530273,0.5877500176429749,6.834081172943115
2192,0,-8.149999618530273,0.5976929664611816,6.110188007354736
2193,1,6.829999923706055,0.5708545446395874,7.277524948120117
2194,1,6.829999923706055,0.5714645981788635,7.220764636993408
2195,1,6.829999923706055,0.5801906585693359,7.024480819702148
2196,0,-6.829999923706055,0.581470251083374,7.131368637084961
2197,0,-6.829999923706055,0.6394883990287781,6.655960559844971
2198,0,-6.829999923706055,0.5688687562942505,7.062857151031494
2199,0,-6.829999923706055,0.595457911491394,7.096752166748047
2200,0,-6.829999923706055,0.5755123496055603,7.20621395111084
2201,0,-6.829999923706055,0.5742389559745789,7.140523910522461
2202,0,-6.829999923706055,0.5659671425819397,7.697978496551514
2203,0,-6.829999923706055,0.5692854523658752,7.1607208251953125
2204,0,-6.829999923706055,0.5922949314117432,6.78117561340332
2205,0,-6.829999923706055,0.5629177093505859,6.597140789031982
2206,1,3.1600000858306885,0.6354137063026428,7.4215264320373535
2207,1,3.1600000858306885,0.6349732279777527,7.300745487213135
2208,0,-3.1600000858306885,0.6410953402519226,6.608327388763428
2209,0,-3.1600000858306885,0.6305811405181885,6.670785427093506
2210,0,-3.1600000858306885,0.6432714462280273,6.591271877288818
2211,1,3.1600000858306885,0.6391918659210205,6.4219841957092285
2212,0,-3.1600000858306885,0.6254856586456299,7.184683799743652
2213,0,-3.1600000858306885,0.6417505741119385,6.854709625244141
2214,0,-3.1600000858306885,0.6525174975395203,7.498016357421875
2215,0,-3.1600000858306885,0.6167113780975342,6.705230712890625
2216,1,2.7699999809265137,0.5918387770652771,5.838317394256592
2217,1,2.7699999809265137,0.6222078800201416,6.109137535095215
2218,0,-2.7699999809265137,0.5782962441444397,6.252152919769287
2219,0,-2.7699999809265137,0.5867125391960144,5.53874397277832
2220,0,-2.7699999809265137,0.5885528922080994,5.580770969390869
2221,0,-2.7699999809265137,0.5975474715232849,5.383326530456543
2222,0,-2.7699999809265137,0.5740683674812317,6.167825698852539
2223,0,-2.7699999809265137,0.5977473855018616,7.005882263183594
2224,0,-2.7699999809265137,0.6173524856567383,6.137955188751221
2225,0,-2.7699999809265137,0.5884634256362915,5.621562957763672
2226,0,-2.7699999809265137,0.5775744318962097,6.159855365753174
2227,0,-2.7699999809265137,0.6123242974281311,6.988130569458008
2228,0,-2.7699999809265137,0.6069722771644592,5.962044715881348
2229,0,-2.7699999809265137,0.5731759071350098,6.105689525604248
2230,0,-2.7699999809265137,0.5849483609199524,5.785248756408691
2231,0,-2.7699999809265137,0.5980998873710632,5.951595306396484
2232,0,-2.7699999809265137,0.6071956753730774,5.9051666259765625
2233,0,-2.7699999809265137,0.5929881930351257,6.228214740753174
2234,0,-2.7699999809265137,0.6054704189300537,5.583171844482422
2235,0,-2.7699999809265137,0.6144470572471619,5.879499912261963
2236,0,-2.7699999809265137,0.572467029094696,5.945888519287109
2237,1,9.699999809265137,0.5665134191513062,7.411823749542236
2238,1,9.699999809265137,0.5700582265853882,6.723155498504639
2239,0,-9.699999809265137,0.5662237405776978,6.183714389801025
2240,0,-9.699999809265137,0.5988390445709229,8.350353240966797
2241,0,-9.699999809265137,0.5815525650978088,6.131345272064209
2242,0,-9.699999809265137,0.5735732913017273,6.123836994171143
2243,0,-9.699999809265137,0.5861450433731079,6.528705596923828
2244,0,-9.699999809265137,0.5975411534309387,7.510087013244629
2245,0,-9.699999809265137,0.5687782764434814,6.4320149421691895
2246,0,-9.699999809265137,0.6065469980239868,6.755949974060059
2247,0,-9.699999809265137,0.6163498163223267,8.379022598266602
2248,0,-9.699999809265137,0.5731963515281677,7.157510757446289
2249,0,-9.699999809265137,0.5660476684570312,6.862120628356934
2250,1,4.03000020980835,0.6185232996940613,6.947970390319824
2251,0,-4.03000020980835,0.6523200273513794,6.921262264251709
2252,0,-4.03000020980835,0.6155380606651306,5.860021114349365
2253,0,-4.03000020980835,0.5911133885383606,7.050811290740967
2254,0,-4.03000020980835,0.6118938326835632,5.328630447387695
2255,0,-4.03000020980835,0.613282322883606,6.076465129852295
2256,0,-4.03000020980835,0.5909298658370972,6.273596286773682
2257,0,-4.03000020980835,0.619223415851593,6.235989570617676
2258,0,-4.03000020980835,0.6106480956077576,6.111515522003174
2259,0,-4.03000020980835,0.6294152140617371,6.07490348815918
2260,0,-4.03000020980835,0.6320524215698242,6.61826229095459
2261,0,-4.03000020980835,0.6298532485961914,5.797991752624512
2262,0,-4.03000020980835,0.6221668124198914,6.838930130004883
2263,0,-4.03000020980835,0.6325046420097351,6.436102390289307
2264,0,-4.03000020980835,0.6222913861274719,6.63361930847168
2265,0,-4.03000020980835,0.6054643988609314,6.119304180145264
2266,0,-4.03000020980835,0.6122108697891235,6.292670726776123
2267,0,-4.03000020980835,0.5931428074836731,6.441104888916016
2268,0,-4.03000020980835,0.5910303592681885,6.439445495605469
2269,0,-4.03000020980835,0.6349630355834961,7.388278007507324
2270,0,-4.03000020980835,0.6106452345848083,6.478687763214111
2271,1,9.100000381469727,0.6199408173561096,6.6312689781188965
2272,1,9.100000381469727,0.6304333806037903,5.885644912719727
2273,1,9.100000381469727,0.6283546090126038,6.378726482391357
2274,0,-9.100000381469727,0.6207811236381531,6.221826553344727
2275,0,-9.100000381469727,0.6183858513832092,6.538184642791748
2276,0,-9.100000381469727,0.6145315766334534,6.124099254608154
2277,0,-9.100000381469727,0.6224882006645203,6.626465797424316
2278,0,-9.100000381469727,0.6336502432823181,6.245926856994629
2279,0,-9.100000381469727,0.6269262433052063,6.688933849334717
2280,0,-9.100000381469727,0.6121447086334229,6.324051380157471
2281,0,-9.100000381469727,0.612331211566925,6.454038143157959
2282,1,5.820000171661377,0.5986267924308777,5.771373271942139
2283,0,-5.820000171661377,0.62294602394104,5.507723808288574
2284,0,-5.820000171661377,0.6228357553482056,5.50752067565918
2285,1,5.820000171661377,0.6141040325164795,5.453394889831543
2286,0,-5.820000171661377,0.5964667201042175,6.272817134857178
2287,0,-5.820000171661377,0.5965213775634766,6.2738118171691895
2288,1,5.820000171661377,0.6111370325088501,5.3024983406066895
2289,0,-5.820000171661377,0.6178231239318848,5.787045478820801
2290,0,-5.820000171661377,0.6463871598243713,5.755236625671387
2291,0,-5.820000171661377,0.5833344459533691,5.681931495666504
2292,0,-5.820000171661377,0.621929943561554,5.570358753204346
2293,0,-5.820000171661377,0.6228917241096497,6.187009334564209
2294,0,-5.820000171661377,0.5971345901489258,5.691186428070068
2295,0,-5.820000171661377,0.6267688870429993,5.724206447601318
2296,0,-5.820000171661377,0.6305641531944275,5.8195061683654785
2297,0,-5.820000171661377,0.6117716431617737,5.058960914611816
2298,0,-5.820000171661377,0.634729266166687,6.100503921508789
2299,0,-5.820000171661377,0.592358410358429,5.359549522399902
2300,0,-5.820000171661377,0.59577876329422,5.434642314910889
2301,0,-5.820000171661377,0.5833594799041748,6.117819786071777
2302,0,-5.820000171661377,0.5769249200820923,5.2148919105529785
2303,0,-7.599999904632568,0.611691415309906,7.7708306312561035
2304,0,-7.599999904632568,0.591564416885376,6.726490497589111
2305,0,-7.599999904632568,0.6220327019691467,6.890381813049316
2306,0,-7.599999904632568,0.5898565053939819,7.12667989730835
2307,0,-7.599999904632568,0.6025657057762146,7.38311767578125
2308,0,-7.599999904632568,0.5943034887313843,7.014842510223389
2309,1,7.599999904632568,0.6151426434516907,6.932317733764648
2310,0,-7.599999904632568,0.6103724837303162,6.760188102722168
2311,0,-7.599999904632568,0.5862034559249878,7.279809474945068
2312,0,-7.599999904632568,0.5980315804481506,6.691377639770508
2313,0,-7.599999904632568,0.6027805805206299,7.008056163787842
2314,0,-7.599999904632568,0.6400970220565796,7.0767412185668945
2315,0,-7.599999904632568,0.5952102541923523,6.806079864501953
2316,1,7.599999904632568,0.5959231853485107,7.8652753829956055
2317,0,-7.599999904632568,0.6187931895256042,6.511929512023926
2318,0,-7.599999904632568,0.6037355661392212,7.458954334259033
2319,0,-7.599999904632568,0.6079990863800049,6.422792434692383
2320,0,-7.599999904632568,0.6068323850631714,6.753178119659424
2321,0,-7.599999904632568,0.601345956325531,6.92794132232666
2322,0,-7.599999904632568,0.6064924597740173,6.696132183074951
2323,0,-7.599999904632568,0.5744999051094055,7.383256435394287
2324,1,4.690000057220459,0.6250736117362976,7.1044840812683105
2325,1,4.690000057220459,0.6394944787025452,6.498123645782471
2326,1,4.690000057220459,0.6230062246322632,7.136035442352295
2327,1,4.690000057220459,0.6104640960693359,7.809460163116455
2328,1,4.690000057220459,0.609511137008667,7.5891523361206055
2329,1,4.690000057220459,0.6301600933074951,6.585485935211182
2330,1,4.690000057220459,0.5972639322280884,7.049505233764648
2331,0,-4.690000057220459,0.618005096912384,7.429605007171631
2332,1,4.690000057220459,0.6216544508934021,7.218571662902832
2333,0,-4.690000057220459,0.6380458474159241,6.996002197265625
2334,0,-4.690000057220459,0.6207417249679565,6.612766265869141
2335,1,2.8499999046325684,0.6204634308815002,6.043776035308838
2336,1,2.8499999046325684,0.6173586845397949,6.063621520996094
2337,0,-2.8499999046325684,0.6275401711463928,6.547747611999512
2338,0,-2.8499999046325684,0.639444887638092,6.141659259796143
2339,0,-2.8499999046325684,0.6178815960884094,6.509817123413086
2340,0,-2.8499999046325684,0.6226840019226074,6.105429649353027
2341,0,-2.8499999046325684,0.6403861045837402,6.055428504943848
2342,0,-2.8499999046325684,0.6390076279640198,6.138500690460205
2343,0,-2.8499999046325684,0.6372016668319702,6.687926292419434
2344,0,-2.8499999046325684,0.6359100341796875,6.074411392211914
2345,0,-2.8499999046325684,0.6054862141609192,6.58311128616333
2346,0,-2.8499999046325684,0.6217367649078369,6.428530693054199
2347,0,-2.8499999046325684,0.6277886033058167,6.239950180053711
2348,0,-2.8499999046325684,0.6383396983146667,5.930804252624512
2349,0,-2.8499999046325684,0.6300655007362366,6.865562438964844
2350,0,-2.8499999046325684,0.6408627033233643,6.388282775878906
2351,0,-2.8499999046325684,0.6464307904243469,5.99435567855835
2352,0,-2.8499999046325684,0.6214307546615601,6.466202259063721
2353,0,-2.8499999046325684,0.6108605861663818,5.821715831756592
2354,0,-2.8499999046325684,0.6236002445220947,5.970839023590088
2355,0,-2.8499999046325684,0.6299461126327515,5.896341323852539
2356,1,2.299999952316284,0.5648882985115051,6.437066078186035
2357,0,-2.299999952316284,0.5705182552337646,5.9887285232543945
2358,0,-2.299999952316284,0.5659916996955872,6.006312847137451
2359,0,-2.299999952316284,0.5639728307723999,6.060578346252441
2360,1,2.299999952316284,0.5647128224372864,6.464347839355469
2361,0,-2.299999952316284,0.564032793045044,6.86631965637207
2362,1,2.299999952316284,0.5706546902656555,5.974262714385986
2363,1,2.299999952316284,0.5629000663757324,6.475574016571045
2364,0,-2.299999952316284,0.5648582577705383,6.033300876617432
2365,1,2.299999952316284,0.5623955130577087,5.643738746643066
2366,0,-2.299999952316284,0.5628709197044373,5.858008861541748
2367,0,-2.299999952316284,0.5635027289390564,6.237934112548828
2368,0,-2.299999952316284,0.5657258033752441,6.465117931365967
2369,0,-2.299999952316284,0.5646337866783142,6.108509063720703
2370,0,-2.299999952316284,0.5637628436088562,5.513396263122559
2371,0,-2.299999952316284,0.5712310075759888,6.0984015464782715
2372,0,-2.299999952316284,0.5642229914665222,6.0423197746276855
2373,1,2.299999952316284,0.5737372040748596,6.332604885101318
2374,0,-2.299999952316284,0.5676703453063965,5.804017543792725
2375,0,-2.299999952316284,0.5692394971847534,6.641591548919678
2376,0,-2.299999952316284,0.5609592199325562,5.76215934753418
2377,1,9.520000457763672,0.5737727284431458,7.94352388381958
2378,1,9.520000457763672,0.5691756010055542,7.681596755981445
2379,0,-9.520000457763672,0.5678446888923645,6.768113136291504
2380,0,-9.520000457763672,0.5835374593734741,7.480544090270996
2381,0,-9.520000457763672,0.5685790777206421,6.904469966888428
2382,0,-9.520000457763672,0.580448567867279,7.487773895263672
2383,0,-9.520000457763672,0.5686075091362,7.13467264175415
2384,0,-9.520000457763672,0.5873759984970093,7.112757682800293
2385,0,-9.520000457763672,0.5676263570785522,7.008710861206055
2386,0,-9.520000457763672,0.5806468725204468,7.298783779144287
2387,0,-9.520000457763672,0.5932802557945251,7.5650224685668945
2388,0,-9.520000457763672,0.5568011403083801,7.96832275390625
2389,0,-9.520000457763672,0.5739423036575317,7.038163661956787
2390,0,-9.520000457763672,0.5798190236091614,7.221042633056641
2391,0,-9.520000457763672,0.570000946521759,6.972811698913574
2392,0,-9.520000457763672,0.568784236907959,6.9375104904174805
2393,0,-9.520000457763672,0.6069723963737488,8.582290649414062
2394,1,10.0,0.5872622728347778,7.931625843048096
2395,1,10.0,0.5956205725669861,7.981725692749023
2396,1,10.0,0.5751603245735168,7.628028392791748
2397,0,-10.0,0.5738219022750854,7.9492597579956055
2398,0,-10.0,0.5763026475906372,8.28950309753418
2399,0,-10.0,0.5831019878387451,8.756322860717773
2400,0,-10.0,0.5982159376144409,7.289294719696045
2401,0,-10.0,0.5677659511566162,7.116185665130615
2402,0,-10.0,0.567209005355835,8.851086616516113
2403,0,-10.0,0.5708787441253662,6.749465465545654
2404,0,-10.0,0.6069357991218567,7.955872535705566
2405,0,-10.0,0.5703365802764893,8.629637718200684
2406,0,-10.0,0.5680179595947266,7.453556060791016
2407,0,-10.0,0.5751330256462097,8.416851997375488
2408,0,-10.0,0.5771155953407288,7.283952713012695
2409,0,-10.0,0.5911503434181213,6.839245796203613
2410,1,5.059999942779541,0.651836633682251,7.075511455535889
2411,1,5.059999942779541,0.6356179118156433,6.793087959289551
2412,0,-5.059999942779541,0.5672478675842285,7.357455730438232
2413,0,-5.059999942779541,0.6079737544059753,6.367475986480713
2414,0,-5.059999942779541,0.6246748566627502,6.777683258056641
2415,0,-5.059999942779541,0.606774091720581,6.493068695068359
2416,0,-5.059999942779541,0.5887110233306885,6.7467546463012695
2417,0,-5.059999942779541,0.6006629467010498,6.9725022315979
2418,0,-5.059999942779541,0.5727213621139526,7.256782054901123
2419,0,-5.059999942779541,0.586808443069458,7.31259822845459
2420,0,-5.059999942779541,0.5752751231193542,6.665607452392578
2421,0,-5.059999942779541,0.5991127490997314,7.131626605987549
2422,0,-5.059999942779541,0.5725432634353638,7.18223762512207
2423,0,-5.059999942779541,0.5776464939117432,7.052361965179443
2424,0,-5.059999942779541,0.59770667552948,6.772019386291504
2425,0,-5.059999942779541,0.5862886905670166,7.135802268981934
2426,0,-5.059999942779541,0.6061193346977234,6.767244815826416
2427,0,-5.059999942779541,0.5953770279884338,7.087270736694336
2428,0,-5.059999942779541,0.6014970541000366,7.026659965515137
2429,0,-5.059999942779541,0.5896322131156921,6.780267715454102
2430,1,6.170000076293945,0.6322107911109924,5.891479969024658
2431,1,6.170000076293945,0.6281778812408447,6.039177894592285
2432,0,-6.170000076293945,0.6077833771705627,6.408478736877441
2433,0,-6.170000076293945,0.6278204321861267,6.935556411743164
2434,0,-6.170000076293945,0.6402180790901184,6.2597737312316895
2435,0,-6.170000076293945,0.6311164498329163,6.318540573120117
2436,0,-6.170000076293945,0.639464259147644,6.26087760925293
2437,0,-6.170000076293945,0.6340121626853943,6.535543441772461
2438,0,-6.170000076293945,0.6443609595298767,6.661909580230713
2439,0,-6.170000076293945,0.6176368594169617,6.524780750274658
2440,0,-6.170000076293945,0.6076390147209167,6.386115074157715
2441,0,-6.170000076293945,0.577918529510498,6.100516319274902
2442,0,-6.170000076293945,0.6118698120117188,6.186729431152344
2443,0,-6.170000076293945,0.6397741436958313,6.426240921020508
2444,0,-6.170000076293945,0.6206658482551575,6.3025736808776855
2445,0,-6.170000076293945,0.6003062129020691,6.472502708435059
2446,0,-6.170000076293945,0.6121346950531006,6.723958492279053
2447,0,-6.170000076293945,0.6092846989631653,6.15830135345459
2448,1,5.159999847412109,0.6756595969200134,6.984770774841309
2449,1,5.159999847412109,0.6550825834274292,7.079594135284424
2450,1,5.159999847412109,0.613620400428772,6.429121971130371
2451,0,-5.159999847412109,0.6699309349060059,6.430258274078369
2452,0,-5.159999847412109,0.6662986874580383,6.547440528869629
2453,0,-5.159999847412109,0.6500909328460693,7.062664031982422
2454,0,-5.159999847412109,0.6635763049125671,6.749245643615723
2455,0,-5.159999847412109,0.6784493327140808,7.470995903015137
2456,0,-5.159999847412109,0.6694132685661316,7.265885353088379
2457,0,-5.159999847412109,0.6564626097679138,7.176736831665039
2458,0,-5.159999847412109,0.6604617834091187,7.312207221984863
2459,0,-5.159999847412109,0.6701639294624329,7.235880374908447
2460,0,-5.159999847412109,0.6708614230155945,7.060028076171875
2461,0,-5.159999847412109,0.6623671054840088,7.031574726104736
2462,0,-5.159999847412109,0.6814091205596924,6.829375743865967
2463,0,-5.159999847412109,0.645771861076355,6.916154861450195
2464,0,-5.159999847412109,0.6507222056388855,7.077752590179443
2465,0,-5.159999847412109,0.6360297203063965,6.74411153793335
2466,0,-5.159999847412109,0.6691398024559021,7.078685760498047
2467,0,-5.159999847412109,0.6661661863327026,6.662693023681641
2468,1,6.0,0.581632673740387,7.3179450035095215
2469,0,-6.0,0.6204280853271484,6.810481071472168
2470,0,-6.0,0.5807962417602539,7.0827956199646
2471,0,-6.0,0.5794410109519958,7.5542073249816895
2472,0,-6.0,0.5623977184295654,7.680858135223389
2473,0,-6.0,0.5687604546546936,6.760660171508789
2474,0,-6.0,0.5736867189407349,8.41000747680664
2475,0,-6.0,0.5779547691345215,6.966732978820801
2476,0,-6.0,0.5916740894317627,7.374100208282471
2477,0,-6.0,0.5806166529655457,8.487979888916016
2478,0,-6.0,0.5724003911018372,6.803802013397217
2479,0,-6.0,0.5988863110542297,6.5766520500183105
2480,0,-6.0,0.5773712396621704,7.621872901916504
2481,0,-6.0,0.5910621285438538,7.249298095703125
2482,0,-6.0,0.5942023396492004,7.108779430389404
2483,0,-6.0,0.5880476236343384,8.083499908447266
2484,0,-6.0,0.5726058483123779,7.088051795959473
2485,0,-6.0,0.5704451203346252,7.303369998931885
2486,0,-6.0,0.6170071363449097,7.095929145812988
2487,0,-6.0,0.5635023713111877,7.460861682891846
2488,1,6.0,0.5815796852111816,7.046655178070068
2489,0,-7.150000095367432,0.6050301194190979,5.825113773345947
2490,0,-7.150000095367432,0.6260719299316406,6.71549654006958
2491,0,-7.150000095367432,0.6353517770767212,6.653202056884766
2492,0,-7.150000095367432,0.589065432548523,6.287569046020508
2493,0,-7.150000095367432,0.6052813529968262,6.842996597290039
2494,0,-7.150000095367432,0.6452009677886963,6.737133979797363
2495,0,-7.150000095367432,0.5844256281852722,7.290311813354492
2496,0,-7.150000095367432,0.6414898037910461,6.513199329376221
2497,0,-7.150000095367432,0.6031033396720886,6.971590518951416
2498,0,-7.150000095367432,0.6205586194992065,6.940350532531738
2499,0,-7.150000095367432,0.6337251663208008,7.202700138092041
2500,0,-7.150000095367432,0.5770627856254578,6.308681488037109
2501,0,-7.150000095367432,0.5911868810653687,5.873925685882568
2502,0,-7.150000095367432,0.5702784061431885,6.366053581237793
2503,0,-7.150000095367432,0.5957823991775513,7.140499591827393
2504,0,-7.150000095367432,0.580590546131134,7.192893981933594
2505,0,-7.150000095367432,0.5929694175720215,7.77494478225708
2506,0,-7.150000095367432,0.6019037365913391,6.7696943283081055
2507,0,-7.150000095367432,0.5973716378211975,6.444478988647461
2508,0,-7.150000095367432,0.5947721600532532,7.256915092468262
2509,0,-7.150000095367432,0.5917579531669617,6.759766101837158
2510,0,-6.400000095367432,0.5853849649429321,7.14623498916626
2511,0,-6.400000095367432,0.581307590007782,7.326178073883057
2512,0,-6.400000095367432,0.5731726884841919,6.752035140991211
2513,0,-6.400000095367432,0.5709079504013062,6.751926898956299
2514,0,-6.400000095367432,0.573613166809082,6.6135430335998535
2515,0,-6.400000095367432,0.5709487795829773,7.421066761016846
2516,0,-6.400000095367432,0.5817971229553223,6.957921028137207
2517,1,6.400000095367432,0.6044934988021851,7.425438404083252
2518,1,6.400000095367432,0.5819388628005981,7.695298194885254
2519,0,-6.400000095367432,0.5987207293510437,6.451397895812988
2520,0,-6.400000095367432,0.5805987119674683,7.236947059631348
2521,0,-6.400000095367432,0.5943074822425842,5.814803600311279
2522,0,-6.400000095367432,0.5791199207305908,7.008525371551514
2523,0,-5.639999866485596,0.5635904669761658,6.475593566894531
2524,0,-5.639999866485596,0.579150378704071,7.607166767120361
2525,0,-5.639999866485596,0.5855511426925659,7.664848327636719
2526,0,-5.639999866485596,0.5954703688621521,7.876141548156738
2527,0,-5.639999866485596,0.5955391526222229,7.117812633514404
2528,0,-5.639999866485596,0.6042888760566711,6.543142795562744
2529,0,-5.639999866485596,0.5857354998588562,6.502267837524414
2530,0,-5.639999866485596,0.5862331390380859,7.372581481933594
2531,0,-5.639999866485596,0.611579954624176,6.8310041427612305
2532,1,5.639999866485596,0.5653055906295776,6.875824451446533
2533,0,-5.639999866485596,0.5832543969154358,7.119724750518799
2534,0,-5.639999866485596,0.5718633532524109,6.647914886474609
2535,0,-5.639999866485596,0.588834822177887,7.737682819366455
2536,1,5.639999866485596,0.5654199719429016,6.616708278656006
2537,0,-5.639999866485596,0.5908082127571106,6.652863502502441
2538,0,-5.639999866485596,0.6027067303657532,7.461339950561523
2539,0,-5.639999866485596,0.5945260524749756,7.448939323425293
2540,0,-5.639999866485596,0.5751200318336487,7.744907379150391
2541,0,-5.639999866485596,0.5800964832305908,7.682960510253906
2542,0,-5.639999866485596,0.5760666728019714,7.187004566192627
2543,1,3.2200000286102295,0.5568758249282837,7.119124412536621
2544,0,-3.2200000286102295,0.5768688917160034,7.196890830993652
2545,0,-3.2200000286102295,0.5571780800819397,8.20128345489502
2546,1,3.2200000286102295,0.5712499022483826,7.342066764831543
2547,0,-3.2200000286102295,0.5887802243232727,7.482193946838379
2548,0,-3.2200000286102295,0.5739384293556213,7.736537933349609
2549,0,-3.2200000286102295,0.5934719443321228,8.382271766662598
2550,0,-3.2200000286102295,0.5844266414642334,7.884516716003418
2551,0,-3.2200000286102295,0.6049863696098328,6.755105972290039
2552,0,-3.2200000286102295,0.5662341117858887,7.560237884521484
2553,0,-3.2200000286102295,0.554567277431488,7.907279014587402
2554,0,-3.2200000286102295,0.5681741833686829,7.774975776672363
2555,0,-3.2200000286102295,0.5783830881118774,6.965478897094727
2556,0,-3.2200000286102295,0.5733768343925476,7.134326457977295
2557,0,-3.2200000286102295,0.5814995765686035,7.195001125335693
2558,0,-3.2200000286102295,0.5696815252304077,6.929296970367432
2559,0,-3.2200000286102295,0.5800140500068665,7.702012538909912
2560,0,-3.2200000286102295,0.5892335772514343,7.580359935760498
2561,0,-3.2200000286102295,0.5693792700767517,7.783909320831299
2562,0,-3.2200000286102295,0.5710058808326721,7.475814342498779
2563,0,-3.2200000286102295,0.5642433762550354,7.215950012207031
2564,1,11.329999923706055,0.6438568830490112,7.158105373382568
2565,1,11.329999923706055,0.6648781299591064,7.05623197555542
2566,0,-11.329999923706055,0.6455159187316895,7.2669172286987305
2567,0,-11.329999923706055,0.6441951394081116,6.9203901290893555
2568,0,-11.329999923706055,0.6285994052886963,7.1024169921875
2569,0,-11.329999923706055,0.6341066360473633,7.315695285797119
2570,1,3.6700000762939453,0.5625185966491699,5.45468807220459
2571,0,-3.6700000762939453,0.5629177093505859,5.920803546905518
2572,1,3.6700000762939453,0.563463032245636,5.344627857208252
2573,0,-3.6700000762939453,0.5629177093505859,6.400577068328857
2574,0,-3.6700000762939453,0.5649139285087585,5.338876247406006
2575,0,-3.6700000762939453,0.5634356141090393,5.934514045715332
2576,0,-3.6700000762939453,0.5646575689315796,5.81122350692749
2577,0,-3.6700000762939453,0.5669775009155273,4.889082908630371
2578,0,-3.6700000762939453,0.564486563205719,5.905110836029053
2579,0,-3.6700000762939453,0.573778510093689,5.13771390914917
2580,0,-3.6700000762939453,0.570907473564148,5.646647930145264
2581,0,-3.6700000762939453,0.5702702403068542,5.0540056228637695
2582,0,-3.6700000762939453,0.5665841102600098,5.375048637390137
2583,0,-3.6700000762939453,0.5698449611663818,5.983806610107422
2584,0,-3.6700000762939453,0.5672144293785095,5.547970294952393
2585,0,-3.6700000762939453,0.5734223127365112,5.341911315917969
2586,0,-3.6700000762939453,0.5757856369018555,5.759883403778076
2587,0,-3.6700000762939453,0.5696025490760803,5.271448135375977
2588,0,-3.6700000762939453,0.5705424547195435,5.510824680328369
2589,0,-3.6700000762939453,0.5770817399024963,5.137442588806152
2590,0,-3.6700000762939453,0.5629177093505859,6.023037910461426
2591,1,7.800000190734863,0.6150715351104736,8.105646133422852
2592,1,7.800000190734863,0.5971136093139648,6.895046234130859
2593,1,7.800000190734863,0.5969499349594116,6.893255233764648
2594,0,-7.800000190734863,0.6026960015296936,7.861095905303955
2595,0,-7.800000190734863,0.5819536447525024,7.713654518127441
2596,0,-7.800000190734863,0.6122323274612427,7.7246527671813965
2597,0,-7.800000190734863,0.610619306564331,7.318670272827148
2598,0,-7.800000190734863,0.6050887107849121,8.722724914550781
2599,0,-7.800000190734863,0.5900311470031738,8.088362693786621
2600,0,-7.800000190734863,0.5697967410087585,8.435174942016602
2601,0,-7.800000190734863,0.5777387619018555,7.9709153175354
2602,0,-7.800000190734863,0.6230713129043579,7.028440475463867
2603,0,-7.800000190734863,0.6110144853591919,9.195100784301758
2604,1,7.800000190734863,0.5984885096549988,9.2769193649292
2605,0,-7.800000190734863,0.581179141998291,7.620523452758789
2606,0,-7.800000190734863,0.5810890197753906,9.563898086547852
2607,0,-7.800000190734863,0.584088921546936,8.193963050842285
2608,0,-7.800000190734863,0.6349114775657654,8.422874450683594
2609,0,-7.800000190734863,0.5886598229408264,7.927343368530273
2610,0,-7.800000190734863,0.5960812568664551,7.518301010131836
2611,0,-7.800000190734863,0.6281155943870544,7.850045204162598
2612,1,7.849999904632568,0.6034164428710938,6.753641605377197
2613,1,7.849999904632568,0.6018416285514832,6.2527618408203125
2614,0,-7.849999904632568,0.5629177093505859,6.709915637969971
2615,0,-7.849999904632568,0.5956341028213501,6.577946186065674
2616,0,-7.849999904632568,0.5820016264915466,6.549857139587402
2617,0,-7.849999904632568,0.6099300384521484,6.141120433807373
2618,0,-7.849999904632568,0.6113373041152954,6.635615348815918
2619,0,-7.849999904632568,0.597116231918335,6.499642372131348
2620,0,-7.849999904632568,0.5690628290176392,6.970325469970703
2621,0,-7.849999904632568,0.5937856435775757,6.847119331359863
2622,0,-7.849999904632568,0.5731914639472961,6.2153730392456055
2623,0,-7.849999904632568,0.5809295177459717,6.307653903961182
2624,0,-7.849999904632568,0.6100083589553833,6.507696151733398
2625,0,-7.849999904632568,0.5685794353485107,6.329403877258301
2626,0,-7.849999904632568,0.5872540473937988,6.713279724121094
2627,0,-7.849999904632568,0.5879245400428772,6.564115047454834
2628,0,-7.849999904632568,0.5834106802940369,6.582608699798584
2629,0,-7.849999904632568,0.5920182466506958,6.028675556182861
2630,0,-7.849999904632568,0.585109293460846,6.303955554962158
2631,0,-7.849999904632568,0.5784584879875183,6.122074127197266
2632,1,8.430000305175781,0.6580646634101868,7.793341636657715
2633,1,8.430000305175781,0.672129213809967,7.916676998138428
2634,1,8.430000305175781,0.6269963979721069,8.532747268676758
2635,0,-8.430000305175781,0.6942064762115479,8.552535057067871
2636,0,-8.430000305175781,0.6399637460708618,7.351351737976074
2637,0,-8.430000305175781,0.649857223033905,6.932672500610352
2638,0,-8.430000305175781,0.636547327041626,8.694944381713867
2639,0,-8.430000305175781,0.6570324301719666,7.7172651290893555
2640,0,-8.430000305175781,0.6351876258850098,7.885705947875977
2641,0,-8.430000305175781,0.6449628472328186,6.935688018798828
2642,1,7.590000152587891,0.5914252400398254,5.751543045043945
2643,1,7.590000152587891,0.6034370064735413,5.800685405731201
2644,0,-7.590000152587891,0.5861161351203918,6.3792338371276855
2645,0,-7.590000152587891,0.5630342960357666,5.258625030517578
2646,0,-7.590000152587891,0.5805308222770691,5.511085033416748
2647,0,-7.590000152587891,0.5828861594200134,5.755762577056885
2648,0,-7.590000152587891,0.5722469091415405,6.655661582946777
2649,1,9.399999618530273,0.6218829154968262,6.739395618438721
2650,1,9.399999618530273,0.6260178685188293,7.165640354156494
2651,0,-9.399999618530273,0.6259454488754272,6.884427070617676
2652,0,-9.399999618530273,0.6456205248832703,6.1367573738098145
2653,0,-9.399999618530273,0.6358025074005127,6.172289848327637
2654,0,-9.399999618530273,0.6744039058685303,8.00379753112793
2655,0,-9.399999618530273,0.6675622463226318,7.943737506866455
2656,0,-9.399999618530273,0.6578794121742249,6.359497547149658
2657,0,-9.399999618530273,0.6548711061477661,6.375054836273193
2658,0,-9.399999618530273,0.6747565269470215,7.340317726135254
2659,1,6.800000190734863,0.623618483543396,7.0339579582214355
2660,1,6.800000190734863,0.6282804608345032,6.745151042938232
2661,0,-6.800000190734863,0.607141375541687,5.642110347747803
2662,0,-6.800000190734863,0.610607385635376,6.08478307723999
2663,0,-6.800000190734863,0.6412118673324585,5.974698066711426
2664,0,-6.800000190734863,0.6110444664955139,6.207310199737549
2665,0,-6.800000190734863,0.6246268153190613,6.809972286224365
2666,0,-6.800000190734863,0.6323374509811401,5.828269958496094
2667,0,-6.800000190734863,0.6139097809791565,5.768848419189453
2668,0,-6.800000190734863,0.6101136207580566,6.070408821105957
2669,0,-6.800000190734863,0.6459930539131165,5.414238452911377
2670,0,-6.800000190734863,0.6365247964859009,6.175102710723877
2671,1,4.889999866485596,0.655099093914032,6.647485733032227
2672,1,4.889999866485596,0.6317256689071655,6.087539196014404
2673,0,-4.889999866485596,0.5966084003448486,5.864380359649658
2674,0,-4.889999866485596,0.604360818862915,6.1248393058776855
2675,0,-4.889999866485596,0.6318377256393433,6.0524702072143555
2676,1,4.889999866485596,0.6475884318351746,6.602590084075928
2677,0,-4.889999866485596,0.6380628347396851,6.307125568389893
2678,0,-4.889999866485596,0.6253583431243896,5.892398357391357
2679,0,-4.889999866485596,0.6225242018699646,6.556009769439697
2680,0,-4.889999866485596,0.6214773058891296,5.980210781097412
2681,0,-4.889999866485596,0.6305895447731018,6.23363733291626
2682,0,-4.889999866485596,0.6279217004776001,5.892971038818359
2683,0,-4.889999866485596,0.6437973976135254,6.894904613494873
2684,0,-4.889999866485596,0.6365819573402405,6.145133018493652
2685,0,-4.889999866485596,0.6369573473930359,6.113451957702637
2686,0,-4.889999866485596,0.6263379454612732,6.166419982910156
2687,0,-4.889999866485596,0.6368529796600342,5.907618522644043
2688,0,-9.210000038146973,0.6331459879875183,5.896819591522217
2689,1,9.210000038146973,0.6443096995353699,5.862088680267334
2690,0,-9.210000038146973,0.6066500544548035,5.969417095184326
2691,1,9.210000038146973,0.6284515261650085,6.109394550323486
2692,0,-9.210000038146973,0.6095537543296814,6.859992027282715
2693,0,-9.210000038146973,0.6074404716491699,5.938669204711914
2694,0,-9.210000038146973,0.619569718837738,6.130746364593506
2695,0,-9.210000038146973,0.6204374432563782,6.345798969268799
2696,0,-9.210000038146973,0.6160878539085388,5.894179344177246
2697,0,-9.210000038146973,0.5949780344963074,6.015045166015625
2698,0,-9.210000038146973,0.6014758348464966,6.079442024230957
2699,0,-9.210000038146973,0.5741867423057556,6.670495510101318
2700,0,-9.210000038146973,0.6062067151069641,6.024260997772217
2701,0,-9.210000038146973,0.5950130820274353,6.258945941925049
2702,0,-9.210000038146973,0.6116915345191956,6.287284851074219
2703,0,-9.210000038146973,0.5864733457565308,6.506695747375488
2704,0,-9.210000038146973,0.5813388824462891,6.417935848236084
2705,0,-9.210000038146973,0.5827785730361938,7.246770858764648
2706,0,-7.699999809265137,0.5900357365608215,6.4251708984375
2707,0,-7.699999809265137,0.5926552414894104,6.001023769378662
2708,0,-7.699999809265137,0.5944494605064392,6.027125835418701
2709,0,-7.699999809265137,0.5864152908325195,5.766749858856201
2710,0,-7.699999809265137,0.5814878344535828,6.535183429718018
2711,0,-7.699999809265137,0.5983229279518127,6.177608489990234
2712,1,6.900000095367432,0.6115871667861938,6.111069202423096
2713,1,6.900000095367432,0.6226561665534973,6.200479507446289
2714,1,6.900000095367432,0.6320451498031616,5.904363632202148
2715,0,-6.900000095367432,0.61070317029953,5.775237560272217
2716,0,-6.900000095367432,0.6319274306297302,5.539596080780029
2717,0,-6.900000095367432,0.6360977292060852,5.368585586547852
2718,1,11.819999694824219,0.6172006726264954,7.824123859405518
2719,1,11.819999694824219,0.6061044931411743,7.416304588317871
2720,0,-11.819999694824219,0.5952645540237427,7.399570465087891
2721,0,-11.819999694824219,0.6170689463615417,6.659609794616699
2722,0,-11.819999694824219,0.6147162914276123,7.8617753982543945
2723,0,-11.819999694824219,0.6213412284851074,6.980093955993652
2724,0,-11.819999694824219,0.6105555891990662,8.346761703491211
2725,0,-11.819999694824219,0.6191362142562866,7.126068115234375
2726,0,-9.100000381469727,0.6384527087211609,6.743659973144531
2727,0,-9.100000381469727,0.6410254836082458,6.387114524841309
2728,0,-9.100000381469727,0.6636937260627747,7.38762903213501
2729,0,-9.100000381469727,0.6533097624778748,6.917736053466797
2730,0,-9.100000381469727,0.6570386290550232,6.323452949523926
2731,0,-9.100000381469727,0.6381950378417969,7.159724712371826
2732,0,-9.100000381469727,0.6686044335365295,5.936803817749023
2733,1,9.100000381469727,0.6691261529922485,7.426270008087158
2734,0,-9.100000381469727,0.6638934016227722,6.58814001083374
2735,0,-9.100000381469727,0.6440122127532959,7.374099254608154
2736,0,-9.100000381469727,0.6705417037010193,7.0246357917785645
2737,0,-9.100000381469727,0.6384166479110718,7.076720714569092
2738,0,-9.100000381469727,0.6506103873252869,6.775298118591309
2739,0,-9.100000381469727,0.6355854272842407,6.972029685974121
2740,0,-9.100000381469727,0.6548200845718384,6.956087112426758
2741,0,-9.100000381469727,0.6400721669197083,7.250819683074951
2742,0,-9.100000381469727,0.6187588572502136,8.131027221679688
2743,0,-9.100000381469727,0.6595686078071594,6.4984307289123535
2744,0,-9.100000381469727,0.6966550946235657,8.077878952026367
2745,0,-9.100000381469727,0.6697675585746765,8.202731132507324
2746,1,8.399999618530273,0.6630271673202515,7.879377365112305
2747,1,8.399999618530273,0.6508934497833252,7.827739238739014
2748,0,-8.399999618530273,0.62773197889328,6.720693588256836
2749,1,6.460000038146973,0.5773702263832092,7.655381679534912
2750,0,-6.460000038146973,0.5765808820724487,6.990372180938721
2751,0,-6.460000038146973,0.5919634103775024,8.09330940246582
2752,0,-6.460000038146973,0.6106197834014893,7.204013824462891
2753,0,-6.460000038146973,0.5944663882255554,7.725233554840088
2754,0,-6.460000038146973,0.5853967666625977,7.563728332519531
2755,0,-6.460000038146973,0.6010348796844482,7.011602878570557
2756,0,-6.460000038146973,0.6071555018424988,7.133058547973633
2757,0,-6.460000038146973,0.5558717250823975,7.0997114181518555
2758,0,-6.460000038146973,0.5584224462509155,7.397171497344971
2759,0,-6.460000038146973,0.5834833979606628,6.813479423522949
2760,0,-6.460000038146973,0.595147430896759,7.442787170410156
2761,0,-6.460000038146973,0.598357081413269,7.168407440185547
2762,0,-6.460000038146973,0.5866267681121826,7.170008182525635
2763,0,-6.460000038146973,0.5749985575675964,7.160621643066406
2764,0,-6.460000038146973,0.5698640942573547,7.788095474243164
2765,0,-6.460000038146973,0.5928506255149841,7.225210189819336
2766,0,-6.460000038146973,0.6086796522140503,7.374971866607666
2767,0,-6.460000038146973,0.5783512592315674,7.160118103027344
2768,0,-6.460000038146973,0.5966722369194031,7.194943428039551
2769,0,-6.460000038146973,0.5657590627670288,7.905118942260742
2770,1,5.190000057220459,0.6365830302238464,7.048888206481934
2771,1,5.190000057220459,0.6475605368614197,7.532012462615967
2772,0,-5.190000057220459,0.6284841895103455,7.299172401428223
2773,0,-5.190000057220459,0.6158674359321594,7.6669535636901855
2774,0,-5.190000057220459,0.6322274804115295,7.308398723602295
2775,1,3.700000047683716,0.6264751553535461,5.708967685699463
2776,1,3.700000047683716,0.6161758303642273,6.074490547180176
2777,1,3.700000047683716,0.589813232421875,5.368536949157715
2778,0,-3.700000047683716,0.5796326994895935,5.514608383178711
2779,0,-3.700000047683716,0.6219396591186523,5.783722877502441
2780,0,-3.700000047683716,0.5825209617614746,6.120176792144775
2781,0,-3.700000047683716,0.5957720279693604,6.021121025085449
2782,0,-3.700000047683716,0.6078456044197083,6.108512878417969
2783,0,-3.700000047683716,0.6017762422561646,5.8885087966918945
2784,0,-3.700000047683716,0.6044291853904724,6.935821056365967
2785,0,-3.700000047683716,0.6034011840820312,5.806375503540039
2786,0,-3.700000047683716,0.6035728454589844,5.547812461853027
2787,0,-3.700000047683716,0.5900136828422546,6.046436309814453
2788,1,6.849999904632568,0.5677134990692139,6.160290718078613
2789,1,6.849999904632568,0.5782124996185303,6.070559024810791
2790,1,6.849999904632568,0.579903781414032,5.8140668869018555
2791,0,-6.849999904632568,0.5787538290023804,6.518970489501953
2792,0,-6.849999904632568,0.5862268209457397,5.946064472198486
2793,0,-6.849999904632568,0.5728777647018433,5.536007881164551
2794,0,-6.849999904632568,0.5829662084579468,6.452601432800293
2795,0,-6.849999904632568,0.5629177093505859,5.773021697998047
2796,0,-6.849999904632568,0.5801190733909607,5.994781970977783
2797,1,3.619999885559082,0.6179324984550476,5.993466377258301
2798,1,3.619999885559082,0.5835037231445312,5.905865669250488
2799,0,-3.619999885559082,0.59397292137146,6.283365249633789
2800,0,-3.619999885559082,0.5684775114059448,6.734299659729004
2801,0,-3.619999885559082,0.5976197123527527,6.4319376945495605
2802,0,-3.619999885559082,0.5940305590629578,5.855871200561523
2803,0,-3.619999885559082,0.5883240103721619,5.860758304595947
2804,0,-3.619999885559082,0.5733515024185181,6.823378086090088
2805,0,-3.619999885559082,0.5884793400764465,6.449960231781006
2806,0,-3.619999885559082,0.5982142686843872,6.1797261238098145
2807,0,-3.619999885559082,0.5732547640800476,5.801583290100098
2808,0,-3.619999885559082,0.5788397789001465,5.848122596740723
2809,0,-3.619999885559082,0.5666998624801636,5.708071708679199
2810,0,-3.619999885559082,0.6081198453903198,6.223362922668457
2811,0,-3.619999885559082,0.5846253037452698,6.07525110244751
2812,0,-3.619999885559082,0.5719212293624878,5.572681427001953
2813,0,-3.619999885559082,0.5838451981544495,5.6885199546813965
2814,0,-3.619999885559082,0.5877861976623535,5.853324890136719
2815,0,-3.619999885559082,0.5723397731781006,6.126283645629883
2816,0,-3.619999885559082,0.5919361710548401,6.207818508148193
2817,1,8.25,0.6058514714241028,6.652815818786621
2818,1,8.25,0.611601710319519,6.6285905838012695
2819,0,-8.25,0.5873458981513977,6.034696578979492
2820,1,3.569999933242798,0.6477606296539307,5.2111592292785645
2821,0,-3.569999933242798,0.6222414374351501,5.0694756507873535
2822,1,3.569999933242798,0.6285607218742371,5.092709064483643
2823,0,-3.569999933242798,0.6325703263282776,5.504645347595215
2824,0,-3.569999933242798,0.6460400819778442,4.7074079513549805
2825,0,-3.569999933242798,0.6301940679550171,5.589813709259033
2826,0,-3.569999933242798,0.6647676229476929,5.944695949554443
2827,0,-3.569999933242798,0.6221275329589844,4.899226665496826
2828,0,-3.569999933242798,0.6776819825172424,6.229281425476074
2829,0,-3.569999933242798,0.6415968537330627,5.795944690704346
2830,1,3.569999933242798,0.6484604477882385,5.4535393714904785
2831,0,-3.569999933242798,0.6537723541259766,6.6744065284729
2832,0,-3.569999933242798,0.6117821335792542,5.44954252243042
2833,0,-3.569999933242798,0.6386745572090149,5.849219799041748
2834,0,-3.569999933242798,0.6431851387023926,5.661754131317139
2835,0,-3.569999933242798,0.6277629733085632,6.115837097167969
2836,0,-3.569999933242798,0.6501448154449463,5.64646577835083
2837,0,-3.569999933242798,0.6348301768302917,5.294105529785156
2838,0,-3.569999933242798,0.633985161781311,6.287151336669922
2839,0,-3.569999933242798,0.6404103636741638,7.596149444580078
2840,0,-3.569999933242798,0.6349307894706726,6.182238578796387
2841,1,7.960000038146973,0.5808585286140442,7.725450038909912
2842,1,7.960000038146973,0.5858356356620789,8.720263481140137
2843,1,7.960000038146973,0.6404194235801697,8.864027976989746
2844,0,-7.960000038146973,0.6345309615135193,9.30179500579834
2845,0,-7.960000038146973,0.6008135080337524,9.05119800567627
2846,0,-7.960000038146973,0.6174447536468506,8.692876815795898
2847,0,-7.960000038146973,0.5931798219680786,7.027760982513428
2848,1,9.270000457763672,0.622330904006958,6.305164813995361
2849,1,9.270000457763672,0.5900551080703735,6.6661834716796875
2850,1,9.270000457763672,0.6393776535987854,6.766506671905518
2851,1,2.4000000953674316,0.6418284177780151,5.771273612976074
2852,1,2.4000000953674316,0.6419696807861328,6.077009677886963
2853,1,2.4000000953674316,0.6520962119102478,5.435267925262451
2854,0,-2.4000000953674316,0.6327852606773376,6.263923645019531
2855,0,-2.4000000953674316,0.6402047872543335,6.55713415145874
2856,0,-2.4000000953674316,0.6614721417427063,6.178409576416016
2857,0,-2.4000000953674316,0.6261125206947327,5.768678665161133
2858,0,-2.4000000953674316,0.6440756916999817,5.580451965332031
2859,0,-2.4000000953674316,0.6517786979675293,6.356333255767822
2860,0,-2.4000000953674316,0.6473595499992371,5.931376934051514
2861,0,-2.4000000953674316,0.661041259765625,7.153081893920898
2862,0,-2.4000000953674316,0.6940109729766846,5.703280448913574
2863,0,-2.4000000953674316,0.668213963508606,6.308591842651367
2864,0,-2.4000000953674316,0.6528279781341553,6.492236137390137
2865,1,9.039999961853027,0.5941598415374756,6.994979381561279
2866,1,9.039999961853027,0.6160778403282166,6.2854180335998535
2867,0,-9.039999961853027,0.6174806356430054,6.994178771972656
2868,1,9.039999961853027,0.6224259734153748,6.690342903137207
2869,0,-9.039999961853027,0.624018669128418,6.586503028869629
2870,0,-9.039999961853027,0.610400915145874,6.533600330352783
2871,0,-9.039999961853027,0.6317559480667114,6.964249610900879
2872,0,-9.039999961853027,0.6357911825180054,7.484529495239258
2873,0,-9.039999961853027,0.6075001358985901,6.604266166687012
2874,0,-9.039999961853027,0.6209813952445984,6.998331069946289
2875,0,-9.039999961853027,0.6028844118118286,7.334221363067627
2876,0,-9.039999961853027,0.6104223132133484,7.181137561798096
2877,1,6.320000171661377,0.6599257588386536,6.622669219970703
2878,0,-6.320000171661377,0.6435562372207642,6.339657783508301
2879,0,-6.320000171661377,0.6479105949401855,6.928866863250732
2880,0,-6.320000171661377,0.6404700875282288,6.78303861618042
2881,1,6.320000171661377,0.660009503364563,6.6244425773620605
2882,0,-6.320000171661377,0.6497175693511963,6.573183059692383
2883,0,-6.320000171661377,0.633065402507782,6.452630519866943
2884,1,6.320000171661377,0.6493669748306274,6.505504131317139
2885,0,-6.320000171661377,0.6364540457725525,6.467331409454346
2886,0,-6.320000171661377,0.6522536277770996,6.908218860626221
2887,0,-6.320000171661377,0.6254202723503113,6.2288899421691895
2888,0,-6.320000171661377,0.6308534145355225,6.824012756347656
2889,0,-6.320000171661377,0.6342557072639465,6.503410816192627
2890,0,-6.320000171661377,0.6434856653213501,6.272642612457275
2891,0,-6.320000171661377,0.646369457244873,5.797741889953613
2892,0,-6.320000171661377,0.6276728510856628,6.579864978790283
2893,0,-6.320000171661377,0.6088200807571411,6.544466495513916
2894,0,-6.320000171661377,0.6376619935035706,6.7076873779296875
2895,0,-6.320000171661377,0.6220450401306152,6.210907459259033
2896,0,-6.320000171661377,0.6186921000480652,6.442331314086914
2897,0,-6.320000171661377,0.622069776058197,6.254602432250977
2898,1,8.520000457763672,0.6386950016021729,6.539155006408691
2899,0,-8.520000457763672,0.6178303956985474,6.755404472351074
2900,0,-8.520000457763672,0.6470938920974731,7.242125988006592
2901,0,-8.520000457763672,0.6463268995285034,7.187223434448242
2902,0,-8.520000457763672,0.6391425728797913,7.109269618988037
2903,0,-8.520000457763672,0.6219549179077148,7.045040130615234
2904,0,-8.520000457763672,0.6647512912750244,7.592635631561279
2905,0,-8.520000457763672,0.6608110070228577,7.559569358825684
2906,0,-8.520000457763672,0.6291028261184692,7.475661277770996
2907,0,-8.520000457763672,0.6183775067329407,7.497616767883301
2908,0,-8.520000457763672,0.6310978531837463,7.342485427856445
2909,0,-8.520000457763672,0.6526781320571899,7.700692176818848
2910,0,-8.520000457763672,0.6331132650375366,6.866518020629883
2911,0,-8.520000457763672,0.6625853180885315,7.023526191711426
2912,0,-8.520000457763672,0.6452993154525757,6.926435470581055
2913,0,-8.520000457763672,0.6729339361190796,7.119393825531006
2914,0,-8.520000457763672,0.6109166741371155,7.076651573181152
2915,0,-8.520000457763672,0.6380470395088196,7.223067283630371
2916,0,-8.520000457763672,0.6270634531974792,7.097029209136963
2917,0,-8.520000457763672,0.6157416701316833,8.349533081054688
2918,0,-8.520000457763672,0.6292550563812256,7.942699909210205
2919,1,3.6600000858306885,0.598486065864563,6.452839374542236
2920,1,3.6600000858306885,0.6381458640098572,6.207991123199463
2921,1,3.6600000858306885,0.6010794639587402,6.358582973480225
2922,0,-3.6600000858306885,0.6448621153831482,6.450861930847168
2923,1,3.6600000858306885,0.5939030647277832,6.335339069366455
2924,0,-3.6600000858306885,0.6534954905509949,6.381863594055176
2925,0,-3.6600000858306885,0.6426042914390564,6.740658760070801
2926,0,-3.6600000858306885,0.6633318066596985,6.34817361831665
2927,0,-3.6600000858306885,0.6515002846717834,6.165067195892334
2928,0,-3.6600000858306885,0.6476268172264099,6.465649127960205
2929,0,-3.6600000858306885,0.6133288741111755,6.022681713104248
2930,0,-3.6600000858306885,0.6354116797447205,6.414843559265137
2931,0,-3.6600000858306885,0.6100661158561707,6.288617134094238
2932,1,3.6600000858306885,0.6496368050575256,6.621389389038086
2933,0,-3.6600000858306885,0.6031112670898438,6.779362201690674
2934,0,-3.6600000858306885,0.6514166593551636,6.711365699768066
2935,0,-3.6600000858306885,0.6350851655006409,5.9689788818359375
2936,0,-3.6600000858306885,0.6362146139144897,5.844540596008301
2937,0,-3.6600000858306885,0.6889835000038147,6.472683429718018
2938,0,-3.6600000858306885,0.631432056427002,7.08030891418457
2939,0,-3.6600000858306885,0.6257290840148926,6.592045783996582
2940,1,4.820000171661377,0.5955146551132202,6.0227952003479
2941,0,-4.820000171661377,0.5817478895187378,6.21187686920166
2942,0,-4.820000171661377,0.6309202313423157,5.919236183166504
2943,0,-4.820000171661377,0.6604353785514832,5.923199653625488
2944,0,-4.820000171661377,0.5757298469543457,6.233462810516357
2945,1,4.820000171661377,0.5900644659996033,6.200732707977295
2946,0,-4.820000171661377,0.6121006608009338,5.767275810241699
2947,0,-4.820000171661377,0.636020302772522,5.443593502044678
2948,0,-4.820000171661377,0.6356756687164307,5.302868366241455
2949,0,-4.820000171661377,0.5904324650764465,6.497915744781494
2950,0,-4.820000171661377,0.6206480264663696,5.974711894989014
2951,0,-4.820000171661377,0.5916776061058044,5.881425857543945
2952,0,-4.820000171661377,0.6254565119743347,5.409728050231934
2953,0,-4.820000171661377,0.6442320346832275,5.8293375968933105
2954,0,-4.820000171661377,0.6135468482971191,5.863241195678711
2955,0,-4.820000171661377,0.6299401521682739,5.603315353393555
2956,0,-4.820000171661377,0.6367730498313904,5.936397552490234
2957,0,-4.820000171661377,0.6615301966667175,5.686779499053955
2958,0,-4.820000171661377,0.6559481620788574,5.593189716339111
2959,1,4.820000171661377,0.5849040150642395,6.268731594085693
2960,0,-4.820000171661377,0.6170091032981873,5.18577766418457
2961,1,8.65999984741211,0.6933730244636536,7.058745384216309
2962,1,8.65999984741211,0.6541315913200378,6.619967460632324
2963,0,-8.65999984741211,0.6695588231086731,7.452548980712891
2964,0,-8.65999984741211,0.6782988905906677,6.170730113983154
2965,0,-8.65999984741211,0.6530361175537109,6.641107082366943
2966,0,-8.65999984741211,0.6338794231414795,6.790775775909424
2967,0,-8.65999984741211,0.6670859456062317,6.482856273651123
2968,0,-8.65999984741211,0.6546565294265747,6.813817977905273
2969,0,-8.65999984741211,0.67473965883255,7.00466251373291
2970,0,-8.65999984741211,0.6640844941139221,6.875580310821533
2971,0,-8.65999984741211,0.6657314896583557,6.847460746765137
2972,0,-8.65999984741211,0.6399202346801758,7.1628899574279785
2973,0,-8.65999984741211,0.6268704533576965,6.834743976593018
2974,1,10.170000076293945,0.658980667591095,6.767524719238281
2975,1,10.170000076293945,0.6599148511886597,6.790406703948975
2976,0,-10.170000076293945,0.657230794429779,6.904139041900635
2977,0,-10.170000076293945,0.6596872806549072,6.75433349609375
2978,0,-10.170000076293945,0.6630603075027466,7.427731990814209
2979,1,8.100000381469727,0.6078683733940125,7.843928337097168
2980,1,8.100000381469727,0.6231857538223267,7.793587684631348
2981,0,-8.100000381469727,0.611930787563324,6.692661285400391
2982,1,8.100000381469727,0.6294187903404236,6.993492603302002
2983,0,-8.100000381469727,0.6389071345329285,7.7326130867004395
2984,0,-8.100000381469727,0.5990200042724609,9.602664947509766
2985,0,-7.170000076293945,0.6303654909133911,6.438170909881592
2986,0,-7.170000076293945,0.6397643685340881,6.154667854309082
2987,0,-7.170000076293945,0.599672794342041,6.106637001037598
2988,0,-7.170000076293945,0.6083168387413025,6.797619819641113
2989,1,7.170000076293945,0.6137062907218933,6.257023334503174
2990,0,-7.170000076293945,0.6296959519386292,6.3145623207092285
2991,0,-7.170000076293945,0.6115430593490601,6.2525634765625
2992,0,-7.170000076293945,0.5812947750091553,6.593397617340088
2993,0,-7.170000076293945,0.5972333550453186,6.417672157287598
2994,0,-7.170000076293945,0.6075835824012756,6.507447719573975
2995,0,-7.170000076293945,0.6053749322891235,6.5248003005981445
2996,0,-7.170000076293945,0.5956715941429138,6.441618919372559
2997,0,-7.170000076293945,0.5907972455024719,5.940486431121826
2998,0,-7.170000076293945,0.593233585357666,5.952576637268066
2999,0,-7.170000076293945,0.5960909724235535,5.535600185394287
3000,0,-7.170000076293945,0.6556917428970337,6.580872535705566
3001,0,-7.170000076293945,0.642393946647644,6.342311859130859
3002,0,-7.170000076293945,0.5833354592323303,5.491025924682617
3003,0,-7.170000076293945,0.578894317150116,6.403613567352295
3004,0,-7.170000076293945,0.5826326012611389,6.527726650238037
3005,1,5.789999961853027,0.6277154684066772,8.328056335449219
3006,0,-5.789999961853027,0.6618897914886475,7.740230083465576
3007,1,5.789999961853027,0.6185236573219299,8.79088020324707
3008,0,-5.789999961853027,0.639570951461792,8.082135200500488
3009,0,-5.789999961853027,0.6100138425827026,7.885184288024902
3010,0,-5.789999961853027,0.6114612221717834,8.307027816772461
3011,0,-5.789999961853027,0.6308264136314392,8.587810516357422
3012,0,-5.789999961853027,0.6296349763870239,8.56522274017334
3013,0,-5.789999961853027,0.611574649810791,7.317230701446533
3014,0,-5.789999961853027,0.6340968608856201,8.125435829162598
3015,0,-5.789999961853027,0.6345189809799194,8.61274528503418
3016,0,-5.789999961853027,0.6013786196708679,8.271295547485352
3017,0,-5.789999961853027,0.6445518732070923,8.5747652053833
3018,0,-5.789999961853027,0.6372362971305847,8.552946090698242
3019,0,-5.789999961853027,0.6157765984535217,7.352402687072754
3020,0,-5.789999961853027,0.6228163242340088,8.294036865234375
3021,0,-5.789999961853027,0.6332048177719116,7.562731742858887
3022,0,-5.789999961853027,0.5820580124855042,8.265438079833984
3023,0,-5.789999961853027,0.6137446761131287,7.477353572845459
3024,0,-5.789999961853027,0.624521791934967,7.054618835449219
3025,0,-5.789999961853027,0.580396831035614,7.76550817489624
3026,1,7.800000190734863,0.5922107100486755,6.548519134521484
3027,1,7.800000190734863,0.6458381414413452,6.9206318855285645
3028,1,7.800000190734863,0.5713182687759399,7.216320991516113
3029,0,-7.800000190734863,0.5849494934082031,8.032442092895508
3030,0,-7.800000190734863,0.566411018371582,7.346182823181152
3031,0,-7.800000190734863,0.581028401851654,6.993737697601318
3032,0,-7.800000190734863,0.5802179574966431,6.996738910675049
3033,0,-7.800000190734863,0.5606319904327393,6.650964260101318
3034,1,9.520000457763672,0.636399507522583,7.44166374206543
3035,1,9.520000457763672,0.6449457406997681,7.516016960144043
3036,0,-9.520000457763672,0.6860424280166626,7.464040756225586
3037,1,3.0999999046325684,0.6534489393234253,6.204783916473389
3038,1,3.0999999046325684,0.6542962789535522,6.55259895324707
3039,0,-3.0999999046325684,0.6456633806228638,6.585676193237305
3040,0,-3.0999999046325684,0.6343765258789062,6.86839485168457
3041,0,-3.0999999046325684,0.6294426918029785,6.554312705993652
3042,0,-3.0999999046325684,0.6083011031150818,6.513111591339111
3043,0,-3.0999999046325684,0.6493844389915466,6.847046852111816
3044,0,-3.0999999046325684,0.6219585537910461,6.8560566902160645
3045,0,-3.0999999046325684,0.6379628777503967,6.729514122009277
3046,0,-3.0999999046325684,0.6251402497291565,6.666823863983154
3047,0,-3.0999999046325684,0.6363368034362793,6.7783918380737305
3048,0,-3.0999999046325684,0.6095776557922363,6.697334289550781
3049,0,-3.0999999046325684,0.6183791160583496,7.212737560272217
3050,0,-3.0999999046325684,0.6296316385269165,6.650731086730957
3051,0,-3.0999999046325684,0.6485726237297058,6.7175374031066895
3052,0,-3.0999999046325684,0.6297723650932312,6.506712436676025
3053,0,-3.0999999046325684,0.6309437155723572,6.536472797393799
3054,0,-3.0999999046325684,0.6352680921554565,6.714365005493164
3055,0,-3.0999999046325684,0.6411134600639343,7.167987823486328
3056,0,-3.0999999046325684,0.6425731778144836,6.876343727111816
3057,0,-3.0999999046325684,0.6105575561523438,6.598230361938477
3058,1,8.770000457763672,0.6471142172813416,6.749824523925781
3059,1,8.770000457763672,0.6333258152008057,6.794894695281982
3060,1,8.770000457763672,0.639769971370697,7.408915996551514
3061,0,-8.770000457763672,0.6664825081825256,8.351232528686523
3062,0,-8.770000457763672,0.6581991314888,7.431824684143066
3063,1,2.890000104904175,0.6058974862098694,6.045551300048828
3064,0,-2.890000104904175,0.5785791873931885,5.9528398513793945
3065,0,-2.890000104904175,0.596926212310791,5.784933090209961
3066,0,-2.890000104904175,0.6175294518470764,6.126756191253662
3067,0,-2.890000104904175,0.6112678050994873,5.826991558074951
3068,0,-2.890000104904175,0.627286434173584,6.255466461181641
3069,0,-2.890000104904175,0.5867500305175781,5.7096266746521
3070,0,-2.890000104904175,0.5993269681930542,5.916134357452393
3071,0,-2.890000104904175,0.6066495776176453,6.293415546417236
3072,1,2.890000104904175,0.611055850982666,5.6798577308654785
3073,0,-2.890000104904175,0.5851053595542908,6.402388572692871
3074,0,-2.890000104904175,0.6282755732536316,5.8738017082214355
3075,0,-2.890000104904175,0.5882002115249634,5.364884376525879
3076,0,-2.890000104904175,0.6280423998832703,6.337377071380615
3077,0,-2.890000104904175,0.6066532731056213,5.715764045715332
3078,0,-2.890000104904175,0.5986818671226501,6.193883895874023
3079,0,-2.890000104904175,0.62297523021698,5.837972640991211
3080,0,-2.890000104904175,0.589669406414032,5.731601715087891
3081,0,-2.890000104904175,0.576951265335083,5.830458164215088
3082,0,-2.890000104904175,0.6106462478637695,6.597422122955322
3083,0,-2.890000104904175,0.6173171401023865,6.323077201843262
3084,1,2.9200000762939453,0.6482400894165039,5.696835517883301
3085,0,-2.9200000762939453,0.6561272740364075,5.783729553222656
3086,0,-2.9200000762939453,0.660398006439209,5.35525369644165
3087,0,-2.9200000762939453,0.6690800189971924,5.513588905334473
3088,1,2.9200000762939453,0.6656671762466431,6.002301216125488
3089,0,-2.9200000762939453,0.6001320481300354,6.556184768676758
3090,0,-2.9200000762939453,0.671351969242096,5.899984836578369
3091,0,-2.9200000762939453,0.6664803624153137,5.770492076873779
3092,0,-2.9200000762939453,0.6651480793952942,5.589145183563232
3093,0,-2.9200000762939453,0.6683976054191589,6.410991191864014
3094,0,-2.9200000762939453,0.6570605635643005,5.496686935424805
3095,0,-2.9200000762939453,0.6571605205535889,6.373333930969238
3096,0,-2.9200000762939453,0.6074492335319519,5.750907897949219
3097,0,-2.9200000762939453,0.6849850416183472,5.429930210113525
3098,0,-2.9200000762939453,0.6094716191291809,5.6027512550354
3099,0,-2.9200000762939453,0.6669409275054932,5.698530197143555
3100,1,6.5,0.6273999214172363,6.5190348625183105
3101,1,6.5,0.590175211429596,6.7669243812561035
3102,0,-6.5,0.5993172526359558,6.4223504066467285
3103,0,-6.5,0.6014704704284668,6.33223819732666
3104,0,-6.5,0.6086341142654419,6.643278121948242
3105,0,-6.5,0.6135122776031494,6.630178451538086
3106,0,-6.5,0.606509268283844,6.2202229499816895
3107,0,-6.5,0.5964648723602295,5.650052547454834
3108,0,-6.5,0.5926024317741394,6.2254319190979
3109,1,5.369999885559082,0.6341460347175598,7.097216606140137
3110,0,-5.369999885559082,0.632900595664978,6.193379878997803
3111,1,5.369999885559082,0.616137683391571,6.9888505935668945
3112,0,-5.369999885559082,0.6569452285766602,6.32680082321167
3113,0,-5.369999885559082,0.6218810081481934,6.393123149871826
3114,0,-5.369999885559082,0.6448901891708374,6.90680456161499
3115,0,-5.369999885559082,0.6407670974731445,6.7438063621521
3116,0,-5.369999885559082,0.6619522571563721,6.632968902587891
3117,1,6.480000019073486,0.6509226560592651,6.636773586273193
3118,0,-6.480000019073486,0.6595156788825989,6.590567111968994
3119,0,-6.480000019073486,0.6519812345504761,6.170431613922119
3120,0,-6.480000019073486,0.6572818160057068,6.738628387451172
3121,1,6.480000019073486,0.655268669128418,6.8947906494140625
3122,1,6.480000019073486,0.6564170718193054,6.508083820343018
3123,0,-6.480000019073486,0.6587453484535217,6.376351833343506
3124,0,-6.480000019073486,0.6478506922721863,6.630899906158447
3125,0,-6.480000019073486,0.6555526852607727,6.237699508666992
3126,0,-6.480000019073486,0.653674840927124,6.618635177612305
3127,1,5.099999904632568,0.6383471488952637,4.697821617126465
3128,1,5.099999904632568,0.6409657001495361,4.551255702972412
3129,0,-5.099999904632568,0.6413567662239075,4.76621675491333
3130,0,-5.099999904632568,0.6275057196617126,4.814615249633789
3131,1,5.099999904632568,0.6265564560890198,5.203596115112305
3132,1,5.099999904632568,0.6000038981437683,5.502612113952637
3133,0,-5.099999904632568,0.5856738090515137,5.159618377685547
3134,0,-5.099999904632568,0.6416439414024353,5.254998683929443
3135,0,-5.099999904632568,0.5988642573356628,5.621335983276367
3136,0,-5.099999904632568,0.5967518091201782,5.207723617553711
3137,0,-5.099999904632568,0.6003684997558594,5.104156970977783
3138,0,-5.099999904632568,0.611872673034668,6.351941108703613
3139,0,-5.099999904632568,0.6099115014076233,4.925074577331543
3140,0,-5.099999904632568,0.6110121011734009,5.408362865447998
3141,0,-5.099999904632568,0.6179239749908447,5.024860382080078
3142,0,-5.099999904632568,0.6043195724487305,5.463255882263184
3143,0,-5.099999904632568,0.6372776627540588,4.717085361480713
3144,0,-5.099999904632568,0.604350745677948,5.571362018585205
3145,0,-5.099999904632568,0.6073757410049438,5.4036173820495605
3146,0,-5.099999904632568,0.6235812306404114,5.467836380004883
3147,1,4.659999847412109,0.6011541485786438,7.102449893951416
3148,0,-4.659999847412109,0.6098212599754333,6.735553741455078
3149,0,-4.659999847412109,0.6247102618217468,6.449765205383301
3150,0,-4.659999847412109,0.618121325969696,6.279719829559326
3151,0,-4.659999847412109,0.6029993295669556,5.956855297088623
3152,0,-4.659999847412109,0.5850820541381836,6.021527290344238
3153,1,4.659999847412109,0.6231592297554016,6.346889495849609
3154,0,-4.659999847412109,0.6062067151069641,6.53751802444458
3155,0,-4.659999847412109,0.5964176058769226,6.099601745605469
3156,0,-4.659999847412109,0.5936464071273804,6.87723445892334
3157,0,-4.659999847412109,0.6108697652816772,7.909334182739258
3158,0,-4.659999847412109,0.6093771457672119,6.582714080810547
3159,0,-4.659999847412109,0.6162183284759521,6.167269229888916
3160,0,-4.659999847412109,0.6202848553657532,6.453040599822998
3161,0,-4.659999847412109,0.605684757232666,6.623797416687012
3162,0,-4.659999847412109,0.6035087704658508,6.498164653778076
3163,0,-4.659999847412109,0.6146207451820374,6.681384086608887
3164,0,-4.659999847412109,0.5967509746551514,6.353227615356445
3165,0,-4.659999847412109,0.588706374168396,6.410265922546387
3166,1,2.069999933242798,0.5909841656684875,7.274158477783203
3167,1,2.069999933242798,0.5888321399688721,7.263548851013184
3168,1,2.069999933242798,0.6020011305809021,7.171687602996826
3169,1,2.069999933242798,0.6160076260566711,7.07468318939209
3170,0,-2.069999933242798,0.608424723148346,7.00407075881958
3171,0,-2.069999933242798,0.6063961386680603,7.053254127502441
3172,0,-2.069999933242798,0.6127883791923523,6.6807966232299805
3173,0,-2.069999933242798,0.5835103988647461,7.593449592590332
3174,0,-2.069999933242798,0.6013475060462952,6.293830394744873
3175,0,-2.069999933242798,0.5967040657997131,6.954370498657227
3176,0,-2.069999933242798,0.6127084493637085,6.659900665283203
3177,0,-2.069999933242798,0.6084408164024353,7.363071918487549
3178,0,-2.069999933242798,0.5882246494293213,6.20362663269043
3179,0,-2.069999933242798,0.6048393249511719,6.970635890960693
3180,0,-2.069999933242798,0.6109094619750977,6.804136753082275
3181,0,-2.069999933242798,0.5826782584190369,6.294929504394531
3182,0,-2.069999933242798,0.5870436429977417,6.60488748550415
3183,0,-2.069999933242798,0.6030987501144409,7.203120708465576
3184,0,-2.069999933242798,0.599086582660675,6.408757209777832
3185,0,-2.069999933242798,0.5916991233825684,6.758714199066162
3186,1,10.920000076293945,0.6190966963768005,6.706042766571045
3187,1,10.920000076293945,0.5982379913330078,6.876217842102051
3188,0,-10.920000076293945,0.572649359703064,7.508101463317871
3189,0,-10.920000076293945,0.5743833780288696,6.167783737182617
3190,0,-10.920000076293945,0.6020041108131409,7.018733024597168
3191,0,-10.920000076293945,0.6233978867530823,6.9347944259643555
3192,0,-10.920000076293945,0.588232159614563,6.787412643432617
3193,0,-10.920000076293945,0.5721171498298645,6.710732460021973
3194,0,-10.920000076293945,0.6151685118675232,6.857725620269775
3195,0,-10.920000076293945,0.6105535626411438,6.650611877441406
3196,0,-10.920000076293945,0.5900311470031738,6.3848395347595215
3197,0,-10.920000076293945,0.5513522028923035,6.987570285797119
3198,0,-10.920000076293945,0.6278892755508423,6.7621870040893555
3199,0,-10.920000076293945,0.5962605476379395,6.815784454345703
3200,0,-10.920000076293945,0.5864245891571045,6.551618576049805
3201,0,-10.920000076293945,0.6166659593582153,6.801906585693359
3202,0,-10.920000076293945,0.603323757648468,6.566267967224121
3203,0,-10.920000076293945,0.5839516520500183,7.441852569580078
3204,0,-10.920000076293945,0.6127641797065735,6.711696624755859
3205,0,-10.920000076293945,0.5912036895751953,7.369237422943115
3206,1,8.0,0.5856097936630249,6.792153835296631
3207,1,8.0,0.579470157623291,6.869454860687256
3208,1,8.0,0.6220582723617554,7.2590436935424805
3209,0,-8.0,0.5598682761192322,7.531261444091797
3210,1,2.819999933242798,0.565226137638092,5.674023628234863
3211,0,-2.819999933242798,0.5925207138061523,6.093731880187988
3212,0,-2.819999933242798,0.5680161118507385,6.564451694488525
3213,0,-2.819999933242798,0.5846677422523499,6.402958393096924
3214,1,2.819999933242798,0.6138148307800293,6.144256591796875
3215,0,-2.819999933242798,0.5961355566978455,5.850124359130859
3216,1,2.819999933242798,0.5907533764839172,6.355920314788818
3217,0,-2.819999933242798,0.5965238809585571,5.780183792114258
3218,0,-2.819999933242798,0.6220480799674988,6.265511512756348
3219,0,-2.819999933242798,0.5989309549331665,5.705539703369141
3220,0,-2.819999933242798,0.5832551717758179,6.435606479644775
3221,0,-2.819999933242798,0.5810803174972534,6.434510707855225
3222,0,-2.819999933242798,0.5897864699363708,6.415371417999268
3223,0,-2.819999933242798,0.5645269155502319,6.413433074951172
3224,0,-2.819999933242798,0.5759639143943787,6.709848403930664
3225,0,-2.819999933242798,0.563734769821167,5.96977424621582
3226,0,-2.819999933242798,0.5793043971061707,6.52910852432251
3227,0,-2.819999933242798,0.5719393491744995,6.477251052856445
3228,0,-2.819999933242798,0.580007016658783,6.651864051818848
3229,0,-2.819999933242798,0.5798085331916809,6.316946506500244
3230,0,-2.819999933242798,0.5626139640808105,6.555181503295898
3231,1,3.0999999046325684,0.49279314279556274,9.1091947555542
3232,0,-3.0999999046325684,0.5024657845497131,9.482630729675293
3233,0,-3.0999999046325684,0.49230390787124634,8.7889404296875
3234,0,-3.0999999046325684,0.4906127154827118,8.775468826293945
3235,0,-3.0999999046325684,0.4978086054325104,9.371296882629395
3236,0,-3.0999999046325684,0.4966418743133545,9.699371337890625
3237,0,-3.0999999046325684,0.5005705952644348,9.359237670898438
3238,0,-3.0999999046325684,0.496015340089798,9.870914459228516
3239,0,-3.0999999046325684,0.4986676275730133,9.872711181640625
3240,0,-3.0999999046325684,0.5084777474403381,10.052140235900879
3241,0,-3.0999999046325684,0.49066823720932007,8.890450477600098
3242,0,-3.0999999046325684,0.49147093296051025,9.524019241333008
3243,0,-3.0999999046325684,0.4936937391757965,8.49543285369873
3244,0,-3.0999999046325684,0.49874353408813477,9.389307022094727
3245,0,-3.0999999046325684,0.48550447821617126,9.925970077514648
3246,0,-3.0999999046325684,0.5026314854621887,9.561736106872559
3247,0,-3.0999999046325684,0.4966394007205963,8.455432891845703
3248,0,-3.0999999046325684,0.5045185089111328,8.822521209716797
3249,0,-3.0999999046325684,0.4920113980770111,8.579208374023438
3250,0,-3.0999999046325684,0.49821072816848755,9.261364936828613
3251,0,-3.0999999046325684,0.4931454658508301,9.724098205566406
3252,1,2.890000104904175,0.6525636911392212,6.7100982666015625
3253,1,2.890000104904175,0.593461811542511,6.322408676147461
3254,1,2.890000104904175,0.592312216758728,6.346131801605225
3255,1,2.890000104904175,0.6397017240524292,6.948989391326904
3256,0,-2.890000104904175,0.6438300013542175,7.206482410430908
3257,0,-2.890000104904175,0.6359463930130005,7.23301362991333
3258,0,-2.890000104904175,0.6687152981758118,5.580751419067383
3259,0,-2.890000104904175,0.6448444128036499,5.839905261993408
3260,1,2.890000104904175,0.6250814199447632,6.5697221755981445
3261,0,-2.890000104904175,0.6480838656425476,5.898923873901367
3262,0,-2.890000104904175,0.6535429954528809,5.875537395477295
3263,0,-2.890000104904175,0.6505215167999268,6.108921051025391
3264,0,-2.890000104904175,0.5999988913536072,5.670791149139404
3265,0,-2.890000104904175,0.6450815796852112,6.571274280548096
3266,0,-2.890000104904175,0.6299776434898376,6.242116451263428
3267,0,-2.890000104904175,0.6263492107391357,5.438892841339111
3268,0,-2.890000104904175,0.6220760345458984,6.0950212478637695
3269,0,-2.890000104904175,0.5971776247024536,6.3035478591918945
3270,0,-2.890000104904175,0.5985716581344604,6.148149013519287
3271,0,-2.890000104904175,0.6173407435417175,6.595674991607666
3272,0,-2.890000104904175,0.6302152872085571,5.835122585296631
3273,1,9.460000038146973,0.619977593421936,6.818795680999756
3274,1,9.460000038146973,0.6199387907981873,6.812604904174805
3275,0,-9.460000038146973,0.6144142746925354,6.979081630706787
3276,1,2.2799999713897705,0.5828734040260315,6.312220573425293
3277,0,-2.2799999713897705,0.6025376319885254,5.647082328796387
3278,0,-2.2799999713897705,0.5940252542495728,6.631755828857422
3279,0,-2.2799999713897705,0.597126305103302,5.39073371887207
3280,0,-2.2799999713897705,0.5891434550285339,6.463385581970215
3281,0,-2.2799999713897705,0.57977294921875,5.96383810043335
3282,0,-2.2799999713897705,0.5654449462890625,6.4704461097717285
3283,0,-2.2799999713897705,0.597187340259552,5.777432441711426
3284,0,-2.2799999713897705,0.5910829305648804,5.5364227294921875
3285,0,-2.2799999713897705,0.6010685563087463,6.5715651512146
3286,0,-2.2799999713897705,0.5829371213912964,6.329220294952393
3287,0,-2.2799999713897705,0.5745152235031128,5.942744731903076
3288,0,-2.2799999713897705,0.5996174216270447,6.12490177154541
3289,0,-2.2799999713897705,0.5971251726150513,5.992189884185791
3290,0,-2.2799999713897705,0.5867226719856262,6.052778720855713
3291,0,-2.2799999713897705,0.5928536653518677,5.875388145446777
3292,0,-2.2799999713897705,0.5871034264564514,5.730375289916992
3293,0,-2.2799999713897705,0.5757535696029663,6.132534980773926
3294,0,-2.2799999713897705,0.5818943381309509,6.799509525299072
3295,0,-2.2799999713897705,0.5771170854568481,5.750624656677246
3296,0,-2.2799999713897705,0.5874419212341309,5.5409770011901855
3297,1,6.510000228881836,0.5719262361526489,6.450709819793701
3298,0,-6.510000228881836,0.5717845559120178,5.923822402954102
3299,0,-6.510000228881836,0.5660392045974731,6.294273376464844
3300,1,6.510000228881836,0.6136472225189209,6.470541954040527
3301,0,-6.510000228881836,0.5748615264892578,6.532481670379639
3302,0,-6.510000228881836,0.5749750733375549,6.55221700668335
3303,0,-6.510000228881836,0.5882371068000793,6.020294666290283
3304,0,-6.510000228881836,0.5654568672180176,7.245107650756836
3305,0,-6.510000228881836,0.5706584453582764,6.2600789070129395
3306,0,-6.510000228881836,0.5629177093505859,6.413544654846191
3307,0,-6.510000228881836,0.5744670033454895,6.63819694519043
3308,0,-6.510000228881836,0.5932942628860474,7.176613807678223
3309,0,-6.510000228881836,0.5925313234329224,7.372300148010254
3310,0,-6.510000228881836,0.598309338092804,5.617317199707031
3311,0,-6.510000228881836,0.6385776400566101,6.768523216247559
3312,0,-6.510000228881836,0.6126085519790649,8.054303169250488
3313,0,-6.510000228881836,0.5977144837379456,6.427357196807861
3314,0,-6.510000228881836,0.582476794719696,6.255295753479004
3315,0,-6.510000228881836,0.5955836176872253,6.969611167907715
3316,0,-6.510000228881836,0.5755293965339661,6.160990238189697
3317,0,-6.510000228881836,0.5788344144821167,6.5949387550354
3318,1,5.139999866485596,0.5952432155609131,5.95813512802124
3319,0,-5.139999866485596,0.5924039483070374,6.731932640075684
3320,0,-5.139999866485596,0.6031560897827148,6.59574031829834
3321,0,-5.139999866485596,0.6066387891769409,6.298100471496582
3322,1,5.139999866485596,0.6066039800643921,6.323361873626709
3323,0,-5.139999866485596,0.613463819026947,6.070528030395508
3324,1,5.139999866485596,0.5915605425834656,6.078183174133301
3325,0,-5.139999866485596,0.6008701324462891,6.04857873916626
3326,0,-5.139999866485596,0.5806613564491272,6.271273136138916
3327,0,-5.139999866485596,0.5927227735519409,6.738189220428467
3328,0,-5.139999866485596,0.5958649516105652,5.676332950592041
3329,0,-5.139999866485596,0.6130040287971497,6.370662689208984
3330,0,-5.139999866485596,0.581660807132721,5.487584114074707
3331,0,-5.139999866485596,0.599585235118866,6.58499813079834
3332,0,-5.139999866485596,0.5837357640266418,5.747005462646484
3333,0,-5.139999866485596,0.6005787253379822,5.675467491149902
3334,0,-5.139999866485596,0.5882734656333923,6.12083625793457
3335,0,-5.139999866485596,0.6047112941741943,6.495614051818848
3336,0,-5.139999866485596,0.6040727496147156,6.141674995422363
3337,0,-5.139999866485596,0.5704870223999023,6.582346439361572
3338,0,-5.139999866485596,0.5818532705307007,6.576737880706787
3339,1,4.860000133514404,0.5996177196502686,6.289532661437988
3340,0,-4.860000133514404,0.6045753955841064,6.607906341552734
3341,1,4.860000133514404,0.6003054976463318,6.231810092926025
3342,0,-4.860000133514404,0.6092550158500671,6.134217739105225
3343,0,-4.860000133514404,0.5986301898956299,6.407011985778809
3344,1,4.860000133514404,0.5776222944259644,6.148580074310303
3345,0,-4.860000133514404,0.6154301762580872,7.477792739868164
3346,0,-4.860000133514404,0.5877436995506287,6.18420934677124
3347,0,-4.860000133514404,0.6042446494102478,5.969785690307617
3348,0,-4.860000133514404,0.603268563747406,7.012013912200928
3349,0,-4.860000133514404,0.6020205020904541,6.3979620933532715
3350,0,-4.860000133514404,0.6012499928474426,6.409252643585205
3351,0,-4.860000133514404,0.6178844571113586,6.659961223602295
3352,0,-4.860000133514404,0.5918752551078796,6.759043216705322
3353,0,-4.860000133514404,0.597564697265625,6.46071720123291
3354,0,-4.860000133514404,0.621874988079071,6.231940269470215
3355,0,-4.860000133514404,0.5956053733825684,6.469817638397217
3356,0,-4.860000133514404,0.6236638426780701,6.720409870147705
3357,0,-4.860000133514404,0.5928230881690979,7.2122673988342285
3358,0,-4.860000133514404,0.5691810250282288,6.636504173278809
3359,0,-4.860000133514404,0.6129280924797058,7.388650894165039
3360,1,7.960000038146973,0.6255387663841248,6.4604291915893555
3361,1,7.960000038146973,0.6092839241027832,7.573771953582764
3362,0,-7.960000038146973,0.5941942930221558,7.114343166351318
3363,0,-7.960000038146973,0.5835361480712891,6.5718159675598145
3364,0,-7.960000038146973,0.5963661670684814,6.205351829528809
3365,1,6.539999961853027,0.5779202580451965,5.40183687210083
3366,0,-6.539999961853027,0.5490421056747437,4.791955947875977
3367,0,-6.539999961853027,0.5814761519432068,5.752678394317627
3368,0,-6.539999961853027,0.5719190835952759,5.1843671798706055
3369,0,-6.539999961853027,0.575000524520874,5.031781196594238
3370,0,-6.539999961853027,0.5566677451133728,5.451948165893555
3371,0,-6.539999961853027,0.5659736394882202,4.805002212524414
3372,1,6.539999961853027,0.5964416265487671,5.123185634613037
3373,0,-6.539999961853027,0.5797820091247559,5.45261287689209
3374,0,-6.539999961853027,0.5874008536338806,5.345576286315918
3375,0,-6.539999961853027,0.559057891368866,5.884698390960693
3376,0,-6.539999961853027,0.5872292518615723,5.281291961669922
3377,0,-6.539999961853027,0.5845538377761841,5.012430667877197
3378,0,-6.539999961853027,0.576848566532135,5.031317710876465
3379,0,-6.539999961853027,0.566906213760376,5.26993989944458
3380,0,-6.539999961853027,0.572643518447876,4.705243110656738
3381,0,-6.539999961853027,0.5577308535575867,5.347331523895264
3382,0,-6.539999961853027,0.5867230892181396,6.175853252410889
3383,0,-6.539999961853027,0.5635878443717957,5.630964279174805
3384,0,-6.539999961853027,0.566017746925354,5.549991607666016
3385,0,-6.539999961853027,0.5702768564224243,5.644303798675537
3386,1,5.71999979019165,0.5809003710746765,4.975663185119629
3387,1,5.71999979019165,0.5660748481750488,4.928361892700195
3388,1,5.71999979019165,0.5765858292579651,4.962669372558594
3389,0,-5.71999979019165,0.5606942176818848,6.39161491394043
3390,0,-5.71999979019165,0.5657877922058105,5.410022735595703
3391,0,-5.71999979019165,0.5633033514022827,5.438172817230225
3392,0,-5.71999979019165,0.5774560570716858,5.32610559463501
3393,0,-5.71999979019165,0.5832246541976929,5.41715669631958
3394,0,-5.71999979019165,0.5559843182563782,4.775485992431641
3395,0,-5.71999979019165,0.5623148083686829,6.540663719177246
3396,0,-5.71999979019165,0.5608581304550171,4.763765335083008
3397,0,-5.71999979019165,0.5798336863517761,5.326050758361816
3398,0,-5.71999979019165,0.5579374432563782,5.2627787590026855
3399,0,-5.71999979019165,0.5742560625076294,5.394311904907227
3400,0,-5.71999979019165,0.5640624165534973,5.11024284362793
3401,0,-5.71999979019165,0.549694299697876,5.438529968261719
3402,0,-5.71999979019165,0.5852468609809875,5.6572585105896
3403,0,-5.71999979019165,0.5725401639938354,5.38536262512207
3404,0,-5.71999979019165,0.5734251737594604,4.83790922164917
3405,0,-5.71999979019165,0.5606545805931091,5.481505393981934
3406,0,-5.71999979019165,0.5837122201919556,5.41906213760376
3407,1,2.9600000381469727,0.5953354239463806,6.176055431365967
3408,0,-2.9600000381469727,0.5764433145523071,6.78788948059082
3409,0,-2.9600000381469727,0.6008757948875427,6.97753381729126
3410,0,-2.9600000381469727,0.6004701256752014,6.024929523468018
3411,0,-2.9600000381469727,0.5792279839515686,6.264618873596191
3412,0,-2.9600000381469727,0.6166791319847107,5.731025218963623
3413,0,-2.9600000381469727,0.5941866636276245,5.947605609893799
3414,1,2.9600000381469727,0.5918436050415039,6.213050842285156
3415,0,-2.9600000381469727,0.6107916235923767,6.156819820404053
3416,0,-2.9600000381469727,0.5861146450042725,6.072247505187988
3417,0,-2.9600000381469727,0.6072223782539368,6.178969860076904
3418,0,-2.9600000381469727,0.6307806968688965,5.963289260864258
3419,0,-2.9600000381469727,0.6003461480140686,6.419493198394775
3420,0,-2.9600000381469727,0.6295817494392395,6.407461643218994
3421,0,-2.9600000381469727,0.6010865569114685,5.858997344970703
3422,0,-2.9600000381469727,0.5688542127609253,7.434252738952637
3423,0,-2.9600000381469727,0.6387372612953186,5.942319393157959
3424,0,-2.9600000381469727,0.5782323479652405,5.973385334014893
3425,0,-2.9600000381469727,0.6003389358520508,6.157309055328369
3426,0,-2.9600000381469727,0.5838019847869873,5.999990940093994
3427,0,-2.9600000381469727,0.5956749320030212,6.47550106048584
3428,1,6.940000057220459,0.6339793801307678,6.754205703735352
3429,1,6.940000057220459,0.6567939519882202,6.900632858276367
3430,0,-6.940000057220459,0.6113579273223877,7.242245197296143
3431,0,-6.940000057220459,0.6256027817726135,6.331599712371826
3432,0,-6.940000057220459,0.5883727073669434,6.749211311340332
3433,0,-6.940000057220459,0.5807713866233826,7.562136650085449
3434,0,-6.940000057220459,0.6334187388420105,6.803009510040283
3435,0,-6.940000057220459,0.5869234800338745,8.034322738647461
3436,1,7.199999809265137,0.6075363755226135,6.770577907562256
3437,0,-7.199999809265137,0.5991572141647339,6.062732219696045
3438,0,-7.199999809265137,0.595779299736023,6.005340576171875
3439,0,-7.199999809265137,0.575188934803009,6.715878009796143
3440,0,-7.199999809265137,0.589142382144928,6.290536403656006
3441,0,-7.199999809265137,0.5885545611381531,6.265072345733643
3442,0,-7.199999809265137,0.611723005771637,6.296449184417725
3443,0,-7.199999809265137,0.565621554851532,6.180844783782959
3444,0,-7.199999809265137,0.5893981456756592,6.683662414550781
3445,0,-7.199999809265137,0.586789071559906,6.119039535522461
3446,0,-7.199999809265137,0.5870223045349121,5.726492404937744
3447,0,-7.199999809265137,0.5737606287002563,6.4136457443237305
3448,0,-7.199999809265137,0.593082845211029,5.838544845581055
3449,0,-7.199999809265137,0.6078765988349915,6.217024326324463
3450,0,-7.199999809265137,0.5718361139297485,5.577885627746582
3451,0,-7.199999809265137,0.5788683891296387,5.983111381530762
3452,1,4.760000228881836,0.5950559377670288,6.99768590927124
3453,1,4.760000228881836,0.6349968910217285,6.6673264503479
3454,0,-4.760000228881836,0.6026186943054199,6.484372138977051
3455,0,-4.760000228881836,0.6456157565116882,6.611668109893799
3456,1,4.760000228881836,0.617891788482666,6.566854476928711
3457,0,-4.760000228881836,0.6459329128265381,7.02861213684082
3458,1,6.119999885559082,0.5968564748764038,6.365391731262207
3459,1,6.119999885559082,0.6116364598274231,6.231105804443359
3460,0,-6.119999885559082,0.6209968328475952,6.43551778793335
3461,0,-6.119999885559082,0.608725368976593,6.273445129394531
3462,0,-6.119999885559082,0.5925664305686951,6.385678768157959
3463,0,-6.119999885559082,0.6129573583602905,6.889027118682861
3464,0,-6.119999885559082,0.6107723116874695,6.295232772827148
3465,0,-6.119999885559082,0.6183107495307922,6.444853782653809
3466,0,-6.119999885559082,0.5872236490249634,6.615182876586914
3467,0,-6.119999885559082,0.5970364809036255,6.030322074890137
3468,0,-6.119999885559082,0.5969210267066956,5.98562479019165
3469,0,-6.119999885559082,0.6020638942718506,6.108279705047607
3470,0,-6.119999885559082,0.6155564188957214,6.467551231384277
3471,0,-6.119999885559082,0.6092190742492676,5.948996543884277
3472,0,-6.119999885559082,0.5788335204124451,6.301718711853027
3473,0,-6.119999885559082,0.5946105718612671,6.877868175506592
3474,0,-6.119999885559082,0.5788689851760864,6.860208511352539
3475,0,-6.119999885559082,0.5839576125144958,6.425412178039551
3476,0,-6.119999885559082,0.5906268358230591,5.80202054977417
3477,0,-6.119999885559082,0.6027051210403442,6.469844818115234
3478,0,-6.119999885559082,0.5987859964370728,5.909300327301025
3479,1,4.110000133514404,0.603029727935791,6.591238975524902
3480,1,4.110000133514404,0.5875385403633118,6.431772708892822
3481,1,4.110000133514404,0.6182934045791626,6.2054972648620605
3482,0,-4.110000133514404,0.5991363525390625,6.713372707366943
3483,0,-4.110000133514404,0.598852276802063,6.799288749694824
3484,0,-4.110000133514404,0.6257776618003845,6.23909330368042
3485,0,-4.110000133514404,0.6130173802375793,6.138221740722656
3486,0,-4.110000133514404,0.6089414954185486,6.2238898277282715
3487,0,-4.110000133514404,0.5898089408874512,6.431793212890625
3488,0,-4.110000133514404,0.6570351123809814,6.2468647956848145
3489,0,-4.110000133514404,0.5804308652877808,6.402960300445557
3490,0,-4.110000133514404,0.5984594821929932,6.519359111785889
3491,0,-4.110000133514404,0.6007511019706726,6.221004486083984
3492,0,-4.110000133514404,0.6147831082344055,6.557149887084961
3493,0,-4.110000133514404,0.6008409261703491,6.25144100189209
3494,0,-4.110000133514404,0.6060923933982849,6.5896077156066895
3495,0,-4.110000133514404,0.6128494143486023,6.241836071014404
3496,0,-4.110000133514404,0.6322667002677917,6.4570159912109375
3497,0,-4.110000133514404,0.6478270888328552,5.883420944213867
3498,0,-4.110000133514404,0.5944366455078125,5.961644649505615
3499,0,-4.110000133514404,0.607218325138092,6.295015335083008
3500,1,5.239999771118164,0.603979766368866,7.113487243652344
3501,1,5.239999771118164,0.6076003313064575,7.213383674621582
3502,0,-5.239999771118164,0.6026007533073425,6.299113750457764
3503,0,-5.239999771118164,0.6632400155067444,6.3904008865356445
3504,0,-5.239999771118164,0.6417542695999146,6.465553283691406
3505,0,-5.239999771118164,0.6195216774940491,6.598962306976318
3506,0,-5.239999771118164,0.6138798594474792,6.49662446975708
3507,0,-5.239999771118164,0.6079811453819275,6.2330145835876465
3508,0,-5.239999771118164,0.6332979798316956,6.439996719360352
3509,0,-5.239999771118164,0.6214883923530579,6.542683124542236
3510,0,-5.239999771118164,0.5833713412284851,6.484492301940918
3511,0,-5.239999771118164,0.6254710555076599,6.570898532867432
3512,0,-5.239999771118164,0.6002496480941772,7.313905239105225
3513,0,-5.239999771118164,0.6277067065238953,6.962571144104004
3514,0,-5.239999771118164,0.6112869381904602,6.540035247802734
3515,0,-5.239999771118164,0.6114290356636047,6.532549858093262
3516,0,-5.239999771118164,0.6145570874214172,6.181232452392578
3517,0,-5.239999771118164,0.6491703987121582,6.39585018157959
3518,0,-5.239999771118164,0.630883514881134,6.352036952972412
3519,0,-5.239999771118164,0.6054266691207886,6.3700737953186035
3520,0,-5.239999771118164,0.6173135638237,6.135616302490234
3521,1,5.269999980926514,0.6088839173316956,6.735897541046143
3522,0,-5.269999980926514,0.610113799571991,6.266829490661621
3523,0,-5.269999980926514,0.6209509968757629,6.544559001922607
3524,0,-5.269999980926514,0.6087946891784668,6.323250770568848
3525,0,-5.269999980926514,0.6030817627906799,6.19517183303833
3526,0,-5.269999980926514,0.5935502648353577,6.089605331420898
3527,0,-5.269999980926514,0.6010624170303345,6.193661212921143
3528,0,-5.269999980926514,0.5763994455337524,5.967670917510986
3529,0,-5.269999980926514,0.5943852066993713,6.067165374755859
3530,0,-5.269999980926514,0.5827406048774719,7.036027908325195
3531,0,-5.269999980926514,0.5939599871635437,5.810230255126953
3532,0,-5.269999980926514,0.583333432674408,6.142400741577148
3533,0,-5.269999980926514,0.5880779027938843,6.456979751586914
3534,0,-5.269999980926514,0.5849671959877014,6.298718452453613
3535,0,-5.269999980926514,0.5870938897132874,6.22340202331543
3536,0,-5.269999980926514,0.5645177960395813,6.857169151306152
3537,0,-5.269999980926514,0.6118435859680176,6.820972442626953
3538,0,-5.269999980926514,0.5786432027816772,6.719669818878174
3539,0,-5.269999980926514,0.6073713302612305,6.244277000427246
3540,0,-5.269999980926514,0.591049313545227,5.761693000793457
3541,0,-5.269999980926514,0.572709858417511,6.448622226715088
3542,1,5.519999980926514,0.6320127248764038,5.504558563232422
3543,1,5.519999980926514,0.6195155382156372,5.319322109222412
3544,1,5.519999980926514,0.6381233334541321,5.817833423614502
3545,0,-5.519999980926514,0.6190916895866394,6.0674591064453125
3546,0,-5.519999980926514,0.6246529817581177,5.91316032409668
3547,0,-5.519999980926514,0.6001808047294617,6.595531463623047
3548,0,-5.519999980926514,0.6290826201438904,5.0690598487854
3549,0,-5.519999980926514,0.6563833951950073,5.520355224609375
3550,0,-5.519999980926514,0.6269953846931458,5.405177116394043
3551,0,-5.519999980926514,0.638084352016449,5.8022236824035645
3552,0,-5.519999980926514,0.6029068827629089,5.90257453918457
3553,0,-5.519999980926514,0.6242241859436035,5.573109149932861
3554,0,-5.519999980926514,0.6290024518966675,5.740804672241211
3555,0,-5.519999980926514,0.6343225836753845,5.906045913696289
3556,0,-5.519999980926514,0.6160724759101868,6.065852642059326
3557,0,-5.519999980926514,0.62205970287323,5.539793968200684
3558,0,-5.519999980926514,0.6204802393913269,5.28085994720459
3559,0,-5.519999980926514,0.6274641156196594,6.028916835784912
3560,0,-5.519999980926514,0.6138497591018677,6.122376441955566
3561,0,-5.519999980926514,0.6108189821243286,5.6666998863220215
3562,0,-5.519999980926514,0.6128580570220947,6.021394729614258
3563,1,4.119999885559082,0.6595077514648438,4.929625034332275
3564,1,4.119999885559082,0.6347951889038086,5.272768497467041
3565,0,-4.119999885559082,0.6260615587234497,6.147121906280518
3566,0,-4.119999885559082,0.641793429851532,6.116297721862793
3567,1,4.119999885559082,0.6301394701004028,4.993767738342285
3568,0,-4.119999885559082,0.6451038718223572,5.077199935913086
3569,0,-4.119999885559082,0.6472525596618652,6.237695693969727
3570,0,-4.119999885559082,0.606844425201416,6.450238227844238
3571,0,-4.119999885559082,0.6184726357460022,5.436209678649902
3572,0,-4.119999885559082,0.6336452960968018,5.432178020477295
3573,0,-4.119999885559082,0.6297709345817566,5.730377197265625
3574,0,-4.119999885559082,0.6331881880760193,4.687071323394775
3575,0,-4.119999885559082,0.6241207122802734,5.58644962310791
3576,0,-4.119999885559082,0.6423879861831665,5.680637359619141
3577,0,-4.119999885559082,0.6169305443763733,5.576736927032471
3578,0,-4.119999885559082,0.6315638422966003,5.700347423553467
3579,0,-4.119999885559082,0.5899494886398315,5.912215709686279
3580,0,-4.119999885559082,0.6455575227737427,5.356302261352539
3581,0,-4.119999885559082,0.6183186769485474,5.66085147857666
3582,0,-4.119999885559082,0.6216888427734375,5.69724178314209
3583,0,-4.119999885559082,0.6589764952659607,5.739742279052734
3584,1,5.960000038146973,0.633628249168396,5.927667140960693
3585,1,5.960000038146973,0.631541907787323,5.620424270629883
3586,1,5.960000038146973,0.6164775490760803,5.648074150085449
3587,1,5.960000038146973,0.6068901419639587,5.83482027053833
3588,0,-5.960000038146973,0.6457197070121765,5.337019920349121
3589,0,-5.960000038146973,0.632581353187561,5.402673244476318
3590,0,-5.960000038146973,0.6324731707572937,5.793298721313477
3591,0,-5.960000038146973,0.604934811592102,5.463402271270752
3592,0,-5.960000038146973,0.6237645745277405,5.458654403686523
3593,0,-5.960000038146973,0.6243913769721985,6.324370384216309
3594,0,-5.960000038146973,0.6120907664299011,6.0329909324646
3595,0,-5.960000038146973,0.6326324343681335,5.745165824890137
3596,0,-5.960000038146973,0.6209449172019958,5.742542266845703
3597,0,-5.960000038146973,0.6313133835792542,6.045743465423584
3598,0,-5.960000038146973,0.6311477422714233,5.743966102600098
3599,0,-5.960000038146973,0.6275758147239685,5.741096496582031
3600,0,-5.960000038146973,0.6280603408813477,5.877804756164551
3601,0,-5.960000038146973,0.6520957350730896,5.913096904754639
3602,0,-5.960000038146973,0.6113060116767883,5.965015888214111
3603,0,-5.960000038146973,0.6257683634757996,6.265793800354004
3604,0,-5.960000038146973,0.6373089551925659,5.453181266784668
3605,1,6.679999828338623,0.5895485877990723,5.663351058959961
3606,1,6.679999828338623,0.5992276072502136,6.152308464050293
3607,0,-6.679999828338623,0.6066220998764038,5.603362083435059
3608,0,-6.679999828338623,0.6099034547805786,5.901024341583252
3609,0,-6.679999828338623,0.6340206265449524,6.580624580383301
3610,0,-6.679999828338623,0.5956000685691833,6.425551414489746
3611,0,-6.679999828338623,0.6258698105812073,7.118411064147949
3612,0,-6.679999828338623,0.6156491637229919,5.894935131072998
3613,0,-6.679999828338623,0.6009416580200195,5.802705764770508
3614,0,-6.679999828338623,0.6345678567886353,5.761977195739746
3615,0,-6.679999828338623,0.5935403108596802,6.204575061798096
3616,0,-6.679999828338623,0.6134222745895386,6.335930347442627
3617,0,-6.679999828338623,0.6017568111419678,6.381364822387695
3618,0,-6.679999828338623,0.6277584433555603,6.160099506378174
3619,0,-6.679999828338623,0.5926698446273804,7.141009330749512
3620,0,-6.679999828338623,0.5814334154129028,6.389657974243164
3621,0,-6.679999828338623,0.6220129132270813,6.6474289894104
3622,0,-6.679999828338623,0.6250667572021484,6.245873928070068
3623,0,-6.679999828338623,0.577591061592102,6.591970920562744
3624,0,-6.679999828338623,0.6013258099555969,6.269630432128906
3625,0,-6.679999828338623,0.6057919263839722,6.246517181396484
3626,1,6.860000133514404,0.5825812220573425,6.717549800872803
3627,1,6.860000133514404,0.6000149846076965,6.2953410148620605
3628,1,6.860000133514404,0.6058781147003174,6.799753189086914
3629,0,-6.860000133514404,0.6303775906562805,6.291428089141846
3630,0,-6.860000133514404,0.5967298150062561,5.59893798828125
3631,0,-6.860000133514404,0.5927420258522034,5.792512893676758
3632,0,-6.860000133514404,0.592028796672821,6.204347610473633
3633,0,-6.860000133514404,0.606991171836853,6.433922290802002
3634,0,-6.860000133514404,0.5769675374031067,5.8861260414123535
3635,0,-6.860000133514404,0.5816476345062256,5.09956169128418
3636,0,-6.860000133514404,0.5992062091827393,6.153791427612305
3637,0,-6.860000133514404,0.5843692421913147,5.9750895500183105
3638,0,-6.860000133514404,0.5963457226753235,6.373085021972656
3639,0,-6.860000133514404,0.5803373456001282,5.199239253997803
3640,0,-6.860000133514404,0.5899650454521179,5.601283073425293
3641,0,-6.860000133514404,0.6012095212936401,5.894765853881836
3642,0,-6.860000133514404,0.6021450757980347,5.059455871582031
3643,0,-6.860000133514404,0.6217897534370422,5.713076591491699
3644,0,-6.860000133514404,0.6134315729141235,6.20401668548584
3645,0,-6.860000133514404,0.5848586559295654,6.122870445251465
3646,1,5.099999904632568,0.6444446444511414,6.095263481140137
3647,1,5.099999904632568,0.6533297896385193,5.263822078704834
3648,0,-5.099999904632568,0.6451876163482666,7.090322017669678
3649,0,-5.099999904632568,0.6557304859161377,5.748865127563477
3650,0,-5.099999904632568,0.6237640976905823,5.530946254730225
3651,0,-5.099999904632568,0.6630760431289673,6.348912715911865
3652,0,-5.099999904632568,0.6228048205375671,6.352671146392822
3653,0,-5.099999904632568,0.6277081966400146,6.360260963439941
3654,1,5.170000076293945,0.5880721211433411,4.812689781188965
3655,0,-5.170000076293945,0.5985366106033325,4.985060691833496
3656,0,-5.170000076293945,0.6036476492881775,5.02037239074707
3657,0,-5.170000076293945,0.63857102394104,5.304576396942139
3658,1,5.170000076293945,0.5984804630279541,5.099205493927002
3659,0,-5.170000076293945,0.6044509410858154,4.964515209197998
3660,0,-5.170000076293945,0.6029292941093445,5.586843490600586
3661,0,-5.170000076293945,0.5979646444320679,4.887212753295898
3662,0,-5.170000076293945,0.5983090996742249,5.8480329513549805
3663,0,-5.170000076293945,0.6309982538223267,5.435661315917969
3664,0,-5.170000076293945,0.5938894748687744,5.040083408355713
3665,0,-5.170000076293945,0.6249948143959045,5.031469345092773
3666,0,-5.170000076293945,0.6037565469741821,4.5554399490356445
3667,0,-5.170000076293945,0.6113488078117371,5.075973033905029
3668,0,-5.170000076293945,0.5735258460044861,5.455042362213135
3669,0,-5.170000076293945,0.591323971748352,5.183304309844971
3670,0,-5.170000076293945,0.6113911271095276,6.049639701843262
3671,0,-5.170000076293945,0.5931455492973328,5.31695556640625
3672,0,-5.170000076293945,0.6468520760536194,5.024219036102295
3673,0,-5.170000076293945,0.5739473104476929,5.68133544921875
3674,0,-5.170000076293945,0.6122967600822449,5.477989673614502
3675,1,11.819999694824219,0.6392637491226196,9.716936111450195
3676,0,-11.819999694824219,0.6589067578315735,9.105094909667969
3677,1,11.819999694824219,0.6333670020103455,8.88689136505127
3678,0,-11.819999694824219,0.614557683467865,8.416728973388672
3679,0,-11.819999694824219,0.5859505534172058,8.86600112915039
3680,0,-11.819999694824219,0.6219549179077148,9.803951263427734
3681,0,-11.819999694824219,0.5853281021118164,8.676624298095703
3682,0,-11.819999694824219,0.6234188079833984,9.205814361572266
3683,0,-11.819999694824219,0.5867518186569214,9.543130874633789
3684,0,-11.819999694824219,0.5720228552818298,8.749141693115234
3685,0,-11.819999694824219,0.5652725100517273,7.116737365722656
3686,0,-11.819999694824219,0.6047537326812744,9.010493278503418
3687,0,-11.819999694824219,0.651177704334259,8.858987808227539
3688,0,-11.819999694824219,0.6327430009841919,9.528768539428711
3689,0,-11.819999694824219,0.5746143460273743,9.505304336547852
3690,0,-11.819999694824219,0.5742616653442383,9.661513328552246
3691,0,-11.819999694824219,0.5704669952392578,7.797175407409668
3692,0,-11.819999694824219,0.6254389882087708,9.557112693786621
3693,0,-11.819999694824219,0.5986034274101257,7.814639091491699
3694,0,-11.819999694824219,0.6165106296539307,9.77104377746582
3695,0,-8.350000381469727,0.6405450105667114,6.844447612762451
3696,0,-8.350000381469727,0.6453073620796204,6.649374961853027
3697,0,-8.350000381469727,0.6535660624504089,7.741510391235352
3698,0,-8.350000381469727,0.6597561836242676,6.6883063316345215
3699,0,-8.350000381469727,0.6342295408248901,8.590230941772461
3700,0,-8.350000381469727,0.6574017405509949,7.7807111740112305
3701,0,-8.350000381469727,0.6723414063453674,6.893734455108643
3702,0,-8.350000381469727,0.666732907295227,7.7805585861206055
3703,0,-8.350000381469727,0.6606749296188354,8.838911056518555
3704,1,8.350000381469727,0.6517633199691772,8.096715927124023
3705,0,-8.350000381469727,0.6844702363014221,6.893250465393066
3706,0,-8.350000381469727,0.6548692584037781,6.121730327606201
3707,0,-8.350000381469727,0.6705988645553589,7.30943489074707
3708,0,-8.350000381469727,0.6899686455726624,7.963871955871582
3709,0,-8.350000381469727,0.6468324065208435,6.8893961906433105
3710,0,-8.350000381469727,0.6679381728172302,7.7834792137146
3711,0,-8.350000381469727,0.6607961058616638,7.264286994934082
3712,1,8.350000381469727,0.6480116844177246,7.481694221496582
3713,0,-8.350000381469727,0.6723868250846863,8.41568660736084
3714,0,-8.350000381469727,0.6577301025390625,8.067854881286621
3715,1,6.630000114440918,0.5682732462882996,7.293914318084717
3716,0,-6.630000114440918,0.5597746968269348,8.775039672851562
3717,0,-6.630000114440918,0.565473735332489,7.441730499267578
3718,0,-6.630000114440918,0.5751441121101379,8.9889554977417
3719,0,-6.630000114440918,0.5898693799972534,7.2459259033203125
3720,1,6.630000114440918,0.5672443509101868,7.019437789916992
3721,0,-6.630000114440918,0.5983803868293762,9.397832870483398
3722,0,-6.630000114440918,0.5817582011222839,8.5689115524292
3723,0,-6.630000114440918,0.588018000125885,7.26913595199585
3724,0,-6.630000114440918,0.5642932057380676,8.224902153015137
3725,0,-6.630000114440918,0.5953382253646851,6.846390247344971
3726,0,-6.630000114440918,0.6012658476829529,6.749553203582764
3727,0,-6.630000114440918,0.5726379752159119,7.494401931762695
3728,0,-6.630000114440918,0.5796312093734741,6.814996242523193
3729,0,-6.630000114440918,0.5767383575439453,7.7718329429626465
3730,0,-6.630000114440918,0.6077054142951965,7.968452453613281
3731,0,-6.630000114440918,0.5753359794616699,7.314867973327637
3732,0,-6.630000114440918,0.5751461982727051,6.615960597991943
3733,0,-6.630000114440918,0.5849401354789734,9.687165260314941
3734,0,-6.630000114440918,0.5706695914268494,7.111083030700684
3735,1,4.099999904632568,0.6226310729980469,6.022596836090088
3736,0,-4.099999904632568,0.6337817907333374,6.501991271972656
3737,1,4.099999904632568,0.6353833675384521,6.391355514526367
3738,0,-4.099999904632568,0.6164712905883789,6.388167858123779
3739,0,-4.099999904632568,0.5891647338867188,6.340453147888184
3740,0,-4.099999904632568,0.613238513469696,6.508923053741455
3741,0,-4.099999904632568,0.5869049429893494,5.9086432456970215
3742,0,-4.099999904632568,0.6287765502929688,6.04827356338501
3743,0,-4.099999904632568,0.6433187127113342,6.297737121582031
3744,0,-4.099999904632568,0.6456026434898376,5.6311235427856445
3745,0,-4.099999904632568,0.6056393384933472,6.763727188110352
3746,0,-4.099999904632568,0.6073294281959534,5.890881538391113
3747,0,-4.099999904632568,0.6307764649391174,6.534104824066162
3748,0,-4.099999904632568,0.6016685962677002,6.466835021972656
3749,0,-4.099999904632568,0.5973809361457825,6.565208911895752
3750,0,-4.099999904632568,0.5867883563041687,6.110372543334961
3751,0,-4.099999904632568,0.5882920622825623,7.0981221199035645
3752,0,-4.099999904632568,0.6020923852920532,6.007226467132568
3753,0,-4.099999904632568,0.6275603175163269,5.949554443359375
3754,0,-4.099999904632568,0.583867073059082,6.982332706451416
3755,0,-7.21999979019165,0.5871016979217529,6.094639778137207
3756,0,-7.21999979019165,0.5900101661682129,6.74554443359375
3757,1,7.21999979019165,0.5766850709915161,7.0802764892578125
3758,0,-7.21999979019165,0.5901501774787903,7.318273067474365
3759,0,-7.21999979019165,0.5956633687019348,6.5566229820251465
3760,1,7.21999979019165,0.5909692049026489,6.825399398803711
3761,0,-7.21999979019165,0.6036078929901123,5.91412878036499
3762,0,-7.21999979019165,0.5734356045722961,6.502486228942871
3763,0,-7.21999979019165,0.5796523690223694,6.845858097076416
3764,0,-7.21999979019165,0.573755145072937,7.460861682891846
3765,0,-7.21999979019165,0.5874396562576294,7.121026039123535
3766,0,-7.21999979019165,0.5827779173851013,6.965522766113281
3767,0,-7.21999979019165,0.6049310564994812,6.971866607666016
3768,0,-7.21999979019165,0.5868662595748901,6.623390197753906
3769,0,-7.21999979019165,0.5788825750350952,6.280187129974365
3770,0,-7.21999979019165,0.6181344985961914,6.954524517059326
3771,0,-7.21999979019165,0.5878071188926697,6.762996196746826
3772,0,-7.21999979019165,0.6027587652206421,6.9820332527160645
3773,0,-7.21999979019165,0.580720841884613,6.632532596588135
3774,0,-7.21999979019165,0.5649517774581909,6.458799362182617
3775,1,8.720000267028809,0.5952494144439697,6.213531017303467
3776,0,-8.720000267028809,0.5838413238525391,6.009418487548828
3777,0,-8.720000267028809,0.5939570069313049,5.825017929077148
3778,1,8.720000267028809,0.5807453989982605,6.66015625
3779,0,-8.720000267028809,0.5972067713737488,6.444287300109863
3780,1,8.720000267028809,0.5703267455101013,6.428196430206299
3781,0,-8.720000267028809,0.5931442379951477,6.185790538787842
3782,0,-8.720000267028809,0.584499180316925,5.389716625213623
3783,0,-8.720000267028809,0.595970630645752,7.329784393310547
3784,0,-8.720000267028809,0.5954363346099854,5.9565019607543945
3785,0,-8.720000267028809,0.5782930850982666,6.619414806365967
3786,0,-8.720000267028809,0.5727003812789917,5.639848232269287
3787,0,-8.720000267028809,0.5670430660247803,7.091027736663818
3788,0,-8.720000267028809,0.571886420249939,7.351213455200195
3789,0,-8.720000267028809,0.5734615325927734,7.824782848358154
3790,0,-8.720000267028809,0.5808700919151306,6.839921951293945
3791,0,-8.720000267028809,0.5861061215400696,6.391117095947266
3792,0,-8.720000267028809,0.582433819770813,6.494403839111328
3793,0,-8.720000267028809,0.5805899500846863,6.440196990966797
3794,0,-8.720000267028809,0.5797424912452698,6.6263604164123535
3795,0,-8.720000267028809,0.5812598466873169,7.0978617668151855
3796,1,3.759999990463257,0.6069564819335938,7.38986873626709
3797,0,-3.759999990463257,0.6151319742202759,8.171826362609863
3798,0,-3.759999990463257,0.6285468935966492,6.043715476989746
3799,0,-3.759999990463257,0.621764063835144,8.430550575256348
3800,0,-3.759999990463257,0.5673763751983643,7.990095138549805
3801,0,-3.759999990463257,0.6436230540275574,6.303971290588379
3802,0,-3.759999990463257,0.6207309365272522,6.9278459548950195
3803,0,-3.759999990463257,0.6027487516403198,7.986393928527832
3804,0,-3.759999990463257,0.5801501274108887,7.77202033996582
3805,0,-3.759999990463257,0.5883068442344666,7.97176456451416
3806,0,-3.759999990463257,0.5653017163276672,6.777408123016357
3807,0,-3.759999990463257,0.6078469157218933,7.656984329223633
3808,0,-3.759999990463257,0.5801287889480591,7.6424689292907715
3809,0,-3.759999990463257,0.576095461845398,6.944727420806885
3810,0,-3.759999990463257,0.5862435102462769,7.9199957847595215
3811,0,-3.759999990463257,0.6253589391708374,7.3311848640441895
3812,0,-3.759999990463257,0.6195128560066223,7.284505367279053
3813,0,-3.759999990463257,0.6229668259620667,7.701814651489258
3814,0,-3.759999990463257,0.5972555875778198,7.1315388679504395
3815,0,-3.759999990463257,0.5840685367584229,6.627114772796631
3816,0,-3.759999990463257,0.6117308735847473,6.5143022537231445
3817,1,8.739999771118164,0.625754177570343,6.50259256362915
3818,1,8.739999771118164,0.5900275707244873,6.217452049255371
3819,0,-8.739999771118164,0.5672640204429626,5.9976348876953125
3820,0,-8.739999771118164,0.5767360925674438,4.665839672088623
3821,1,8.739999771118164,0.5752010345458984,6.578710556030273
3822,0,-8.739999771118164,0.5733351111412048,5.842128753662109
3823,0,-8.739999771118164,0.5714585185050964,5.935741901397705
3824,0,-8.739999771118164,0.5786412358283997,5.371879577636719
3825,0,-8.739999771118164,0.5868870615959167,6.163384437561035
3826,1,7.400000095367432,0.5594484210014343,6.694570541381836
3827,0,-7.400000095367432,0.560488224029541,7.164348125457764
3828,1,7.400000095367432,0.5678380131721497,6.5637898445129395
3829,0,-7.400000095367432,0.6125713586807251,7.110074043273926
3830,0,-7.400000095367432,0.5954711437225342,7.472881317138672
3831,0,-7.400000095367432,0.5844977498054504,7.372344017028809
3832,0,-7.400000095367432,0.6126107573509216,5.820890426635742
3833,0,-7.400000095367432,0.5828880667686462,7.186239242553711
3834,0,-7.400000095367432,0.584255039691925,8.753649711608887
3835,0,-7.400000095367432,0.6147444844245911,5.910245895385742
3836,0,-7.400000095367432,0.5908523201942444,6.926259994506836
3837,0,-7.400000095367432,0.5955272316932678,6.367800712585449
3838,0,-7.400000095367432,0.5560740828514099,7.00853157043457
3839,0,-7.400000095367432,0.572105348110199,6.966114044189453
3840,0,-7.400000095367432,0.5978135466575623,6.527233600616455
3841,0,-7.400000095367432,0.6412521600723267,6.65884256362915
3842,0,-7.400000095367432,0.591764509677887,7.618190765380859
3843,0,-7.400000095367432,0.5919497013092041,6.694083213806152
3844,0,-7.400000095367432,0.5707197785377502,7.584081649780273
3845,0,-7.400000095367432,0.5699592232704163,7.448154449462891
3846,0,-7.400000095367432,0.5957837700843811,8.435832023620605
3847,1,8.399999618530273,0.6576623320579529,6.371568202972412
3848,1,8.399999618530273,0.659941554069519,6.572885513305664
3849,0,-8.399999618530273,0.6450566053390503,6.321899890899658
3850,0,-8.399999618530273,0.6272168755531311,6.715708255767822
3851,0,-8.399999618530273,0.6545554399490356,6.393404960632324
3852,0,-8.399999618530273,0.6307849884033203,5.934422492980957
3853,0,-8.399999618530273,0.6524403095245361,6.946359157562256
3854,1,11.149999618530273,0.6646164655685425,8.041086196899414
3855,1,11.149999618530273,0.6113945245742798,8.677658081054688
3856,1,11.149999618530273,0.7071107029914856,8.247101783752441
3857,0,-11.149999618530273,0.6303500533103943,7.956971645355225
3858,0,-11.149999618530273,0.6141839623451233,6.745413780212402
3859,0,-11.149999618530273,0.625087559223175,7.617891311645508
3860,0,-11.149999618530273,0.5803239941596985,7.221753120422363
3861,0,-11.149999618530273,0.6195057034492493,6.892187595367432
3862,0,-11.149999618530273,0.6544203758239746,8.75361156463623
3863,0,-11.149999618530273,0.6388839483261108,7.2381792068481445
3864,0,-11.149999618530273,0.6070936918258667,7.750146865844727
3865,0,-11.149999618530273,0.5785491466522217,7.568538188934326
3866,0,-11.149999618530273,0.6145665049552917,8.38654899597168
3867,0,-11.149999618530273,0.6136342287063599,8.324993133544922
3868,0,-11.149999618530273,0.599897563457489,7.4013566970825195
3869,0,-11.149999618530273,0.6006807684898376,7.314728260040283
3870,0,-11.149999618530273,0.6182654500007629,8.919650077819824
3871,0,-11.149999618530273,0.6218560934066772,9.080697059631348
3872,0,-11.149999618530273,0.5714272260665894,7.228587627410889
3873,0,-11.149999618530273,0.6051103472709656,7.368768215179443
3874,0,-11.149999618530273,0.5649557709693909,7.243522644042969
3875,1,8.960000038146973,0.6018931865692139,6.955990791320801
3876,1,8.960000038146973,0.6070130467414856,7.239035129547119
3877,0,-8.960000038146973,0.5715575218200684,6.968412399291992
3878,0,-8.960000038146973,0.5802756547927856,7.111565113067627
3879,0,-8.960000038146973,0.5897188782691956,6.354589462280273
3880,0,-8.960000038146973,0.6138800382614136,6.7501044273376465
3881,0,-8.960000038146973,0.6346491575241089,6.5949811935424805
3882,0,-8.960000038146973,0.6114609241485596,7.434575080871582
3883,0,-8.960000038146973,0.6027489304542542,6.74331521987915
3884,0,-8.960000038146973,0.5949100255966187,6.44692850112915
3885,0,-8.960000038146973,0.5805178880691528,5.860483169555664
3886,0,-8.960000038146973,0.5694227814674377,7.337798595428467
3887,0,-8.960000038146973,0.6014652252197266,6.992948055267334
3888,0,-8.960000038146973,0.5956934690475464,6.900876045227051
3889,0,-8.960000038146973,0.5613150000572205,6.702086925506592
3890,0,-8.960000038146973,0.5851947069168091,6.751563549041748
3891,0,-8.960000038146973,0.5792043805122375,6.662895202636719
3892,0,-8.960000038146973,0.6252461671829224,6.54741907119751
3893,0,-8.960000038146973,0.6152955293655396,6.822049617767334
3894,1,9.520000457763672,0.5931535363197327,6.098011016845703
3895,0,-9.520000457763672,0.5858674645423889,6.277675151824951
3896,0,-9.520000457763672,0.6063396334648132,6.002223491668701
3897,0,-9.520000457763672,0.6281049251556396,6.65841817855835
3898,0,-9.520000457763672,0.5919755697250366,6.281745910644531
3899,0,-9.520000457763672,0.6056771278381348,6.411653995513916
3900,0,-9.520000457763672,0.5922307968139648,6.1809210777282715
3901,0,-9.520000457763672,0.609039306640625,6.512790203094482
3902,0,-9.520000457763672,0.6037594676017761,6.2420878410339355
3903,0,-9.520000457763672,0.5999866724014282,6.2445268630981445
3904,0,-9.520000457763672,0.5784003734588623,5.936001300811768
3905,0,-9.520000457763672,0.6017622351646423,5.939687728881836
3906,0,-9.520000457763672,0.6271117925643921,6.256143569946289
3907,0,-9.520000457763672,0.6097604632377625,6.429574966430664
3908,0,-9.520000457763672,0.5901439785957336,5.834170341491699
3909,0,-9.520000457763672,0.6264782547950745,5.143008232116699
3910,0,-9.520000457763672,0.5866519808769226,6.0262532234191895
3911,0,-9.520000457763672,0.6039626002311707,7.138846397399902
3912,0,-9.520000457763672,0.5952314734458923,6.507729530334473
3913,0,-9.520000457763672,0.6047588586807251,6.402095794677734
3914,0,-9.520000457763672,0.6102099418640137,6.127313613891602
3915,1,8.399999618530273,0.6268698573112488,5.710033416748047
3916,1,8.399999618530273,0.6342587471008301,5.638190746307373
3917,0,-8.399999618530273,0.6173356771469116,5.9120283126831055
3918,0,-8.399999618530273,0.6190518736839294,6.177121162414551
3919,0,-8.399999618530273,0.6098023653030396,5.714919567108154
3920,1,8.399999618530273,0.6363562345504761,6.093582630157471
3921,0,-8.399999618530273,0.601954460144043,6.314698696136475
3922,0,-8.399999618530273,0.5736904144287109,6.602750301361084
3923,0,-8.399999618530273,0.6172989010810852,6.324687480926514
3924,0,-8.399999618530273,0.6197428107261658,6.301724433898926
3925,0,-8.399999618530273,0.6195885539054871,5.852390766143799
3926,0,-8.399999618530273,0.6023401618003845,5.768218517303467
3927,0,-8.399999618530273,0.594078004360199,6.285677433013916
3928,0,-8.399999618530273,0.596121072769165,5.6357741355896
3929,0,-8.399999618530273,0.6292675137519836,6.570472717285156
3930,0,-8.399999618530273,0.6269386410713196,5.836879730224609
3931,0,-8.399999618530273,0.620415985584259,6.316003799438477
3932,0,-8.399999618530273,0.6298324465751648,6.010128974914551
3933,0,-8.399999618530273,0.5822726488113403,6.102007865905762
3934,0,-8.399999618530273,0.5663730502128601,6.58859395980835
3935,0,-8.399999618530273,0.599779486656189,6.366701602935791
3936,1,6.329999923706055,0.577599048614502,6.495382785797119
3937,0,-6.329999923706055,0.5732190012931824,5.6599931716918945
3938,0,-6.329999923706055,0.5885488390922546,6.291215419769287
3939,0,-6.329999923706055,0.5873328447341919,5.539575576782227
3940,0,-6.329999923706055,0.599295437335968,6.036544322967529
3941,0,-6.329999923706055,0.6435881853103638,5.822712421417236
3942,0,-6.329999923706055,0.6271588206291199,5.905425548553467
3943,0,-6.329999923706055,0.6012709140777588,5.116865158081055
3944,0,-6.329999923706055,0.6172378063201904,6.106809139251709
3945,0,-6.329999923706055,0.6194233298301697,5.891593933105469
3946,0,-6.329999923706055,0.5797484517097473,5.485406875610352
3947,0,-6.329999923706055,0.6075201034545898,5.903253555297852
3948,0,-6.329999923706055,0.5956462025642395,6.43964958190918
3949,0,-6.329999923706055,0.606092095375061,6.100975036621094
3950,0,-6.329999923706055,0.59438556432724,5.537331581115723
3951,0,-6.329999923706055,0.6382935643196106,6.003202438354492
3952,0,-6.329999923706055,0.6172710657119751,5.602639675140381
3953,0,-6.329999923706055,0.6149594783782959,5.992051124572754
3954,0,-6.329999923706055,0.6002894639968872,6.38194465637207
3955,0,-6.329999923706055,0.6309831738471985,6.0896501541137695
3956,0,-6.329999923706055,0.6124103665351868,5.840129852294922
3957,1,7.260000228881836,0.5875937938690186,6.486435413360596
3958,1,7.260000228881836,0.599544882774353,6.242470741271973
3959,0,-7.260000228881836,0.6069552302360535,6.748615264892578
3960,1,7.260000228881836,0.5827166438102722,6.083341121673584
3961,0,-7.260000228881836,0.5936051607131958,6.7378106117248535
3962,0,-7.260000228881836,0.5797476172447205,6.203853607177734
3963,0,-7.260000228881836,0.5702366828918457,6.592700004577637
3964,0,-7.260000228881836,0.5746735334396362,6.287198066711426
3965,0,-7.260000228881836,0.5706872940063477,6.318185329437256
3966,0,-7.260000228881836,0.5690320134162903,6.584478855133057
3967,0,-7.260000228881836,0.590604305267334,6.728662014007568
3968,0,-7.260000228881836,0.5955795645713806,6.596734046936035
3969,0,-7.260000228881836,0.5646973848342896,6.963199615478516
3970,0,-7.260000228881836,0.5785874724388123,6.35959529876709
3971,0,-7.260000228881836,0.5783052444458008,6.018484115600586
3972,0,-8.050000190734863,0.5476551055908203,5.84870719909668
3973,0,-8.050000190734863,0.5757555365562439,7.037451267242432
3974,0,-8.050000190734863,0.5125129222869873,5.899715423583984
3975,0,-8.050000190734863,0.5421024560928345,6.205245494842529
3976,0,-8.050000190734863,0.5558197498321533,6.090439796447754
3977,0,-8.050000190734863,0.5608486533164978,7.181972026824951
3978,0,-8.050000190734863,0.5351269841194153,6.231512546539307
3979,0,-8.050000190734863,0.5534682869911194,6.573520183563232
3980,0,-8.050000190734863,0.5551459789276123,6.107813358306885
3981,0,-8.050000190734863,0.5980278849601746,4.9034624099731445
3982,0,-8.050000190734863,0.5602547526359558,6.577541351318359
3983,0,-8.050000190734863,0.5612805485725403,6.338284492492676
3984,0,-8.050000190734863,0.5280081629753113,6.7645440101623535
3985,0,-8.050000190734863,0.5440775752067566,5.5929789543151855
3986,0,-8.050000190734863,0.5762750506401062,6.549188613891602
3987,0,-8.050000190734863,0.5919447541236877,6.907373428344727
3988,0,-8.050000190734863,0.5466892719268799,5.943702220916748
3989,0,-8.050000190734863,0.5815978050231934,6.0331339836120605
3990,0,-8.050000190734863,0.5134127736091614,5.189653396606445
3991,0,-8.050000190734863,0.5530753135681152,6.434092044830322
3992,1,4.409999847412109,0.6273630857467651,6.640168190002441
3993,1,4.409999847412109,0.6409613490104675,6.665089130401611
3994,0,-4.409999847412109,0.6312081217765808,6.290437698364258
3995,0,-4.409999847412109,0.6452624797821045,6.577942371368408
3996,0,-4.409999847412109,0.6629276871681213,6.611977577209473
3997,0,-4.409999847412109,0.6388609409332275,6.513125896453857
3998,0,-4.409999847412109,0.63525390625,6.3110151290893555
3999,0,-4.409999847412109,0.6374310851097107,6.674970626831055
4000,0,-4.409999847412109,0.660190761089325,6.889754295349121
4001,0,-4.409999847412109,0.631737470626831,6.383903503417969
4002,0,-4.409999847412109,0.6468834280967712,6.556596755981445
4003,0,-4.409999847412109,0.6155111193656921,6.47551965713501
4004,0,-4.409999847412109,0.6444016098976135,6.401421070098877
4005,0,-4.409999847412109,0.6333941221237183,6.907329559326172
4006,0,-4.409999847412109,0.6512643694877625,6.695309162139893
4007,0,-4.409999847412109,0.6236702799797058,6.582962989807129
4008,0,-4.409999847412109,0.6232966184616089,6.463196277618408
4009,0,-4.409999847412109,0.6355246305465698,6.439758777618408
4010,0,-4.409999847412109,0.6388459801673889,6.6753435134887695
4011,0,-4.409999847412109,0.6301923394203186,6.471135139465332
4012,0,-4.409999847412109,0.6375443339347839,6.521787166595459
4013,1,4.889999866485596,0.6036796569824219,6.572098731994629
4014,1,4.889999866485596,0.6003741025924683,6.619569301605225
4015,0,-4.889999866485596,0.5803529024124146,6.209518909454346
4016,0,-4.889999866485596,0.6133750081062317,5.812232971191406
4017,0,-4.889999866485596,0.5814422369003296,5.668272972106934
4018,0,-4.889999866485596,0.600644052028656,6.5776824951171875
4019,0,-4.889999866485596,0.5924554467201233,5.863576889038086
4020,0,-4.889999866485596,0.5942778587341309,6.5673747062683105
4021,0,-4.889999866485596,0.6015669703483582,6.416688442230225
4022,0,-4.889999866485596,0.5889847874641418,6.07844352722168
4023,0,-4.889999866485596,0.5988515615463257,6.220131874084473
4024,0,-4.889999866485596,0.5994629859924316,6.569395065307617
4025,0,-4.889999866485596,0.581485390663147,5.804884433746338
4026,0,-4.889999866485596,0.5866659283638,5.903226375579834
4027,0,-4.889999866485596,0.5913895964622498,6.460078716278076
4028,0,-4.889999866485596,0.5808891654014587,6.8249192237854
4029,0,-4.889999866485596,0.5650704503059387,6.034598350524902
4030,0,-4.889999866485596,0.583837628364563,5.01840877532959
4031,0,-4.889999866485596,0.59934401512146,5.943264007568359
4032,0,-4.889999866485596,0.5976006388664246,6.053343772888184
4033,0,-4.889999866485596,0.5808523893356323,6.075131893157959
4034,1,6.889999866485596,0.6063602566719055,7.336706161499023
4035,0,-6.889999866485596,0.6208842396736145,6.819494724273682
4036,1,6.889999866485596,0.6066958904266357,7.328483581542969
4037,0,-6.889999866485596,0.5900015234947205,7.116035461425781
4038,0,-6.889999866485596,0.5943430066108704,6.9015302658081055
4039,0,-6.889999866485596,0.6055535674095154,6.559357643127441
4040,0,-6.889999866485596,0.603002667427063,6.598771095275879
4041,0,-6.889999866485596,0.5945801138877869,6.721124172210693
4042,0,-6.889999866485596,0.6185827255249023,6.966222286224365
4043,0,-6.889999866485596,0.5927024483680725,6.882519721984863
4044,0,-6.889999866485596,0.6100556254386902,7.0827460289001465
4045,0,-6.889999866485596,0.5947451591491699,6.81569766998291
4046,0,-6.889999866485596,0.5747541785240173,6.824270248413086
4047,0,-6.889999866485596,0.619969367980957,6.875922679901123
4048,0,-6.889999866485596,0.606538712978363,6.789957046508789
4049,0,-6.889999866485596,0.5939466953277588,7.004601955413818
4050,0,-6.889999866485596,0.6060894727706909,6.627179145812988
4051,0,-6.889999866485596,0.5798869729042053,6.931516647338867
4052,0,-6.889999866485596,0.6030468344688416,6.738065242767334
4053,0,-6.889999866485596,0.5903024077415466,7.230136394500732
4054,0,-6.889999866485596,0.5826454758644104,7.222008228302002
4055,1,8.359999656677246,0.6251413822174072,7.241918087005615
4056,0,-8.359999656677246,0.6141786575317383,7.389388561248779
4057,1,8.359999656677246,0.63218754529953,6.766970634460449
4058,0,-8.359999656677246,0.5500519275665283,8.393326759338379
4059,0,-8.359999656677246,0.5940765142440796,7.226861000061035
4060,0,-8.359999656677246,0.5525537729263306,7.401350975036621
4061,0,-8.359999656677246,0.5624999403953552,8.181589126586914
4062,0,-8.359999656677246,0.5578833818435669,7.452425003051758
4063,0,-8.359999656677246,0.5719329714775085,6.742149829864502
4064,0,-8.359999656677246,0.5707083940505981,7.866331577301025
4065,1,8.359999656677246,0.5539497137069702,8.34415054321289
4066,0,-8.359999656677246,0.5635998845100403,7.873532772064209
4067,0,-8.359999656677246,0.5650728940963745,6.50919246673584
4068,0,-8.359999656677246,0.5723046660423279,7.342616081237793
4069,0,-8.359999656677246,0.5558016896247864,8.413002967834473
4070,0,-8.359999656677246,0.5641605257987976,7.484896183013916
4071,0,-8.359999656677246,0.5752105116844177,7.6722917556762695
4072,0,-8.359999656677246,0.560689389705658,7.532646656036377
4073,0,-8.359999656677246,0.5604873299598694,8.588218688964844
4074,0,-8.359999656677246,0.5637522339820862,6.791003227233887
4075,1,4.050000190734863,0.5696994662284851,5.97488260269165
4076,0,-4.050000190734863,0.5918543934822083,6.268532752990723
4077,0,-4.050000190734863,0.5725458264350891,6.932875156402588
4078,0,-4.050000190734863,0.5957362651824951,7.1979594230651855
4079,0,-4.050000190734863,0.5987533330917358,7.142876148223877
4080,0,-4.050000190734863,0.6058917045593262,5.817197799682617
4081,0,-4.050000190734863,0.576288104057312,6.523613452911377
4082,0,-4.050000190734863,0.5938319563865662,6.603372097015381
4083,0,-4.050000190734863,0.6392841935157776,6.429927349090576
4084,0,-4.050000190734863,0.5895479321479797,6.588833808898926
4085,0,-4.050000190734863,0.5993682742118835,6.269689083099365
4086,0,-4.050000190734863,0.572128415107727,7.487211227416992
4087,0,-4.050000190734863,0.582002580165863,7.2395453453063965
4088,0,-4.050000190734863,0.5798683166503906,6.52641487121582
4089,0,-4.050000190734863,0.5695425271987915,6.576627731323242
4090,1,6.059999942779541,0.584998369216919,6.260663986206055
4091,0,-6.059999942779541,0.6056248545646667,5.523102760314941
4092,0,-6.059999942779541,0.6016952395439148,5.344420909881592
4093,0,-6.059999942779541,0.5817751884460449,6.198136329650879
4094,0,-6.059999942779541,0.5728119015693665,5.669886589050293
4095,0,-6.059999942779541,0.6211673021316528,6.072274208068848
4096,0,-6.059999942779541,0.5978041887283325,6.652589321136475
4097,0,-6.059999942779541,0.5697451233863831,5.354108810424805
4098,0,-6.059999942779541,0.5737106204032898,6.350476264953613
4099,0,-6.059999942779541,0.6209936141967773,5.321648120880127
4100,0,-6.059999942779541,0.6119270920753479,5.890195369720459
4101,0,-6.059999942779541,0.5882150530815125,5.770488739013672
4102,0,-6.059999942779541,0.5856969356536865,5.776093482971191
4103,0,-6.059999942779541,0.5966225266456604,5.674026012420654
4104,0,-6.059999942779541,0.6044028401374817,6.037863254547119
4105,0,-6.059999942779541,0.5922547578811646,5.507354736328125
4106,0,-6.059999942779541,0.6193284392356873,5.626786708831787
4107,0,-6.059999942779541,0.6098421812057495,6.183476448059082
4108,0,-6.059999942779541,0.5625993609428406,6.381930828094482
4109,0,-6.059999942779541,0.5974375605583191,6.587483882904053
4110,0,-6.059999942779541,0.5919977426528931,5.752364158630371
4111,1,5.599999904632568,0.5797881484031677,6.722713470458984
4112,0,-5.599999904632568,0.5788827538490295,6.3096232414245605
4113,0,-5.599999904632568,0.5913917422294617,6.444879055023193
4114,0,-5.599999904632568,0.584661066532135,5.773030757904053
4115,0,-5.599999904632568,0.57249516248703,6.451150894165039
4116,0,-5.599999904632568,0.5906063914299011,5.992156505584717
4117,0,-5.599999904632568,0.5629177093505859,6.4219160079956055
4118,0,-5.599999904632568,0.5915389657020569,6.342499256134033
4119,0,-5.599999904632568,0.5647216439247131,6.290160179138184
4120,0,-5.599999904632568,0.5774402022361755,6.440195083618164
4121,0,-5.599999904632568,0.5671223402023315,7.21467924118042
4122,0,-5.599999904632568,0.5661596059799194,5.79677152633667
4123,0,-5.599999904632568,0.6232642531394958,5.9467058181762695
4124,0,-5.599999904632568,0.5699321031570435,6.1708149909973145
4125,0,-5.599999904632568,0.6290637254714966,6.328467845916748
4126,0,-5.599999904632568,0.5665338039398193,5.856650352478027
4127,0,-5.599999904632568,0.5980455279350281,6.147547721862793
4128,0,-5.599999904632568,0.5862854719161987,6.105579376220703
4129,0,-5.599999904632568,0.5899996161460876,7.058701515197754
4130,0,-5.599999904632568,0.5774052739143372,6.615617275238037
4131,0,-5.599999904632568,0.6125720143318176,5.956737518310547
4132,1,5.440000057220459,0.6428879499435425,6.2847514152526855
4133,1,5.440000057220459,0.6527407765388489,6.1186442375183105
4134,0,-5.440000057220459,0.6349571347236633,6.7100396156311035
4135,1,5.440000057220459,0.6136975288391113,6.342572212219238
4136,0,-5.440000057220459,0.6285688281059265,6.405737400054932
4137,1,9.550000190734863,0.5913422107696533,6.42592716217041
4138,0,-9.550000190734863,0.5859003663063049,6.056361675262451
4139,0,-9.550000190734863,0.5904539227485657,6.513711452484131
4140,0,-9.550000190734863,0.5772538781166077,5.964198112487793
4141,0,-9.550000190734863,0.5851045846939087,6.240963459014893
4142,0,-9.550000190734863,0.6033772230148315,6.080996990203857
4143,0,-9.550000190734863,0.5898471474647522,6.420292854309082
4144,0,-9.550000190734863,0.592778205871582,5.989457607269287
4145,0,-9.550000190734863,0.5780032277107239,6.331399917602539
4146,0,-9.550000190734863,0.5773786902427673,6.297101020812988
4147,0,-9.550000190734863,0.5818943977355957,6.329470157623291
4148,0,-9.550000190734863,0.5879777669906616,6.192807197570801
4149,0,-9.550000190734863,0.5698419213294983,6.212497711181641
4150,0,-9.550000190734863,0.5734197497367859,5.656280517578125
4151,0,-9.550000190734863,0.5766652226448059,6.313395977020264
4152,0,-9.550000190734863,0.5715073347091675,6.616900444030762
4153,0,-9.550000190734863,0.5722920298576355,6.162018299102783
4154,0,-9.550000190734863,0.5738014578819275,6.695433139801025
4155,1,8.720000267028809,0.582466185092926,7.606675624847412
4156,1,8.720000267028809,0.5918466448783875,7.727341651916504
4157,1,8.720000267028809,0.5732072591781616,8.118463516235352
4158,0,-8.720000267028809,0.6045845746994019,7.430027008056641
4159,0,-8.720000267028809,0.5715625286102295,7.791954040527344
4160,0,-8.720000267028809,0.5531997084617615,8.889142036437988
4161,0,-8.720000267028809,0.574217677116394,7.466711044311523
4162,0,-8.720000267028809,0.5725486874580383,8.672327041625977
4163,0,-8.720000267028809,0.5750589370727539,7.470983982086182
4164,0,-8.720000267028809,0.5664006471633911,8.796614646911621
4165,0,-8.720000267028809,0.5697937607765198,7.169621467590332
4166,0,-8.720000267028809,0.5852057933807373,7.694164276123047
4167,0,-8.720000267028809,0.5788374543190002,7.140900611877441
4168,0,-8.720000267028809,0.5654661059379578,7.067041397094727
4169,0,-8.720000267028809,0.5585476756095886,8.467829704284668
4170,1,9.720000267028809,0.6433787941932678,7.5324249267578125
4171,1,9.720000267028809,0.5975369811058044,8.140424728393555
4172,0,-9.720000267028809,0.6629335284233093,8.540424346923828
4173,0,-9.720000267028809,0.6240240931510925,8.82805347442627
4174,0,-9.720000267028809,0.6488655805587769,7.79720401763916
4175,0,-9.720000267028809,0.6548430323600769,7.840576171875
4176,0,-9.720000267028809,0.6258195638656616,7.6333770751953125
4177,0,-9.720000267028809,0.6322424411773682,8.072531700134277
4178,1,5.150000095367432,0.6332456469535828,6.499122142791748
4179,1,5.150000095367432,0.6333125233650208,6.500133037567139
4180,0,-5.150000095367432,0.6614877581596375,7.5048394203186035
4181,0,-5.150000095367432,0.6413952708244324,6.8350830078125
4182,0,-5.150000095367432,0.6275808215141296,6.617478370666504
4183,0,-5.150000095367432,0.6228653192520142,7.3073530197143555
4184,0,-5.150000095367432,0.6635052561759949,6.887516021728516
4185,0,-5.150000095367432,0.6325801014900208,6.885079860687256
4186,0,-5.150000095367432,0.6257898807525635,6.98979377746582
4187,0,-5.150000095367432,0.6461045742034912,6.494473934173584
4188,0,-5.150000095367432,0.6479110717773438,6.417809963226318
4189,0,-5.150000095367432,0.6404052972793579,6.9008097648620605
4190,0,-5.150000095367432,0.6399856805801392,6.460402965545654
4191,0,-5.150000095367432,0.6560333371162415,7.271518230438232
4192,0,-5.150000095367432,0.6174428462982178,6.943750381469727
4193,0,-5.150000095367432,0.67067551612854,7.1106085777282715
4194,0,-5.150000095367432,0.6439579129219055,7.099069118499756
4195,0,-5.150000095367432,0.6375705003738403,6.221002578735352
4196,0,-5.150000095367432,0.6128514409065247,6.596480369567871
4197,0,-5.150000095367432,0.6398597359657288,6.797135829925537
4198,0,-7.159999847412109,0.6287015676498413,6.904843807220459
4199,0,-7.159999847412109,0.5956586599349976,6.252060890197754
4200,0,-7.159999847412109,0.6039690375328064,5.526252746582031
4201,1,6.019999980926514,0.6206540465354919,5.998157978057861
4202,1,6.019999980926514,0.583509624004364,6.301146507263184
4203,1,6.019999980926514,0.5835539102554321,6.2987775802612305
4204,1,6.019999980926514,0.6166229844093323,6.535785675048828
4205,1,6.019999980926514,0.6231049299240112,6.5851287841796875
4206,1,6.019999980926514,0.6318475604057312,6.501813888549805
4207,0,-6.019999980926514,0.5941122174263,5.554616928100586
4208,0,-4.190000057220459,0.6363944411277771,5.7971014976501465
4209,0,-4.190000057220459,0.6263237595558167,6.044412136077881
4210,0,-4.190000057220459,0.6182980537414551,5.426009178161621
4211,0,-4.190000057220459,0.6238369345664978,5.520480155944824
4212,1,6.320000171661377,0.6462860107421875,6.912136554718018
4213,1,6.320000171661377,0.6133602857589722,6.996217727661133
4214,1,6.320000171661377,0.6594446897506714,6.716909885406494
4215,0,-6.320000171661377,0.602921724319458,6.50864315032959
4216,0,-6.320000171661377,0.6444778442382812,6.620943546295166
4217,0,-6.320000171661377,0.6330168843269348,7.198455333709717
4218,0,-6.320000171661377,0.6204289793968201,6.635569095611572
4219,0,-6.320000171661377,0.5786356329917908,6.924860000610352
4220,0,-6.320000171661377,0.6145311594009399,6.4861955642700195
4221,1,5.099999904632568,0.5939235091209412,5.124585151672363
4222,0,-5.099999904632568,0.6149619817733765,5.441839694976807
4223,0,-5.099999904632568,0.6096352934837341,5.548049449920654
4224,0,-5.099999904632568,0.5852212309837341,5.322500228881836
4225,0,-5.099999904632568,0.5873594284057617,6.099869251251221
4226,0,-5.099999904632568,0.591779351234436,5.433352947235107
4227,0,-5.099999904632568,0.582229733467102,6.735964775085449
4228,0,-5.099999904632568,0.5678112506866455,5.846927642822266
4229,0,-5.099999904632568,0.5810225605964661,5.400476455688477
4230,0,-5.099999904632568,0.5867908000946045,5.465351104736328
4231,0,-5.099999904632568,0.5990171432495117,5.072112083435059
4232,0,-5.099999904632568,0.58963543176651,5.421760559082031
4233,0,-5.099999904632568,0.599653422832489,4.758542060852051
4234,0,-5.099999904632568,0.6117967963218689,5.860721111297607
4235,0,-5.099999904632568,0.5946871638298035,5.090291500091553
4236,0,-5.099999904632568,0.5941424369812012,5.778737545013428
4237,0,-5.099999904632568,0.6047415733337402,5.640777111053467
4238,0,-5.099999904632568,0.5970656871795654,5.862098217010498
4239,0,-5.099999904632568,0.6004853248596191,5.910910606384277
4240,0,-5.099999904632568,0.5763913989067078,5.447702407836914
4241,0,-5.099999904632568,0.5874330401420593,5.573276996612549
4242,1,7.960000038146973,0.6490169763565063,5.271225452423096
4243,1,7.960000038146973,0.6346785426139832,6.186989784240723
4244,1,7.960000038146973,0.6033470034599304,5.8732476234436035
4245,1,7.960000038146973,0.6133366823196411,5.5595293045043945
4246,0,-7.960000038146973,0.6379431486129761,5.638750076293945
4247,0,-7.960000038146973,0.6562155485153198,5.7954792976379395
4248,0,-7.960000038146973,0.5988970398902893,6.022597789764404
4249,0,-7.960000038146973,0.6278203725814819,5.70558500289917
4250,0,-7.960000038146973,0.6331586241722107,5.848457336425781
4251,0,-7.960000038146973,0.6523582935333252,6.086884498596191
4252,0,-7.960000038146973,0.6204476356506348,5.8143839836120605
4253,0,-7.960000038146973,0.5818276405334473,5.899603366851807
4254,0,-7.960000038146973,0.6110954880714417,6.301298141479492
4255,0,-7.960000038146973,0.6150960922241211,5.818756580352783
4256,0,-7.960000038146973,0.6358405947685242,5.606204032897949
4257,1,4.849999904632568,0.6012270450592041,5.458157062530518
4258,1,4.849999904632568,0.6042531728744507,5.6011199951171875
4259,0,-4.849999904632568,0.5905251502990723,5.6845269203186035
4260,0,-4.849999904632568,0.5905306935310364,6.1692681312561035
4261,0,-4.849999904632568,0.5855432748794556,5.08286190032959
4262,0,-4.849999904632568,0.5840612649917603,5.765661716461182
4263,0,-4.849999904632568,0.5783438086509705,5.883599281311035
4264,0,-4.849999904632568,0.5696278810501099,4.489371299743652
4265,0,-4.849999904632568,0.5742238759994507,5.423795700073242
4266,0,-4.849999904632568,0.5925489068031311,5.763741493225098
4267,0,-4.849999904632568,0.5793507695198059,5.943395137786865
4268,0,-4.849999904632568,0.589401125907898,4.804931163787842
4269,0,-4.849999904632568,0.5964057445526123,6.219083786010742
4270,0,-4.849999904632568,0.5933316349983215,6.1510396003723145
4271,0,-4.849999904632568,0.5894181728363037,5.204006195068359
4272,0,-4.849999904632568,0.6191359162330627,6.316059589385986
4273,0,-4.849999904632568,0.5806835293769836,5.501697540283203
4274,0,-4.849999904632568,0.5712050795555115,5.577117443084717
4275,0,-4.849999904632568,0.581817090511322,5.666136741638184
4276,0,-4.849999904632568,0.5951740145683289,5.60948371887207
4277,0,-4.849999904632568,0.5785763263702393,5.216183185577393
4278,1,6.110000133514404,0.5607739090919495,8.1007661819458
4279,1,6.110000133514404,0.5981341600418091,9.30175495147705
4280,1,6.110000133514404,0.6098675727844238,9.389776229858398
4281,0,-6.110000133514404,0.6109636425971985,9.20819091796875
4282,0,-6.110000133514404,0.5951020121574402,8.870686531066895
4283,0,-6.110000133514404,0.6080153584480286,9.598078727722168
4284,0,-6.110000133514404,0.6138890981674194,9.798992156982422
4285,0,-6.110000133514404,0.5938401818275452,9.448583602905273
4286,0,-6.110000133514404,0.6275913715362549,9.566400527954102
4287,1,6.110000133514404,0.6074323654174805,9.806314468383789
4288,0,-6.110000133514404,0.5994462370872498,8.875439643859863
4289,0,-6.110000133514404,0.6144667267799377,9.431766510009766
4290,0,-6.110000133514404,0.5821917057037354,8.682659149169922
4291,0,-6.110000133514404,0.5737879872322083,9.378535270690918
4292,0,-6.110000133514404,0.5792534351348877,8.955371856689453
4293,0,-6.110000133514404,0.5873668193817139,9.199689865112305
4294,0,-6.110000133514404,0.5791646838188171,8.865683555603027
4295,0,-6.110000133514404,0.6116474866867065,9.61062240600586
4296,1,5.570000171661377,0.6168475151062012,6.239920139312744
4297,1,5.570000171661377,0.6129944324493408,6.209069728851318
4298,0,-5.570000171661377,0.6227050423622131,6.295322418212891
4299,0,-5.570000171661377,0.6183304786682129,5.980876445770264
4300,0,-5.570000171661377,0.5930351614952087,5.452571868896484
4301,0,-5.570000171661377,0.6358043551445007,6.175589084625244
4302,0,-5.570000171661377,0.624976396560669,6.125153541564941
4303,0,-5.570000171661377,0.6177027225494385,6.343786716461182
4304,0,-5.570000171661377,0.6082025170326233,6.116146564483643
4305,0,-5.570000171661377,0.6010711193084717,6.594177722930908
4306,0,-5.570000171661377,0.620924711227417,5.883726119995117
4307,0,-5.570000171661377,0.6103909015655518,5.749258518218994
4308,0,-5.570000171661377,0.6260511875152588,6.008247375488281
4309,0,-5.570000171661377,0.6194741129875183,5.771071434020996
4310,0,-5.570000171661377,0.6250201463699341,6.040114879608154
4311,0,-5.570000171661377,0.6345893740653992,6.159615993499756
4312,0,-5.570000171661377,0.6385951042175293,6.189862251281738
4313,0,-5.570000171661377,0.6143819093704224,6.039958477020264
4314,0,-5.570000171661377,0.6007238626480103,5.831765174865723
4315,0,-5.570000171661377,0.6206690073013306,6.2819013595581055
4316,0,-5.570000171661377,0.6268743276596069,6.112799644470215
4317,1,6.019999980926514,0.6117250919342041,6.5089263916015625
4318,1,6.019999980926514,0.6270791888237,6.57711935043335
4319,0,-6.019999980926514,0.61506187915802,6.076315879821777
4320,0,-6.019999980926514,0.5996571183204651,6.047684669494629
4321,0,-6.019999980926514,0.6457288265228271,6.266355991363525
4322,0,-6.019999980926514,0.6056853532791138,5.829275131225586
4323,0,-6.019999980926514,0.6169809103012085,6.1703877449035645
4324,0,-6.019999980926514,0.5940561890602112,6.1361894607543945
4325,0,-6.019999980926514,0.6157248020172119,6.294022560119629
4326,0,-6.019999980926514,0.6191652417182922,5.976357460021973
4327,0,-6.019999980926514,0.6001474261283875,6.212977886199951
4328,0,-6.019999980926514,0.612443208694458,5.97293758392334
4329,0,-6.019999980926514,0.6202964782714844,6.3785529136657715
4330,0,-6.019999980926514,0.6165270805358887,6.308102607727051
4331,0,-6.019999980926514,0.612652063369751,6.767518043518066
4332,0,-6.019999980926514,0.6241727471351624,6.385213375091553
4333,0,-7.800000190734863,0.5835320353507996,5.037535190582275
4334,0,-7.800000190734863,0.6123071908950806,5.223565578460693
4335,0,-7.800000190734863,0.5856459140777588,5.37137508392334
4336,0,-7.800000190734863,0.5756866335868835,5.57143497467041
4337,0,-7.800000190734863,0.6121439933776855,5.721705913543701
4338,0,-7.800000190734863,0.6376538872718811,4.913830757141113
4339,0,-7.800000190734863,0.6084911823272705,5.305870532989502
4340,0,-7.800000190734863,0.5830833315849304,5.012108325958252
4341,0,-7.800000190734863,0.6070945858955383,5.374284744262695
4342,0,-7.800000190734863,0.5936172604560852,5.743539810180664
4343,0,-7.800000190734863,0.5987102389335632,5.912680149078369
4344,0,-7.800000190734863,0.5784780383110046,4.878716468811035
4345,0,-7.800000190734863,0.5803189873695374,5.287982940673828
4346,0,-7.800000190734863,0.5731666088104248,5.3275532722473145
4347,0,-7.800000190734863,0.6055033206939697,5.5011725425720215
4348,0,-7.800000190734863,0.570052444934845,5.421151638031006
4349,0,-7.800000190734863,0.5989226698875427,5.514598846435547
4350,0,-7.800000190734863,0.5740457773208618,5.446713924407959
4351,0,-7.800000190734863,0.6457491517066956,6.623506546020508
4352,0,-7.800000190734863,0.5661892294883728,6.173349857330322
4353,1,2.4000000953674316,0.5887532234191895,6.165005683898926
4354,0,-2.4000000953674316,0.632597804069519,6.31529426574707
4355,0,-2.4000000953674316,0.6106898784637451,5.3000593185424805
4356,0,-2.4000000953674316,0.6124279499053955,6.089015960693359
4357,0,-2.4000000953674316,0.6039726734161377,5.484869956970215
4358,0,-2.4000000953674316,0.5741507411003113,5.913427829742432
4359,0,-2.4000000953674316,0.6025220155715942,5.722403526306152
4360,0,-2.4000000953674316,0.5907235741615295,5.961251258850098
4361,0,-2.4000000953674316,0.6159691214561462,6.019070625305176
4362,0,-2.4000000953674316,0.6071813106536865,5.541837692260742
4363,0,-2.4000000953674316,0.6393626928329468,6.351451396942139
4364,0,-2.4000000953674316,0.5989944338798523,6.148587226867676
4365,0,-2.4000000953674316,0.584581732749939,6.528792381286621
4366,0,-2.4000000953674316,0.5859158039093018,6.324909210205078
4367,0,-2.4000000953674316,0.6015864610671997,6.121668815612793
4368,0,-2.4000000953674316,0.6034080386161804,6.7042341232299805
4369,0,-2.4000000953674316,0.5966318249702454,6.290530204772949
4370,0,-2.4000000953674316,0.6088630557060242,5.67012357711792
4371,0,-2.4000000953674316,0.5961382985115051,5.386383533477783
4372,0,-2.4000000953674316,0.6441038250923157,7.025083065032959
4373,0,-2.4000000953674316,0.600734293460846,6.5299272537231445
4374,1,3.5799999237060547,0.5955402851104736,6.574411869049072
4375,0,-3.5799999237060547,0.585120439529419,6.576704978942871
4376,0,-3.5799999237060547,0.5755408406257629,8.051485061645508
4377,0,-3.5799999237060547,0.6146859526634216,6.8375325202941895
4378,0,-3.5799999237060547,0.5935351848602295,6.644552707672119
4379,0,-3.5799999237060547,0.5735641717910767,6.857701301574707
4380,0,-3.5799999237060547,0.5939766764640808,6.505483627319336
4381,0,-3.5799999237060547,0.5934971570968628,7.071628093719482
4382,0,-3.5799999237060547,0.6008592844009399,6.244943618774414
4383,0,-3.5799999237060547,0.579134464263916,5.376965522766113
4384,0,-3.5799999237060547,0.6063153147697449,6.9928436279296875
4385,0,-3.5799999237060547,0.5793929100036621,6.0098185539245605
4386,0,-3.5799999237060547,0.6015568971633911,5.7225871086120605
4387,0,-3.5799999237060547,0.5998554229736328,6.7159881591796875
4388,0,-3.5799999237060547,0.5797113180160522,6.970911026000977
4389,0,-3.5799999237060547,0.6140187382698059,6.408620357513428
4390,0,-3.5799999237060547,0.5850896835327148,6.359969139099121
4391,0,-3.5799999237060547,0.5875259637832642,6.95524787902832
4392,1,6.820000171661377,0.5773049592971802,6.580306529998779
4393,0,-6.820000171661377,0.5964639782905579,6.510670185089111
4394,0,-6.820000171661377,0.6075920462608337,6.5709733963012695
4395,0,-6.820000171661377,0.5820329189300537,5.7262983322143555
4396,0,-6.820000171661377,0.6019123196601868,8.091777801513672
4397,0,-6.820000171661377,0.6140241026878357,5.810066223144531
4398,0,-6.820000171661377,0.5869705080986023,6.173426151275635
4399,0,-6.820000171661377,0.5908381342887878,6.317410469055176
4400,0,-6.820000171661377,0.6123829483985901,5.899529933929443
4401,0,-6.820000171661377,0.5896078944206238,6.41323709487915
4402,0,-6.820000171661377,0.5809906721115112,5.666869640350342
4403,0,-6.820000171661377,0.6109324097633362,5.501203536987305
4404,0,-6.820000171661377,0.6000173091888428,5.86163854598999
4405,0,-6.820000171661377,0.6128065586090088,5.827254772186279
4406,0,-6.820000171661377,0.5868189930915833,6.142914295196533
4407,0,-6.820000171661377,0.5903845429420471,6.451839923858643
4408,0,-6.820000171661377,0.5924889445304871,6.937957286834717
4409,0,-6.820000171661377,0.6014711856842041,5.807079315185547
4410,0,-6.820000171661377,0.5905274152755737,6.058710098266602
4411,0,-6.820000171661377,0.5967722535133362,5.753885746002197
4412,0,-6.820000171661377,0.6011022925376892,6.4954118728637695
4413,1,7.090000152587891,0.5786234736442566,7.119873046875
4414,0,-7.090000152587891,0.5953844785690308,6.346458911895752
4415,0,-7.090000152587891,0.6241536736488342,7.755517959594727
4416,0,-7.090000152587891,0.6289635896682739,7.443079948425293
4417,0,-7.090000152587891,0.6179051995277405,7.006388187408447
4418,0,-7.090000152587891,0.6074107885360718,6.944030284881592
4419,0,-7.090000152587891,0.5853706002235413,6.878277778625488
4420,0,-7.090000152587891,0.5906165838241577,7.179676532745361
4421,0,-7.090000152587891,0.6314326524734497,7.121952056884766
4422,0,-7.090000152587891,0.6119705438613892,7.629887580871582
4423,0,-7.090000152587891,0.6029888391494751,6.681419372558594
4424,0,-7.090000152587891,0.5877294540405273,7.732166290283203
4425,0,-7.090000152587891,0.5954145193099976,6.703495025634766
4426,0,-7.090000152587891,0.6679129004478455,8.72286605834961
4427,0,-7.090000152587891,0.6101722121238708,6.558920383453369
4428,0,-7.090000152587891,0.5847787261009216,7.420049667358398
4429,0,-7.090000152587891,0.5929526686668396,7.268959999084473
4430,0,-7.090000152587891,0.6032123565673828,7.109716415405273
4431,0,-7.090000152587891,0.5872882008552551,7.688788414001465
4432,0,-7.090000152587891,0.6078159809112549,6.85309362411499
4433,0,-7.090000152587891,0.5959520936012268,6.527729511260986
4434,1,8.479999542236328,0.5755469799041748,5.921912670135498
4435,1,8.479999542236328,0.5760504603385925,6.467398166656494
4436,0,-8.479999542236328,0.5870274305343628,6.192989826202393
4437,0,-8.479999542236328,0.5795179009437561,5.651115417480469
4438,0,-8.479999542236328,0.6133367419242859,6.394312858581543
4439,0,-8.479999542236328,0.5984544157981873,6.439440727233887
4440,0,-8.479999542236328,0.6172745227813721,5.791407108306885
4441,0,-8.479999542236328,0.5988571047782898,6.108555316925049
4442,0,-8.479999542236328,0.6135424375534058,6.114712715148926
4443,0,-8.479999542236328,0.6068689227104187,5.869409561157227
4444,0,-8.479999542236328,0.5772274136543274,5.899280071258545
4445,0,-8.479999542236328,0.5959982872009277,6.055567264556885
4446,0,-8.479999542236328,0.5846770405769348,6.060214042663574
4447,0,-8.479999542236328,0.5938334465026855,6.233025550842285
4448,1,8.300000190734863,0.5745965242385864,5.735230922698975
4449,0,-8.300000190734863,0.6270899772644043,6.774641990661621
4450,0,-8.300000190734863,0.6030794978141785,5.769129276275635
4451,0,-8.300000190734863,0.5911694169044495,5.569572925567627
4452,0,-8.300000190734863,0.5748026371002197,6.152303695678711
4453,0,-8.300000190734863,0.5935847759246826,5.872416019439697
4454,0,-8.300000190734863,0.5980414152145386,6.677838325500488
4455,0,-8.300000190734863,0.5839897990226746,5.895037651062012
4456,0,-8.300000190734863,0.5948121547698975,5.238236427307129
4457,0,-8.300000190734863,0.5913439393043518,5.763816833496094
4458,0,-8.300000190734863,0.6021758317947388,6.206351280212402
4459,0,-8.300000190734863,0.611764669418335,6.065380096435547
4460,0,-8.300000190734863,0.5833603739738464,6.3976545333862305
4461,0,-8.300000190734863,0.6052994132041931,5.957675457000732
4462,0,-8.300000190734863,0.5710791349411011,6.222397327423096
4463,0,-8.300000190734863,0.5875093340873718,5.3437933921813965
4464,0,-8.300000190734863,0.6149179339408875,5.912116050720215
4465,0,-8.300000190734863,0.6059040427207947,6.731858730316162
4466,0,-8.300000190734863,0.575480043888092,5.847849369049072
4467,0,-8.300000190734863,0.596555769443512,6.495405197143555
4468,0,-8.300000190734863,0.5964882373809814,6.115575790405273
4469,1,10.300000190734863,0.6479921340942383,8.816300392150879
4470,1,10.300000190734863,0.620114266872406,9.145820617675781
4471,0,-10.300000190734863,0.680161714553833,7.379212379455566
4472,0,-10.300000190734863,0.6114398241043091,7.325643062591553
4473,1,4.760000228881836,0.6036924719810486,6.5835466384887695
4474,0,-4.760000228881836,0.584496259689331,6.492020130157471
4475,0,-4.760000228881836,0.6046788692474365,6.209479808807373
4476,0,-4.760000228881836,0.6087601184844971,6.1523027420043945
4477,0,-4.760000228881836,0.5927956700325012,6.829041004180908
4478,0,-4.760000228881836,0.5851393938064575,7.301473617553711
4479,0,-4.760000228881836,0.6135132312774658,6.545892238616943
4480,1,4.760000228881836,0.6276106238365173,6.392450332641602
4481,0,-4.760000228881836,0.6226942539215088,6.525760650634766
4482,0,-4.760000228881836,0.5829212069511414,6.535496711730957
4483,0,-4.760000228881836,0.6089052557945251,6.619921684265137
4484,0,-4.760000228881836,0.6135073304176331,6.516051292419434
4485,0,-4.760000228881836,0.6242647171020508,6.564335346221924
4486,0,-4.760000228881836,0.5702970623970032,7.016702651977539
4487,0,-4.760000228881836,0.6043229699134827,6.074929714202881
4488,0,-4.760000228881836,0.6270442605018616,5.7820587158203125
4489,0,-4.760000228881836,0.6104328036308289,6.652176380157471
4490,0,-4.760000228881836,0.6065587997436523,6.605827808380127
4491,0,-4.760000228881836,0.63970547914505,6.652897834777832
4492,0,-4.760000228881836,0.6285762786865234,6.401760101318359
4493,1,5.960000038146973,0.5976002812385559,6.715002536773682
4494,1,5.960000038146973,0.5948299169540405,6.757266521453857
4495,0,-5.960000038146973,0.6146508455276489,6.905933856964111
4496,0,-5.960000038146973,0.5840831398963928,6.379795074462891
4497,0,-5.960000038146973,0.6247559785842896,7.172659873962402
4498,0,-5.960000038146973,0.5984818339347839,6.641404151916504
4499,0,-5.960000038146973,0.634013295173645,6.7455973625183105
4500,0,-5.960000038146973,0.5996534824371338,6.848544120788574
4501,0,-5.960000038146973,0.6212437748908997,6.476184368133545
4502,0,-5.960000038146973,0.6431481242179871,6.1510329246521
4503,0,-5.960000038146973,0.6163990497589111,6.5445709228515625
4504,0,-5.960000038146973,0.5936439633369446,6.136861801147461
4505,0,-5.960000038146973,0.6324372291564941,6.740296363830566
4506,0,-5.960000038146973,0.6110303401947021,6.6545844078063965
4507,0,-5.960000038146973,0.6239083409309387,6.6297783851623535
4508,0,-5.960000038146973,0.6274527907371521,6.628698825836182
4509,0,-5.960000038146973,0.6605919003486633,5.819820404052734
4510,0,-5.960000038146973,0.6428008079528809,6.380575180053711
4511,0,-5.960000038146973,0.590691864490509,6.665547847747803
4512,0,-5.960000038146973,0.6190627813339233,6.839138031005859
4513,0,-5.960000038146973,0.628553569316864,6.385315895080566
4514,0,-7.320000171661377,0.6492490768432617,6.54423713684082
4515,1,7.320000171661377,0.6137455105781555,6.101839065551758
4516,0,-7.320000171661377,0.6066139340400696,7.538510799407959
4517,0,-7.320000171661377,0.6099705100059509,6.442504405975342
4518,0,-7.320000171661377,0.6456952095031738,6.457393646240234
4519,0,-7.320000171661377,0.6187795996665955,6.695908546447754
4520,0,-7.320000171661377,0.631989598274231,5.932487964630127
4521,0,-7.320000171661377,0.6023628115653992,6.8681206703186035
4522,0,-7.320000171661377,0.6343101263046265,6.2221503257751465
4523,0,-7.320000171661377,0.5803806185722351,6.47931432723999
4524,0,-7.320000171661377,0.6396973133087158,6.6165385246276855
4525,0,-7.320000171661377,0.6031288504600525,6.400358200073242
4526,0,-7.320000171661377,0.6138112545013428,6.416083335876465
4527,0,-7.320000171661377,0.5776045322418213,6.756422519683838
4528,0,-7.320000171661377,0.6074398756027222,6.150639533996582
4529,0,-7.320000171661377,0.6352276802062988,6.266860485076904
4530,0,-7.320000171661377,0.611183762550354,6.725878715515137
4531,0,-7.320000171661377,0.567676305770874,7.541660308837891
4532,0,-7.320000171661377,0.5918785333633423,6.771865367889404
4533,0,-7.320000171661377,0.6317548155784607,6.310042381286621
4534,1,6.300000190734863,0.6577525734901428,6.516840934753418
4535,0,-6.300000190734863,0.5912185907363892,6.150288105010986
4536,0,-6.300000190734863,0.669466495513916,6.094320774078369
4537,0,-6.300000190734863,0.6323044300079346,6.886602401733398
4538,0,-6.300000190734863,0.6377871632575989,5.793970108032227
4539,0,-6.300000190734863,0.6447179913520813,5.81433629989624
4540,1,6.300000190734863,0.5894574522972107,6.614352226257324
4541,0,-6.300000190734863,0.6168259382247925,6.744379997253418
4542,0,-6.300000190734863,0.6077156066894531,5.981998920440674
4543,1,6.300000190734863,0.6473500728607178,5.572025775909424
4544,0,-6.300000190734863,0.6085814237594604,5.900117874145508
4545,0,-6.300000190734863,0.6059902310371399,6.411454677581787
4546,0,-6.300000190734863,0.5865432620048523,8.642522811889648
4547,0,-6.300000190734863,0.6528950929641724,6.292027473449707
4548,0,-6.300000190734863,0.615016758441925,6.488096714019775
4549,0,-6.300000190734863,0.6187046766281128,7.430477619171143
4550,0,-6.300000190734863,0.6376314759254456,6.184940338134766
4551,0,-6.300000190734863,0.6260075569152832,6.428447723388672
4552,0,-6.300000190734863,0.6125378012657166,7.443327903747559
4553,0,-6.300000190734863,0.5957228541374207,7.0718770027160645
4554,0,-6.300000190734863,0.6012371778488159,5.9654622077941895
4555,0,-4.690000057220459,0.6170122027397156,6.649515628814697
4556,0,-4.690000057220459,0.6305519938468933,6.504892349243164
4557,0,-4.690000057220459,0.6154691576957703,6.218540191650391
4558,0,-4.690000057220459,0.626675546169281,6.1745123863220215
4559,0,-4.690000057220459,0.6153889894485474,6.470794677734375
4560,0,-4.690000057220459,0.6431177258491516,6.544571876525879
4561,0,-4.690000057220459,0.622511625289917,6.35050630569458
4562,0,-4.690000057220459,0.62138432264328,6.737608432769775
4563,0,-4.690000057220459,0.5931833386421204,6.175166130065918
4564,0,-4.690000057220459,0.5989193916320801,6.15346622467041
4565,0,-4.690000057220459,0.6086027026176453,6.32800817489624
4566,0,-4.690000057220459,0.6019957065582275,5.658789157867432
4567,0,-4.690000057220459,0.6034913659095764,6.276852130889893
4568,0,-4.690000057220459,0.6067829132080078,6.288005352020264
4569,0,-4.690000057220459,0.5974109172821045,6.226031303405762
4570,0,-4.690000057220459,0.6219055652618408,7.082317352294922
4571,0,-4.690000057220459,0.6311923861503601,6.5151238441467285
4572,0,-4.690000057220459,0.6083664894104004,6.462798118591309
4573,0,-4.690000057220459,0.6089084148406982,6.805821418762207
4574,0,-4.690000057220459,0.5938854217529297,6.376486301422119
4575,0,-4.690000057220459,0.598744809627533,6.2480034828186035
4576,0,-5.010000228881836,0.6320369839668274,6.624240398406982
4577,0,-5.010000228881836,0.6280044317245483,6.319370269775391
4578,0,-5.010000228881836,0.6145583391189575,6.1605610847473145
4579,0,-5.010000228881836,0.6340229511260986,6.703954696655273
4580,0,-5.010000228881836,0.6105933785438538,7.020270347595215
4581,0,-5.010000228881836,0.622707188129425,6.445960521697998
4582,0,-5.010000228881836,0.593033492565155,6.8436102867126465
4583,0,-5.010000228881836,0.6075743436813354,6.172133922576904
4584,0,-5.010000228881836,0.6392847299575806,6.041687965393066
4585,0,-5.010000228881836,0.6023662686347961,6.033653259277344
4586,0,-5.010000228881836,0.6064322590827942,6.5740966796875
4587,0,-5.010000228881836,0.5956568717956543,5.718410015106201
4588,0,-5.010000228881836,0.5970288515090942,6.599689483642578
4589,0,-5.010000228881836,0.5829771757125854,5.995140075683594
4590,0,-5.010000228881836,0.6028837561607361,6.253485202789307
4591,0,-5.010000228881836,0.6122369766235352,6.346656799316406
4592,0,-5.010000228881836,0.5948531627655029,6.719388961791992
4593,0,-5.010000228881836,0.599507212638855,6.222814083099365
4594,0,-5.010000228881836,0.6101815104484558,6.484638690948486
4595,0,-5.010000228881836,0.6005569696426392,6.438839435577393
4596,0,-5.010000228881836,0.5734433531761169,6.165319919586182
4597,1,3.9700000286102295,0.6017866730690002,6.638750076293945
4598,1,3.9700000286102295,0.6511156558990479,6.667050361633301
4599,0,-3.9700000286102295,0.6270800828933716,6.456148147583008
4600,0,-3.9700000286102295,0.6027064919471741,6.337962627410889
4601,0,-3.9700000286102295,0.6239033937454224,6.636110782623291
4602,0,-3.9700000286102295,0.6143314242362976,6.362905979156494
4603,0,-3.9700000286102295,0.584514319896698,6.289490699768066
4604,0,-3.9700000286102295,0.5790919661521912,6.2346038818359375
4605,0,-3.9700000286102295,0.6269719004631042,6.83033561706543
4606,0,-3.9700000286102295,0.5846064686775208,6.065954208374023
4607,0,-3.9700000286102295,0.6193445920944214,5.717900276184082
4608,0,-3.9700000286102295,0.6309955716133118,7.014095783233643
4609,0,-3.9700000286102295,0.644504964351654,5.856623649597168
4610,0,-3.9700000286102295,0.6260684132575989,6.366264343261719
4611,0,-3.9700000286102295,0.6084111332893372,6.196781635284424
4612,0,-3.9700000286102295,0.5967710614204407,6.941376686096191
4613,0,-3.9700000286102295,0.5950750708580017,6.609348297119141
4614,0,-3.9700000286102295,0.6043505072593689,7.145393371582031
4615,0,-3.9700000286102295,0.5991652607917786,6.385231971740723
4616,0,-3.9700000286102295,0.6025994420051575,6.428280830383301
4617,0,-3.9700000286102295,0.6127607226371765,6.81053352355957
